"INDICATOR","HFAMDB_307"

"HFAMDB_307","Diseases of the respiratory system, per 100 000 population, by sex (age-standardized death rate)"

"UNIT_TYPE","Unit"
"DTH_100K","deaths per 100 000"

"EXTERNID","ID in the originating data source"

"DATA_SOURCE","Data source"
"HFAMDB","European mortality database (MDB)"

"DATA_TYPE_REPRESENTATION","Data type representation"
"RATE","Rate"

"DATA_SET","Data set"
"HFAMDB","European mortality database (MDB)"

"DATA_MASK","Mask for controlling the output format of values"

"AGE_GRP_LIST","Age group"
"TOTAL","Total"

"SEX","Sex"
"FEMALE","Female"
"MALE","Male"
"ALL","All"

"SUBNATIONAL_MDB","Subnational country codes for HFA-MDB"

"COUNTRY","COUNTRY_GRP","AGE_GRP_LIST","SEX","SUBNATIONAL_MDB","YEAR","VALUE"
"ALB","","TOTAL","FEMALE","","1987","92.52"
"ALB","","TOTAL","FEMALE","","1988","84.82"
"ALB","","TOTAL","FEMALE","","1989","103.43"
"ALB","","TOTAL","FEMALE","","1992","78.68"
"ALB","","TOTAL","FEMALE","","1993","86.71"
"ALB","","TOTAL","FEMALE","","1994","62.3"
"ALB","","TOTAL","FEMALE","","1995","68.16"
"ALB","","TOTAL","FEMALE","","1996","63.27"
"ALB","","TOTAL","FEMALE","","1997","46.84"
"ALB","","TOTAL","FEMALE","","1998","46.2"
"ALB","","TOTAL","FEMALE","","1999","39.69"
"ALB","","TOTAL","FEMALE","","2000","50.07"
"ALB","","TOTAL","FEMALE","","2001","27.85"
"ALB","","TOTAL","FEMALE","","2002","32.81"
"ALB","","TOTAL","FEMALE","","2003","37.23"
"ALB","","TOTAL","FEMALE","","2004","32.4"
"ALB","","TOTAL","FEMALE","","2005","27.66"
"ALB","","TOTAL","FEMALE","","2006","18.83"
"ALB","","TOTAL","FEMALE","","2007","16.24"
"ALB","","TOTAL","FEMALE","","2008","13.34"
"ALB","","TOTAL","FEMALE","","2009","14.69"
"ARM","","TOTAL","FEMALE","","1981","83.85"
"ARM","","TOTAL","FEMALE","","1982","73.71"
"ARM","","TOTAL","FEMALE","","1985","80.24"
"ARM","","TOTAL","FEMALE","","1986","84.39"
"ARM","","TOTAL","FEMALE","","1987","70.31"
"ARM","","TOTAL","FEMALE","","1988","64.54"
"ARM","","TOTAL","FEMALE","","1989","57.47"
"ARM","","TOTAL","FEMALE","","1990","49.06"
"ARM","","TOTAL","FEMALE","","1991","38.22"
"ARM","","TOTAL","FEMALE","","1992","40.17"
"ARM","","TOTAL","FEMALE","","1993","48.68"
"ARM","","TOTAL","FEMALE","","1994","40.29"
"ARM","","TOTAL","FEMALE","","1995","40.78"
"ARM","","TOTAL","FEMALE","","1996","43.02"
"ARM","","TOTAL","FEMALE","","1997","35.89"
"ARM","","TOTAL","FEMALE","","1998","29.95"
"ARM","","TOTAL","FEMALE","","1999","36.91"
"ARM","","TOTAL","FEMALE","","2000","29.37"
"ARM","","TOTAL","FEMALE","","2001","26.5"
"ARM","","TOTAL","FEMALE","","2002","37.16"
"ARM","","TOTAL","FEMALE","","2003","38.33"
"ARM","","TOTAL","FEMALE","","2008","57.56"
"ARM","","TOTAL","FEMALE","","2012","40.78"
"ARM","","TOTAL","FEMALE","","2013","40.26"
"ARM","","TOTAL","FEMALE","","2014","45.53"
"ARM","","TOTAL","FEMALE","","2015","55.86"
"ARM","","TOTAL","FEMALE","","2016","53.99"
"ARM","","TOTAL","FEMALE","","2017","41.66"
"ARM","","TOTAL","FEMALE","","2018","48.52"
"ARM","","TOTAL","FEMALE","","2019","55.44"
"ARM","","TOTAL","FEMALE","","2022","52.52"
"AUT","","TOTAL","FEMALE","","1969","77.77"
"AUT","","TOTAL","FEMALE","","1970","72.41"
"AUT","","TOTAL","FEMALE","","1971","57.91"
"AUT","","TOTAL","FEMALE","","1972","42.42"
"AUT","","TOTAL","FEMALE","","1973","46.89"
"AUT","","TOTAL","FEMALE","","1974","45.18"
"AUT","","TOTAL","FEMALE","","1975","59.16"
"AUT","","TOTAL","FEMALE","","1976","52.87"
"AUT","","TOTAL","FEMALE","","1977","36.81"
"AUT","","TOTAL","FEMALE","","1978","43.28"
"AUT","","TOTAL","FEMALE","","1979","35.87"
"AUT","","TOTAL","FEMALE","","1980","37.14"
"AUT","","TOTAL","FEMALE","","1981","38.38"
"AUT","","TOTAL","FEMALE","","1982","34.92"
"AUT","","TOTAL","FEMALE","","1983","36.91"
"AUT","","TOTAL","FEMALE","","1984","30.16"
"AUT","","TOTAL","FEMALE","","1985","32.96"
"AUT","","TOTAL","FEMALE","","1986","29.08"
"AUT","","TOTAL","FEMALE","","1987","27.21"
"AUT","","TOTAL","FEMALE","","1988","23.98"
"AUT","","TOTAL","FEMALE","","1989","25.55"
"AUT","","TOTAL","FEMALE","","1990","26.85"
"AUT","","TOTAL","FEMALE","","1991","24.61"
"AUT","","TOTAL","FEMALE","","1992","23.85"
"AUT","","TOTAL","FEMALE","","1993","23.61"
"AUT","","TOTAL","FEMALE","","1994","22.04"
"AUT","","TOTAL","FEMALE","","1995","20.05"
"AUT","","TOTAL","FEMALE","","1996","20.62"
"AUT","","TOTAL","FEMALE","","1997","20.93"
"AUT","","TOTAL","FEMALE","","1998","20.44"
"AUT","","TOTAL","FEMALE","","1999","23.51"
"AUT","","TOTAL","FEMALE","","2000","24.17"
"AUT","","TOTAL","FEMALE","","2001","22.72"
"AUT","","TOTAL","FEMALE","","2002","22.98"
"AUT","","TOTAL","FEMALE","","2003","29.4"
"AUT","","TOTAL","FEMALE","","2004","24.67"
"AUT","","TOTAL","FEMALE","","2005","25.37"
"AUT","","TOTAL","FEMALE","","2006","23.24"
"AUT","","TOTAL","FEMALE","","2007","22.7"
"AUT","","TOTAL","FEMALE","","2008","20.49"
"AUT","","TOTAL","FEMALE","","2009","20.92"
"AUT","","TOTAL","FEMALE","","2010","20.05"
"AUT","","TOTAL","FEMALE","","2011","18.84"
"AUT","","TOTAL","FEMALE","","2012","18.42"
"AUT","","TOTAL","FEMALE","","2013","18.53"
"AUT","","TOTAL","FEMALE","","2014","16.62"
"AUT","","TOTAL","FEMALE","","2015","20.08"
"AUT","","TOTAL","FEMALE","","2016","19.93"
"AUT","","TOTAL","FEMALE","","2017","24.51"
"AUT","","TOTAL","FEMALE","","2018","25.5"
"AUT","","TOTAL","FEMALE","","2019","24.33"
"AUT","","TOTAL","FEMALE","","2020","21.31"
"AUT","","TOTAL","FEMALE","","2021","17.91"
"AZE","","TOTAL","FEMALE","","1981","103.71"
"AZE","","TOTAL","FEMALE","","1982","98.71"
"AZE","","TOTAL","FEMALE","","1985","90.71"
"AZE","","TOTAL","FEMALE","","1986","89.7"
"AZE","","TOTAL","FEMALE","","1987","76.66"
"AZE","","TOTAL","FEMALE","","1988","82.17"
"AZE","","TOTAL","FEMALE","","1989","82"
"AZE","","TOTAL","FEMALE","","1990","70.64"
"AZE","","TOTAL","FEMALE","","1991","70.39"
"AZE","","TOTAL","FEMALE","","1992","76.09"
"AZE","","TOTAL","FEMALE","","1993","84.42"
"AZE","","TOTAL","FEMALE","","1994","90.49"
"AZE","","TOTAL","FEMALE","","1995","84"
"AZE","","TOTAL","FEMALE","","1996","79.59"
"AZE","","TOTAL","FEMALE","","1997","70.33"
"AZE","","TOTAL","FEMALE","","1998","62.04"
"AZE","","TOTAL","FEMALE","","1999","57.89"
"AZE","","TOTAL","FEMALE","","2000","66.75"
"AZE","","TOTAL","FEMALE","","2001","55.43"
"AZE","","TOTAL","FEMALE","","2002","50.86"
"AZE","","TOTAL","FEMALE","","2003","50.2"
"AZE","","TOTAL","FEMALE","","2004","54.05"
"AZE","","TOTAL","FEMALE","","2007","48.99"
"BEL","","TOTAL","FEMALE","","1968","62.18"
"BEL","","TOTAL","FEMALE","","1969","54.85"
"BEL","","TOTAL","FEMALE","","1970","54.58"
"BEL","","TOTAL","FEMALE","","1971","46.45"
"BEL","","TOTAL","FEMALE","","1972","43"
"BEL","","TOTAL","FEMALE","","1973","50.25"
"BEL","","TOTAL","FEMALE","","1974","41.14"
"BEL","","TOTAL","FEMALE","","1975","46.81"
"BEL","","TOTAL","FEMALE","","1976","48.43"
"BEL","","TOTAL","FEMALE","","1977","34.71"
"BEL","","TOTAL","FEMALE","","1978","42.35"
"BEL","","TOTAL","FEMALE","","1979","33.63"
"BEL","","TOTAL","FEMALE","","1980","35.43"
"BEL","","TOTAL","FEMALE","","1981","34.95"
"BEL","","TOTAL","FEMALE","","1982","34.37"
"BEL","","TOTAL","FEMALE","","1983","37.76"
"BEL","","TOTAL","FEMALE","","1984","33.44"
"BEL","","TOTAL","FEMALE","","1985","34.57"
"BEL","","TOTAL","FEMALE","","1986","39.09"
"BEL","","TOTAL","FEMALE","","1987","30.4"
"BEL","","TOTAL","FEMALE","","1988","29.81"
"BEL","","TOTAL","FEMALE","","1989","37.8"
"BEL","","TOTAL","FEMALE","","1990","35.29"
"BEL","","TOTAL","FEMALE","","1991","33.39"
"BEL","","TOTAL","FEMALE","","1992","35.27"
"BEL","","TOTAL","FEMALE","","1993","40.23"
"BEL","","TOTAL","FEMALE","","1994","36.7"
"BEL","","TOTAL","FEMALE","","1995","39.92"
"BEL","","TOTAL","FEMALE","","1996","42.57"
"BEL","","TOTAL","FEMALE","","1997","42.33"
"BEL","","TOTAL","FEMALE","","1998","47.55"
"BEL","","TOTAL","FEMALE","","1999","45.22"
"BEL","","TOTAL","FEMALE","","2000","47.94"
"BEL","","TOTAL","FEMALE","","2001","44.99"
"BEL","","TOTAL","FEMALE","","2002","47.85"
"BEL","","TOTAL","FEMALE","","2003","52.55"
"BEL","","TOTAL","FEMALE","","2004","44.69"
"BEL","","TOTAL","FEMALE","","2005","48.81"
"BEL","","TOTAL","FEMALE","","2006","42.9"
"BEL","","TOTAL","FEMALE","","2007","42.41"
"BEL","","TOTAL","FEMALE","","2008","42.04"
"BEL","","TOTAL","FEMALE","","2009","40.24"
"BEL","","TOTAL","FEMALE","","2010","37.87"
"BEL","","TOTAL","FEMALE","","2011","36.51"
"BEL","","TOTAL","FEMALE","","2012","39.59"
"BEL","","TOTAL","FEMALE","","2013","38.65"
"BEL","","TOTAL","FEMALE","","2014","33.81"
"BEL","","TOTAL","FEMALE","","2015","40.01"
"BEL","","TOTAL","FEMALE","","2016","36.43"
"BEL","","TOTAL","FEMALE","","2017","38.74"
"BEL","","TOTAL","FEMALE","","2018","42.7"
"BEL","","TOTAL","FEMALE","","2019","38.9"
"BEL","","TOTAL","FEMALE","","2020","33.26"
"BGR","","TOTAL","FEMALE","","1968","116.87"
"BGR","","TOTAL","FEMALE","","1969","151.22"
"BGR","","TOTAL","FEMALE","","1970","114.85"
"BGR","","TOTAL","FEMALE","","1971","136.48"
"BGR","","TOTAL","FEMALE","","1972","126.95"
"BGR","","TOTAL","FEMALE","","1973","98.53"
"BGR","","TOTAL","FEMALE","","1974","94.47"
"BGR","","TOTAL","FEMALE","","1975","124.88"
"BGR","","TOTAL","FEMALE","","1976","91.37"
"BGR","","TOTAL","FEMALE","","1977","103.22"
"BGR","","TOTAL","FEMALE","","1978","83.84"
"BGR","","TOTAL","FEMALE","","1979","82.25"
"BGR","","TOTAL","FEMALE","","1980","81.2"
"BGR","","TOTAL","FEMALE","","1981","70.23"
"BGR","","TOTAL","FEMALE","","1982","66.74"
"BGR","","TOTAL","FEMALE","","1983","66.85"
"BGR","","TOTAL","FEMALE","","1984","58.95"
"BGR","","TOTAL","FEMALE","","1985","71.32"
"BGR","","TOTAL","FEMALE","","1986","60.2"
"BGR","","TOTAL","FEMALE","","1987","57.71"
"BGR","","TOTAL","FEMALE","","1988","58.44"
"BGR","","TOTAL","FEMALE","","1989","51.84"
"BGR","","TOTAL","FEMALE","","1990","48.32"
"BGR","","TOTAL","FEMALE","","1991","45.8"
"BGR","","TOTAL","FEMALE","","1992","45.64"
"BGR","","TOTAL","FEMALE","","1993","39.58"
"BGR","","TOTAL","FEMALE","","1994","39.73"
"BGR","","TOTAL","FEMALE","","1995","37.67"
"BGR","","TOTAL","FEMALE","","1996","42.05"
"BGR","","TOTAL","FEMALE","","1997","44.45"
"BGR","","TOTAL","FEMALE","","1998","35.62"
"BGR","","TOTAL","FEMALE","","1999","32.56"
"BGR","","TOTAL","FEMALE","","2000","32.79"
"BGR","","TOTAL","FEMALE","","2001","25.93"
"BGR","","TOTAL","FEMALE","","2002","23.55"
"BGR","","TOTAL","FEMALE","","2003","24.69"
"BGR","","TOTAL","FEMALE","","2004","21.4"
"BGR","","TOTAL","FEMALE","","2005","28.22"
"BGR","","TOTAL","FEMALE","","2006","26.37"
"BGR","","TOTAL","FEMALE","","2007","27.15"
"BGR","","TOTAL","FEMALE","","2008","27.97"
"BGR","","TOTAL","FEMALE","","2009","26.44"
"BGR","","TOTAL","FEMALE","","2010","23.92"
"BGR","","TOTAL","FEMALE","","2011","23.4"
"BGR","","TOTAL","FEMALE","","2012","22.23"
"BGR","","TOTAL","FEMALE","","2013","20.35"
"BGR","","TOTAL","FEMALE","","2014","22.64"
"BGR","","TOTAL","FEMALE","","2015","22.86"
"BGR","","TOTAL","FEMALE","","2016","25.62"
"BGR","","TOTAL","FEMALE","","2017","25.37"
"BGR","","TOTAL","FEMALE","","2018","27.16"
"BGR","","TOTAL","FEMALE","","2019","23.54"
"BGR","","TOTAL","FEMALE","","2020","32.67"
"BGR","","TOTAL","FEMALE","","2021","40.44"
"BIH","","TOTAL","FEMALE","","1985","47.69"
"BIH","","TOTAL","FEMALE","","1986","41.26"
"BIH","","TOTAL","FEMALE","","1987","40.2"
"BIH","","TOTAL","FEMALE","","1988","32.45"
"BIH","","TOTAL","FEMALE","","1989","35.48"
"BIH","","TOTAL","FEMALE","","1990","33.8"
"BIH","","TOTAL","FEMALE","","1991","27.73"
"BIH","","TOTAL","FEMALE","","2011","20.81"
"BIH","","TOTAL","FEMALE","","2014","18.67"
"BIH","","TOTAL","FEMALE","","2016","23.3"
"BIH","","TOTAL","FEMALE","","2021","31.77"
"BIH","","TOTAL","FEMALE","","2022","26.03"
"BLR","","TOTAL","FEMALE","","1981","89.6"
"BLR","","TOTAL","FEMALE","","1982","81.46"
"BLR","","TOTAL","FEMALE","","1985","75.67"
"BLR","","TOTAL","FEMALE","","1986","63.59"
"BLR","","TOTAL","FEMALE","","1987","62.11"
"BLR","","TOTAL","FEMALE","","1988","60.74"
"BLR","","TOTAL","FEMALE","","1989","52.94"
"BLR","","TOTAL","FEMALE","","1990","47.8"
"BLR","","TOTAL","FEMALE","","1991","40.21"
"BLR","","TOTAL","FEMALE","","1992","36.11"
"BLR","","TOTAL","FEMALE","","1993","39.31"
"BLR","","TOTAL","FEMALE","","1994","34.78"
"BLR","","TOTAL","FEMALE","","1995","33.69"
"BLR","","TOTAL","FEMALE","","1996","32.89"
"BLR","","TOTAL","FEMALE","","1997","33.09"
"BLR","","TOTAL","FEMALE","","1998","31.44"
"BLR","","TOTAL","FEMALE","","1999","34.1"
"BLR","","TOTAL","FEMALE","","2000","29.61"
"BLR","","TOTAL","FEMALE","","2001","26.93"
"BLR","","TOTAL","FEMALE","","2002","24.79"
"BLR","","TOTAL","FEMALE","","2003","17.64"
"BLR","","TOTAL","FEMALE","","2004","18.79"
"BLR","","TOTAL","FEMALE","","2005","18.13"
"BLR","","TOTAL","FEMALE","","2007","14.45"
"BLR","","TOTAL","FEMALE","","2008","11.58"
"BLR","","TOTAL","FEMALE","","2009","15.5"
"BLR","","TOTAL","FEMALE","","2010","9.9"
"BLR","","TOTAL","FEMALE","","2011","8.17"
"BLR","","TOTAL","FEMALE","","2013","5.82"
"BLR","","TOTAL","FEMALE","","2014","4.91"
"BLR","","TOTAL","FEMALE","","2018","6.15"
"","CARINFONET","TOTAL","FEMALE","","1981","133.36"
"","CARINFONET","TOTAL","FEMALE","","1982","127.8"
"","CARINFONET","TOTAL","FEMALE","","1985","131.84"
"","CARINFONET","TOTAL","FEMALE","","1986","116.14"
"","CARINFONET","TOTAL","FEMALE","","1987","113.79"
"","CARINFONET","TOTAL","FEMALE","","1988","111.1"
"","CARINFONET","TOTAL","FEMALE","","1989","99.89"
"","CARINFONET","TOTAL","FEMALE","","1990","93.09"
"","CARINFONET","TOTAL","FEMALE","","1991","89.91"
"","CARINFONET","TOTAL","FEMALE","","1992","93.67"
"","CARINFONET","TOTAL","FEMALE","","1993","101.2"
"","CARINFONET","TOTAL","FEMALE","","1994","109.2"
"","CARINFONET","TOTAL","FEMALE","","1995","102.75"
"","CARINFONET","TOTAL","FEMALE","","1996","98.09"
"","CARINFONET","TOTAL","FEMALE","","1997","87.84"
"","CARINFONET","TOTAL","FEMALE","","1998","91.94"
"","CARINFONET","TOTAL","FEMALE","","1999","76.35"
"","CARINFONET","TOTAL","FEMALE","","2000","78.02"
"","CARINFONET","TOTAL","FEMALE","","2001","67.66"
"","CARINFONET","TOTAL","FEMALE","","2002","69.34"
"","CARINFONET","TOTAL","FEMALE","","2003","67.94"
"","CARINFONET","TOTAL","FEMALE","","2004","57.53"
"","CARINFONET","TOTAL","FEMALE","","2005","57.31"
"","CARINFONET","TOTAL","FEMALE","","2006","52.56"
"","CARINFONET","TOTAL","FEMALE","","2007","50.19"
"","CARINFONET","TOTAL","FEMALE","","2008","45.68"
"","CARINFONET","TOTAL","FEMALE","","2009","43.07"
"","CARINFONET","TOTAL","FEMALE","","2010","39.47"
"","CARINFONET","TOTAL","FEMALE","","2011","40.88"
"","CARINFONET","TOTAL","FEMALE","","2012","39.85"
"","CARINFONET","TOTAL","FEMALE","","2013","52.3"
"","CARINFONET","TOTAL","FEMALE","","2014","50.77"
"","CARINFONET","TOTAL","FEMALE","","2015","52.22"
"","CARINFONET","TOTAL","FEMALE","","2016","49.18"
"CHE","","TOTAL","FEMALE","","1969","50.5"
"CHE","","TOTAL","FEMALE","","1970","44.98"
"CHE","","TOTAL","FEMALE","","1971","46.84"
"CHE","","TOTAL","FEMALE","","1972","35.95"
"CHE","","TOTAL","FEMALE","","1973","39.46"
"CHE","","TOTAL","FEMALE","","1974","32.42"
"CHE","","TOTAL","FEMALE","","1975","34.77"
"CHE","","TOTAL","FEMALE","","1976","42.07"
"CHE","","TOTAL","FEMALE","","1977","27.93"
"CHE","","TOTAL","FEMALE","","1978","30.83"
"CHE","","TOTAL","FEMALE","","1979","27.08"
"CHE","","TOTAL","FEMALE","","1980","29.46"
"CHE","","TOTAL","FEMALE","","1981","27.38"
"CHE","","TOTAL","FEMALE","","1982","18.63"
"CHE","","TOTAL","FEMALE","","1983","29.72"
"CHE","","TOTAL","FEMALE","","1984","21.16"
"CHE","","TOTAL","FEMALE","","1985","24.85"
"CHE","","TOTAL","FEMALE","","1986","31.28"
"CHE","","TOTAL","FEMALE","","1987","23.51"
"CHE","","TOTAL","FEMALE","","1988","25.84"
"CHE","","TOTAL","FEMALE","","1989","26.37"
"CHE","","TOTAL","FEMALE","","1990","37.24"
"CHE","","TOTAL","FEMALE","","1991","27.73"
"CHE","","TOTAL","FEMALE","","1992","29.34"
"CHE","","TOTAL","FEMALE","","1993","31.69"
"CHE","","TOTAL","FEMALE","","1994","28.84"
"CHE","","TOTAL","FEMALE","","1995","22.45"
"CHE","","TOTAL","FEMALE","","1996","22.81"
"CHE","","TOTAL","FEMALE","","1997","27.69"
"CHE","","TOTAL","FEMALE","","1998","27.85"
"CHE","","TOTAL","FEMALE","","1999","28.12"
"CHE","","TOTAL","FEMALE","","2000","28.06"
"CHE","","TOTAL","FEMALE","","2001","22.3"
"CHE","","TOTAL","FEMALE","","2002","23.05"
"CHE","","TOTAL","FEMALE","","2003","23.75"
"CHE","","TOTAL","FEMALE","","2004","21.34"
"CHE","","TOTAL","FEMALE","","2005","23.89"
"CHE","","TOTAL","FEMALE","","2006","20.07"
"CHE","","TOTAL","FEMALE","","2007","19.35"
"CHE","","TOTAL","FEMALE","","2008","19.29"
"CHE","","TOTAL","FEMALE","","2009","21.48"
"CHE","","TOTAL","FEMALE","","2010","18.55"
"CHE","","TOTAL","FEMALE","","2011","18.89"
"CHE","","TOTAL","FEMALE","","2012","19.53"
"CHE","","TOTAL","FEMALE","","2013","20.38"
"CHE","","TOTAL","FEMALE","","2015","22.59"
"CHE","","TOTAL","FEMALE","","2016","18.9"
"CHE","","TOTAL","FEMALE","","2017","22.3"
"CHE","","TOTAL","FEMALE","","2018","21.34"
"CHE","","TOTAL","FEMALE","","2019","20.77"
"","CIS","TOTAL","FEMALE","","1981","77.49"
"","CIS","TOTAL","FEMALE","","1982","69.7"
"","CIS","TOTAL","FEMALE","","1985","71.31"
"","CIS","TOTAL","FEMALE","","1986","60.36"
"","CIS","TOTAL","FEMALE","","1987","58.14"
"","CIS","TOTAL","FEMALE","","1988","58.18"
"","CIS","TOTAL","FEMALE","","1989","52.22"
"","CIS","TOTAL","FEMALE","","1990","49.36"
"","CIS","TOTAL","FEMALE","","1991","46.6"
"","CIS","TOTAL","FEMALE","","1992","46.76"
"","CIS","TOTAL","FEMALE","","1993","52.86"
"","CIS","TOTAL","FEMALE","","1994","54.59"
"","CIS","TOTAL","FEMALE","","1995","51.9"
"","CIS","TOTAL","FEMALE","","1996","48.61"
"","CIS","TOTAL","FEMALE","","1997","45.43"
"","CIS","TOTAL","FEMALE","","1998","42.53"
"","CIS","TOTAL","FEMALE","","1999","41.24"
"","CIS","TOTAL","FEMALE","","2000","41.79"
"","CIS","TOTAL","FEMALE","","2001","36.58"
"","CIS","TOTAL","FEMALE","","2002","37.57"
"","CIS","TOTAL","FEMALE","","2003","36.86"
"","CIS","TOTAL","FEMALE","","2004","32.84"
"","CIS","TOTAL","FEMALE","","2005","32.9"
"","CIS","TOTAL","FEMALE","","2006","30.31"
"","CIS","TOTAL","FEMALE","","2007","28.77"
"","CIS","TOTAL","FEMALE","","2008","27.52"
"","CIS","TOTAL","FEMALE","","2009","27.69"
"","CIS","TOTAL","FEMALE","","2010","25"
"","CIS","TOTAL","FEMALE","","2011","24.89"
"","CIS","TOTAL","FEMALE","","2012","23.78"
"","CIS","TOTAL","FEMALE","","2013","27.37"
"","CIS","TOTAL","FEMALE","","2014","27.81"
"","CIS","TOTAL","FEMALE","","2015","27.24"
"CYP","","TOTAL","FEMALE","","2004","28.93"
"CYP","","TOTAL","FEMALE","","2005","32.64"
"CYP","","TOTAL","FEMALE","","2006","29.92"
"CYP","","TOTAL","FEMALE","","2007","29.27"
"CYP","","TOTAL","FEMALE","","2008","29.87"
"CYP","","TOTAL","FEMALE","","2009","30.34"
"CYP","","TOTAL","FEMALE","","2010","24.46"
"CYP","","TOTAL","FEMALE","","2011","25.26"
"CYP","","TOTAL","FEMALE","","2012","31.82"
"CYP","","TOTAL","FEMALE","","2013","27.59"
"CYP","","TOTAL","FEMALE","","2014","28.94"
"CYP","","TOTAL","FEMALE","","2015","33.2"
"CYP","","TOTAL","FEMALE","","2016","30.59"
"CYP","","TOTAL","FEMALE","","2017","33.61"
"CYP","","TOTAL","FEMALE","","2018","27.67"
"CYP","","TOTAL","FEMALE","","2019","35.43"
"CYP","","TOTAL","FEMALE","","2020","34.15"
"CYP","","TOTAL","FEMALE","","2021","29.49"
"CZE","","TOTAL","FEMALE","","1986","48.37"
"CZE","","TOTAL","FEMALE","","1987","34.81"
"CZE","","TOTAL","FEMALE","","1988","34.62"
"CZE","","TOTAL","FEMALE","","1989","36.5"
"CZE","","TOTAL","FEMALE","","1990","29.74"
"CZE","","TOTAL","FEMALE","","1991","30.79"
"CZE","","TOTAL","FEMALE","","1992","30"
"CZE","","TOTAL","FEMALE","","1993","29.01"
"CZE","","TOTAL","FEMALE","","1994","28.62"
"CZE","","TOTAL","FEMALE","","1995","31.61"
"CZE","","TOTAL","FEMALE","","1996","29.08"
"CZE","","TOTAL","FEMALE","","1997","26.66"
"CZE","","TOTAL","FEMALE","","1998","22.99"
"CZE","","TOTAL","FEMALE","","1999","27.85"
"CZE","","TOTAL","FEMALE","","2000","29.07"
"CZE","","TOTAL","FEMALE","","2001","26.43"
"CZE","","TOTAL","FEMALE","","2002","27.18"
"CZE","","TOTAL","FEMALE","","2003","30.87"
"CZE","","TOTAL","FEMALE","","2004","25.52"
"CZE","","TOTAL","FEMALE","","2005","33.51"
"CZE","","TOTAL","FEMALE","","2006","30.32"
"CZE","","TOTAL","FEMALE","","2007","29.31"
"CZE","","TOTAL","FEMALE","","2008","28.62"
"CZE","","TOTAL","FEMALE","","2009","30.93"
"CZE","","TOTAL","FEMALE","","2010","29.21"
"CZE","","TOTAL","FEMALE","","2011","25.08"
"CZE","","TOTAL","FEMALE","","2012","26.31"
"CZE","","TOTAL","FEMALE","","2013","29.42"
"CZE","","TOTAL","FEMALE","","2014","25.51"
"CZE","","TOTAL","FEMALE","","2015","31.08"
"CZE","","TOTAL","FEMALE","","2016","28.87"
"CZE","","TOTAL","FEMALE","","2017","32.32"
"CZE","","TOTAL","FEMALE","","2018","33.79"
"CZE","","TOTAL","FEMALE","","2019","32.48"
"CZE","","TOTAL","FEMALE","","2020","30.69"
"CZE","","TOTAL","FEMALE","","2021","29.05"
"DEU","","TOTAL","FEMALE","","1990","33.21"
"DEU","","TOTAL","FEMALE","","1991","30.23"
"DEU","","TOTAL","FEMALE","","1992","27.61"
"DEU","","TOTAL","FEMALE","","1993","29.32"
"DEU","","TOTAL","FEMALE","","1994","29.03"
"DEU","","TOTAL","FEMALE","","1995","29.04"
"DEU","","TOTAL","FEMALE","","1996","28.74"
"DEU","","TOTAL","FEMALE","","1997","26.59"
"DEU","","TOTAL","FEMALE","","1998","26.1"
"DEU","","TOTAL","FEMALE","","1999","27.55"
"DEU","","TOTAL","FEMALE","","2000","26.85"
"DEU","","TOTAL","FEMALE","","2001","24.98"
"DEU","","TOTAL","FEMALE","","2002","28.21"
"DEU","","TOTAL","FEMALE","","2003","30.54"
"DEU","","TOTAL","FEMALE","","2004","27.22"
"DEU","","TOTAL","FEMALE","","2005","29.51"
"DEU","","TOTAL","FEMALE","","2006","26.89"
"DEU","","TOTAL","FEMALE","","2007","27.53"
"DEU","","TOTAL","FEMALE","","2008","27.7"
"DEU","","TOTAL","FEMALE","","2009","29.21"
"DEU","","TOTAL","FEMALE","","2010","27.27"
"DEU","","TOTAL","FEMALE","","2011","26.67"
"DEU","","TOTAL","FEMALE","","2012","25.99"
"DEU","","TOTAL","FEMALE","","2013","28.81"
"DEU","","TOTAL","FEMALE","","2014","25.15"
"DEU","","TOTAL","FEMALE","","2015","29.01"
"DEU","","TOTAL","FEMALE","","2016","27.24"
"DEU","","TOTAL","FEMALE","","2017","29.12"
"DEU","","TOTAL","FEMALE","","2018","30.43"
"DEU","","TOTAL","FEMALE","","2019","28.02"
"DEU","","TOTAL","FEMALE","","2020","24.77"
"DNK","","TOTAL","FEMALE","","1969","44.98"
"DNK","","TOTAL","FEMALE","","1970","41.11"
"DNK","","TOTAL","FEMALE","","1971","37.06"
"DNK","","TOTAL","FEMALE","","1972","42.11"
"DNK","","TOTAL","FEMALE","","1973","33.58"
"DNK","","TOTAL","FEMALE","","1974","51.94"
"DNK","","TOTAL","FEMALE","","1975","45.39"
"DNK","","TOTAL","FEMALE","","1976","59.37"
"DNK","","TOTAL","FEMALE","","1977","40.79"
"DNK","","TOTAL","FEMALE","","1978","40.92"
"DNK","","TOTAL","FEMALE","","1979","43.4"
"DNK","","TOTAL","FEMALE","","1980","48.37"
"DNK","","TOTAL","FEMALE","","1981","46.83"
"DNK","","TOTAL","FEMALE","","1982","42"
"DNK","","TOTAL","FEMALE","","1983","45.76"
"DNK","","TOTAL","FEMALE","","1984","44.71"
"DNK","","TOTAL","FEMALE","","1985","49.99"
"DNK","","TOTAL","FEMALE","","1986","43.85"
"DNK","","TOTAL","FEMALE","","1987","40.68"
"DNK","","TOTAL","FEMALE","","1988","42.34"
"DNK","","TOTAL","FEMALE","","1989","45.77"
"DNK","","TOTAL","FEMALE","","1990","49.81"
"DNK","","TOTAL","FEMALE","","1991","47.53"
"DNK","","TOTAL","FEMALE","","1992","50.07"
"DNK","","TOTAL","FEMALE","","1993","55.73"
"DNK","","TOTAL","FEMALE","","1994","54.11"
"DNK","","TOTAL","FEMALE","","1995","61.75"
"DNK","","TOTAL","FEMALE","","1996","64.83"
"DNK","","TOTAL","FEMALE","","1997","58.32"
"DNK","","TOTAL","FEMALE","","1998","60.11"
"DNK","","TOTAL","FEMALE","","1999","64.69"
"DNK","","TOTAL","FEMALE","","2000","60.62"
"DNK","","TOTAL","FEMALE","","2001","58.94"
"DNK","","TOTAL","FEMALE","","2002","63.43"
"DNK","","TOTAL","FEMALE","","2003","62"
"DNK","","TOTAL","FEMALE","","2004","56.98"
"DNK","","TOTAL","FEMALE","","2005","54.45"
"DNK","","TOTAL","FEMALE","","2006","55.1"
"DNK","","TOTAL","FEMALE","","2007","59.27"
"DNK","","TOTAL","FEMALE","","2008","54.72"
"DNK","","TOTAL","FEMALE","","2009","59.08"
"DNK","","TOTAL","FEMALE","","2010","56.76"
"DNK","","TOTAL","FEMALE","","2011","54.2"
"DNK","","TOTAL","FEMALE","","2012","53.63"
"DNK","","TOTAL","FEMALE","","2013","54.54"
"DNK","","TOTAL","FEMALE","","2014","48.6"
"DNK","","TOTAL","FEMALE","","2015","50.09"
"DNK","","TOTAL","FEMALE","","2016","52.39"
"DNK","","TOTAL","FEMALE","","2017","52.75"
"DNK","","TOTAL","FEMALE","","2018","53.2"
"DNK","","TOTAL","FEMALE","","2019","47.36"
"DNK","","TOTAL","FEMALE","","2020","43.13"
"DNK","","TOTAL","FEMALE","","2021","42.28"
"ESP","","TOTAL","FEMALE","","1968","89.8"
"ESP","","TOTAL","FEMALE","","1969","97.29"
"ESP","","TOTAL","FEMALE","","1971","97.04"
"ESP","","TOTAL","FEMALE","","1972","80.45"
"ESP","","TOTAL","FEMALE","","1973","96.66"
"ESP","","TOTAL","FEMALE","","1974","88.33"
"ESP","","TOTAL","FEMALE","","1975","84.38"
"ESP","","TOTAL","FEMALE","","1976","74.88"
"ESP","","TOTAL","FEMALE","","1977","71.21"
"ESP","","TOTAL","FEMALE","","1978","65.43"
"ESP","","TOTAL","FEMALE","","1979","53.9"
"ESP","","TOTAL","FEMALE","","1980","53.46"
"ESP","","TOTAL","FEMALE","","1981","55.33"
"ESP","","TOTAL","FEMALE","","1982","45.06"
"ESP","","TOTAL","FEMALE","","1983","49.07"
"ESP","","TOTAL","FEMALE","","1984","41.97"
"ESP","","TOTAL","FEMALE","","1985","45.69"
"ESP","","TOTAL","FEMALE","","1986","43.73"
"ESP","","TOTAL","FEMALE","","1987","38.74"
"ESP","","TOTAL","FEMALE","","1988","39.39"
"ESP","","TOTAL","FEMALE","","1989","39.32"
"ESP","","TOTAL","FEMALE","","1990","42.79"
"ESP","","TOTAL","FEMALE","","1991","39.37"
"ESP","","TOTAL","FEMALE","","1992","35.4"
"ESP","","TOTAL","FEMALE","","1993","36.7"
"ESP","","TOTAL","FEMALE","","1994","34.19"
"ESP","","TOTAL","FEMALE","","1995","35.74"
"ESP","","TOTAL","FEMALE","","1996","36.33"
"ESP","","TOTAL","FEMALE","","1997","36.18"
"ESP","","TOTAL","FEMALE","","1998","38.59"
"ESP","","TOTAL","FEMALE","","1999","46.21"
"ESP","","TOTAL","FEMALE","","2000","39.39"
"ESP","","TOTAL","FEMALE","","2001","34.16"
"ESP","","TOTAL","FEMALE","","2002","37.14"
"ESP","","TOTAL","FEMALE","","2003","39.2"
"ESP","","TOTAL","FEMALE","","2004","33.06"
"ESP","","TOTAL","FEMALE","","2005","39.66"
"ESP","","TOTAL","FEMALE","","2006","32.09"
"ESP","","TOTAL","FEMALE","","2007","34.85"
"ESP","","TOTAL","FEMALE","","2008","34.08"
"ESP","","TOTAL","FEMALE","","2009","32.35"
"ESP","","TOTAL","FEMALE","","2010","28.63"
"ESP","","TOTAL","FEMALE","","2011","29.48"
"ESP","","TOTAL","FEMALE","","2012","31.86"
"ESP","","TOTAL","FEMALE","","2013","27.81"
"ESP","","TOTAL","FEMALE","","2014","28.06"
"ESP","","TOTAL","FEMALE","","2015","32.5"
"ESP","","TOTAL","FEMALE","","2016","29.2"
"ESP","","TOTAL","FEMALE","","2017","31.59"
"ESP","","TOTAL","FEMALE","","2018","32.95"
"ESP","","TOTAL","FEMALE","","2019","28.62"
"ESP","","TOTAL","FEMALE","","2020","25.09"
"ESP","","TOTAL","FEMALE","","2021","19.86"
"EST","","TOTAL","FEMALE","","1981","27.24"
"EST","","TOTAL","FEMALE","","1982","18.93"
"EST","","TOTAL","FEMALE","","1985","19.96"
"EST","","TOTAL","FEMALE","","1986","20.18"
"EST","","TOTAL","FEMALE","","1987","18.4"
"EST","","TOTAL","FEMALE","","1988","15.97"
"EST","","TOTAL","FEMALE","","1989","16.75"
"EST","","TOTAL","FEMALE","","1990","16.79"
"EST","","TOTAL","FEMALE","","1991","15.36"
"EST","","TOTAL","FEMALE","","1992","14.87"
"EST","","TOTAL","FEMALE","","1993","17.31"
"EST","","TOTAL","FEMALE","","1994","18.6"
"EST","","TOTAL","FEMALE","","1995","20.02"
"EST","","TOTAL","FEMALE","","1996","15.25"
"EST","","TOTAL","FEMALE","","1997","18.29"
"EST","","TOTAL","FEMALE","","1998","20.35"
"EST","","TOTAL","FEMALE","","1999","14.78"
"EST","","TOTAL","FEMALE","","2000","16.28"
"EST","","TOTAL","FEMALE","","2001","15.45"
"EST","","TOTAL","FEMALE","","2002","13.94"
"EST","","TOTAL","FEMALE","","2003","17.65"
"EST","","TOTAL","FEMALE","","2004","13.82"
"EST","","TOTAL","FEMALE","","2005","11.6"
"EST","","TOTAL","FEMALE","","2006","12.48"
"EST","","TOTAL","FEMALE","","2007","11.06"
"EST","","TOTAL","FEMALE","","2008","12.23"
"EST","","TOTAL","FEMALE","","2009","10.27"
"EST","","TOTAL","FEMALE","","2010","11.32"
"EST","","TOTAL","FEMALE","","2011","11.59"
"EST","","TOTAL","FEMALE","","2012","9.1"
"EST","","TOTAL","FEMALE","","2013","11.1"
"EST","","TOTAL","FEMALE","","2014","12.53"
"EST","","TOTAL","FEMALE","","2015","11.68"
"EST","","TOTAL","FEMALE","","2016","12.75"
"","EU_AFTER_MAY2004","TOTAL","FEMALE","","1981","59.21"
"","EU_AFTER_MAY2004","TOTAL","FEMALE","","1982","56.81"
"","EU_AFTER_MAY2004","TOTAL","FEMALE","","1985","58.03"
"","EU_AFTER_MAY2004","TOTAL","FEMALE","","1986","52.49"
"","EU_AFTER_MAY2004","TOTAL","FEMALE","","1987","48.5"
"","EU_AFTER_MAY2004","TOTAL","FEMALE","","1988","45.12"
"","EU_AFTER_MAY2004","TOTAL","FEMALE","","1989","44.41"
"","EU_AFTER_MAY2004","TOTAL","FEMALE","","1990","40.66"
"","EU_AFTER_MAY2004","TOTAL","FEMALE","","1991","39.32"
"","EU_AFTER_MAY2004","TOTAL","FEMALE","","1992","38.01"
"","EU_AFTER_MAY2004","TOTAL","FEMALE","","1993","36.56"
"","EU_AFTER_MAY2004","TOTAL","FEMALE","","1994","35.27"
"","EU_AFTER_MAY2004","TOTAL","FEMALE","","1995","34.25"
"","EU_AFTER_MAY2004","TOTAL","FEMALE","","1996","36.87"
"","EU_AFTER_MAY2004","TOTAL","FEMALE","","1997","35.98"
"","EU_AFTER_MAY2004","TOTAL","FEMALE","","1998","33.13"
"","EU_AFTER_MAY2004","TOTAL","FEMALE","","1999","35.5"
"","EU_AFTER_MAY2004","TOTAL","FEMALE","","2000","33.57"
"","EU_AFTER_MAY2004","TOTAL","FEMALE","","2001","28.94"
"","EU_AFTER_MAY2004","TOTAL","FEMALE","","2002","29.12"
"","EU_AFTER_MAY2004","TOTAL","FEMALE","","2003","30.55"
"","EU_AFTER_MAY2004","TOTAL","FEMALE","","2004","28.26"
"","EU_AFTER_MAY2004","TOTAL","FEMALE","","2005","30.51"
"","EU_AFTER_MAY2004","TOTAL","FEMALE","","2006","28.17"
"","EU_AFTER_MAY2004","TOTAL","FEMALE","","2007","28.03"
"","EU_AFTER_MAY2004","TOTAL","FEMALE","","2008","26.6"
"","EU_AFTER_MAY2004","TOTAL","FEMALE","","2009","27.61"
"","EU_AFTER_MAY2004","TOTAL","FEMALE","","2010","25.79"
"","EU_AFTER_MAY2004","TOTAL","FEMALE","","2011","25.32"
"","EU_AFTER_MAY2004","TOTAL","FEMALE","","2012","25.72"
"","EU_AFTER_MAY2004","TOTAL","FEMALE","","2013","27.07"
"","EU_AFTER_MAY2004","TOTAL","FEMALE","","2014","24.77"
"","EU_AFTER_MAY2004","TOTAL","FEMALE","","2015","28.3"
"","EU_AFTER_MAY2004","TOTAL","FEMALE","","2016","27.03"
"","EU_AFTER_MAY2004","TOTAL","FEMALE","","2017","30.06"
"","EU_AFTER_MAY2004","TOTAL","FEMALE","","2018","30.38"
"","EU_AFTER_MAY2004","TOTAL","FEMALE","","2019","30.29"
"","EU_AFTER_MAY2004","TOTAL","FEMALE","","2020","30.75"
"","EU_AFTER_MAY2004","TOTAL","FEMALE","","2021","33.01"
"","EU_BEFORE_FEB2020","TOTAL","FEMALE","","1969","75.65"
"","EU_BEFORE_FEB2020","TOTAL","FEMALE","","1970","71.42"
"","EU_BEFORE_FEB2020","TOTAL","FEMALE","","1971","66.86"
"","EU_BEFORE_FEB2020","TOTAL","FEMALE","","1972","62.73"
"","EU_BEFORE_FEB2020","TOTAL","FEMALE","","1973","67.09"
"","EU_BEFORE_FEB2020","TOTAL","FEMALE","","1974","59.93"
"","EU_BEFORE_FEB2020","TOTAL","FEMALE","","1975","61.95"
"","EU_BEFORE_FEB2020","TOTAL","FEMALE","","1976","62.02"
"","EU_BEFORE_FEB2020","TOTAL","FEMALE","","1977","57.61"
"","EU_BEFORE_FEB2020","TOTAL","FEMALE","","1978","55.39"
"","EU_BEFORE_FEB2020","TOTAL","FEMALE","","1979","51.84"
"","EU_BEFORE_FEB2020","TOTAL","FEMALE","","1980","53.12"
"","EU_BEFORE_FEB2020","TOTAL","FEMALE","","1981","51.48"
"","EU_BEFORE_FEB2020","TOTAL","FEMALE","","1982","48.84"
"","EU_BEFORE_FEB2020","TOTAL","FEMALE","","1983","50.98"
"","EU_BEFORE_FEB2020","TOTAL","FEMALE","","1984","43.03"
"","EU_BEFORE_FEB2020","TOTAL","FEMALE","","1985","46.03"
"","EU_BEFORE_FEB2020","TOTAL","FEMALE","","1986","44.72"
"","EU_BEFORE_FEB2020","TOTAL","FEMALE","","1987","39.84"
"","EU_BEFORE_FEB2020","TOTAL","FEMALE","","1988","39.57"
"","EU_BEFORE_FEB2020","TOTAL","FEMALE","","1989","40.63"
"","EU_BEFORE_FEB2020","TOTAL","FEMALE","","1990","39.57"
"","EU_BEFORE_FEB2020","TOTAL","FEMALE","","1991","37.78"
"","EU_BEFORE_FEB2020","TOTAL","FEMALE","","1992","36.18"
"","EU_BEFORE_FEB2020","TOTAL","FEMALE","","1993","40.7"
"","EU_BEFORE_FEB2020","TOTAL","FEMALE","","1994","37.73"
"","EU_BEFORE_FEB2020","TOTAL","FEMALE","","1995","39.21"
"","EU_BEFORE_FEB2020","TOTAL","FEMALE","","1996","39.64"
"","EU_BEFORE_FEB2020","TOTAL","FEMALE","","1997","39.66"
"","EU_BEFORE_FEB2020","TOTAL","FEMALE","","1998","39.43"
"","EU_BEFORE_FEB2020","TOTAL","FEMALE","","1999","42.4"
"","EU_BEFORE_FEB2020","TOTAL","FEMALE","","2000","38.39"
"","EU_BEFORE_FEB2020","TOTAL","FEMALE","","2001","33.15"
"","EU_BEFORE_FEB2020","TOTAL","FEMALE","","2002","34.88"
"","EU_BEFORE_FEB2020","TOTAL","FEMALE","","2003","37.21"
"","EU_BEFORE_FEB2020","TOTAL","FEMALE","","2004","33.02"
"","EU_BEFORE_FEB2020","TOTAL","FEMALE","","2005","35.75"
"","EU_BEFORE_FEB2020","TOTAL","FEMALE","","2006","32.22"
"","EU_BEFORE_FEB2020","TOTAL","FEMALE","","2007","32.61"
"","EU_BEFORE_FEB2020","TOTAL","FEMALE","","2008","32.29"
"","EU_BEFORE_FEB2020","TOTAL","FEMALE","","2009","32.11"
"","EU_BEFORE_FEB2020","TOTAL","FEMALE","","2010","30.07"
"","EU_BEFORE_FEB2020","TOTAL","FEMALE","","2011","30.05"
"","EU_BEFORE_FEB2020","TOTAL","FEMALE","","2012","31.06"
"","EU_BEFORE_FEB2020","TOTAL","FEMALE","","2013","31.01"
"","EU_BEFORE_FEB2020","TOTAL","FEMALE","","2014","28.41"
"","EU_BEFORE_FEB2020","TOTAL","FEMALE","","2015","32.38"
"","EU_BEFORE_FEB2020","TOTAL","FEMALE","","2016","30.79"
"","EU_BEFORE_FEB2020","TOTAL","FEMALE","","2017","32.52"
"","EU_BEFORE_FEB2020","TOTAL","FEMALE","","2018","33.38"
"","EU_BEFORE_FEB2020","TOTAL","FEMALE","","2019","31.51"
"","EU_BEFORE_FEB2020","TOTAL","FEMALE","","2020","29.05"
"","EU_BEFORE_FEB2020","TOTAL","FEMALE","","2021","28.91"
"","EU_BEFORE_MAY2004","TOTAL","FEMALE","","1969","71.71"
"","EU_BEFORE_MAY2004","TOTAL","FEMALE","","1970","67.89"
"","EU_BEFORE_MAY2004","TOTAL","FEMALE","","1971","60.22"
"","EU_BEFORE_MAY2004","TOTAL","FEMALE","","1972","59.36"
"","EU_BEFORE_MAY2004","TOTAL","FEMALE","","1973","63.03"
"","EU_BEFORE_MAY2004","TOTAL","FEMALE","","1974","57.45"
"","EU_BEFORE_MAY2004","TOTAL","FEMALE","","1975","58.18"
"","EU_BEFORE_MAY2004","TOTAL","FEMALE","","1976","59.84"
"","EU_BEFORE_MAY2004","TOTAL","FEMALE","","1977","53.55"
"","EU_BEFORE_MAY2004","TOTAL","FEMALE","","1978","52.92"
"","EU_BEFORE_MAY2004","TOTAL","FEMALE","","1979","49.03"
"","EU_BEFORE_MAY2004","TOTAL","FEMALE","","1980","49.31"
"","EU_BEFORE_MAY2004","TOTAL","FEMALE","","1981","49.15"
"","EU_BEFORE_MAY2004","TOTAL","FEMALE","","1982","46.43"
"","EU_BEFORE_MAY2004","TOTAL","FEMALE","","1983","48.53"
"","EU_BEFORE_MAY2004","TOTAL","FEMALE","","1984","39.35"
"","EU_BEFORE_MAY2004","TOTAL","FEMALE","","1985","42.37"
"","EU_BEFORE_MAY2004","TOTAL","FEMALE","","1986","42.35"
"","EU_BEFORE_MAY2004","TOTAL","FEMALE","","1987","37.19"
"","EU_BEFORE_MAY2004","TOTAL","FEMALE","","1988","37.87"
"","EU_BEFORE_MAY2004","TOTAL","FEMALE","","1989","39.46"
"","EU_BEFORE_MAY2004","TOTAL","FEMALE","","1990","39.23"
"","EU_BEFORE_MAY2004","TOTAL","FEMALE","","1991","37.31"
"","EU_BEFORE_MAY2004","TOTAL","FEMALE","","1992","35.63"
"","EU_BEFORE_MAY2004","TOTAL","FEMALE","","1993","41.95"
"","EU_BEFORE_MAY2004","TOTAL","FEMALE","","1994","38.47"
"","EU_BEFORE_MAY2004","TOTAL","FEMALE","","1995","40.7"
"","EU_BEFORE_MAY2004","TOTAL","FEMALE","","1996","40.47"
"","EU_BEFORE_MAY2004","TOTAL","FEMALE","","1997","40.75"
"","EU_BEFORE_MAY2004","TOTAL","FEMALE","","1998","41.3"
"","EU_BEFORE_MAY2004","TOTAL","FEMALE","","1999","44.44"
"","EU_BEFORE_MAY2004","TOTAL","FEMALE","","2000","39.8"
"","EU_BEFORE_MAY2004","TOTAL","FEMALE","","2001","34.37"
"","EU_BEFORE_MAY2004","TOTAL","FEMALE","","2002","36.54"
"","EU_BEFORE_MAY2004","TOTAL","FEMALE","","2003","39.11"
"","EU_BEFORE_MAY2004","TOTAL","FEMALE","","2004","34.38"
"","EU_BEFORE_MAY2004","TOTAL","FEMALE","","2005","37.23"
"","EU_BEFORE_MAY2004","TOTAL","FEMALE","","2006","33.35"
"","EU_BEFORE_MAY2004","TOTAL","FEMALE","","2007","33.88"
"","EU_BEFORE_MAY2004","TOTAL","FEMALE","","2008","33.86"
"","EU_BEFORE_MAY2004","TOTAL","FEMALE","","2009","33.35"
"","EU_BEFORE_MAY2004","TOTAL","FEMALE","","2010","31.24"
"","EU_BEFORE_MAY2004","TOTAL","FEMALE","","2011","31.34"
"","EU_BEFORE_MAY2004","TOTAL","FEMALE","","2012","32.48"
"","EU_BEFORE_MAY2004","TOTAL","FEMALE","","2013","32.06"
"","EU_BEFORE_MAY2004","TOTAL","FEMALE","","2014","29.37"
"","EU_BEFORE_MAY2004","TOTAL","FEMALE","","2015","33.46"
"","EU_BEFORE_MAY2004","TOTAL","FEMALE","","2016","31.78"
"","EU_BEFORE_MAY2004","TOTAL","FEMALE","","2017","33.16"
"","EU_BEFORE_MAY2004","TOTAL","FEMALE","","2018","34.16"
"","EU_BEFORE_MAY2004","TOTAL","FEMALE","","2019","31.83"
"","EU_BEFORE_MAY2004","TOTAL","FEMALE","","2020","28.61"
"","EU_MEMBERS","TOTAL","FEMALE","","1969","70.94"
"","EU_MEMBERS","TOTAL","FEMALE","","1970","65.56"
"","EU_MEMBERS","TOTAL","FEMALE","","1971","63.27"
"","EU_MEMBERS","TOTAL","FEMALE","","1972","56.74"
"","EU_MEMBERS","TOTAL","FEMALE","","1973","61.88"
"","EU_MEMBERS","TOTAL","FEMALE","","1974","54.26"
"","EU_MEMBERS","TOTAL","FEMALE","","1975","56.74"
"","EU_MEMBERS","TOTAL","FEMALE","","1976","54.03"
"","EU_MEMBERS","TOTAL","FEMALE","","1977","51.54"
"","EU_MEMBERS","TOTAL","FEMALE","","1978","48.57"
"","EU_MEMBERS","TOTAL","FEMALE","","1979","44.51"
"","EU_MEMBERS","TOTAL","FEMALE","","1980","46.55"
"","EU_MEMBERS","TOTAL","FEMALE","","1981","45.1"
"","EU_MEMBERS","TOTAL","FEMALE","","1982","41.42"
"","EU_MEMBERS","TOTAL","FEMALE","","1983","44.38"
"","EU_MEMBERS","TOTAL","FEMALE","","1984","40.24"
"","EU_MEMBERS","TOTAL","FEMALE","","1985","42.58"
"","EU_MEMBERS","TOTAL","FEMALE","","1986","41.4"
"","EU_MEMBERS","TOTAL","FEMALE","","1987","36.9"
"","EU_MEMBERS","TOTAL","FEMALE","","1988","36.13"
"","EU_MEMBERS","TOTAL","FEMALE","","1989","36.21"
"","EU_MEMBERS","TOTAL","FEMALE","","1990","36.12"
"","EU_MEMBERS","TOTAL","FEMALE","","1991","33.96"
"","EU_MEMBERS","TOTAL","FEMALE","","1992","32.65"
"","EU_MEMBERS","TOTAL","FEMALE","","1993","33.73"
"","EU_MEMBERS","TOTAL","FEMALE","","1994","31.87"
"","EU_MEMBERS","TOTAL","FEMALE","","1995","32.32"
"","EU_MEMBERS","TOTAL","FEMALE","","1996","33.19"
"","EU_MEMBERS","TOTAL","FEMALE","","1997","32.69"
"","EU_MEMBERS","TOTAL","FEMALE","","1998","32.77"
"","EU_MEMBERS","TOTAL","FEMALE","","1999","34.99"
"","EU_MEMBERS","TOTAL","FEMALE","","2000","32.52"
"","EU_MEMBERS","TOTAL","FEMALE","","2001","28.68"
"","EU_MEMBERS","TOTAL","FEMALE","","2002","30.28"
"","EU_MEMBERS","TOTAL","FEMALE","","2003","32.19"
"","EU_MEMBERS","TOTAL","FEMALE","","2004","28.36"
"","EU_MEMBERS","TOTAL","FEMALE","","2005","31.21"
"","EU_MEMBERS","TOTAL","FEMALE","","2006","27.8"
"","EU_MEMBERS","TOTAL","FEMALE","","2007","28.3"
"","EU_MEMBERS","TOTAL","FEMALE","","2008","27.71"
"","EU_MEMBERS","TOTAL","FEMALE","","2009","28.26"
"","EU_MEMBERS","TOTAL","FEMALE","","2010","26.05"
"","EU_MEMBERS","TOTAL","FEMALE","","2011","26.16"
"","EU_MEMBERS","TOTAL","FEMALE","","2012","27.03"
"","EU_MEMBERS","TOTAL","FEMALE","","2013","26.67"
"","EU_MEMBERS","TOTAL","FEMALE","","2014","24.64"
"","EU_MEMBERS","TOTAL","FEMALE","","2015","28.18"
"","EU_MEMBERS","TOTAL","FEMALE","","2016","26.8"
"","EU_MEMBERS","TOTAL","FEMALE","","2017","28.91"
"","EU_MEMBERS","TOTAL","FEMALE","","2018","29.41"
"","EU_MEMBERS","TOTAL","FEMALE","","2019","28.05"
"","EU_MEMBERS","TOTAL","FEMALE","","2020","26.61"
"","EU_MEMBERS","TOTAL","FEMALE","","2021","26.45"
"FIN","","TOTAL","FEMALE","","1969","86.22"
"FIN","","TOTAL","FEMALE","","1970","75.41"
"FIN","","TOTAL","FEMALE","","1971","84.65"
"FIN","","TOTAL","FEMALE","","1972","67.95"
"FIN","","TOTAL","FEMALE","","1973","61.64"
"FIN","","TOTAL","FEMALE","","1974","60.05"
"FIN","","TOTAL","FEMALE","","1975","62.01"
"FIN","","TOTAL","FEMALE","","1976","66.85"
"FIN","","TOTAL","FEMALE","","1977","60.39"
"FIN","","TOTAL","FEMALE","","1978","46.37"
"FIN","","TOTAL","FEMALE","","1979","44.55"
"FIN","","TOTAL","FEMALE","","1980","58.58"
"FIN","","TOTAL","FEMALE","","1981","43.9"
"FIN","","TOTAL","FEMALE","","1982","35.47"
"FIN","","TOTAL","FEMALE","","1983","44.04"
"FIN","","TOTAL","FEMALE","","1984","37.9"
"FIN","","TOTAL","FEMALE","","1985","48.89"
"FIN","","TOTAL","FEMALE","","1986","39.46"
"FIN","","TOTAL","FEMALE","","1987","37.63"
"FIN","","TOTAL","FEMALE","","1988","40.52"
"FIN","","TOTAL","FEMALE","","1989","40.31"
"FIN","","TOTAL","FEMALE","","1990","42.38"
"FIN","","TOTAL","FEMALE","","1991","38.79"
"FIN","","TOTAL","FEMALE","","1992","39.8"
"FIN","","TOTAL","FEMALE","","1993","48.73"
"FIN","","TOTAL","FEMALE","","1994","38.83"
"FIN","","TOTAL","FEMALE","","1995","37.69"
"FIN","","TOTAL","FEMALE","","1996","41.43"
"FIN","","TOTAL","FEMALE","","1997","38.85"
"FIN","","TOTAL","FEMALE","","1998","38.06"
"FIN","","TOTAL","FEMALE","","1999","39.56"
"FIN","","TOTAL","FEMALE","","2000","37.95"
"FIN","","TOTAL","FEMALE","","2001","34.5"
"FIN","","TOTAL","FEMALE","","2002","32.74"
"FIN","","TOTAL","FEMALE","","2003","30.84"
"FIN","","TOTAL","FEMALE","","2004","24.42"
"FIN","","TOTAL","FEMALE","","2005","18.99"
"FIN","","TOTAL","FEMALE","","2006","14.05"
"FIN","","TOTAL","FEMALE","","2007","15.32"
"FIN","","TOTAL","FEMALE","","2008","13.78"
"FIN","","TOTAL","FEMALE","","2009","15.55"
"FIN","","TOTAL","FEMALE","","2010","13.35"
"FIN","","TOTAL","FEMALE","","2011","13.48"
"FIN","","TOTAL","FEMALE","","2012","12.7"
"FIN","","TOTAL","FEMALE","","2013","11.54"
"FIN","","TOTAL","FEMALE","","2014","11.03"
"FIN","","TOTAL","FEMALE","","2016","13.59"
"FIN","","TOTAL","FEMALE","","2017","12.35"
"FIN","","TOTAL","FEMALE","","2018","13.52"
"FIN","","TOTAL","FEMALE","","2019","11.44"
"FIN","","TOTAL","FEMALE","","2020","9.21"
"FIN","","TOTAL","FEMALE","","2021","9.55"
"FRA","","TOTAL","FEMALE","","1968","60.95"
"FRA","","TOTAL","FEMALE","","1969","61.8"
"FRA","","TOTAL","FEMALE","","1970","44.88"
"FRA","","TOTAL","FEMALE","","1971","44.29"
"FRA","","TOTAL","FEMALE","","1972","41.5"
"FRA","","TOTAL","FEMALE","","1973","47.96"
"FRA","","TOTAL","FEMALE","","1974","40.86"
"FRA","","TOTAL","FEMALE","","1975","39.49"
"FRA","","TOTAL","FEMALE","","1976","41.59"
"FRA","","TOTAL","FEMALE","","1977","35.02"
"FRA","","TOTAL","FEMALE","","1978","37.31"
"FRA","","TOTAL","FEMALE","","1979","30.12"
"FRA","","TOTAL","FEMALE","","1980","30.85"
"FRA","","TOTAL","FEMALE","","1981","34.85"
"FRA","","TOTAL","FEMALE","","1982","28.77"
"FRA","","TOTAL","FEMALE","","1983","34.47"
"FRA","","TOTAL","FEMALE","","1984","28.31"
"FRA","","TOTAL","FEMALE","","1985","31.17"
"FRA","","TOTAL","FEMALE","","1986","34.95"
"FRA","","TOTAL","FEMALE","","1987","26.37"
"FRA","","TOTAL","FEMALE","","1988","27.41"
"FRA","","TOTAL","FEMALE","","1989","28.83"
"FRA","","TOTAL","FEMALE","","1990","30.08"
"FRA","","TOTAL","FEMALE","","1991","27.68"
"FRA","","TOTAL","FEMALE","","1992","28.85"
"FRA","","TOTAL","FEMALE","","1993","30.54"
"FRA","","TOTAL","FEMALE","","1994","26.99"
"FRA","","TOTAL","FEMALE","","1995","28.39"
"FRA","","TOTAL","FEMALE","","1996","29.93"
"FRA","","TOTAL","FEMALE","","1997","30.4"
"FRA","","TOTAL","FEMALE","","1998","32"
"FRA","","TOTAL","FEMALE","","1999","31.42"
"FRA","","TOTAL","FEMALE","","2000","25.2"
"FRA","","TOTAL","FEMALE","","2001","21.86"
"FRA","","TOTAL","FEMALE","","2002","23.32"
"FRA","","TOTAL","FEMALE","","2003","25"
"FRA","","TOTAL","FEMALE","","2004","20.73"
"FRA","","TOTAL","FEMALE","","2005","23.54"
"FRA","","TOTAL","FEMALE","","2006","19.08"
"FRA","","TOTAL","FEMALE","","2007","19.21"
"FRA","","TOTAL","FEMALE","","2008","19"
"FRA","","TOTAL","FEMALE","","2009","19.43"
"FRA","","TOTAL","FEMALE","","2010","17.38"
"FRA","","TOTAL","FEMALE","","2011","18.34"
"FRA","","TOTAL","FEMALE","","2012","20.17"
"FRA","","TOTAL","FEMALE","","2013","19.01"
"FRA","","TOTAL","FEMALE","","2014","17.62"
"FRA","","TOTAL","FEMALE","","2017","21.44"
"FRA","","TOTAL","FEMALE","","2018","21.35"
"GBR","","TOTAL","FEMALE","","1968","112.56"
"GBR","","TOTAL","FEMALE","","1969","108.28"
"GBR","","TOTAL","FEMALE","","1970","112.05"
"GBR","","TOTAL","FEMALE","","1971","91.99"
"GBR","","TOTAL","FEMALE","","1972","104.6"
"GBR","","TOTAL","FEMALE","","1973","103.62"
"GBR","","TOTAL","FEMALE","","1974","99.94"
"GBR","","TOTAL","FEMALE","","1975","98.99"
"GBR","","TOTAL","FEMALE","","1976","119.25"
"GBR","","TOTAL","FEMALE","","1977","101.37"
"GBR","","TOTAL","FEMALE","","1978","104.74"
"GBR","","TOTAL","FEMALE","","1979","105.16"
"GBR","","TOTAL","FEMALE","","1980","101.01"
"GBR","","TOTAL","FEMALE","","1981","97.71"
"GBR","","TOTAL","FEMALE","","1982","102.9"
"GBR","","TOTAL","FEMALE","","1983","99.2"
"GBR","","TOTAL","FEMALE","","1984","63.46"
"GBR","","TOTAL","FEMALE","","1985","71.24"
"GBR","","TOTAL","FEMALE","","1986","69.03"
"GBR","","TOTAL","FEMALE","","1987","61.4"
"GBR","","TOTAL","FEMALE","","1988","64.75"
"GBR","","TOTAL","FEMALE","","1989","72.95"
"GBR","","TOTAL","FEMALE","","1990","64.8"
"GBR","","TOTAL","FEMALE","","1991","65.68"
"GBR","","TOTAL","FEMALE","","1992","61.92"
"GBR","","TOTAL","FEMALE","","1993","91.54"
"GBR","","TOTAL","FEMALE","","1994","80.38"
"GBR","","TOTAL","FEMALE","","1995","89.39"
"GBR","","TOTAL","FEMALE","","1996","86.55"
"GBR","","TOTAL","FEMALE","","1997","90.26"
"GBR","","TOTAL","FEMALE","","1998","87.73"
"GBR","","TOTAL","FEMALE","","1999","95.98"
"GBR","","TOTAL","FEMALE","","2001","65.59"
"GBR","","TOTAL","FEMALE","","2002","68.16"
"GBR","","TOTAL","FEMALE","","2003","73.59"
"GBR","","TOTAL","FEMALE","","2004","66.81"
"GBR","","TOTAL","FEMALE","","2005","68.57"
"GBR","","TOTAL","FEMALE","","2006","64.16"
"GBR","","TOTAL","FEMALE","","2007","63.75"
"GBR","","TOTAL","FEMALE","","2008","65.32"
"GBR","","TOTAL","FEMALE","","2009","59.82"
"GBR","","TOTAL","FEMALE","","2010","58.77"
"GBR","","TOTAL","FEMALE","","2011","57.65"
"GBR","","TOTAL","FEMALE","","2012","59.11"
"GBR","","TOTAL","FEMALE","","2013","61.06"
"GBR","","TOTAL","FEMALE","","2014","54.36"
"GBR","","TOTAL","FEMALE","","2015","61.15"
"GBR","","TOTAL","FEMALE","","2016","57.99"
"GBR","","TOTAL","FEMALE","","2017","57.03"
"GBR","","TOTAL","FEMALE","","2018","60.98"
"GBR","","TOTAL","FEMALE","","2019","54.76"
"GBR","","TOTAL","FEMALE","","2020","45.38"
"GEO","","TOTAL","FEMALE","","1981","58.77"
"GEO","","TOTAL","FEMALE","","1982","47.79"
"GEO","","TOTAL","FEMALE","","1985","52.92"
"GEO","","TOTAL","FEMALE","","1986","48.39"
"GEO","","TOTAL","FEMALE","","1987","46.59"
"GEO","","TOTAL","FEMALE","","1988","48.68"
"GEO","","TOTAL","FEMALE","","1989","44.02"
"GEO","","TOTAL","FEMALE","","1990","36.75"
"GEO","","TOTAL","FEMALE","","1991","27.48"
"GEO","","TOTAL","FEMALE","","1992","22.06"
"GEO","","TOTAL","FEMALE","","1994","17.87"
"GEO","","TOTAL","FEMALE","","1995","13.56"
"GEO","","TOTAL","FEMALE","","1996","18.23"
"GEO","","TOTAL","FEMALE","","1997","17.03"
"GEO","","TOTAL","FEMALE","","1998","17.14"
"GEO","","TOTAL","FEMALE","","1999","15.71"
"GEO","","TOTAL","FEMALE","","2000","20.3"
"GEO","","TOTAL","FEMALE","","2001","17.14"
"GEO","","TOTAL","FEMALE","","2004","46.65"
"GEO","","TOTAL","FEMALE","","2005","11.15"
"GEO","","TOTAL","FEMALE","","2006","12.63"
"GEO","","TOTAL","FEMALE","","2007","12.65"
"GEO","","TOTAL","FEMALE","","2009","11.11"
"GEO","","TOTAL","FEMALE","","2010","7.31"
"GEO","","TOTAL","FEMALE","","2011","13.13"
"GEO","","TOTAL","FEMALE","","2012","11.27"
"GEO","","TOTAL","FEMALE","","2013","12.04"
"GEO","","TOTAL","FEMALE","","2014","17.86"
"GEO","","TOTAL","FEMALE","","2015","25.43"
"GEO","","TOTAL","FEMALE","","2016","35.46"
"GEO","","TOTAL","FEMALE","","2017","37.16"
"GEO","","TOTAL","FEMALE","","2018","53.41"
"GEO","","TOTAL","FEMALE","","2019","48.72"
"GEO","","TOTAL","FEMALE","","2020","57.96"
"GEO","","TOTAL","FEMALE","","2021","55.66"
"GRC","","TOTAL","FEMALE","","1968","97.93"
"GRC","","TOTAL","FEMALE","","1969","84.83"
"GRC","","TOTAL","FEMALE","","1970","78.71"
"GRC","","TOTAL","FEMALE","","1971","65.06"
"GRC","","TOTAL","FEMALE","","1972","68.3"
"GRC","","TOTAL","FEMALE","","1973","71.16"
"GRC","","TOTAL","FEMALE","","1974","60.1"
"GRC","","TOTAL","FEMALE","","1975","74.11"
"GRC","","TOTAL","FEMALE","","1976","60.08"
"GRC","","TOTAL","FEMALE","","1977","68.4"
"GRC","","TOTAL","FEMALE","","1978","47.6"
"GRC","","TOTAL","FEMALE","","1979","44.69"
"GRC","","TOTAL","FEMALE","","1980","50.97"
"GRC","","TOTAL","FEMALE","","1981","46.32"
"GRC","","TOTAL","FEMALE","","1982","39.77"
"GRC","","TOTAL","FEMALE","","1983","41.85"
"GRC","","TOTAL","FEMALE","","1984","35.22"
"GRC","","TOTAL","FEMALE","","1985","37.67"
"GRC","","TOTAL","FEMALE","","1986","34.9"
"GRC","","TOTAL","FEMALE","","1987","31.48"
"GRC","","TOTAL","FEMALE","","1988","28.84"
"GRC","","TOTAL","FEMALE","","1989","29.83"
"GRC","","TOTAL","FEMALE","","1990","31.74"
"GRC","","TOTAL","FEMALE","","1991","31.72"
"GRC","","TOTAL","FEMALE","","1992","35.26"
"GRC","","TOTAL","FEMALE","","1993","31.4"
"GRC","","TOTAL","FEMALE","","1994","29.31"
"GRC","","TOTAL","FEMALE","","1995","31.52"
"GRC","","TOTAL","FEMALE","","1996","30.74"
"GRC","","TOTAL","FEMALE","","1997","30.14"
"GRC","","TOTAL","FEMALE","","1998","36.17"
"GRC","","TOTAL","FEMALE","","1999","37.7"
"GRC","","TOTAL","FEMALE","","2000","41.08"
"GRC","","TOTAL","FEMALE","","2001","35.51"
"GRC","","TOTAL","FEMALE","","2002","39.9"
"GRC","","TOTAL","FEMALE","","2003","39.13"
"GRC","","TOTAL","FEMALE","","2004","39.69"
"GRC","","TOTAL","FEMALE","","2005","40.35"
"GRC","","TOTAL","FEMALE","","2006","42.49"
"GRC","","TOTAL","FEMALE","","2007","48.15"
"GRC","","TOTAL","FEMALE","","2008","45.77"
"GRC","","TOTAL","FEMALE","","2009","45.52"
"GRC","","TOTAL","FEMALE","","2010","42.19"
"GRC","","TOTAL","FEMALE","","2011","39.9"
"GRC","","TOTAL","FEMALE","","2012","38.97"
"GRC","","TOTAL","FEMALE","","2014","40.08"
"GRC","","TOTAL","FEMALE","","2015","45.71"
"GRC","","TOTAL","FEMALE","","2016","41.43"
"GRC","","TOTAL","FEMALE","","2017","40.37"
"GRC","","TOTAL","FEMALE","","2018","35.37"
"GRC","","TOTAL","FEMALE","","2019","38.35"
"GRC","","TOTAL","FEMALE","","2020","33.74"
"HRV","","TOTAL","FEMALE","","1985","43.43"
"HRV","","TOTAL","FEMALE","","1986","35.13"
"HRV","","TOTAL","FEMALE","","1987","27.41"
"HRV","","TOTAL","FEMALE","","1988","18.81"
"HRV","","TOTAL","FEMALE","","1989","19.35"
"HRV","","TOTAL","FEMALE","","1990","17.17"
"HRV","","TOTAL","FEMALE","","1991","25.09"
"HRV","","TOTAL","FEMALE","","1992","30.27"
"HRV","","TOTAL","FEMALE","","1993","30.68"
"HRV","","TOTAL","FEMALE","","1994","30.28"
"HRV","","TOTAL","FEMALE","","1995","25.14"
"HRV","","TOTAL","FEMALE","","1996","27.58"
"HRV","","TOTAL","FEMALE","","1997","31.02"
"HRV","","TOTAL","FEMALE","","1998","32.11"
"HRV","","TOTAL","FEMALE","","1999","36.1"
"HRV","","TOTAL","FEMALE","","2000","28.12"
"HRV","","TOTAL","FEMALE","","2001","23.1"
"HRV","","TOTAL","FEMALE","","2002","24.02"
"HRV","","TOTAL","FEMALE","","2003","30.12"
"HRV","","TOTAL","FEMALE","","2004","31.4"
"HRV","","TOTAL","FEMALE","","2005","34.07"
"HRV","","TOTAL","FEMALE","","2006","25.16"
"HRV","","TOTAL","FEMALE","","2007","26.14"
"HRV","","TOTAL","FEMALE","","2008","20.56"
"HRV","","TOTAL","FEMALE","","2009","20.38"
"HRV","","TOTAL","FEMALE","","2010","17.1"
"HRV","","TOTAL","FEMALE","","2011","17.39"
"HRV","","TOTAL","FEMALE","","2012","18.21"
"HRV","","TOTAL","FEMALE","","2013","18.25"
"HRV","","TOTAL","FEMALE","","2014","17.25"
"HRV","","TOTAL","FEMALE","","2015","22.7"
"HRV","","TOTAL","FEMALE","","2016","20"
"HRV","","TOTAL","FEMALE","","2017","26.97"
"HRV","","TOTAL","FEMALE","","2019","18.5"
"HRV","","TOTAL","FEMALE","","2020","17.51"
"HRV","","TOTAL","FEMALE","","2021","20.06"
"HUN","","TOTAL","FEMALE","","1969","43.27"
"HUN","","TOTAL","FEMALE","","1970","44.54"
"HUN","","TOTAL","FEMALE","","1971","41.7"
"HUN","","TOTAL","FEMALE","","1972","29.45"
"HUN","","TOTAL","FEMALE","","1973","34.72"
"HUN","","TOTAL","FEMALE","","1974","34.18"
"HUN","","TOTAL","FEMALE","","1975","46.28"
"HUN","","TOTAL","FEMALE","","1976","41.59"
"HUN","","TOTAL","FEMALE","","1977","46.24"
"HUN","","TOTAL","FEMALE","","1978","49.19"
"HUN","","TOTAL","FEMALE","","1979","41.02"
"HUN","","TOTAL","FEMALE","","1980","58.07"
"HUN","","TOTAL","FEMALE","","1981","45.9"
"HUN","","TOTAL","FEMALE","","1982","43.63"
"HUN","","TOTAL","FEMALE","","1983","49.09"
"HUN","","TOTAL","FEMALE","","1984","40.44"
"HUN","","TOTAL","FEMALE","","1985","40.21"
"HUN","","TOTAL","FEMALE","","1986","41.73"
"HUN","","TOTAL","FEMALE","","1987","34.08"
"HUN","","TOTAL","FEMALE","","1988","30.55"
"HUN","","TOTAL","FEMALE","","1989","35.52"
"HUN","","TOTAL","FEMALE","","1990","35.77"
"HUN","","TOTAL","FEMALE","","1991","32.76"
"HUN","","TOTAL","FEMALE","","1992","37.24"
"HUN","","TOTAL","FEMALE","","1993","36.87"
"HUN","","TOTAL","FEMALE","","1994","35.95"
"HUN","","TOTAL","FEMALE","","1995","32.76"
"HUN","","TOTAL","FEMALE","","1996","32.74"
"HUN","","TOTAL","FEMALE","","1997","30.45"
"HUN","","TOTAL","FEMALE","","1998","27.94"
"HUN","","TOTAL","FEMALE","","1999","33.57"
"HUN","","TOTAL","FEMALE","","2000","27.57"
"HUN","","TOTAL","FEMALE","","2001","22.06"
"HUN","","TOTAL","FEMALE","","2002","23.12"
"HUN","","TOTAL","FEMALE","","2003","27.19"
"HUN","","TOTAL","FEMALE","","2004","26.46"
"HUN","","TOTAL","FEMALE","","2005","31.98"
"HUN","","TOTAL","FEMALE","","2006","29.47"
"HUN","","TOTAL","FEMALE","","2007","32.34"
"HUN","","TOTAL","FEMALE","","2008","28.14"
"HUN","","TOTAL","FEMALE","","2009","29.84"
"HUN","","TOTAL","FEMALE","","2010","28.65"
"HUN","","TOTAL","FEMALE","","2011","30.97"
"HUN","","TOTAL","FEMALE","","2012","31.2"
"HUN","","TOTAL","FEMALE","","2013","32.6"
"HUN","","TOTAL","FEMALE","","2014","31.56"
"HUN","","TOTAL","FEMALE","","2015","32.03"
"HUN","","TOTAL","FEMALE","","2016","32.69"
"HUN","","TOTAL","FEMALE","","2017","37.66"
"HUN","","TOTAL","FEMALE","","2018","37.2"
"HUN","","TOTAL","FEMALE","","2019","38.14"
"IRL","","TOTAL","FEMALE","","1968","114.59"
"IRL","","TOTAL","FEMALE","","1969","125.02"
"IRL","","TOTAL","FEMALE","","1970","141.39"
"IRL","","TOTAL","FEMALE","","1971","108.81"
"IRL","","TOTAL","FEMALE","","1972","127.7"
"IRL","","TOTAL","FEMALE","","1973","131.71"
"IRL","","TOTAL","FEMALE","","1974","125.07"
"IRL","","TOTAL","FEMALE","","1975","109.82"
"IRL","","TOTAL","FEMALE","","1976","125.78"
"IRL","","TOTAL","FEMALE","","1977","99.88"
"IRL","","TOTAL","FEMALE","","1978","112.02"
"IRL","","TOTAL","FEMALE","","1979","105.87"
"IRL","","TOTAL","FEMALE","","1980","111.59"
"IRL","","TOTAL","FEMALE","","1981","106.49"
"IRL","","TOTAL","FEMALE","","1982","105.23"
"IRL","","TOTAL","FEMALE","","1983","113.5"
"IRL","","TOTAL","FEMALE","","1984","94.74"
"IRL","","TOTAL","FEMALE","","1985","107.08"
"IRL","","TOTAL","FEMALE","","1986","114.66"
"IRL","","TOTAL","FEMALE","","1987","96.2"
"IRL","","TOTAL","FEMALE","","1988","93.93"
"IRL","","TOTAL","FEMALE","","1989","97.26"
"IRL","","TOTAL","FEMALE","","1990","97.39"
"IRL","","TOTAL","FEMALE","","1991","101.04"
"IRL","","TOTAL","FEMALE","","1992","88.44"
"IRL","","TOTAL","FEMALE","","1993","95.27"
"IRL","","TOTAL","FEMALE","","1994","91.82"
"IRL","","TOTAL","FEMALE","","1995","102.84"
"IRL","","TOTAL","FEMALE","","1996","99.59"
"IRL","","TOTAL","FEMALE","","1997","99.28"
"IRL","","TOTAL","FEMALE","","1998","97.08"
"IRL","","TOTAL","FEMALE","","1999","110.03"
"IRL","","TOTAL","FEMALE","","2000","97.66"
"IRL","","TOTAL","FEMALE","","2001","87.9"
"IRL","","TOTAL","FEMALE","","2002","83.26"
"IRL","","TOTAL","FEMALE","","2003","83.26"
"IRL","","TOTAL","FEMALE","","2004","75.18"
"IRL","","TOTAL","FEMALE","","2005","74.15"
"IRL","","TOTAL","FEMALE","","2006","73.16"
"IRL","","TOTAL","FEMALE","","2007","57.76"
"IRL","","TOTAL","FEMALE","","2008","59.68"
"IRL","","TOTAL","FEMALE","","2009","59.18"
"IRL","","TOTAL","FEMALE","","2010","52.74"
"IRL","","TOTAL","FEMALE","","2011","53.68"
"IRL","","TOTAL","FEMALE","","2012","52.3"
"IRL","","TOTAL","FEMALE","","2013","51.71"
"IRL","","TOTAL","FEMALE","","2015","54.28"
"IRL","","TOTAL","FEMALE","","2018","54.39"
"ISL","","TOTAL","FEMALE","","1971","95.46"
"ISL","","TOTAL","FEMALE","","1972","86.07"
"ISL","","TOTAL","FEMALE","","1973","37.67"
"ISL","","TOTAL","FEMALE","","1974","71.88"
"ISL","","TOTAL","FEMALE","","1975","68.34"
"ISL","","TOTAL","FEMALE","","1976","80.46"
"ISL","","TOTAL","FEMALE","","1977","54.75"
"ISL","","TOTAL","FEMALE","","1978","64.41"
"ISL","","TOTAL","FEMALE","","1979","54.61"
"ISL","","TOTAL","FEMALE","","1980","64.96"
"ISL","","TOTAL","FEMALE","","1981","71.53"
"ISL","","TOTAL","FEMALE","","1982","54.56"
"ISL","","TOTAL","FEMALE","","1983","55.96"
"ISL","","TOTAL","FEMALE","","1984","73.16"
"ISL","","TOTAL","FEMALE","","1985","83.66"
"ISL","","TOTAL","FEMALE","","1986","63.09"
"ISL","","TOTAL","FEMALE","","1987","67.96"
"ISL","","TOTAL","FEMALE","","1988","95.6"
"ISL","","TOTAL","FEMALE","","1989","77.39"
"ISL","","TOTAL","FEMALE","","1990","69.26"
"ISL","","TOTAL","FEMALE","","1991","63.91"
"ISL","","TOTAL","FEMALE","","1992","80.96"
"ISL","","TOTAL","FEMALE","","1993","78.99"
"ISL","","TOTAL","FEMALE","","1994","72.56"
"ISL","","TOTAL","FEMALE","","1995","85.99"
"ISL","","TOTAL","FEMALE","","1996","73.35"
"ISL","","TOTAL","FEMALE","","1997","52.46"
"ISL","","TOTAL","FEMALE","","1998","38.16"
"ISL","","TOTAL","FEMALE","","1999","55.56"
"ISL","","TOTAL","FEMALE","","2000","53.61"
"ISL","","TOTAL","FEMALE","","2001","37.91"
"ISL","","TOTAL","FEMALE","","2002","35.55"
"ISL","","TOTAL","FEMALE","","2003","37.11"
"ISL","","TOTAL","FEMALE","","2004","39.43"
"ISL","","TOTAL","FEMALE","","2005","41.37"
"ISL","","TOTAL","FEMALE","","2006","36.2"
"ISL","","TOTAL","FEMALE","","2007","38.88"
"ISL","","TOTAL","FEMALE","","2008","40.84"
"ISL","","TOTAL","FEMALE","","2009","44.86"
"ISL","","TOTAL","FEMALE","","2010","43.4"
"ISL","","TOTAL","FEMALE","","2011","37.97"
"ISL","","TOTAL","FEMALE","","2012","37.02"
"ISL","","TOTAL","FEMALE","","2013","33.33"
"ISL","","TOTAL","FEMALE","","2014","31.58"
"ISL","","TOTAL","FEMALE","","2015","33.28"
"ISL","","TOTAL","FEMALE","","2016","37.99"
"ISL","","TOTAL","FEMALE","","2017","43.34"
"ISL","","TOTAL","FEMALE","","2018","42.28"
"ISL","","TOTAL","FEMALE","","2019","31.02"
"ISL","","TOTAL","FEMALE","","2020","29.68"
"ISL","","TOTAL","FEMALE","","2021","32.17"
"ISR","","TOTAL","FEMALE","","1975","50.21"
"ISR","","TOTAL","FEMALE","","1976","44.5"
"ISR","","TOTAL","FEMALE","","1977","46.2"
"ISR","","TOTAL","FEMALE","","1978","47.33"
"ISR","","TOTAL","FEMALE","","1979","44.54"
"ISR","","TOTAL","FEMALE","","1980","51.38"
"ISR","","TOTAL","FEMALE","","1981","48.73"
"ISR","","TOTAL","FEMALE","","1982","63.41"
"ISR","","TOTAL","FEMALE","","1983","48.05"
"ISR","","TOTAL","FEMALE","","1984","47.95"
"ISR","","TOTAL","FEMALE","","1985","52.59"
"ISR","","TOTAL","FEMALE","","1986","50.07"
"ISR","","TOTAL","FEMALE","","1987","46.75"
"ISR","","TOTAL","FEMALE","","1988","46.41"
"ISR","","TOTAL","FEMALE","","1989","45.86"
"ISR","","TOTAL","FEMALE","","1990","47.39"
"ISR","","TOTAL","FEMALE","","1991","44.88"
"ISR","","TOTAL","FEMALE","","1992","42.83"
"ISR","","TOTAL","FEMALE","","1993","31.52"
"ISR","","TOTAL","FEMALE","","1994","19.85"
"ISR","","TOTAL","FEMALE","","1995","25.76"
"ISR","","TOTAL","FEMALE","","1996","37.22"
"ISR","","TOTAL","FEMALE","","1997","38.92"
"ISR","","TOTAL","FEMALE","","1998","31.34"
"ISR","","TOTAL","FEMALE","","1999","37.41"
"ISR","","TOTAL","FEMALE","","2000","39.98"
"ISR","","TOTAL","FEMALE","","2001","32.35"
"ISR","","TOTAL","FEMALE","","2002","34.5"
"ISR","","TOTAL","FEMALE","","2003","32.78"
"ISR","","TOTAL","FEMALE","","2004","32.51"
"ISR","","TOTAL","FEMALE","","2005","36.97"
"ISR","","TOTAL","FEMALE","","2006","35.44"
"ISR","","TOTAL","FEMALE","","2007","36.73"
"ISR","","TOTAL","FEMALE","","2008","34.29"
"ISR","","TOTAL","FEMALE","","2009","29.47"
"ISR","","TOTAL","FEMALE","","2010","28.5"
"ISR","","TOTAL","FEMALE","","2011","29.45"
"ISR","","TOTAL","FEMALE","","2012","29.87"
"ISR","","TOTAL","FEMALE","","2013","27.66"
"ISR","","TOTAL","FEMALE","","2014","28.09"
"ISR","","TOTAL","FEMALE","","2015","29.81"
"ISR","","TOTAL","FEMALE","","2016","28.18"
"ISR","","TOTAL","FEMALE","","2017","28.13"
"ISR","","TOTAL","FEMALE","","2018","30.28"
"ISR","","TOTAL","FEMALE","","2019","33.29"
"ISR","","TOTAL","FEMALE","","2020","30.44"
"ISR","","TOTAL","FEMALE","","2021","33.75"
"ITA","","TOTAL","FEMALE","","1968","85.23"
"ITA","","TOTAL","FEMALE","","1969","82.46"
"ITA","","TOTAL","FEMALE","","1970","75.44"
"ITA","","TOTAL","FEMALE","","1971","58.87"
"ITA","","TOTAL","FEMALE","","1972","58.5"
"ITA","","TOTAL","FEMALE","","1973","63.54"
"ITA","","TOTAL","FEMALE","","1974","49.24"
"ITA","","TOTAL","FEMALE","","1975","58.18"
"ITA","","TOTAL","FEMALE","","1976","49"
"ITA","","TOTAL","FEMALE","","1977","48.25"
"ITA","","TOTAL","FEMALE","","1978","40.54"
"ITA","","TOTAL","FEMALE","","1979","37.89"
"ITA","","TOTAL","FEMALE","","1980","40.82"
"ITA","","TOTAL","FEMALE","","1981","40.26"
"ITA","","TOTAL","FEMALE","","1982","34.49"
"ITA","","TOTAL","FEMALE","","1983","40.02"
"ITA","","TOTAL","FEMALE","","1984","32.67"
"ITA","","TOTAL","FEMALE","","1985","34.18"
"ITA","","TOTAL","FEMALE","","1986","35.43"
"ITA","","TOTAL","FEMALE","","1987","28.91"
"ITA","","TOTAL","FEMALE","","1988","28.52"
"ITA","","TOTAL","FEMALE","","1989","26.75"
"ITA","","TOTAL","FEMALE","","1990","28"
"ITA","","TOTAL","FEMALE","","1991","25.41"
"ITA","","TOTAL","FEMALE","","1992","24.65"
"ITA","","TOTAL","FEMALE","","1993","23.19"
"ITA","","TOTAL","FEMALE","","1994","24.32"
"ITA","","TOTAL","FEMALE","","1995","23.02"
"ITA","","TOTAL","FEMALE","","1996","21.32"
"ITA","","TOTAL","FEMALE","","1997","23.12"
"ITA","","TOTAL","FEMALE","","1998","24.22"
"ITA","","TOTAL","FEMALE","","1999","25.07"
"ITA","","TOTAL","FEMALE","","2000","23.62"
"ITA","","TOTAL","FEMALE","","2001","19.95"
"ITA","","TOTAL","FEMALE","","2002","21.42"
"ITA","","TOTAL","FEMALE","","2003","24.24"
"ITA","","TOTAL","FEMALE","","2004","19.91"
"ITA","","TOTAL","FEMALE","","2005","23.59"
"ITA","","TOTAL","FEMALE","","2006","19.06"
"ITA","","TOTAL","FEMALE","","2007","19.65"
"ITA","","TOTAL","FEMALE","","2008","19.18"
"ITA","","TOTAL","FEMALE","","2009","19.76"
"ITA","","TOTAL","FEMALE","","2010","18.61"
"ITA","","TOTAL","FEMALE","","2011","19.68"
"ITA","","TOTAL","FEMALE","","2012","20.5"
"ITA","","TOTAL","FEMALE","","2013","19.51"
"ITA","","TOTAL","FEMALE","","2014","18.76"
"ITA","","TOTAL","FEMALE","","2015","22.24"
"ITA","","TOTAL","FEMALE","","2016","20.13"
"ITA","","TOTAL","FEMALE","","2017","23.35"
"ITA","","TOTAL","FEMALE","","2018","22.89"
"ITA","","TOTAL","FEMALE","","2019","22.99"
"ITA","","TOTAL","FEMALE","","2020","23.92"
"KAZ","","TOTAL","FEMALE","","1981","107.71"
"KAZ","","TOTAL","FEMALE","","1982","101.49"
"KAZ","","TOTAL","FEMALE","","1985","101.2"
"KAZ","","TOTAL","FEMALE","","1986","85.52"
"KAZ","","TOTAL","FEMALE","","1987","83.06"
"KAZ","","TOTAL","FEMALE","","1988","84.05"
"KAZ","","TOTAL","FEMALE","","1989","74.39"
"KAZ","","TOTAL","FEMALE","","1990","71.27"
"KAZ","","TOTAL","FEMALE","","1991","67.73"
"KAZ","","TOTAL","FEMALE","","1992","69.12"
"KAZ","","TOTAL","FEMALE","","1993","75.73"
"KAZ","","TOTAL","FEMALE","","1994","79.27"
"KAZ","","TOTAL","FEMALE","","1995","83.16"
"KAZ","","TOTAL","FEMALE","","1996","80.63"
"KAZ","","TOTAL","FEMALE","","1997","71.02"
"KAZ","","TOTAL","FEMALE","","1998","64.31"
"KAZ","","TOTAL","FEMALE","","1999","59.73"
"KAZ","","TOTAL","FEMALE","","2000","60.29"
"KAZ","","TOTAL","FEMALE","","2001","57.95"
"KAZ","","TOTAL","FEMALE","","2002","55.4"
"KAZ","","TOTAL","FEMALE","","2003","57.32"
"KAZ","","TOTAL","FEMALE","","2004","46.9"
"KAZ","","TOTAL","FEMALE","","2005","47.25"
"KAZ","","TOTAL","FEMALE","","2006","40.79"
"KAZ","","TOTAL","FEMALE","","2007","42.8"
"KAZ","","TOTAL","FEMALE","","2008","36.25"
"KAZ","","TOTAL","FEMALE","","2009","37.56"
"KAZ","","TOTAL","FEMALE","","2010","33.89"
"KAZ","","TOTAL","FEMALE","","2011","41.9"
"KAZ","","TOTAL","FEMALE","","2012","46.75"
"KAZ","","TOTAL","FEMALE","","2013","99.44"
"KAZ","","TOTAL","FEMALE","","2014","102.56"
"KAZ","","TOTAL","FEMALE","","2015","111.4"
"KAZ","","TOTAL","FEMALE","","2016","101.65"
"KAZ","","TOTAL","FEMALE","","2017","88.21"
"KAZ","","TOTAL","FEMALE","","2018","81.93"
"KAZ","","TOTAL","FEMALE","","2019","80.59"
"KAZ","","TOTAL","FEMALE","","2020","113.78"
"KAZ","","TOTAL","FEMALE","","2021","105.15"
"KGZ","","TOTAL","FEMALE","","1981","189.86"
"KGZ","","TOTAL","FEMALE","","1982","163"
"KGZ","","TOTAL","FEMALE","","1985","185.42"
"KGZ","","TOTAL","FEMALE","","1986","141.92"
"KGZ","","TOTAL","FEMALE","","1987","141.75"
"KGZ","","TOTAL","FEMALE","","1988","156.22"
"KGZ","","TOTAL","FEMALE","","1989","141.23"
"KGZ","","TOTAL","FEMALE","","1990","123.23"
"KGZ","","TOTAL","FEMALE","","1991","113.9"
"KGZ","","TOTAL","FEMALE","","1992","120.05"
"KGZ","","TOTAL","FEMALE","","1993","122.22"
"KGZ","","TOTAL","FEMALE","","1994","141.65"
"KGZ","","TOTAL","FEMALE","","1995","137.07"
"KGZ","","TOTAL","FEMALE","","1996","122.59"
"KGZ","","TOTAL","FEMALE","","1997","126.14"
"KGZ","","TOTAL","FEMALE","","1998","125.08"
"KGZ","","TOTAL","FEMALE","","1999","112.32"
"KGZ","","TOTAL","FEMALE","","2000","112.6"
"KGZ","","TOTAL","FEMALE","","2001","89.39"
"KGZ","","TOTAL","FEMALE","","2002","105.92"
"KGZ","","TOTAL","FEMALE","","2003","117.79"
"KGZ","","TOTAL","FEMALE","","2004","100.68"
"KGZ","","TOTAL","FEMALE","","2005","93.55"
"KGZ","","TOTAL","FEMALE","","2006","92.81"
"KGZ","","TOTAL","FEMALE","","2007","82.18"
"KGZ","","TOTAL","FEMALE","","2008","77.04"
"KGZ","","TOTAL","FEMALE","","2009","71.42"
"KGZ","","TOTAL","FEMALE","","2010","66.57"
"KGZ","","TOTAL","FEMALE","","2011","59.96"
"KGZ","","TOTAL","FEMALE","","2012","54.43"
"KGZ","","TOTAL","FEMALE","","2013","45.1"
"KGZ","","TOTAL","FEMALE","","2014","45.19"
"KGZ","","TOTAL","FEMALE","","2015","39.45"
"KGZ","","TOTAL","FEMALE","","2016","41.57"
"LTU","","TOTAL","FEMALE","","1981","47.88"
"LTU","","TOTAL","FEMALE","","1982","42.7"
"LTU","","TOTAL","FEMALE","","1985","41.67"
"LTU","","TOTAL","FEMALE","","1986","31.68"
"LTU","","TOTAL","FEMALE","","1987","29.22"
"LTU","","TOTAL","FEMALE","","1988","30.76"
"LTU","","TOTAL","FEMALE","","1989","22.92"
"LTU","","TOTAL","FEMALE","","1990","26.01"
"LTU","","TOTAL","FEMALE","","1991","22.95"
"LTU","","TOTAL","FEMALE","","1992","20.99"
"LTU","","TOTAL","FEMALE","","1993","23.01"
"LTU","","TOTAL","FEMALE","","1994","24.27"
"LTU","","TOTAL","FEMALE","","1995","25.92"
"LTU","","TOTAL","FEMALE","","1996","23.22"
"LTU","","TOTAL","FEMALE","","1997","20.92"
"LTU","","TOTAL","FEMALE","","1998","20.88"
"LTU","","TOTAL","FEMALE","","1999","18.87"
"LTU","","TOTAL","FEMALE","","2000","19.9"
"LTU","","TOTAL","FEMALE","","2001","16.97"
"LTU","","TOTAL","FEMALE","","2002","19.66"
"LTU","","TOTAL","FEMALE","","2003","18.85"
"LTU","","TOTAL","FEMALE","","2004","16.62"
"LTU","","TOTAL","FEMALE","","2005","18.37"
"LTU","","TOTAL","FEMALE","","2006","17.07"
"LTU","","TOTAL","FEMALE","","2007","19.24"
"LTU","","TOTAL","FEMALE","","2008","17.78"
"LTU","","TOTAL","FEMALE","","2009","16.7"
"LTU","","TOTAL","FEMALE","","2010","12.27"
"LTU","","TOTAL","FEMALE","","2011","10.95"
"LTU","","TOTAL","FEMALE","","2012","12.2"
"LTU","","TOTAL","FEMALE","","2013","15.6"
"LTU","","TOTAL","FEMALE","","2014","9.89"
"LTU","","TOTAL","FEMALE","","2015","13.64"
"LTU","","TOTAL","FEMALE","","2016","13.76"
"LTU","","TOTAL","FEMALE","","2017","12.62"
"LTU","","TOTAL","FEMALE","","2018","12.9"
"LTU","","TOTAL","FEMALE","","2019","13.34"
"LTU","","TOTAL","FEMALE","","2020","12.14"
"LTU","","TOTAL","FEMALE","","2021","10.83"
"LTU","","TOTAL","FEMALE","","2022","11.98"
"LUX","","TOTAL","FEMALE","","1971","31.35"
"LUX","","TOTAL","FEMALE","","1972","34.68"
"LUX","","TOTAL","FEMALE","","1973","32.91"
"LUX","","TOTAL","FEMALE","","1974","46.24"
"LUX","","TOTAL","FEMALE","","1975","32.35"
"LUX","","TOTAL","FEMALE","","1976","41.56"
"LUX","","TOTAL","FEMALE","","1977","20.8"
"LUX","","TOTAL","FEMALE","","1978","26.9"
"LUX","","TOTAL","FEMALE","","1979","25.91"
"LUX","","TOTAL","FEMALE","","1980","26.26"
"LUX","","TOTAL","FEMALE","","1981","28.63"
"LUX","","TOTAL","FEMALE","","1982","28.06"
"LUX","","TOTAL","FEMALE","","1983","33.97"
"LUX","","TOTAL","FEMALE","","1984","32.45"
"LUX","","TOTAL","FEMALE","","1985","37.51"
"LUX","","TOTAL","FEMALE","","1986","41.03"
"LUX","","TOTAL","FEMALE","","1987","29.42"
"LUX","","TOTAL","FEMALE","","1988","30.44"
"LUX","","TOTAL","FEMALE","","1989","34.58"
"LUX","","TOTAL","FEMALE","","1990","32.04"
"LUX","","TOTAL","FEMALE","","1991","33.61"
"LUX","","TOTAL","FEMALE","","1992","32.22"
"LUX","","TOTAL","FEMALE","","1993","39.18"
"LUX","","TOTAL","FEMALE","","1994","34.47"
"LUX","","TOTAL","FEMALE","","1995","31.48"
"LUX","","TOTAL","FEMALE","","1996","31.28"
"LUX","","TOTAL","FEMALE","","1997","33.43"
"LUX","","TOTAL","FEMALE","","1998","34.59"
"LUX","","TOTAL","FEMALE","","1999","41.46"
"LUX","","TOTAL","FEMALE","","2000","32.6"
"LUX","","TOTAL","FEMALE","","2001","32.55"
"LUX","","TOTAL","FEMALE","","2002","46.11"
"LUX","","TOTAL","FEMALE","","2003","44.09"
"LUX","","TOTAL","FEMALE","","2004","31.34"
"LUX","","TOTAL","FEMALE","","2005","31.77"
"LUX","","TOTAL","FEMALE","","2006","30.68"
"LUX","","TOTAL","FEMALE","","2007","33.89"
"LUX","","TOTAL","FEMALE","","2008","31.99"
"LUX","","TOTAL","FEMALE","","2009","34.51"
"LUX","","TOTAL","FEMALE","","2010","30.82"
"LUX","","TOTAL","FEMALE","","2011","34.57"
"LUX","","TOTAL","FEMALE","","2012","28.78"
"LUX","","TOTAL","FEMALE","","2013","26.34"
"LUX","","TOTAL","FEMALE","","2014","24.83"
"LUX","","TOTAL","FEMALE","","2015","31.44"
"LUX","","TOTAL","FEMALE","","2016","26.93"
"LUX","","TOTAL","FEMALE","","2017","24.68"
"LUX","","TOTAL","FEMALE","","2018","41.04"
"LUX","","TOTAL","FEMALE","","2019","32.83"
"LUX","","TOTAL","FEMALE","","2020","24.69"
"LUX","","TOTAL","FEMALE","","2021","25.11"
"LUX","","TOTAL","FEMALE","","2022","21.74"
"LVA","","TOTAL","FEMALE","","1980","32.9"
"LVA","","TOTAL","FEMALE","","1981","34.02"
"LVA","","TOTAL","FEMALE","","1982","29.1"
"LVA","","TOTAL","FEMALE","","1983","33.03"
"LVA","","TOTAL","FEMALE","","1984","29.63"
"LVA","","TOTAL","FEMALE","","1985","31.1"
"LVA","","TOTAL","FEMALE","","1986","22.3"
"LVA","","TOTAL","FEMALE","","1987","23.39"
"LVA","","TOTAL","FEMALE","","1988","21.03"
"LVA","","TOTAL","FEMALE","","1989","19.93"
"LVA","","TOTAL","FEMALE","","1990","21.87"
"LVA","","TOTAL","FEMALE","","1991","18.97"
"LVA","","TOTAL","FEMALE","","1992","17.46"
"LVA","","TOTAL","FEMALE","","1993","17.99"
"LVA","","TOTAL","FEMALE","","1994","21.67"
"LVA","","TOTAL","FEMALE","","1995","23.41"
"LVA","","TOTAL","FEMALE","","1996","16.19"
"LVA","","TOTAL","FEMALE","","1997","17.3"
"LVA","","TOTAL","FEMALE","","1998","14.45"
"LVA","","TOTAL","FEMALE","","1999","16.01"
"LVA","","TOTAL","FEMALE","","2000","16.12"
"LVA","","TOTAL","FEMALE","","2001","13.83"
"LVA","","TOTAL","FEMALE","","2002","13.55"
"LVA","","TOTAL","FEMALE","","2003","14.74"
"LVA","","TOTAL","FEMALE","","2004","12.56"
"LVA","","TOTAL","FEMALE","","2005","14.66"
"LVA","","TOTAL","FEMALE","","2006","15.37"
"LVA","","TOTAL","FEMALE","","2007","13.92"
"LVA","","TOTAL","FEMALE","","2008","11.46"
"LVA","","TOTAL","FEMALE","","2009","12.6"
"LVA","","TOTAL","FEMALE","","2010","10.68"
"LVA","","TOTAL","FEMALE","","2011","11.99"
"LVA","","TOTAL","FEMALE","","2012","10.66"
"LVA","","TOTAL","FEMALE","","2013","15.36"
"LVA","","TOTAL","FEMALE","","2014","10.68"
"LVA","","TOTAL","FEMALE","","2015","10.38"
"LVA","","TOTAL","FEMALE","","2016","13.8"
"LVA","","TOTAL","FEMALE","","2017","13.31"
"LVA","","TOTAL","FEMALE","","2018","14.08"
"LVA","","TOTAL","FEMALE","","2019","12.49"
"LVA","","TOTAL","FEMALE","","2020","10.06"
"LVA","","TOTAL","FEMALE","","2021","11.03"
"MDA","","TOTAL","FEMALE","","1981","82.33"
"MDA","","TOTAL","FEMALE","","1982","81.05"
"MDA","","TOTAL","FEMALE","","1985","88.72"
"MDA","","TOTAL","FEMALE","","1986","66.75"
"MDA","","TOTAL","FEMALE","","1987","60.54"
"MDA","","TOTAL","FEMALE","","1988","62.49"
"MDA","","TOTAL","FEMALE","","1989","50.79"
"MDA","","TOTAL","FEMALE","","1990","51.99"
"MDA","","TOTAL","FEMALE","","1991","48.2"
"MDA","","TOTAL","FEMALE","","1992","41.62"
"MDA","","TOTAL","FEMALE","","1993","44.15"
"MDA","","TOTAL","FEMALE","","1994","55.11"
"MDA","","TOTAL","FEMALE","","1995","54.46"
"MDA","","TOTAL","FEMALE","","1996","53.29"
"MDA","","TOTAL","FEMALE","","1997","58.11"
"MDA","","TOTAL","FEMALE","","1998","52.24"
"MDA","","TOTAL","FEMALE","","1999","54.56"
"MDA","","TOTAL","FEMALE","","2000","55.05"
"MDA","","TOTAL","FEMALE","","2001","46.79"
"MDA","","TOTAL","FEMALE","","2002","54.85"
"MDA","","TOTAL","FEMALE","","2003","59.14"
"MDA","","TOTAL","FEMALE","","2004","47.93"
"MDA","","TOTAL","FEMALE","","2005","53.6"
"MDA","","TOTAL","FEMALE","","2006","50.14"
"MDA","","TOTAL","FEMALE","","2007","46.52"
"MDA","","TOTAL","FEMALE","","2008","39.32"
"MDA","","TOTAL","FEMALE","","2009","39.03"
"MDA","","TOTAL","FEMALE","","2010","40.4"
"MDA","","TOTAL","FEMALE","","2011","31.15"
"MDA","","TOTAL","FEMALE","","2012","24.41"
"MDA","","TOTAL","FEMALE","","2013","24.58"
"MDA","","TOTAL","FEMALE","","2014","25.2"
"MDA","","TOTAL","FEMALE","","2015","25.35"
"MDA","","TOTAL","FEMALE","","2016","23.81"
"MDA","","TOTAL","FEMALE","","2017","22.22"
"MDA","","TOTAL","FEMALE","","2018","20.85"
"MKD","","TOTAL","FEMALE","","1991","44.09"
"MKD","","TOTAL","FEMALE","","1992","49.57"
"MKD","","TOTAL","FEMALE","","1993","35.98"
"MKD","","TOTAL","FEMALE","","1994","38.51"
"MKD","","TOTAL","FEMALE","","1995","34.64"
"MKD","","TOTAL","FEMALE","","1996","38.7"
"MKD","","TOTAL","FEMALE","","1997","36.78"
"MKD","","TOTAL","FEMALE","","1998","28.15"
"MKD","","TOTAL","FEMALE","","1999","30.16"
"MKD","","TOTAL","FEMALE","","2000","29.66"
"MKD","","TOTAL","FEMALE","","2001","24.17"
"MKD","","TOTAL","FEMALE","","2002","29.52"
"MKD","","TOTAL","FEMALE","","2003","33.88"
"MKD","","TOTAL","FEMALE","","2004","29.09"
"MKD","","TOTAL","FEMALE","","2005","32.63"
"MKD","","TOTAL","FEMALE","","2006","29.26"
"MKD","","TOTAL","FEMALE","","2007","29.1"
"MKD","","TOTAL","FEMALE","","2008","28.55"
"MKD","","TOTAL","FEMALE","","2009","26.63"
"MKD","","TOTAL","FEMALE","","2010","26.95"
"MKD","","TOTAL","FEMALE","","2011","24.71"
"MKD","","TOTAL","FEMALE","","2012","26.49"
"MKD","","TOTAL","FEMALE","","2013","25.12"
"MKD","","TOTAL","FEMALE","","2015","24.69"
"MKD","","TOTAL","FEMALE","","2016","24.96"
"MKD","","TOTAL","FEMALE","","2017","23.61"
"MKD","","TOTAL","FEMALE","","2018","23.19"
"MKD","","TOTAL","FEMALE","","2019","35.07"
"MKD","","TOTAL","FEMALE","","2020","40.56"
"MKD","","TOTAL","FEMALE","","2021","37.13"
"MLT","","TOTAL","FEMALE","","1968","39.29"
"MLT","","TOTAL","FEMALE","","1969","61.72"
"MLT","","TOTAL","FEMALE","","1970","63.87"
"MLT","","TOTAL","FEMALE","","1971","53.06"
"MLT","","TOTAL","FEMALE","","1972","60.07"
"MLT","","TOTAL","FEMALE","","1973","50.9"
"MLT","","TOTAL","FEMALE","","1974","40.82"
"MLT","","TOTAL","FEMALE","","1975","47.93"
"MLT","","TOTAL","FEMALE","","1976","54.96"
"MLT","","TOTAL","FEMALE","","1977","51.75"
"MLT","","TOTAL","FEMALE","","1978","61.81"
"MLT","","TOTAL","FEMALE","","1979","46.28"
"MLT","","TOTAL","FEMALE","","1980","49.26"
"MLT","","TOTAL","FEMALE","","1981","69.1"
"MLT","","TOTAL","FEMALE","","1982","25.34"
"MLT","","TOTAL","FEMALE","","1983","20.44"
"MLT","","TOTAL","FEMALE","","1984","12.15"
"MLT","","TOTAL","FEMALE","","1985","26.75"
"MLT","","TOTAL","FEMALE","","1986","39.72"
"MLT","","TOTAL","FEMALE","","1987","45.98"
"MLT","","TOTAL","FEMALE","","1988","62.82"
"MLT","","TOTAL","FEMALE","","1989","47.16"
"MLT","","TOTAL","FEMALE","","1990","36.74"
"MLT","","TOTAL","FEMALE","","1991","34.65"
"MLT","","TOTAL","FEMALE","","1992","51.32"
"MLT","","TOTAL","FEMALE","","1993","37.07"
"MLT","","TOTAL","FEMALE","","1994","48.47"
"MLT","","TOTAL","FEMALE","","1995","40.53"
"MLT","","TOTAL","FEMALE","","1996","28.25"
"MLT","","TOTAL","FEMALE","","1997","40.64"
"MLT","","TOTAL","FEMALE","","1998","51.25"
"MLT","","TOTAL","FEMALE","","1999","51.9"
"MLT","","TOTAL","FEMALE","","2000","42.87"
"MLT","","TOTAL","FEMALE","","2001","61.13"
"MLT","","TOTAL","FEMALE","","2002","45.63"
"MLT","","TOTAL","FEMALE","","2003","50.31"
"MLT","","TOTAL","FEMALE","","2004","47.23"
"MLT","","TOTAL","FEMALE","","2005","39.11"
"MLT","","TOTAL","FEMALE","","2006","34.88"
"MLT","","TOTAL","FEMALE","","2007","34.8"
"MLT","","TOTAL","FEMALE","","2008","38.93"
"MLT","","TOTAL","FEMALE","","2009","32.41"
"MLT","","TOTAL","FEMALE","","2010","33.19"
"MLT","","TOTAL","FEMALE","","2011","25.47"
"MLT","","TOTAL","FEMALE","","2012","34.04"
"MLT","","TOTAL","FEMALE","","2013","36.53"
"MLT","","TOTAL","FEMALE","","2014","30.98"
"MLT","","TOTAL","FEMALE","","2015","33.53"
"MLT","","TOTAL","FEMALE","","2016","31.57"
"MLT","","TOTAL","FEMALE","","2017","34.16"
"MNE","","TOTAL","FEMALE","","2000","25.65"
"MNE","","TOTAL","FEMALE","","2001","37.44"
"MNE","","TOTAL","FEMALE","","2002","31.91"
"MNE","","TOTAL","FEMALE","","2003","37.73"
"MNE","","TOTAL","FEMALE","","2004","24.58"
"MNE","","TOTAL","FEMALE","","2005","27.28"
"MNE","","TOTAL","FEMALE","","2006","27.34"
"MNE","","TOTAL","FEMALE","","2007","27.21"
"MNE","","TOTAL","FEMALE","","2008","28.9"
"MNE","","TOTAL","FEMALE","","2009","26.65"
"MNE","","TOTAL","FEMALE","","2017","19.27"
"MNE","","TOTAL","FEMALE","","2019","21.37"
"NLD","","TOTAL","FEMALE","","1969","47.63"
"NLD","","TOTAL","FEMALE","","1970","47.21"
"NLD","","TOTAL","FEMALE","","1971","39.45"
"NLD","","TOTAL","FEMALE","","1972","44.75"
"NLD","","TOTAL","FEMALE","","1973","45.97"
"NLD","","TOTAL","FEMALE","","1974","35.2"
"NLD","","TOTAL","FEMALE","","1975","33.72"
"NLD","","TOTAL","FEMALE","","1976","37.17"
"NLD","","TOTAL","FEMALE","","1977","33.05"
"NLD","","TOTAL","FEMALE","","1978","35.86"
"NLD","","TOTAL","FEMALE","","1979","29.41"
"NLD","","TOTAL","FEMALE","","1980","29.8"
"NLD","","TOTAL","FEMALE","","1981","29.13"
"NLD","","TOTAL","FEMALE","","1982","31.5"
"NLD","","TOTAL","FEMALE","","1983","30.98"
"NLD","","TOTAL","FEMALE","","1984","32.76"
"NLD","","TOTAL","FEMALE","","1985","34.4"
"NLD","","TOTAL","FEMALE","","1986","36.58"
"NLD","","TOTAL","FEMALE","","1987","29.49"
"NLD","","TOTAL","FEMALE","","1988","28.96"
"NLD","","TOTAL","FEMALE","","1989","35.14"
"NLD","","TOTAL","FEMALE","","1990","36.74"
"NLD","","TOTAL","FEMALE","","1991","36.47"
"NLD","","TOTAL","FEMALE","","1992","32.99"
"NLD","","TOTAL","FEMALE","","1993","45.92"
"NLD","","TOTAL","FEMALE","","1994","38.19"
"NLD","","TOTAL","FEMALE","","1995","42.56"
"NLD","","TOTAL","FEMALE","","1996","43.39"
"NLD","","TOTAL","FEMALE","","1997","44.02"
"NLD","","TOTAL","FEMALE","","1998","46.87"
"NLD","","TOTAL","FEMALE","","1999","49.17"
"NLD","","TOTAL","FEMALE","","2000","49.02"
"NLD","","TOTAL","FEMALE","","2001","43.89"
"NLD","","TOTAL","FEMALE","","2002","43.84"
"NLD","","TOTAL","FEMALE","","2003","47.17"
"NLD","","TOTAL","FEMALE","","2004","41.36"
"NLD","","TOTAL","FEMALE","","2005","46.26"
"NLD","","TOTAL","FEMALE","","2006","43.29"
"NLD","","TOTAL","FEMALE","","2007","41.04"
"NLD","","TOTAL","FEMALE","","2008","41.6"
"NLD","","TOTAL","FEMALE","","2009","41.09"
"NLD","","TOTAL","FEMALE","","2010","37.85"
"NLD","","TOTAL","FEMALE","","2011","39.19"
"NLD","","TOTAL","FEMALE","","2012","41.07"
"NLD","","TOTAL","FEMALE","","2013","34.2"
"NLD","","TOTAL","FEMALE","","2014","29.03"
"NLD","","TOTAL","FEMALE","","2015","35.62"
"NLD","","TOTAL","FEMALE","","2016","33.42"
"NLD","","TOTAL","FEMALE","","2017","35.47"
"NLD","","TOTAL","FEMALE","","2018","36.86"
"NLD","","TOTAL","FEMALE","","2019","31.17"
"NLD","","TOTAL","FEMALE","","2020","25.73"
"NLD","","TOTAL","FEMALE","","2021","25.85"
"NLD","","TOTAL","FEMALE","","2022","34.43"
"NOR","","TOTAL","FEMALE","","1969","76.95"
"NOR","","TOTAL","FEMALE","","1970","74.3"
"NOR","","TOTAL","FEMALE","","1971","67.91"
"NOR","","TOTAL","FEMALE","","1972","69.52"
"NOR","","TOTAL","FEMALE","","1973","69.13"
"NOR","","TOTAL","FEMALE","","1974","69.58"
"NOR","","TOTAL","FEMALE","","1975","73.88"
"NOR","","TOTAL","FEMALE","","1976","68.89"
"NOR","","TOTAL","FEMALE","","1977","59.48"
"NOR","","TOTAL","FEMALE","","1978","59.42"
"NOR","","TOTAL","FEMALE","","1979","60.91"
"NOR","","TOTAL","FEMALE","","1980","53.93"
"NOR","","TOTAL","FEMALE","","1981","55.04"
"NOR","","TOTAL","FEMALE","","1982","49"
"NOR","","TOTAL","FEMALE","","1983","48.54"
"NOR","","TOTAL","FEMALE","","1984","49.83"
"NOR","","TOTAL","FEMALE","","1985","59.01"
"NOR","","TOTAL","FEMALE","","1986","49.95"
"NOR","","TOTAL","FEMALE","","1987","51.83"
"NOR","","TOTAL","FEMALE","","1988","56.52"
"NOR","","TOTAL","FEMALE","","1989","54.52"
"NOR","","TOTAL","FEMALE","","1990","55.57"
"NOR","","TOTAL","FEMALE","","1991","53.15"
"NOR","","TOTAL","FEMALE","","1992","55.38"
"NOR","","TOTAL","FEMALE","","1993","65.62"
"NOR","","TOTAL","FEMALE","","1994","51.52"
"NOR","","TOTAL","FEMALE","","1995","55.98"
"NOR","","TOTAL","FEMALE","","1996","44.7"
"NOR","","TOTAL","FEMALE","","1997","44.65"
"NOR","","TOTAL","FEMALE","","1998","44.94"
"NOR","","TOTAL","FEMALE","","1999","48.26"
"NOR","","TOTAL","FEMALE","","2000","48.65"
"NOR","","TOTAL","FEMALE","","2001","46.05"
"NOR","","TOTAL","FEMALE","","2002","50.1"
"NOR","","TOTAL","FEMALE","","2003","42.27"
"NOR","","TOTAL","FEMALE","","2004","36.06"
"NOR","","TOTAL","FEMALE","","2005","41.06"
"NOR","","TOTAL","FEMALE","","2006","40.24"
"NOR","","TOTAL","FEMALE","","2007","41.97"
"NOR","","TOTAL","FEMALE","","2008","40.61"
"NOR","","TOTAL","FEMALE","","2009","41.65"
"NOR","","TOTAL","FEMALE","","2010","37.8"
"NOR","","TOTAL","FEMALE","","2011","39.18"
"NOR","","TOTAL","FEMALE","","2012","42"
"NOR","","TOTAL","FEMALE","","2013","40.2"
"NOR","","TOTAL","FEMALE","","2014","35.3"
"NOR","","TOTAL","FEMALE","","2015","39.44"
"NOR","","TOTAL","FEMALE","","2016","41.38"
"","NORDIC","TOTAL","FEMALE","","1969","66.37"
"","NORDIC","TOTAL","FEMALE","","1970","55.96"
"","NORDIC","TOTAL","FEMALE","","1971","51.16"
"","NORDIC","TOTAL","FEMALE","","1972","47.92"
"","NORDIC","TOTAL","FEMALE","","1973","44.76"
"","NORDIC","TOTAL","FEMALE","","1974","48.6"
"","NORDIC","TOTAL","FEMALE","","1975","48.24"
"","NORDIC","TOTAL","FEMALE","","1976","55.39"
"","NORDIC","TOTAL","FEMALE","","1977","44.71"
"","NORDIC","TOTAL","FEMALE","","1978","43.15"
"","NORDIC","TOTAL","FEMALE","","1979","44.1"
"","NORDIC","TOTAL","FEMALE","","1980","46.51"
"","NORDIC","TOTAL","FEMALE","","1981","45.19"
"","NORDIC","TOTAL","FEMALE","","1982","40.57"
"","NORDIC","TOTAL","FEMALE","","1983","43.82"
"","NORDIC","TOTAL","FEMALE","","1984","41.8"
"","NORDIC","TOTAL","FEMALE","","1985","49.7"
"","NORDIC","TOTAL","FEMALE","","1986","43.34"
"","NORDIC","TOTAL","FEMALE","","1987","41.22"
"","NORDIC","TOTAL","FEMALE","","1988","45.42"
"","NORDIC","TOTAL","FEMALE","","1989","42.9"
"","NORDIC","TOTAL","FEMALE","","1990","44.5"
"","NORDIC","TOTAL","FEMALE","","1991","42.64"
"","NORDIC","TOTAL","FEMALE","","1992","43.7"
"","NORDIC","TOTAL","FEMALE","","1993","51.06"
"","NORDIC","TOTAL","FEMALE","","1994","43.22"
"","NORDIC","TOTAL","FEMALE","","1995","46.11"
"","NORDIC","TOTAL","FEMALE","","1996","45.96"
"","NORDIC","TOTAL","FEMALE","","1997","42.37"
"","NORDIC","TOTAL","FEMALE","","1998","41.29"
"","NORDIC","TOTAL","FEMALE","","1999","44.53"
"","NORDIC","TOTAL","FEMALE","","2000","43.05"
"","NORDIC","TOTAL","FEMALE","","2001","40"
"","NORDIC","TOTAL","FEMALE","","2002","42.25"
"","NORDIC","TOTAL","FEMALE","","2003","39.46"
"","NORDIC","TOTAL","FEMALE","","2004","34.93"
"","NORDIC","TOTAL","FEMALE","","2005","34.89"
"","NORDIC","TOTAL","FEMALE","","2006","32.47"
"","NORDIC","TOTAL","FEMALE","","2007","34.33"
"","NORDIC","TOTAL","FEMALE","","2008","32.73"
"","NORDIC","TOTAL","FEMALE","","2009","34.34"
"","NORDIC","TOTAL","FEMALE","","2010","31.36"
"","NORDIC","TOTAL","FEMALE","","2011","32.1"
"","NORDIC","TOTAL","FEMALE","","2012","33.15"
"","NORDIC","TOTAL","FEMALE","","2013","32.21"
"","NORDIC","TOTAL","FEMALE","","2014","28.9"
"","NORDIC","TOTAL","FEMALE","","2015","32.02"
"","NORDIC","TOTAL","FEMALE","","2016","32.91"
"","NORDIC","TOTAL","FEMALE","","2017","33.31"
"","NORDIC","TOTAL","FEMALE","","2018","33.99"
"","NORDIC","TOTAL","FEMALE","","2019","30.58"
"","NORDIC","TOTAL","FEMALE","","2020","27.93"
"","NORDIC","TOTAL","FEMALE","","2021","26.91"
"POL","","TOTAL","FEMALE","","1969","63.92"
"POL","","TOTAL","FEMALE","","1970","67.14"
"POL","","TOTAL","FEMALE","","1971","80.52"
"POL","","TOTAL","FEMALE","","1972","51.91"
"POL","","TOTAL","FEMALE","","1973","52.32"
"POL","","TOTAL","FEMALE","","1974","42.27"
"POL","","TOTAL","FEMALE","","1975","50.08"
"POL","","TOTAL","FEMALE","","1976","41.91"
"POL","","TOTAL","FEMALE","","1977","41.79"
"POL","","TOTAL","FEMALE","","1978","42.78"
"POL","","TOTAL","FEMALE","","1979","33.8"
"POL","","TOTAL","FEMALE","","1980","38.33"
"POL","","TOTAL","FEMALE","","1981","33"
"POL","","TOTAL","FEMALE","","1982","33.31"
"POL","","TOTAL","FEMALE","","1983","35.13"
"POL","","TOTAL","FEMALE","","1984","34.65"
"POL","","TOTAL","FEMALE","","1985","37.37"
"POL","","TOTAL","FEMALE","","1986","35.17"
"POL","","TOTAL","FEMALE","","1987","30.35"
"POL","","TOTAL","FEMALE","","1988","26.82"
"POL","","TOTAL","FEMALE","","1989","28.14"
"POL","","TOTAL","FEMALE","","1990","25.72"
"POL","","TOTAL","FEMALE","","1991","24.67"
"POL","","TOTAL","FEMALE","","1992","21.68"
"POL","","TOTAL","FEMALE","","1993","23"
"POL","","TOTAL","FEMALE","","1994","21.03"
"POL","","TOTAL","FEMALE","","1995","21.4"
"POL","","TOTAL","FEMALE","","1996","24.06"
"POL","","TOTAL","FEMALE","","1999","30.36"
"POL","","TOTAL","FEMALE","","2000","30.85"
"POL","","TOTAL","FEMALE","","2001","25.01"
"POL","","TOTAL","FEMALE","","2002","23.45"
"POL","","TOTAL","FEMALE","","2003","26.63"
"POL","","TOTAL","FEMALE","","2004","24.36"
"POL","","TOTAL","FEMALE","","2005","26.53"
"POL","","TOTAL","FEMALE","","2006","25.03"
"POL","","TOTAL","FEMALE","","2007","25.15"
"POL","","TOTAL","FEMALE","","2008","24.77"
"POL","","TOTAL","FEMALE","","2009","26.42"
"POL","","TOTAL","FEMALE","","2010","23.75"
"POL","","TOTAL","FEMALE","","2011","24.22"
"POL","","TOTAL","FEMALE","","2012","23.89"
"POL","","TOTAL","FEMALE","","2013","27.51"
"POL","","TOTAL","FEMALE","","2014","23.46"
"POL","","TOTAL","FEMALE","","2015","28.44"
"POL","","TOTAL","FEMALE","","2016","25.67"
"POL","","TOTAL","FEMALE","","2017","29.54"
"POL","","TOTAL","FEMALE","","2018","29.85"
"POL","","TOTAL","FEMALE","","2019","29.65"
"POL","","TOTAL","FEMALE","","2020","29.88"
"POL","","TOTAL","FEMALE","","2021","30.49"
"PRT","","TOTAL","FEMALE","","1971","117.06"
"PRT","","TOTAL","FEMALE","","1972","94.22"
"PRT","","TOTAL","FEMALE","","1973","100.21"
"PRT","","TOTAL","FEMALE","","1974","98.79"
"PRT","","TOTAL","FEMALE","","1975","78.19"
"PRT","","TOTAL","FEMALE","","1976","84.6"
"PRT","","TOTAL","FEMALE","","1977","66.97"
"PRT","","TOTAL","FEMALE","","1978","80.45"
"PRT","","TOTAL","FEMALE","","1979","62.13"
"PRT","","TOTAL","FEMALE","","1980","57.45"
"PRT","","TOTAL","FEMALE","","1981","53.5"
"PRT","","TOTAL","FEMALE","","1982","46.28"
"PRT","","TOTAL","FEMALE","","1983","48.57"
"PRT","","TOTAL","FEMALE","","1984","48.06"
"PRT","","TOTAL","FEMALE","","1985","48.16"
"PRT","","TOTAL","FEMALE","","1986","44.98"
"PRT","","TOTAL","FEMALE","","1987","41.68"
"PRT","","TOTAL","FEMALE","","1988","41.67"
"PRT","","TOTAL","FEMALE","","1989","39.7"
"PRT","","TOTAL","FEMALE","","1990","44.57"
"PRT","","TOTAL","FEMALE","","1991","39.94"
"PRT","","TOTAL","FEMALE","","1992","37.62"
"PRT","","TOTAL","FEMALE","","1993","43.22"
"PRT","","TOTAL","FEMALE","","1994","37.37"
"PRT","","TOTAL","FEMALE","","1995","41.75"
"PRT","","TOTAL","FEMALE","","1996","43.24"
"PRT","","TOTAL","FEMALE","","1997","44.28"
"PRT","","TOTAL","FEMALE","","1998","45.04"
"PRT","","TOTAL","FEMALE","","1999","53.07"
"PRT","","TOTAL","FEMALE","","2000","48"
"PRT","","TOTAL","FEMALE","","2001","38.96"
"PRT","","TOTAL","FEMALE","","2002","39.17"
"PRT","","TOTAL","FEMALE","","2003","39.82"
"PRT","","TOTAL","FEMALE","","2004","35.99"
"PRT","","TOTAL","FEMALE","","2007","42"
"PRT","","TOTAL","FEMALE","","2008","43.83"
"PRT","","TOTAL","FEMALE","","2009","45.62"
"PRT","","TOTAL","FEMALE","","2010","42.11"
"PRT","","TOTAL","FEMALE","","2011","40.16"
"PRT","","TOTAL","FEMALE","","2012","46.19"
"PRT","","TOTAL","FEMALE","","2013","40.24"
"PRT","","TOTAL","FEMALE","","2014","37.73"
"PRT","","TOTAL","FEMALE","","2015","41.59"
"PRT","","TOTAL","FEMALE","","2016","39.7"
"PRT","","TOTAL","FEMALE","","2017","37.43"
"PRT","","TOTAL","FEMALE","","2018","36.8"
"ROU","","TOTAL","FEMALE","","1969","194.14"
"ROU","","TOTAL","FEMALE","","1970","173.59"
"ROU","","TOTAL","FEMALE","","1971","173.7"
"ROU","","TOTAL","FEMALE","","1972","153.63"
"ROU","","TOTAL","FEMALE","","1973","194.98"
"ROU","","TOTAL","FEMALE","","1974","150.98"
"ROU","","TOTAL","FEMALE","","1975","150.65"
"ROU","","TOTAL","FEMALE","","1976","153.28"
"ROU","","TOTAL","FEMALE","","1977","155.41"
"ROU","","TOTAL","FEMALE","","1978","122.44"
"ROU","","TOTAL","FEMALE","","1980","136.87"
"ROU","","TOTAL","FEMALE","","1981","123.17"
"ROU","","TOTAL","FEMALE","","1982","116.13"
"ROU","","TOTAL","FEMALE","","1983","121.47"
"ROU","","TOTAL","FEMALE","","1984","111"
"ROU","","TOTAL","FEMALE","","1985","115.71"
"ROU","","TOTAL","FEMALE","","1986","100.44"
"ROU","","TOTAL","FEMALE","","1987","101.41"
"ROU","","TOTAL","FEMALE","","1988","93.63"
"ROU","","TOTAL","FEMALE","","1989","87.4"
"ROU","","TOTAL","FEMALE","","1990","78.34"
"ROU","","TOTAL","FEMALE","","1991","74.94"
"ROU","","TOTAL","FEMALE","","1992","71.41"
"ROU","","TOTAL","FEMALE","","1993","63.76"
"ROU","","TOTAL","FEMALE","","1994","62.98"
"ROU","","TOTAL","FEMALE","","1995","56.66"
"ROU","","TOTAL","FEMALE","","1996","66.11"
"ROU","","TOTAL","FEMALE","","1997","57.22"
"ROU","","TOTAL","FEMALE","","1998","51.94"
"ROU","","TOTAL","FEMALE","","1999","55.62"
"ROU","","TOTAL","FEMALE","","2000","47.9"
"ROU","","TOTAL","FEMALE","","2001","44.02"
"ROU","","TOTAL","FEMALE","","2002","46.92"
"ROU","","TOTAL","FEMALE","","2003","41.83"
"ROU","","TOTAL","FEMALE","","2004","40.46"
"ROU","","TOTAL","FEMALE","","2005","38.02"
"ROU","","TOTAL","FEMALE","","2006","35.44"
"ROU","","TOTAL","FEMALE","","2007","33.7"
"ROU","","TOTAL","FEMALE","","2008","30.83"
"ROU","","TOTAL","FEMALE","","2009","31.71"
"ROU","","TOTAL","FEMALE","","2010","31"
"ROU","","TOTAL","FEMALE","","2011","29.6"
"ROU","","TOTAL","FEMALE","","2012","32.27"
"ROU","","TOTAL","FEMALE","","2013","29.56"
"ROU","","TOTAL","FEMALE","","2014","30.28"
"ROU","","TOTAL","FEMALE","","2015","33.7"
"ROU","","TOTAL","FEMALE","","2016","32.34"
"ROU","","TOTAL","FEMALE","","2017","33.29"
"ROU","","TOTAL","FEMALE","","2018","35.2"
"ROU","","TOTAL","FEMALE","","2019","37.7"
"RUS","","TOTAL","FEMALE","","1980","70.44"
"RUS","","TOTAL","FEMALE","","1981","63.56"
"RUS","","TOTAL","FEMALE","","1982","54.7"
"RUS","","TOTAL","FEMALE","","1983","54.27"
"RUS","","TOTAL","FEMALE","","1984","55.74"
"RUS","","TOTAL","FEMALE","","1985","55.17"
"RUS","","TOTAL","FEMALE","","1986","44.1"
"RUS","","TOTAL","FEMALE","","1987","41.86"
"RUS","","TOTAL","FEMALE","","1988","42.98"
"RUS","","TOTAL","FEMALE","","1989","38.79"
"RUS","","TOTAL","FEMALE","","1990","37.93"
"RUS","","TOTAL","FEMALE","","1991","34.67"
"RUS","","TOTAL","FEMALE","","1992","33.9"
"RUS","","TOTAL","FEMALE","","1993","40.31"
"RUS","","TOTAL","FEMALE","","1994","40.43"
"RUS","","TOTAL","FEMALE","","1995","37.4"
"RUS","","TOTAL","FEMALE","","1996","34.24"
"RUS","","TOTAL","FEMALE","","1997","32.97"
"RUS","","TOTAL","FEMALE","","1998","28.71"
"RUS","","TOTAL","FEMALE","","1999","31.39"
"RUS","","TOTAL","FEMALE","","2000","31.67"
"RUS","","TOTAL","FEMALE","","2001","28.01"
"RUS","","TOTAL","FEMALE","","2002","29.77"
"RUS","","TOTAL","FEMALE","","2003","29.71"
"RUS","","TOTAL","FEMALE","","2004","26.47"
"RUS","","TOTAL","FEMALE","","2005","26.75"
"RUS","","TOTAL","FEMALE","","2006","24.26"
"RUS","","TOTAL","FEMALE","","2007","22.47"
"RUS","","TOTAL","FEMALE","","2008","22.56"
"RUS","","TOTAL","FEMALE","","2009","23.62"
"RUS","","TOTAL","FEMALE","","2010","20.78"
"RUS","","TOTAL","FEMALE","","2011","20.9"
"RUS","","TOTAL","FEMALE","","2012","19.63"
"RUS","","TOTAL","FEMALE","","2013","21.1"
"RUS","","TOTAL","FEMALE","","2014","22.36"
"RUS","","TOTAL","FEMALE","","2015","20.47"
"RUS","","TOTAL","FEMALE","","2019","14.75"
"","SEEHN","TOTAL","FEMALE","","1985","81.23"
"","SEEHN","TOTAL","FEMALE","","1986","71.15"
"","SEEHN","TOTAL","FEMALE","","1987","70.37"
"","SEEHN","TOTAL","FEMALE","","1988","66.58"
"","SEEHN","TOTAL","FEMALE","","1989","63.38"
"","SEEHN","TOTAL","FEMALE","","1990","58.95"
"","SEEHN","TOTAL","FEMALE","","1991","55.8"
"","SEEHN","TOTAL","FEMALE","","1992","53.41"
"","SEEHN","TOTAL","FEMALE","","1993","48.72"
"","SEEHN","TOTAL","FEMALE","","1994","46.96"
"","SEEHN","TOTAL","FEMALE","","1995","44.86"
"","SEEHN","TOTAL","FEMALE","","1996","49.99"
"","SEEHN","TOTAL","FEMALE","","1997","46.29"
"","SEEHN","TOTAL","FEMALE","","1998","41.46"
"","SEEHN","TOTAL","FEMALE","","1999","42.84"
"","SEEHN","TOTAL","FEMALE","","2000","41.6"
"","SEEHN","TOTAL","FEMALE","","2001","35.01"
"","SEEHN","TOTAL","FEMALE","","2002","36.71"
"","SEEHN","TOTAL","FEMALE","","2003","35.35"
"","SEEHN","TOTAL","FEMALE","","2004","33.3"
"","SEEHN","TOTAL","FEMALE","","2005","34.11"
"","SEEHN","TOTAL","FEMALE","","2006","31.49"
"","SEEHN","TOTAL","FEMALE","","2007","31.06"
"","SEEHN","TOTAL","FEMALE","","2008","28.85"
"","SEEHN","TOTAL","FEMALE","","2009","28.59"
"","SEEHN","TOTAL","FEMALE","","2010","27.91"
"","SEEHN","TOTAL","FEMALE","","2011","27.4"
"","SEEHN","TOTAL","FEMALE","","2012","27.75"
"","SEEHN","TOTAL","FEMALE","","2013","26.07"
"","SEEHN","TOTAL","FEMALE","","2014","26.98"
"","SEEHN","TOTAL","FEMALE","","2015","28.83"
"","SEEHN","TOTAL","FEMALE","","2016","27.86"
"","SEEHN","TOTAL","FEMALE","","2017","28.62"
"","SEEHN","TOTAL","FEMALE","","2018","29.88"
"","SEEHN","TOTAL","FEMALE","","2019","31.39"
"","SEEHN","TOTAL","FEMALE","","2021","35.26"
"","SMALL","TOTAL","FEMALE","","1995","36.4"
"","SMALL","TOTAL","FEMALE","","1996","33.04"
"","SMALL","TOTAL","FEMALE","","1997","32.97"
"","SMALL","TOTAL","FEMALE","","1998","33.27"
"","SMALL","TOTAL","FEMALE","","1999","36.53"
"","SMALL","TOTAL","FEMALE","","2000","33.66"
"","SMALL","TOTAL","FEMALE","","2001","37.73"
"","SMALL","TOTAL","FEMALE","","2002","35.99"
"","SMALL","TOTAL","FEMALE","","2003","37.94"
"","SMALL","TOTAL","FEMALE","","2004","32.12"
"","SMALL","TOTAL","FEMALE","","2005","32.84"
"","SMALL","TOTAL","FEMALE","","2006","30.6"
"","SMALL","TOTAL","FEMALE","","2007","31.26"
"","SMALL","TOTAL","FEMALE","","2008","32.38"
"","SMALL","TOTAL","FEMALE","","2009","31.92"
"","SMALL","TOTAL","FEMALE","","2010","29.17"
"","SMALL","TOTAL","FEMALE","","2011","28.12"
"","SMALL","TOTAL","FEMALE","","2012","30.07"
"","SMALL","TOTAL","FEMALE","","2013","28.04"
"","SMALL","TOTAL","FEMALE","","2014","26.93"
"","SMALL","TOTAL","FEMALE","","2015","29.9"
"","SMALL","TOTAL","FEMALE","","2016","28.29"
"","SMALL","TOTAL","FEMALE","","2017","29.61"
"","SMALL","TOTAL","FEMALE","","2019","30.87"
"SMR","","TOTAL","FEMALE","","1995","0"
"SMR","","TOTAL","FEMALE","","1996","3.94"
"SMR","","TOTAL","FEMALE","","1997","0"
"SMR","","TOTAL","FEMALE","","1998","3.51"
"SMR","","TOTAL","FEMALE","","1999","3.36"
"SMR","","TOTAL","FEMALE","","2000","21.21"
"SMR","","TOTAL","FEMALE","","2005","3.62"
"SRB","","TOTAL","FEMALE","","1998","29.81"
"SRB","","TOTAL","FEMALE","","1999","29.71"
"SRB","","TOTAL","FEMALE","","2000","36.7"
"SRB","","TOTAL","FEMALE","","2001","25.1"
"SRB","","TOTAL","FEMALE","","2002","24.32"
"SRB","","TOTAL","FEMALE","","2003","23.82"
"SRB","","TOTAL","FEMALE","","2004","25.9"
"SRB","","TOTAL","FEMALE","","2005","26.07"
"SRB","","TOTAL","FEMALE","","2006","22.94"
"SRB","","TOTAL","FEMALE","","2007","25.62"
"SRB","","TOTAL","FEMALE","","2008","23.23"
"SRB","","TOTAL","FEMALE","","2009","25.5"
"SRB","","TOTAL","FEMALE","","2010","25.34"
"SRB","","TOTAL","FEMALE","","2011","30.39"
"SRB","","TOTAL","FEMALE","","2012","29.99"
"SRB","","TOTAL","FEMALE","","2013","29.71"
"SRB","","TOTAL","FEMALE","","2014","32.07"
"SRB","","TOTAL","FEMALE","","2015","33.47"
"SRB","","TOTAL","FEMALE","","2016","28.45"
"SRB","","TOTAL","FEMALE","","2017","32.37"
"SRB","","TOTAL","FEMALE","","2018","32.38"
"SRB","","TOTAL","FEMALE","","2019","32.83"
"SRB","","TOTAL","FEMALE","","2020","38.78"
"SRB","","TOTAL","FEMALE","","2021","43.65"
"SRB","","TOTAL","FEMALE","","2022","39.98"
"SVK","","TOTAL","FEMALE","","1992","56.45"
"SVK","","TOTAL","FEMALE","","1993","60"
"SVK","","TOTAL","FEMALE","","1994","49.39"
"SVK","","TOTAL","FEMALE","","1995","55.72"
"SVK","","TOTAL","FEMALE","","1996","56.27"
"SVK","","TOTAL","FEMALE","","1997","57.45"
"SVK","","TOTAL","FEMALE","","1998","31.6"
"SVK","","TOTAL","FEMALE","","1999","33.56"
"SVK","","TOTAL","FEMALE","","2000","37.52"
"SVK","","TOTAL","FEMALE","","2001","35.66"
"SVK","","TOTAL","FEMALE","","2002","38.55"
"SVK","","TOTAL","FEMALE","","2003","40.48"
"SVK","","TOTAL","FEMALE","","2004","36.32"
"SVK","","TOTAL","FEMALE","","2005","37.44"
"SVK","","TOTAL","FEMALE","","2006","35.26"
"SVK","","TOTAL","FEMALE","","2007","34.87"
"SVK","","TOTAL","FEMALE","","2008","33.58"
"SVK","","TOTAL","FEMALE","","2009","33.33"
"SVK","","TOTAL","FEMALE","","2010","36.08"
"SVK","","TOTAL","FEMALE","","2012","29.58"
"SVK","","TOTAL","FEMALE","","2013","30.75"
"SVK","","TOTAL","FEMALE","","2014","25.96"
"SVK","","TOTAL","FEMALE","","2016","27.8"
"SVK","","TOTAL","FEMALE","","2017","34.66"
"SVK","","TOTAL","FEMALE","","2018","32.28"
"SVK","","TOTAL","FEMALE","","2019","30.76"
"SVK","","TOTAL","FEMALE","","2020","34.77"
"SVK","","TOTAL","FEMALE","","2021","65.94"
"SVN","","TOTAL","FEMALE","","1985","29.62"
"SVN","","TOTAL","FEMALE","","1986","25.67"
"SVN","","TOTAL","FEMALE","","1987","27.68"
"SVN","","TOTAL","FEMALE","","1988","30.95"
"SVN","","TOTAL","FEMALE","","1989","46.61"
"SVN","","TOTAL","FEMALE","","1990","33.77"
"SVN","","TOTAL","FEMALE","","1991","32.83"
"SVN","","TOTAL","FEMALE","","1992","36"
"SVN","","TOTAL","FEMALE","","1993","34.94"
"SVN","","TOTAL","FEMALE","","1994","34.71"
"SVN","","TOTAL","FEMALE","","1995","42.41"
"SVN","","TOTAL","FEMALE","","1996","37.64"
"SVN","","TOTAL","FEMALE","","1997","50.23"
"SVN","","TOTAL","FEMALE","","1998","46.2"
"SVN","","TOTAL","FEMALE","","1999","44.61"
"SVN","","TOTAL","FEMALE","","2000","42.8"
"SVN","","TOTAL","FEMALE","","2001","35.49"
"SVN","","TOTAL","FEMALE","","2002","37.41"
"SVN","","TOTAL","FEMALE","","2003","42.46"
"SVN","","TOTAL","FEMALE","","2004","38.13"
"SVN","","TOTAL","FEMALE","","2005","35.57"
"SVN","","TOTAL","FEMALE","","2006","29.74"
"SVN","","TOTAL","FEMALE","","2007","24.04"
"SVN","","TOTAL","FEMALE","","2008","25.89"
"SVN","","TOTAL","FEMALE","","2009","28.13"
"SVN","","TOTAL","FEMALE","","2010","22.97"
"SVN","","TOTAL","FEMALE","","2011","24.22"
"SVN","","TOTAL","FEMALE","","2012","27.09"
"SVN","","TOTAL","FEMALE","","2013","26.04"
"SVN","","TOTAL","FEMALE","","2014","20.69"
"SVN","","TOTAL","FEMALE","","2015","23.8"
"SVN","","TOTAL","FEMALE","","2016","21.68"
"SVN","","TOTAL","FEMALE","","2017","21.91"
"SVN","","TOTAL","FEMALE","","2018","18.57"
"SVN","","TOTAL","FEMALE","","2019","18.51"
"SVN","","TOTAL","FEMALE","","2020","11.09"
"SWE","","TOTAL","FEMALE","","1969","61.86"
"SWE","","TOTAL","FEMALE","","1970","43.74"
"SWE","","TOTAL","FEMALE","","1971","30.92"
"SWE","","TOTAL","FEMALE","","1972","28.25"
"SWE","","TOTAL","FEMALE","","1973","29.97"
"SWE","","TOTAL","FEMALE","","1974","28.89"
"SWE","","TOTAL","FEMALE","","1975","28.78"
"SWE","","TOTAL","FEMALE","","1976","38.88"
"SWE","","TOTAL","FEMALE","","1977","30.39"
"SWE","","TOTAL","FEMALE","","1978","34.09"
"SWE","","TOTAL","FEMALE","","1979","35.73"
"SWE","","TOTAL","FEMALE","","1980","34.11"
"SWE","","TOTAL","FEMALE","","1981","39.36"
"SWE","","TOTAL","FEMALE","","1982","38.15"
"SWE","","TOTAL","FEMALE","","1983","39.81"
"SWE","","TOTAL","FEMALE","","1984","37.48"
"SWE","","TOTAL","FEMALE","","1985","44.41"
"SWE","","TOTAL","FEMALE","","1986","41.49"
"SWE","","TOTAL","FEMALE","","1987","37.64"
"SWE","","TOTAL","FEMALE","","1988","43.24"
"SWE","","TOTAL","FEMALE","","1989","35.93"
"SWE","","TOTAL","FEMALE","","1990","36.36"
"SWE","","TOTAL","FEMALE","","1991","36.16"
"SWE","","TOTAL","FEMALE","","1992","35.31"
"SWE","","TOTAL","FEMALE","","1993","41.63"
"SWE","","TOTAL","FEMALE","","1994","34.36"
"SWE","","TOTAL","FEMALE","","1995","35.71"
"SWE","","TOTAL","FEMALE","","1996","37.18"
"SWE","","TOTAL","FEMALE","","1997","33.46"
"SWE","","TOTAL","FEMALE","","1998","30.2"
"SWE","","TOTAL","FEMALE","","1999","33.15"
"SWE","","TOTAL","FEMALE","","2000","32.33"
"SWE","","TOTAL","FEMALE","","2001","28.84"
"SWE","","TOTAL","FEMALE","","2002","31.32"
"SWE","","TOTAL","FEMALE","","2003","29.62"
"SWE","","TOTAL","FEMALE","","2004","27.14"
"SWE","","TOTAL","FEMALE","","2005","29.12"
"SWE","","TOTAL","FEMALE","","2006","25.61"
"SWE","","TOTAL","FEMALE","","2007","26.46"
"SWE","","TOTAL","FEMALE","","2008","26.33"
"SWE","","TOTAL","FEMALE","","2009","26.41"
"SWE","","TOTAL","FEMALE","","2010","22.99"
"SWE","","TOTAL","FEMALE","","2011","25.89"
"SWE","","TOTAL","FEMALE","","2012","28.1"
"SWE","","TOTAL","FEMALE","","2013","26.73"
"SWE","","TOTAL","FEMALE","","2014","24.13"
"SWE","","TOTAL","FEMALE","","2015","28.76"
"SWE","","TOTAL","FEMALE","","2016","27.85"
"SWE","","TOTAL","FEMALE","","2017","29.21"
"SWE","","TOTAL","FEMALE","","2018","30.13"
"SWE","","TOTAL","FEMALE","","2019","25.84"
"SWE","","TOTAL","FEMALE","","2020","22.43"
"SWE","","TOTAL","FEMALE","","2021","19.91"
"SWE","","TOTAL","FEMALE","","2022","24.18"
"TJK","","TOTAL","FEMALE","","1981","169.97"
"TJK","","TOTAL","FEMALE","","1982","172.46"
"TJK","","TOTAL","FEMALE","","1985","171.16"
"TJK","","TOTAL","FEMALE","","1986","155.44"
"TJK","","TOTAL","FEMALE","","1987","150.43"
"TJK","","TOTAL","FEMALE","","1988","145.45"
"TJK","","TOTAL","FEMALE","","1989","119.7"
"TJK","","TOTAL","FEMALE","","1990","124.97"
"TJK","","TOTAL","FEMALE","","1991","115.99"
"TJK","","TOTAL","FEMALE","","1992","132.47"
"TJK","","TOTAL","FEMALE","","1993","158.75"
"TJK","","TOTAL","FEMALE","","1994","165.31"
"TJK","","TOTAL","FEMALE","","1995","153.96"
"TJK","","TOTAL","FEMALE","","1996","126.58"
"TJK","","TOTAL","FEMALE","","1997","102.47"
"TJK","","TOTAL","FEMALE","","1998","119.7"
"TJK","","TOTAL","FEMALE","","1999","88.64"
"TJK","","TOTAL","FEMALE","","2000","99.67"
"TJK","","TOTAL","FEMALE","","2001","95.32"
"TJK","","TOTAL","FEMALE","","2002","92.03"
"TJK","","TOTAL","FEMALE","","2003","87.07"
"TJK","","TOTAL","FEMALE","","2004","75.58"
"TJK","","TOTAL","FEMALE","","2005","73.78"
"TJK","","TOTAL","FEMALE","","2017","25.62"
"TKM","","TOTAL","FEMALE","","1981","190.97"
"TKM","","TOTAL","FEMALE","","1982","169.39"
"TKM","","TOTAL","FEMALE","","1985","168.57"
"TKM","","TOTAL","FEMALE","","1986","167.6"
"TKM","","TOTAL","FEMALE","","1987","147.35"
"TKM","","TOTAL","FEMALE","","1988","137.49"
"TKM","","TOTAL","FEMALE","","1989","131.82"
"TKM","","TOTAL","FEMALE","","1990","107.73"
"TKM","","TOTAL","FEMALE","","1991","108.37"
"TKM","","TOTAL","FEMALE","","1992","113.44"
"TKM","","TOTAL","FEMALE","","1993","117.5"
"TKM","","TOTAL","FEMALE","","1994","130.38"
"TKM","","TOTAL","FEMALE","","1995","103.31"
"TKM","","TOTAL","FEMALE","","1996","105.61"
"TKM","","TOTAL","FEMALE","","1997","95.73"
"TKM","","TOTAL","FEMALE","","1998","90.58"
"TKM","","TOTAL","FEMALE","","1999","66.28"
"TKM","","TOTAL","FEMALE","","2000","62.59"
"TKM","","TOTAL","FEMALE","","2001","48.39"
"TKM","","TOTAL","FEMALE","","2002","47.44"
"TKM","","TOTAL","FEMALE","","2003","45.97"
"TKM","","TOTAL","FEMALE","","2004","39.88"
"TKM","","TOTAL","FEMALE","","2005","39.91"
"TKM","","TOTAL","FEMALE","","2006","33.29"
"TKM","","TOTAL","FEMALE","","2007","38.56"
"TKM","","TOTAL","FEMALE","","2008","39.9"
"TKM","","TOTAL","FEMALE","","2009","38.92"
"TKM","","TOTAL","FEMALE","","2010","25.75"
"TKM","","TOTAL","FEMALE","","2011","28.5"
"TKM","","TOTAL","FEMALE","","2012","23.71"
"TKM","","TOTAL","FEMALE","","2013","25.24"
"TUR","","TOTAL","FEMALE","","2009","35.49"
"TUR","","TOTAL","FEMALE","","2010","34.22"
"TUR","","TOTAL","FEMALE","","2011","41.68"
"TUR","","TOTAL","FEMALE","","2012","39.91"
"TUR","","TOTAL","FEMALE","","2013","43.75"
"TUR","","TOTAL","FEMALE","","2014","49.95"
"TUR","","TOTAL","FEMALE","","2015","52"
"TUR","","TOTAL","FEMALE","","2016","57.23"
"TUR","","TOTAL","FEMALE","","2017","57.14"
"TUR","","TOTAL","FEMALE","","2018","57.22"
"TUR","","TOTAL","FEMALE","","2019","59.99"
"UKR","","TOTAL","FEMALE","","1981","65.48"
"UKR","","TOTAL","FEMALE","","1982","57.47"
"UKR","","TOTAL","FEMALE","","1985","59.8"
"UKR","","TOTAL","FEMALE","","1986","51.38"
"UKR","","TOTAL","FEMALE","","1987","50.88"
"UKR","","TOTAL","FEMALE","","1988","49.32"
"UKR","","TOTAL","FEMALE","","1989","42.63"
"UKR","","TOTAL","FEMALE","","1990","38.75"
"UKR","","TOTAL","FEMALE","","1991","38.57"
"UKR","","TOTAL","FEMALE","","1992","37.14"
"UKR","","TOTAL","FEMALE","","1993","40.74"
"UKR","","TOTAL","FEMALE","","1994","40.95"
"UKR","","TOTAL","FEMALE","","1995","41.99"
"UKR","","TOTAL","FEMALE","","1996","38.9"
"UKR","","TOTAL","FEMALE","","1997","36.74"
"UKR","","TOTAL","FEMALE","","1998","31.22"
"UKR","","TOTAL","FEMALE","","1999","31.55"
"UKR","","TOTAL","FEMALE","","2000","31.5"
"UKR","","TOTAL","FEMALE","","2001","27"
"UKR","","TOTAL","FEMALE","","2002","24.63"
"UKR","","TOTAL","FEMALE","","2003","23.39"
"UKR","","TOTAL","FEMALE","","2004","21.46"
"UKR","","TOTAL","FEMALE","","2005","20.54"
"UKR","","TOTAL","FEMALE","","2006","18.88"
"UKR","","TOTAL","FEMALE","","2007","18.67"
"UKR","","TOTAL","FEMALE","","2008","16.9"
"UKR","","TOTAL","FEMALE","","2009","16.98"
"UKR","","TOTAL","FEMALE","","2010","15.34"
"UKR","","TOTAL","FEMALE","","2011","13.31"
"UKR","","TOTAL","FEMALE","","2012","12.72"
"UKR","","TOTAL","FEMALE","","2014","11.77"
"UKR","","TOTAL","FEMALE","","2015","11.19"
"UKR","","TOTAL","FEMALE","","2017","9.48"
"UKR","","TOTAL","FEMALE","","2018","10.3"
"UKR","","TOTAL","FEMALE","","2019","10.08"
"UZB","","TOTAL","FEMALE","","1981","125.19"
"UZB","","TOTAL","FEMALE","","1982","125.73"
"UZB","","TOTAL","FEMALE","","1985","130.74"
"UZB","","TOTAL","FEMALE","","1986","118.19"
"UZB","","TOTAL","FEMALE","","1987","118.94"
"UZB","","TOTAL","FEMALE","","1988","110.87"
"UZB","","TOTAL","FEMALE","","1989","101.6"
"UZB","","TOTAL","FEMALE","","1990","93.97"
"UZB","","TOTAL","FEMALE","","1991","93.04"
"UZB","","TOTAL","FEMALE","","1992","94.37"
"UZB","","TOTAL","FEMALE","","1993","99.77"
"UZB","","TOTAL","FEMALE","","1994","107.79"
"UZB","","TOTAL","FEMALE","","1995","97.5"
"UZB","","TOTAL","FEMALE","","1996","97.02"
"UZB","","TOTAL","FEMALE","","1997","86.65"
"UZB","","TOTAL","FEMALE","","1998","96.79"
"UZB","","TOTAL","FEMALE","","1999","78.44"
"UZB","","TOTAL","FEMALE","","2000","79.55"
"UZB","","TOTAL","FEMALE","","2001","66.08"
"UZB","","TOTAL","FEMALE","","2002","69.08"
"UZB","","TOTAL","FEMALE","","2003","63.78"
"UZB","","TOTAL","FEMALE","","2004","54.13"
"UZB","","TOTAL","FEMALE","","2005","55.07"
"UZB","","TOTAL","FEMALE","","2009","37.66"
"UZB","","TOTAL","FEMALE","","2010","36.23"
"UZB","","TOTAL","FEMALE","","2011","36.49"
"UZB","","TOTAL","FEMALE","","2012","34.29"
"UZB","","TOTAL","FEMALE","","2013","33.71"
"UZB","","TOTAL","FEMALE","","2014","29.65"
"UZB","","TOTAL","FEMALE","","2015","30"
"UZB","","TOTAL","FEMALE","","2016","29.7"
"","WESTERN_BALKANS","TOTAL","FEMALE","","1998","31.7"
"","WESTERN_BALKANS","TOTAL","FEMALE","","1999","30.52"
"","WESTERN_BALKANS","TOTAL","FEMALE","","2000","35.14"
"","WESTERN_BALKANS","TOTAL","FEMALE","","2001","25.74"
"","WESTERN_BALKANS","TOTAL","FEMALE","","2002","26.62"
"","WESTERN_BALKANS","TOTAL","FEMALE","","2003","27.84"
"","WESTERN_BALKANS","TOTAL","FEMALE","","2004","26.79"
"","WESTERN_BALKANS","TOTAL","FEMALE","","2005","26.43"
"","WESTERN_BALKANS","TOTAL","FEMALE","","2006","23.04"
"","WESTERN_BALKANS","TOTAL","FEMALE","","2007","23.69"
"","WESTERN_BALKANS","TOTAL","FEMALE","","2008","22.05"
"","WESTERN_BALKANS","TOTAL","FEMALE","","2009","22.9"
"","WESTERN_BALKANS","TOTAL","FEMALE","","2011","24.58"
"","WESTERN_BALKANS","TOTAL","FEMALE","","2016","24.12"
"","WESTERN_BALKANS","TOTAL","FEMALE","","2017","26.05"
"","WESTERN_BALKANS","TOTAL","FEMALE","","2019","28.5"
"","WESTERN_BALKANS","TOTAL","FEMALE","","2021","34.15"
"","WHO_EURO","TOTAL","FEMALE","","1981","58.86"
"","WHO_EURO","TOTAL","FEMALE","","1982","54.69"
"","WHO_EURO","TOTAL","FEMALE","","1985","53.72"
"","WHO_EURO","TOTAL","FEMALE","","1986","49.31"
"","WHO_EURO","TOTAL","FEMALE","","1987","45.74"
"","WHO_EURO","TOTAL","FEMALE","","1988","45.61"
"","WHO_EURO","TOTAL","FEMALE","","1989","44.26"
"","WHO_EURO","TOTAL","FEMALE","","1990","42.74"
"","WHO_EURO","TOTAL","FEMALE","","1991","40.6"
"","WHO_EURO","TOTAL","FEMALE","","1992","39.73"
"","WHO_EURO","TOTAL","FEMALE","","1993","44.24"
"","WHO_EURO","TOTAL","FEMALE","","1994","42.89"
"","WHO_EURO","TOTAL","FEMALE","","1995","42.82"
"","WHO_EURO","TOTAL","FEMALE","","1996","42"
"","WHO_EURO","TOTAL","FEMALE","","1997","40.92"
"","WHO_EURO","TOTAL","FEMALE","","1998","39.77"
"","WHO_EURO","TOTAL","FEMALE","","1999","41.03"
"","WHO_EURO","TOTAL","FEMALE","","2000","39.11"
"","WHO_EURO","TOTAL","FEMALE","","2001","34.17"
"","WHO_EURO","TOTAL","FEMALE","","2002","35.56"
"","WHO_EURO","TOTAL","FEMALE","","2003","36.67"
"","WHO_EURO","TOTAL","FEMALE","","2004","33.01"
"","WHO_EURO","TOTAL","FEMALE","","2005","34.46"
"","WHO_EURO","TOTAL","FEMALE","","2006","31.55"
"","WHO_EURO","TOTAL","FEMALE","","2007","31.32"
"","WHO_EURO","TOTAL","FEMALE","","2008","30.69"
"","WHO_EURO","TOTAL","FEMALE","","2009","30.64"
"","WHO_EURO","TOTAL","FEMALE","","2010","28.47"
"","WHO_EURO","TOTAL","FEMALE","","2011","29.1"
"","WHO_EURO","TOTAL","FEMALE","","2012","29.19"
"","WHO_EURO","TOTAL","FEMALE","","2013","30.6"
"","WHO_EURO","TOTAL","FEMALE","","2014","29.86"
"","WHO_EURO","TOTAL","FEMALE","","2015","32.16"
"","WHO_EURO","TOTAL","FEMALE","","2016","31.23"
"","WHO_EURO","TOTAL","FEMALE","","2017","31.67"
"","WHO_EURO","TOTAL","FEMALE","","2018","31.98"
"","WHO_EURO","TOTAL","FEMALE","","2019","31.03"
"","WHO_EURO","TOTAL","FEMALE","","2020","30.44"
"ALB","","TOTAL","MALE","","1987","138.82"
"ALB","","TOTAL","MALE","","1988","128.34"
"ALB","","TOTAL","MALE","","1989","143.03"
"ALB","","TOTAL","MALE","","1992","123.72"
"ALB","","TOTAL","MALE","","1993","133.09"
"ALB","","TOTAL","MALE","","1994","102.01"
"ALB","","TOTAL","MALE","","1995","110.19"
"ALB","","TOTAL","MALE","","1996","113.09"
"ALB","","TOTAL","MALE","","1997","87.33"
"ALB","","TOTAL","MALE","","1998","82.77"
"ALB","","TOTAL","MALE","","1999","63.38"
"ALB","","TOTAL","MALE","","2000","78.12"
"ALB","","TOTAL","MALE","","2001","48.86"
"ALB","","TOTAL","MALE","","2002","50.08"
"ALB","","TOTAL","MALE","","2003","59.91"
"ALB","","TOTAL","MALE","","2004","54.31"
"ALB","","TOTAL","MALE","","2005","42.74"
"ALB","","TOTAL","MALE","","2006","37.35"
"ALB","","TOTAL","MALE","","2007","34.48"
"ALB","","TOTAL","MALE","","2008","27.38"
"ALB","","TOTAL","MALE","","2009","23.47"
"ARM","","TOTAL","MALE","","1981","149.79"
"ARM","","TOTAL","MALE","","1982","132.76"
"ARM","","TOTAL","MALE","","1985","136.39"
"ARM","","TOTAL","MALE","","1986","139.77"
"ARM","","TOTAL","MALE","","1987","116.68"
"ARM","","TOTAL","MALE","","1988","125.9"
"ARM","","TOTAL","MALE","","1989","111.15"
"ARM","","TOTAL","MALE","","1990","119.41"
"ARM","","TOTAL","MALE","","1991","98.3"
"ARM","","TOTAL","MALE","","1992","98.48"
"ARM","","TOTAL","MALE","","1993","107.85"
"ARM","","TOTAL","MALE","","1994","92.25"
"ARM","","TOTAL","MALE","","1995","88.92"
"ARM","","TOTAL","MALE","","1996","95.25"
"ARM","","TOTAL","MALE","","1997","80.73"
"ARM","","TOTAL","MALE","","1998","64.27"
"ARM","","TOTAL","MALE","","1999","72.12"
"ARM","","TOTAL","MALE","","2000","72.48"
"ARM","","TOTAL","MALE","","2001","61.71"
"ARM","","TOTAL","MALE","","2002","94.63"
"ARM","","TOTAL","MALE","","2003","104.08"
"ARM","","TOTAL","MALE","","2008","104.2"
"ARM","","TOTAL","MALE","","2012","72.64"
"ARM","","TOTAL","MALE","","2013","71.35"
"ARM","","TOTAL","MALE","","2014","79.88"
"ARM","","TOTAL","MALE","","2015","83.02"
"ARM","","TOTAL","MALE","","2016","84.73"
"ARM","","TOTAL","MALE","","2017","63.58"
"ARM","","TOTAL","MALE","","2018","74.55"
"ARM","","TOTAL","MALE","","2019","75.03"
"ARM","","TOTAL","MALE","","2022","88.87"
"AUT","","TOTAL","MALE","","1969","156.48"
"AUT","","TOTAL","MALE","","1970","142.77"
"AUT","","TOTAL","MALE","","1971","105.78"
"AUT","","TOTAL","MALE","","1972","89.18"
"AUT","","TOTAL","MALE","","1973","95.41"
"AUT","","TOTAL","MALE","","1974","92"
"AUT","","TOTAL","MALE","","1975","108.94"
"AUT","","TOTAL","MALE","","1976","101.12"
"AUT","","TOTAL","MALE","","1977","80.69"
"AUT","","TOTAL","MALE","","1978","86.87"
"AUT","","TOTAL","MALE","","1979","71.3"
"AUT","","TOTAL","MALE","","1980","74.65"
"AUT","","TOTAL","MALE","","1981","80.13"
"AUT","","TOTAL","MALE","","1982","74.55"
"AUT","","TOTAL","MALE","","1983","81.64"
"AUT","","TOTAL","MALE","","1984","69.9"
"AUT","","TOTAL","MALE","","1985","79.74"
"AUT","","TOTAL","MALE","","1986","68.89"
"AUT","","TOTAL","MALE","","1987","65.33"
"AUT","","TOTAL","MALE","","1988","57.57"
"AUT","","TOTAL","MALE","","1989","60.43"
"AUT","","TOTAL","MALE","","1990","61.39"
"AUT","","TOTAL","MALE","","1991","58.19"
"AUT","","TOTAL","MALE","","1992","57.56"
"AUT","","TOTAL","MALE","","1993","55.51"
"AUT","","TOTAL","MALE","","1994","47.71"
"AUT","","TOTAL","MALE","","1995","49.28"
"AUT","","TOTAL","MALE","","1996","47.59"
"AUT","","TOTAL","MALE","","1997","47.03"
"AUT","","TOTAL","MALE","","1998","46.69"
"AUT","","TOTAL","MALE","","1999","50.19"
"AUT","","TOTAL","MALE","","2000","49.3"
"AUT","","TOTAL","MALE","","2001","47.32"
"AUT","","TOTAL","MALE","","2002","48.89"
"AUT","","TOTAL","MALE","","2003","60.16"
"AUT","","TOTAL","MALE","","2004","52.74"
"AUT","","TOTAL","MALE","","2005","51.93"
"AUT","","TOTAL","MALE","","2006","47.15"
"AUT","","TOTAL","MALE","","2007","47.86"
"AUT","","TOTAL","MALE","","2008","41.44"
"AUT","","TOTAL","MALE","","2009","40.57"
"AUT","","TOTAL","MALE","","2010","39.71"
"AUT","","TOTAL","MALE","","2011","38.05"
"AUT","","TOTAL","MALE","","2012","36.06"
"AUT","","TOTAL","MALE","","2013","36.03"
"AUT","","TOTAL","MALE","","2014","33.18"
"AUT","","TOTAL","MALE","","2015","38.02"
"AUT","","TOTAL","MALE","","2016","35.56"
"AUT","","TOTAL","MALE","","2017","40.21"
"AUT","","TOTAL","MALE","","2018","41.99"
"AUT","","TOTAL","MALE","","2019","38.66"
"AUT","","TOTAL","MALE","","2020","35.5"
"AUT","","TOTAL","MALE","","2021","29.14"
"AZE","","TOTAL","MALE","","1981","154.37"
"AZE","","TOTAL","MALE","","1982","144.93"
"AZE","","TOTAL","MALE","","1985","148"
"AZE","","TOTAL","MALE","","1986","131.78"
"AZE","","TOTAL","MALE","","1987","115.3"
"AZE","","TOTAL","MALE","","1988","121.41"
"AZE","","TOTAL","MALE","","1989","125.53"
"AZE","","TOTAL","MALE","","1990","117.38"
"AZE","","TOTAL","MALE","","1991","107.68"
"AZE","","TOTAL","MALE","","1992","123.41"
"AZE","","TOTAL","MALE","","1993","135.19"
"AZE","","TOTAL","MALE","","1994","149.39"
"AZE","","TOTAL","MALE","","1995","139.67"
"AZE","","TOTAL","MALE","","1996","124.1"
"AZE","","TOTAL","MALE","","1997","115.47"
"AZE","","TOTAL","MALE","","1998","97.31"
"AZE","","TOTAL","MALE","","1999","92.82"
"AZE","","TOTAL","MALE","","2000","97.2"
"AZE","","TOTAL","MALE","","2001","79.54"
"AZE","","TOTAL","MALE","","2002","70.71"
"AZE","","TOTAL","MALE","","2003","71.62"
"AZE","","TOTAL","MALE","","2004","69.85"
"AZE","","TOTAL","MALE","","2007","64.1"
"BEL","","TOTAL","MALE","","1968","153.65"
"BEL","","TOTAL","MALE","","1969","139.41"
"BEL","","TOTAL","MALE","","1970","138.93"
"BEL","","TOTAL","MALE","","1971","123.64"
"BEL","","TOTAL","MALE","","1972","119.21"
"BEL","","TOTAL","MALE","","1973","129.23"
"BEL","","TOTAL","MALE","","1974","109.47"
"BEL","","TOTAL","MALE","","1975","119.65"
"BEL","","TOTAL","MALE","","1976","122.71"
"BEL","","TOTAL","MALE","","1977","104.01"
"BEL","","TOTAL","MALE","","1978","118.39"
"BEL","","TOTAL","MALE","","1979","104.55"
"BEL","","TOTAL","MALE","","1980","109.86"
"BEL","","TOTAL","MALE","","1981","108.41"
"BEL","","TOTAL","MALE","","1982","110.24"
"BEL","","TOTAL","MALE","","1983","114.25"
"BEL","","TOTAL","MALE","","1984","111.98"
"BEL","","TOTAL","MALE","","1985","115.38"
"BEL","","TOTAL","MALE","","1986","120.73"
"BEL","","TOTAL","MALE","","1987","102.25"
"BEL","","TOTAL","MALE","","1988","106.81"
"BEL","","TOTAL","MALE","","1989","118.81"
"BEL","","TOTAL","MALE","","1990","110.26"
"BEL","","TOTAL","MALE","","1991","105.89"
"BEL","","TOTAL","MALE","","1992","106.47"
"BEL","","TOTAL","MALE","","1993","119.47"
"BEL","","TOTAL","MALE","","1994","108.06"
"BEL","","TOTAL","MALE","","1995","113.59"
"BEL","","TOTAL","MALE","","1996","116.5"
"BEL","","TOTAL","MALE","","1997","113.52"
"BEL","","TOTAL","MALE","","1998","122.53"
"BEL","","TOTAL","MALE","","1999","116.6"
"BEL","","TOTAL","MALE","","2000","113.94"
"BEL","","TOTAL","MALE","","2001","104.96"
"BEL","","TOTAL","MALE","","2002","111.24"
"BEL","","TOTAL","MALE","","2003","113.97"
"BEL","","TOTAL","MALE","","2004","99.37"
"BEL","","TOTAL","MALE","","2005","100.81"
"BEL","","TOTAL","MALE","","2006","87.66"
"BEL","","TOTAL","MALE","","2007","87.89"
"BEL","","TOTAL","MALE","","2008","84.51"
"BEL","","TOTAL","MALE","","2009","81.08"
"BEL","","TOTAL","MALE","","2010","79.1"
"BEL","","TOTAL","MALE","","2011","73.33"
"BEL","","TOTAL","MALE","","2012","73.44"
"BEL","","TOTAL","MALE","","2013","73.03"
"BEL","","TOTAL","MALE","","2014","63.14"
"BEL","","TOTAL","MALE","","2015","69.64"
"BEL","","TOTAL","MALE","","2016","66.49"
"BEL","","TOTAL","MALE","","2017","69.14"
"BEL","","TOTAL","MALE","","2018","69.5"
"BEL","","TOTAL","MALE","","2019","66.09"
"BEL","","TOTAL","MALE","","2020","57.06"
"BGR","","TOTAL","MALE","","1968","171.56"
"BGR","","TOTAL","MALE","","1969","235.59"
"BGR","","TOTAL","MALE","","1970","178.28"
"BGR","","TOTAL","MALE","","1971","215.56"
"BGR","","TOTAL","MALE","","1972","194.69"
"BGR","","TOTAL","MALE","","1973","155.1"
"BGR","","TOTAL","MALE","","1974","153.17"
"BGR","","TOTAL","MALE","","1975","190.2"
"BGR","","TOTAL","MALE","","1976","154.77"
"BGR","","TOTAL","MALE","","1977","170.38"
"BGR","","TOTAL","MALE","","1978","139.51"
"BGR","","TOTAL","MALE","","1979","140.54"
"BGR","","TOTAL","MALE","","1980","139.01"
"BGR","","TOTAL","MALE","","1981","121.79"
"BGR","","TOTAL","MALE","","1982","118.72"
"BGR","","TOTAL","MALE","","1983","120.07"
"BGR","","TOTAL","MALE","","1984","108.72"
"BGR","","TOTAL","MALE","","1985","120.54"
"BGR","","TOTAL","MALE","","1986","107.56"
"BGR","","TOTAL","MALE","","1987","102.77"
"BGR","","TOTAL","MALE","","1988","102.99"
"BGR","","TOTAL","MALE","","1989","97.76"
"BGR","","TOTAL","MALE","","1990","92.77"
"BGR","","TOTAL","MALE","","1991","85.67"
"BGR","","TOTAL","MALE","","1992","88.8"
"BGR","","TOTAL","MALE","","1993","79.65"
"BGR","","TOTAL","MALE","","1994","80.69"
"BGR","","TOTAL","MALE","","1995","78.26"
"BGR","","TOTAL","MALE","","1996","80.35"
"BGR","","TOTAL","MALE","","1997","85.45"
"BGR","","TOTAL","MALE","","1998","76.39"
"BGR","","TOTAL","MALE","","1999","64.22"
"BGR","","TOTAL","MALE","","2000","64.42"
"BGR","","TOTAL","MALE","","2001","55.94"
"BGR","","TOTAL","MALE","","2002","49.14"
"BGR","","TOTAL","MALE","","2003","50.82"
"BGR","","TOTAL","MALE","","2004","47.86"
"BGR","","TOTAL","MALE","","2005","63.97"
"BGR","","TOTAL","MALE","","2006","58.54"
"BGR","","TOTAL","MALE","","2007","62.34"
"BGR","","TOTAL","MALE","","2008","59.93"
"BGR","","TOTAL","MALE","","2009","56.96"
"BGR","","TOTAL","MALE","","2010","57.09"
"BGR","","TOTAL","MALE","","2011","53.4"
"BGR","","TOTAL","MALE","","2012","52.34"
"BGR","","TOTAL","MALE","","2013","45.33"
"BGR","","TOTAL","MALE","","2014","51.14"
"BGR","","TOTAL","MALE","","2015","51.54"
"BGR","","TOTAL","MALE","","2016","55.16"
"BGR","","TOTAL","MALE","","2017","56.44"
"BGR","","TOTAL","MALE","","2018","58.95"
"BGR","","TOTAL","MALE","","2019","52.61"
"BGR","","TOTAL","MALE","","2020","73.79"
"BGR","","TOTAL","MALE","","2021","79.9"
"BIH","","TOTAL","MALE","","1985","75.54"
"BIH","","TOTAL","MALE","","1986","69.69"
"BIH","","TOTAL","MALE","","1987","64.57"
"BIH","","TOTAL","MALE","","1988","60.2"
"BIH","","TOTAL","MALE","","1989","57.95"
"BIH","","TOTAL","MALE","","1990","53.47"
"BIH","","TOTAL","MALE","","1991","50.82"
"BIH","","TOTAL","MALE","","2011","36.67"
"BIH","","TOTAL","MALE","","2014","39.62"
"BIH","","TOTAL","MALE","","2016","50.1"
"BIH","","TOTAL","MALE","","2021","54.89"
"BIH","","TOTAL","MALE","","2022","47.83"
"BLR","","TOTAL","MALE","","1981","194.24"
"BLR","","TOTAL","MALE","","1982","176.3"
"BLR","","TOTAL","MALE","","1985","178.53"
"BLR","","TOTAL","MALE","","1986","149.49"
"BLR","","TOTAL","MALE","","1987","149.11"
"BLR","","TOTAL","MALE","","1988","141.96"
"BLR","","TOTAL","MALE","","1989","134.18"
"BLR","","TOTAL","MALE","","1990","123.23"
"BLR","","TOTAL","MALE","","1991","116.32"
"BLR","","TOTAL","MALE","","1992","105.6"
"BLR","","TOTAL","MALE","","1993","123.42"
"BLR","","TOTAL","MALE","","1994","119.24"
"BLR","","TOTAL","MALE","","1995","122.09"
"BLR","","TOTAL","MALE","","1996","118.63"
"BLR","","TOTAL","MALE","","1997","127.9"
"BLR","","TOTAL","MALE","","1998","123.32"
"BLR","","TOTAL","MALE","","1999","130.25"
"BLR","","TOTAL","MALE","","2000","120.72"
"BLR","","TOTAL","MALE","","2001","120.3"
"BLR","","TOTAL","MALE","","2002","115.57"
"BLR","","TOTAL","MALE","","2003","92.19"
"BLR","","TOTAL","MALE","","2004","92.74"
"BLR","","TOTAL","MALE","","2005","99.11"
"BLR","","TOTAL","MALE","","2007","86.7"
"BLR","","TOTAL","MALE","","2008","75.66"
"BLR","","TOTAL","MALE","","2009","72.64"
"BLR","","TOTAL","MALE","","2010","66.15"
"BLR","","TOTAL","MALE","","2011","58.43"
"BLR","","TOTAL","MALE","","2013","38.89"
"BLR","","TOTAL","MALE","","2014","34.47"
"BLR","","TOTAL","MALE","","2018","38.5"
"","CARINFONET","TOTAL","MALE","","1981","212.5"
"","CARINFONET","TOTAL","MALE","","1982","203.86"
"","CARINFONET","TOTAL","MALE","","1985","212.47"
"","CARINFONET","TOTAL","MALE","","1986","184"
"","CARINFONET","TOTAL","MALE","","1987","179.26"
"","CARINFONET","TOTAL","MALE","","1988","178.13"
"","CARINFONET","TOTAL","MALE","","1989","166.91"
"","CARINFONET","TOTAL","MALE","","1990","155.04"
"","CARINFONET","TOTAL","MALE","","1991","156.09"
"","CARINFONET","TOTAL","MALE","","1992","157.28"
"","CARINFONET","TOTAL","MALE","","1993","173.94"
"","CARINFONET","TOTAL","MALE","","1994","186.89"
"","CARINFONET","TOTAL","MALE","","1995","186.14"
"","CARINFONET","TOTAL","MALE","","1996","173.3"
"","CARINFONET","TOTAL","MALE","","1997","157.18"
"","CARINFONET","TOTAL","MALE","","1998","152.86"
"","CARINFONET","TOTAL","MALE","","1999","135.3"
"","CARINFONET","TOTAL","MALE","","2000","137.36"
"","CARINFONET","TOTAL","MALE","","2001","121.44"
"","CARINFONET","TOTAL","MALE","","2002","123.1"
"","CARINFONET","TOTAL","MALE","","2003","125.73"
"","CARINFONET","TOTAL","MALE","","2004","103.78"
"","CARINFONET","TOTAL","MALE","","2005","103.46"
"","CARINFONET","TOTAL","MALE","","2006","96.59"
"","CARINFONET","TOTAL","MALE","","2007","91.22"
"","CARINFONET","TOTAL","MALE","","2008","83.56"
"","CARINFONET","TOTAL","MALE","","2009","77.33"
"","CARINFONET","TOTAL","MALE","","2010","71.23"
"","CARINFONET","TOTAL","MALE","","2011","74.27"
"","CARINFONET","TOTAL","MALE","","2012","75.11"
"","CARINFONET","TOTAL","MALE","","2013","92.71"
"","CARINFONET","TOTAL","MALE","","2014","90.18"
"","CARINFONET","TOTAL","MALE","","2015","93.82"
"","CARINFONET","TOTAL","MALE","","2016","91.86"
"CHE","","TOTAL","MALE","","1969","104.71"
"CHE","","TOTAL","MALE","","1970","94.74"
"CHE","","TOTAL","MALE","","1971","96.47"
"CHE","","TOTAL","MALE","","1972","82.01"
"CHE","","TOTAL","MALE","","1973","86.9"
"CHE","","TOTAL","MALE","","1974","78.14"
"CHE","","TOTAL","MALE","","1975","77.9"
"CHE","","TOTAL","MALE","","1976","93.26"
"CHE","","TOTAL","MALE","","1977","69.55"
"CHE","","TOTAL","MALE","","1978","75.23"
"CHE","","TOTAL","MALE","","1979","71.38"
"CHE","","TOTAL","MALE","","1980","69.33"
"CHE","","TOTAL","MALE","","1981","68.86"
"CHE","","TOTAL","MALE","","1982","54.84"
"CHE","","TOTAL","MALE","","1983","66.79"
"CHE","","TOTAL","MALE","","1984","57.29"
"CHE","","TOTAL","MALE","","1985","61.79"
"CHE","","TOTAL","MALE","","1986","71.8"
"CHE","","TOTAL","MALE","","1987","58.12"
"CHE","","TOTAL","MALE","","1988","63.95"
"CHE","","TOTAL","MALE","","1989","66.32"
"CHE","","TOTAL","MALE","","1990","79.64"
"CHE","","TOTAL","MALE","","1991","65.15"
"CHE","","TOTAL","MALE","","1992","63.73"
"CHE","","TOTAL","MALE","","1993","67.57"
"CHE","","TOTAL","MALE","","1994","64.27"
"CHE","","TOTAL","MALE","","1995","56.62"
"CHE","","TOTAL","MALE","","1996","53.41"
"CHE","","TOTAL","MALE","","1997","60.23"
"CHE","","TOTAL","MALE","","1998","59.14"
"CHE","","TOTAL","MALE","","1999","61.01"
"CHE","","TOTAL","MALE","","2000","57.34"
"CHE","","TOTAL","MALE","","2001","46.5"
"CHE","","TOTAL","MALE","","2002","47.29"
"CHE","","TOTAL","MALE","","2003","48.49"
"CHE","","TOTAL","MALE","","2004","44.33"
"CHE","","TOTAL","MALE","","2005","46.92"
"CHE","","TOTAL","MALE","","2006","40.13"
"CHE","","TOTAL","MALE","","2007","39.69"
"CHE","","TOTAL","MALE","","2008","36.98"
"CHE","","TOTAL","MALE","","2009","39.4"
"CHE","","TOTAL","MALE","","2010","36.04"
"CHE","","TOTAL","MALE","","2011","34.8"
"CHE","","TOTAL","MALE","","2012","35.4"
"CHE","","TOTAL","MALE","","2013","36.37"
"CHE","","TOTAL","MALE","","2015","36.67"
"CHE","","TOTAL","MALE","","2016","33.39"
"CHE","","TOTAL","MALE","","2017","34.48"
"CHE","","TOTAL","MALE","","2018","34.31"
"CHE","","TOTAL","MALE","","2019","33.02"
"","CIS","TOTAL","MALE","","1981","173.61"
"","CIS","TOTAL","MALE","","1982","160.09"
"","CIS","TOTAL","MALE","","1985","167.2"
"","CIS","TOTAL","MALE","","1986","137.39"
"","CIS","TOTAL","MALE","","1987","133.96"
"","CIS","TOTAL","MALE","","1988","134.65"
"","CIS","TOTAL","MALE","","1989","127.6"
"","CIS","TOTAL","MALE","","1990","125.34"
"","CIS","TOTAL","MALE","","1991","121.54"
"","CIS","TOTAL","MALE","","1992","123.83"
"","CIS","TOTAL","MALE","","1993","147.3"
"","CIS","TOTAL","MALE","","1994","158.29"
"","CIS","TOTAL","MALE","","1995","151.65"
"","CIS","TOTAL","MALE","","1996","140.01"
"","CIS","TOTAL","MALE","","1997","130.05"
"","CIS","TOTAL","MALE","","1998","118.58"
"","CIS","TOTAL","MALE","","1999","122.4"
"","CIS","TOTAL","MALE","","2000","128.04"
"","CIS","TOTAL","MALE","","2001","116.6"
"","CIS","TOTAL","MALE","","2002","119.45"
"","CIS","TOTAL","MALE","","2003","119.34"
"","CIS","TOTAL","MALE","","2004","107.89"
"","CIS","TOTAL","MALE","","2005","108.57"
"","CIS","TOTAL","MALE","","2006","96.01"
"","CIS","TOTAL","MALE","","2007","91.2"
"","CIS","TOTAL","MALE","","2008","88.57"
"","CIS","TOTAL","MALE","","2009","83.88"
"","CIS","TOTAL","MALE","","2010","78.48"
"","CIS","TOTAL","MALE","","2011","76.17"
"","CIS","TOTAL","MALE","","2012","72.58"
"","CIS","TOTAL","MALE","","2013","77.03"
"","CIS","TOTAL","MALE","","2014","78.58"
"","CIS","TOTAL","MALE","","2015","75.99"
"CYP","","TOTAL","MALE","","2004","51.18"
"CYP","","TOTAL","MALE","","2005","49.63"
"CYP","","TOTAL","MALE","","2006","44.91"
"CYP","","TOTAL","MALE","","2007","50.9"
"CYP","","TOTAL","MALE","","2008","41.77"
"CYP","","TOTAL","MALE","","2009","47.8"
"CYP","","TOTAL","MALE","","2010","44.3"
"CYP","","TOTAL","MALE","","2011","45.15"
"CYP","","TOTAL","MALE","","2012","47.16"
"CYP","","TOTAL","MALE","","2013","47.31"
"CYP","","TOTAL","MALE","","2014","45.69"
"CYP","","TOTAL","MALE","","2015","61.48"
"CYP","","TOTAL","MALE","","2016","51.01"
"CYP","","TOTAL","MALE","","2017","61.57"
"CYP","","TOTAL","MALE","","2018","53.1"
"CYP","","TOTAL","MALE","","2019","60.47"
"CYP","","TOTAL","MALE","","2020","51.36"
"CYP","","TOTAL","MALE","","2021","43.77"
"CZE","","TOTAL","MALE","","1986","103.5"
"CZE","","TOTAL","MALE","","1987","85.12"
"CZE","","TOTAL","MALE","","1988","84.04"
"CZE","","TOTAL","MALE","","1989","86"
"CZE","","TOTAL","MALE","","1990","81.35"
"CZE","","TOTAL","MALE","","1991","73.26"
"CZE","","TOTAL","MALE","","1992","71.26"
"CZE","","TOTAL","MALE","","1993","65.12"
"CZE","","TOTAL","MALE","","1994","59.73"
"CZE","","TOTAL","MALE","","1995","62.4"
"CZE","","TOTAL","MALE","","1996","56.53"
"CZE","","TOTAL","MALE","","1997","51.64"
"CZE","","TOTAL","MALE","","1998","51.98"
"CZE","","TOTAL","MALE","","1999","54.62"
"CZE","","TOTAL","MALE","","2000","56.91"
"CZE","","TOTAL","MALE","","2001","55.17"
"CZE","","TOTAL","MALE","","2002","55.57"
"CZE","","TOTAL","MALE","","2003","59.67"
"CZE","","TOTAL","MALE","","2004","55.44"
"CZE","","TOTAL","MALE","","2005","65.91"
"CZE","","TOTAL","MALE","","2006","60.23"
"CZE","","TOTAL","MALE","","2007","59.44"
"CZE","","TOTAL","MALE","","2008","58.09"
"CZE","","TOTAL","MALE","","2009","62.97"
"CZE","","TOTAL","MALE","","2010","58.91"
"CZE","","TOTAL","MALE","","2011","55.26"
"CZE","","TOTAL","MALE","","2012","53.13"
"CZE","","TOTAL","MALE","","2013","62.14"
"CZE","","TOTAL","MALE","","2014","55.05"
"CZE","","TOTAL","MALE","","2015","62.78"
"CZE","","TOTAL","MALE","","2016","59.4"
"CZE","","TOTAL","MALE","","2017","63.71"
"CZE","","TOTAL","MALE","","2018","63.17"
"CZE","","TOTAL","MALE","","2019","61.59"
"CZE","","TOTAL","MALE","","2020","63.29"
"CZE","","TOTAL","MALE","","2021","58.79"
"DEU","","TOTAL","MALE","","1990","84.12"
"DEU","","TOTAL","MALE","","1991","78.38"
"DEU","","TOTAL","MALE","","1992","73.8"
"DEU","","TOTAL","MALE","","1993","75.01"
"DEU","","TOTAL","MALE","","1994","73.07"
"DEU","","TOTAL","MALE","","1995","72.45"
"DEU","","TOTAL","MALE","","1996","70.31"
"DEU","","TOTAL","MALE","","1997","65.15"
"DEU","","TOTAL","MALE","","1998","61.57"
"DEU","","TOTAL","MALE","","1999","61.95"
"DEU","","TOTAL","MALE","","2000","61.38"
"DEU","","TOTAL","MALE","","2001","56.14"
"DEU","","TOTAL","MALE","","2002","59.55"
"DEU","","TOTAL","MALE","","2003","62.66"
"DEU","","TOTAL","MALE","","2004","55.89"
"DEU","","TOTAL","MALE","","2005","57.73"
"DEU","","TOTAL","MALE","","2006","53.28"
"DEU","","TOTAL","MALE","","2007","54.58"
"DEU","","TOTAL","MALE","","2008","53.33"
"DEU","","TOTAL","MALE","","2009","55.3"
"DEU","","TOTAL","MALE","","2010","51.6"
"DEU","","TOTAL","MALE","","2011","50"
"DEU","","TOTAL","MALE","","2012","48.38"
"DEU","","TOTAL","MALE","","2013","52.9"
"DEU","","TOTAL","MALE","","2014","47.04"
"DEU","","TOTAL","MALE","","2015","52.69"
"DEU","","TOTAL","MALE","","2016","48.87"
"DEU","","TOTAL","MALE","","2017","49.55"
"DEU","","TOTAL","MALE","","2018","51.57"
"DEU","","TOTAL","MALE","","2019","47.39"
"DEU","","TOTAL","MALE","","2020","43.5"
"DNK","","TOTAL","MALE","","1969","80.8"
"DNK","","TOTAL","MALE","","1970","79.47"
"DNK","","TOTAL","MALE","","1971","75.36"
"DNK","","TOTAL","MALE","","1972","81.74"
"DNK","","TOTAL","MALE","","1973","77.99"
"DNK","","TOTAL","MALE","","1974","100.78"
"DNK","","TOTAL","MALE","","1975","86.09"
"DNK","","TOTAL","MALE","","1976","109.3"
"DNK","","TOTAL","MALE","","1977","78.6"
"DNK","","TOTAL","MALE","","1978","84.26"
"DNK","","TOTAL","MALE","","1979","87.58"
"DNK","","TOTAL","MALE","","1980","92.95"
"DNK","","TOTAL","MALE","","1981","90.83"
"DNK","","TOTAL","MALE","","1982","85.19"
"DNK","","TOTAL","MALE","","1983","86.61"
"DNK","","TOTAL","MALE","","1984","88.42"
"DNK","","TOTAL","MALE","","1985","93.03"
"DNK","","TOTAL","MALE","","1986","85.86"
"DNK","","TOTAL","MALE","","1987","75.84"
"DNK","","TOTAL","MALE","","1988","78.91"
"DNK","","TOTAL","MALE","","1989","81.71"
"DNK","","TOTAL","MALE","","1990","86.11"
"DNK","","TOTAL","MALE","","1991","78.31"
"DNK","","TOTAL","MALE","","1992","81.52"
"DNK","","TOTAL","MALE","","1993","87.12"
"DNK","","TOTAL","MALE","","1994","85.38"
"DNK","","TOTAL","MALE","","1995","94.09"
"DNK","","TOTAL","MALE","","1996","89.87"
"DNK","","TOTAL","MALE","","1997","89.99"
"DNK","","TOTAL","MALE","","1998","84.22"
"DNK","","TOTAL","MALE","","1999","86.08"
"DNK","","TOTAL","MALE","","2000","77.59"
"DNK","","TOTAL","MALE","","2001","80.07"
"DNK","","TOTAL","MALE","","2002","86.02"
"DNK","","TOTAL","MALE","","2003","87.4"
"DNK","","TOTAL","MALE","","2004","77.12"
"DNK","","TOTAL","MALE","","2005","73.59"
"DNK","","TOTAL","MALE","","2006","70.43"
"DNK","","TOTAL","MALE","","2007","72.98"
"DNK","","TOTAL","MALE","","2008","75.52"
"DNK","","TOTAL","MALE","","2009","78.89"
"DNK","","TOTAL","MALE","","2010","73.36"
"DNK","","TOTAL","MALE","","2011","71.66"
"DNK","","TOTAL","MALE","","2012","68.52"
"DNK","","TOTAL","MALE","","2013","71.85"
"DNK","","TOTAL","MALE","","2014","65.25"
"DNK","","TOTAL","MALE","","2015","67.36"
"DNK","","TOTAL","MALE","","2016","66.59"
"DNK","","TOTAL","MALE","","2017","68.49"
"DNK","","TOTAL","MALE","","2018","72.21"
"DNK","","TOTAL","MALE","","2019","65.15"
"DNK","","TOTAL","MALE","","2020","58.72"
"DNK","","TOTAL","MALE","","2021","57.79"
"ESP","","TOTAL","MALE","","1968","145.26"
"ESP","","TOTAL","MALE","","1969","163.34"
"ESP","","TOTAL","MALE","","1971","167.85"
"ESP","","TOTAL","MALE","","1972","139.83"
"ESP","","TOTAL","MALE","","1973","164.07"
"ESP","","TOTAL","MALE","","1974","152.48"
"ESP","","TOTAL","MALE","","1975","150.84"
"ESP","","TOTAL","MALE","","1976","139.03"
"ESP","","TOTAL","MALE","","1977","131"
"ESP","","TOTAL","MALE","","1978","123.98"
"ESP","","TOTAL","MALE","","1979","106.12"
"ESP","","TOTAL","MALE","","1980","109.66"
"ESP","","TOTAL","MALE","","1981","110.93"
"ESP","","TOTAL","MALE","","1982","96.92"
"ESP","","TOTAL","MALE","","1983","105.72"
"ESP","","TOTAL","MALE","","1984","97.51"
"ESP","","TOTAL","MALE","","1985","106.01"
"ESP","","TOTAL","MALE","","1986","99.11"
"ESP","","TOTAL","MALE","","1987","94.38"
"ESP","","TOTAL","MALE","","1988","96.67"
"ESP","","TOTAL","MALE","","1989","99.99"
"ESP","","TOTAL","MALE","","1990","107.01"
"ESP","","TOTAL","MALE","","1991","103.01"
"ESP","","TOTAL","MALE","","1992","95.37"
"ESP","","TOTAL","MALE","","1993","98.46"
"ESP","","TOTAL","MALE","","1994","93.04"
"ESP","","TOTAL","MALE","","1995","98.12"
"ESP","","TOTAL","MALE","","1996","99.31"
"ESP","","TOTAL","MALE","","1997","97.06"
"ESP","","TOTAL","MALE","","1998","102.73"
"ESP","","TOTAL","MALE","","1999","113.88"
"ESP","","TOTAL","MALE","","2000","98.72"
"ESP","","TOTAL","MALE","","2001","89.48"
"ESP","","TOTAL","MALE","","2002","95.29"
"ESP","","TOTAL","MALE","","2003","95.56"
"ESP","","TOTAL","MALE","","2004","83.95"
"ESP","","TOTAL","MALE","","2005","94.96"
"ESP","","TOTAL","MALE","","2006","77.77"
"ESP","","TOTAL","MALE","","2007","83.27"
"ESP","","TOTAL","MALE","","2008","80.33"
"ESP","","TOTAL","MALE","","2009","76.19"
"ESP","","TOTAL","MALE","","2010","69.16"
"ESP","","TOTAL","MALE","","2011","70.25"
"ESP","","TOTAL","MALE","","2012","73"
"ESP","","TOTAL","MALE","","2013","64.74"
"ESP","","TOTAL","MALE","","2014","64.56"
"ESP","","TOTAL","MALE","","2015","72.81"
"ESP","","TOTAL","MALE","","2016","64.29"
"ESP","","TOTAL","MALE","","2017","67.08"
"ESP","","TOTAL","MALE","","2018","68.23"
"ESP","","TOTAL","MALE","","2019","60.57"
"ESP","","TOTAL","MALE","","2020","54.17"
"ESP","","TOTAL","MALE","","2021","46.61"
"EST","","TOTAL","MALE","","1981","71.61"
"EST","","TOTAL","MALE","","1982","71.83"
"EST","","TOTAL","MALE","","1985","71.66"
"EST","","TOTAL","MALE","","1986","54.02"
"EST","","TOTAL","MALE","","1987","51.28"
"EST","","TOTAL","MALE","","1988","46.24"
"EST","","TOTAL","MALE","","1989","51.41"
"EST","","TOTAL","MALE","","1990","53.99"
"EST","","TOTAL","MALE","","1991","54.4"
"EST","","TOTAL","MALE","","1992","53.56"
"EST","","TOTAL","MALE","","1993","59.91"
"EST","","TOTAL","MALE","","1994","80.7"
"EST","","TOTAL","MALE","","1995","73.15"
"EST","","TOTAL","MALE","","1996","71.68"
"EST","","TOTAL","MALE","","1997","57.66"
"EST","","TOTAL","MALE","","1998","66.94"
"EST","","TOTAL","MALE","","1999","62.05"
"EST","","TOTAL","MALE","","2000","65.28"
"EST","","TOTAL","MALE","","2001","65.55"
"EST","","TOTAL","MALE","","2002","68.24"
"EST","","TOTAL","MALE","","2003","67.37"
"EST","","TOTAL","MALE","","2004","65.62"
"EST","","TOTAL","MALE","","2005","53.94"
"EST","","TOTAL","MALE","","2006","54.8"
"EST","","TOTAL","MALE","","2007","53.29"
"EST","","TOTAL","MALE","","2008","51.73"
"EST","","TOTAL","MALE","","2009","45.91"
"EST","","TOTAL","MALE","","2010","40.34"
"EST","","TOTAL","MALE","","2011","41.03"
"EST","","TOTAL","MALE","","2012","43.3"
"EST","","TOTAL","MALE","","2013","48.48"
"EST","","TOTAL","MALE","","2014","51.2"
"EST","","TOTAL","MALE","","2015","44.12"
"EST","","TOTAL","MALE","","2016","43.63"
"","EU_AFTER_MAY2004","TOTAL","MALE","","1981","120.46"
"","EU_AFTER_MAY2004","TOTAL","MALE","","1982","116.68"
"","EU_AFTER_MAY2004","TOTAL","MALE","","1985","123.38"
"","EU_AFTER_MAY2004","TOTAL","MALE","","1986","114.29"
"","EU_AFTER_MAY2004","TOTAL","MALE","","1987","106"
"","EU_AFTER_MAY2004","TOTAL","MALE","","1988","100.21"
"","EU_AFTER_MAY2004","TOTAL","MALE","","1989","99.34"
"","EU_AFTER_MAY2004","TOTAL","MALE","","1990","93.54"
"","EU_AFTER_MAY2004","TOTAL","MALE","","1991","89.71"
"","EU_AFTER_MAY2004","TOTAL","MALE","","1992","88"
"","EU_AFTER_MAY2004","TOTAL","MALE","","1993","83.31"
"","EU_AFTER_MAY2004","TOTAL","MALE","","1994","80.13"
"","EU_AFTER_MAY2004","TOTAL","MALE","","1995","78.94"
"","EU_AFTER_MAY2004","TOTAL","MALE","","1996","80.75"
"","EU_AFTER_MAY2004","TOTAL","MALE","","1997","79.16"
"","EU_AFTER_MAY2004","TOTAL","MALE","","1998","75.41"
"","EU_AFTER_MAY2004","TOTAL","MALE","","1999","78.02"
"","EU_AFTER_MAY2004","TOTAL","MALE","","2000","74.21"
"","EU_AFTER_MAY2004","TOTAL","MALE","","2001","67.11"
"","EU_AFTER_MAY2004","TOTAL","MALE","","2002","69.15"
"","EU_AFTER_MAY2004","TOTAL","MALE","","2003","71.64"
"","EU_AFTER_MAY2004","TOTAL","MALE","","2004","68.75"
"","EU_AFTER_MAY2004","TOTAL","MALE","","2005","72.92"
"","EU_AFTER_MAY2004","TOTAL","MALE","","2006","68.48"
"","EU_AFTER_MAY2004","TOTAL","MALE","","2007","69.59"
"","EU_AFTER_MAY2004","TOTAL","MALE","","2008","65.91"
"","EU_AFTER_MAY2004","TOTAL","MALE","","2009","66.95"
"","EU_AFTER_MAY2004","TOTAL","MALE","","2010","62.83"
"","EU_AFTER_MAY2004","TOTAL","MALE","","2011","61.93"
"","EU_AFTER_MAY2004","TOTAL","MALE","","2012","61.12"
"","EU_AFTER_MAY2004","TOTAL","MALE","","2013","62.74"
"","EU_AFTER_MAY2004","TOTAL","MALE","","2014","58.64"
"","EU_AFTER_MAY2004","TOTAL","MALE","","2015","63.6"
"","EU_AFTER_MAY2004","TOTAL","MALE","","2016","61.65"
"","EU_AFTER_MAY2004","TOTAL","MALE","","2017","65.82"
"","EU_AFTER_MAY2004","TOTAL","MALE","","2018","67.23"
"","EU_AFTER_MAY2004","TOTAL","MALE","","2019","65.73"
"","EU_AFTER_MAY2004","TOTAL","MALE","","2020","68.8"
"","EU_AFTER_MAY2004","TOTAL","MALE","","2021","70.05"
"","EU_BEFORE_FEB2020","TOTAL","MALE","","1969","148.44"
"","EU_BEFORE_FEB2020","TOTAL","MALE","","1970","138.01"
"","EU_BEFORE_FEB2020","TOTAL","MALE","","1971","132.27"
"","EU_BEFORE_FEB2020","TOTAL","MALE","","1972","125.56"
"","EU_BEFORE_FEB2020","TOTAL","MALE","","1973","131.93"
"","EU_BEFORE_FEB2020","TOTAL","MALE","","1974","120.76"
"","EU_BEFORE_FEB2020","TOTAL","MALE","","1975","126.07"
"","EU_BEFORE_FEB2020","TOTAL","MALE","","1976","125.79"
"","EU_BEFORE_FEB2020","TOTAL","MALE","","1977","117.2"
"","EU_BEFORE_FEB2020","TOTAL","MALE","","1978","116.28"
"","EU_BEFORE_FEB2020","TOTAL","MALE","","1979","110.96"
"","EU_BEFORE_FEB2020","TOTAL","MALE","","1980","112.73"
"","EU_BEFORE_FEB2020","TOTAL","MALE","","1981","109.74"
"","EU_BEFORE_FEB2020","TOTAL","MALE","","1982","105.54"
"","EU_BEFORE_FEB2020","TOTAL","MALE","","1983","109.81"
"","EU_BEFORE_FEB2020","TOTAL","MALE","","1984","98.46"
"","EU_BEFORE_FEB2020","TOTAL","MALE","","1985","104.15"
"","EU_BEFORE_FEB2020","TOTAL","MALE","","1986","100.52"
"","EU_BEFORE_FEB2020","TOTAL","MALE","","1987","91.46"
"","EU_BEFORE_FEB2020","TOTAL","MALE","","1988","90.62"
"","EU_BEFORE_FEB2020","TOTAL","MALE","","1989","91.73"
"","EU_BEFORE_FEB2020","TOTAL","MALE","","1990","89.72"
"","EU_BEFORE_FEB2020","TOTAL","MALE","","1991","85.88"
"","EU_BEFORE_FEB2020","TOTAL","MALE","","1992","82.46"
"","EU_BEFORE_FEB2020","TOTAL","MALE","","1993","87.93"
"","EU_BEFORE_FEB2020","TOTAL","MALE","","1994","82.29"
"","EU_BEFORE_FEB2020","TOTAL","MALE","","1995","84.68"
"","EU_BEFORE_FEB2020","TOTAL","MALE","","1996","83.82"
"","EU_BEFORE_FEB2020","TOTAL","MALE","","1997","82.45"
"","EU_BEFORE_FEB2020","TOTAL","MALE","","1998","81.58"
"","EU_BEFORE_FEB2020","TOTAL","MALE","","1999","84.75"
"","EU_BEFORE_FEB2020","TOTAL","MALE","","2000","77.46"
"","EU_BEFORE_FEB2020","TOTAL","MALE","","2001","68.79"
"","EU_BEFORE_FEB2020","TOTAL","MALE","","2002","70.86"
"","EU_BEFORE_FEB2020","TOTAL","MALE","","2003","73.62"
"","EU_BEFORE_FEB2020","TOTAL","MALE","","2004","66.23"
"","EU_BEFORE_FEB2020","TOTAL","MALE","","2005","69.63"
"","EU_BEFORE_FEB2020","TOTAL","MALE","","2006","63.26"
"","EU_BEFORE_FEB2020","TOTAL","MALE","","2007","64"
"","EU_BEFORE_FEB2020","TOTAL","MALE","","2008","62.19"
"","EU_BEFORE_FEB2020","TOTAL","MALE","","2009","61.9"
"","EU_BEFORE_FEB2020","TOTAL","MALE","","2010","57.84"
"","EU_BEFORE_FEB2020","TOTAL","MALE","","2011","57.36"
"","EU_BEFORE_FEB2020","TOTAL","MALE","","2012","57.91"
"","EU_BEFORE_FEB2020","TOTAL","MALE","","2013","57.3"
"","EU_BEFORE_FEB2020","TOTAL","MALE","","2014","53.08"
"","EU_BEFORE_FEB2020","TOTAL","MALE","","2015","58"
"","EU_BEFORE_FEB2020","TOTAL","MALE","","2016","55.3"
"","EU_BEFORE_FEB2020","TOTAL","MALE","","2017","56.77"
"","EU_BEFORE_FEB2020","TOTAL","MALE","","2018","57.74"
"","EU_BEFORE_FEB2020","TOTAL","MALE","","2019","54.68"
"","EU_BEFORE_FEB2020","TOTAL","MALE","","2020","52.6"
"","EU_BEFORE_FEB2020","TOTAL","MALE","","2021","51.89"
"","EU_BEFORE_MAY2004","TOTAL","MALE","","1969","146.08"
"","EU_BEFORE_MAY2004","TOTAL","MALE","","1970","135.7"
"","EU_BEFORE_MAY2004","TOTAL","MALE","","1971","123.69"
"","EU_BEFORE_MAY2004","TOTAL","MALE","","1972","124.13"
"","EU_BEFORE_MAY2004","TOTAL","MALE","","1973","129.14"
"","EU_BEFORE_MAY2004","TOTAL","MALE","","1974","120.11"
"","EU_BEFORE_MAY2004","TOTAL","MALE","","1975","123.01"
"","EU_BEFORE_MAY2004","TOTAL","MALE","","1976","124.83"
"","EU_BEFORE_MAY2004","TOTAL","MALE","","1977","114.66"
"","EU_BEFORE_MAY2004","TOTAL","MALE","","1978","113.67"
"","EU_BEFORE_MAY2004","TOTAL","MALE","","1979","107.77"
"","EU_BEFORE_MAY2004","TOTAL","MALE","","1980","107.66"
"","EU_BEFORE_MAY2004","TOTAL","MALE","","1981","106.5"
"","EU_BEFORE_MAY2004","TOTAL","MALE","","1982","102.16"
"","EU_BEFORE_MAY2004","TOTAL","MALE","","1983","106.16"
"","EU_BEFORE_MAY2004","TOTAL","MALE","","1984","92.77"
"","EU_BEFORE_MAY2004","TOTAL","MALE","","1985","98.26"
"","EU_BEFORE_MAY2004","TOTAL","MALE","","1986","96.29"
"","EU_BEFORE_MAY2004","TOTAL","MALE","","1987","87"
"","EU_BEFORE_MAY2004","TOTAL","MALE","","1988","87.68"
"","EU_BEFORE_MAY2004","TOTAL","MALE","","1989","89.39"
"","EU_BEFORE_MAY2004","TOTAL","MALE","","1990","88.54"
"","EU_BEFORE_MAY2004","TOTAL","MALE","","1991","84.72"
"","EU_BEFORE_MAY2004","TOTAL","MALE","","1992","80.79"
"","EU_BEFORE_MAY2004","TOTAL","MALE","","1993","89.32"
"","EU_BEFORE_MAY2004","TOTAL","MALE","","1994","82.93277"
"","EU_BEFORE_MAY2004","TOTAL","MALE","","1995","86.38"
"","EU_BEFORE_MAY2004","TOTAL","MALE","","1996","84.72"
"","EU_BEFORE_MAY2004","TOTAL","MALE","","1997","83.41"
"","EU_BEFORE_MAY2004","TOTAL","MALE","","1998","83.38"
"","EU_BEFORE_MAY2004","TOTAL","MALE","","1999","86.71"
"","EU_BEFORE_MAY2004","TOTAL","MALE","","2000","78.39"
"","EU_BEFORE_MAY2004","TOTAL","MALE","","2001","69.27"
"","EU_BEFORE_MAY2004","TOTAL","MALE","","2002","71.34"
"","EU_BEFORE_MAY2004","TOTAL","MALE","","2003","74.18"
"","EU_BEFORE_MAY2004","TOTAL","MALE","","2004","65.54"
"","EU_BEFORE_MAY2004","TOTAL","MALE","","2005","68.72"
"","EU_BEFORE_MAY2004","TOTAL","MALE","","2006","61.83"
"","EU_BEFORE_MAY2004","TOTAL","MALE","","2007","62.49"
"","EU_BEFORE_MAY2004","TOTAL","MALE","","2008","61.19"
"","EU_BEFORE_MAY2004","TOTAL","MALE","","2009","60.55"
"","EU_BEFORE_MAY2004","TOTAL","MALE","","2010","56.51"
"","EU_BEFORE_MAY2004","TOTAL","MALE","","2011","56.15"
"","EU_BEFORE_MAY2004","TOTAL","MALE","","2012","57.07"
"","EU_BEFORE_MAY2004","TOTAL","MALE","","2013","55.88"
"","EU_BEFORE_MAY2004","TOTAL","MALE","","2014","51.65"
"","EU_BEFORE_MAY2004","TOTAL","MALE","","2015","56.57"
"","EU_BEFORE_MAY2004","TOTAL","MALE","","2016","53.69"
"","EU_BEFORE_MAY2004","TOTAL","MALE","","2017","54.47"
"","EU_BEFORE_MAY2004","TOTAL","MALE","","2018","55.33"
"","EU_BEFORE_MAY2004","TOTAL","MALE","","2019","51.89"
"","EU_BEFORE_MAY2004","TOTAL","MALE","","2020","48.53"
"","EU_MEMBERS","TOTAL","MALE","","1969","134.67"
"","EU_MEMBERS","TOTAL","MALE","","1970","123.33"
"","EU_MEMBERS","TOTAL","MALE","","1971","122.19"
"","EU_MEMBERS","TOTAL","MALE","","1972","111.17"
"","EU_MEMBERS","TOTAL","MALE","","1973","119.49"
"","EU_MEMBERS","TOTAL","MALE","","1974","108.18"
"","EU_MEMBERS","TOTAL","MALE","","1975","114.53"
"","EU_MEMBERS","TOTAL","MALE","","1976","110.58"
"","EU_MEMBERS","TOTAL","MALE","","1977","105.23"
"","EU_MEMBERS","TOTAL","MALE","","1978","104.04"
"","EU_MEMBERS","TOTAL","MALE","","1979","98.13"
"","EU_MEMBERS","TOTAL","MALE","","1980","101.47"
"","EU_MEMBERS","TOTAL","MALE","","1981","99.36"
"","EU_MEMBERS","TOTAL","MALE","","1982","93.75"
"","EU_MEMBERS","TOTAL","MALE","","1983","99.7"
"","EU_MEMBERS","TOTAL","MALE","","1984","93.74"
"","EU_MEMBERS","TOTAL","MALE","","1985","98.6"
"","EU_MEMBERS","TOTAL","MALE","","1986","95.24"
"","EU_MEMBERS","TOTAL","MALE","","1987","87.46"
"","EU_MEMBERS","TOTAL","MALE","","1988","86.14"
"","EU_MEMBERS","TOTAL","MALE","","1989","86.25"
"","EU_MEMBERS","TOTAL","MALE","","1990","85.91"
"","EU_MEMBERS","TOTAL","MALE","","1991","81.5"
"","EU_MEMBERS","TOTAL","MALE","","1992","78.55"
"","EU_MEMBERS","TOTAL","MALE","","1993","79.38"
"","EU_MEMBERS","TOTAL","MALE","","1994","75.34"
"","EU_MEMBERS","TOTAL","MALE","","1995","76.55"
"","EU_MEMBERS","TOTAL","MALE","","1996","76.43"
"","EU_MEMBERS","TOTAL","MALE","","1997","74.7"
"","EU_MEMBERS","TOTAL","MALE","","1998","74.3"
"","EU_MEMBERS","TOTAL","MALE","","1999","76.68"
"","EU_MEMBERS","TOTAL","MALE","","2000","71.39"
"","EU_MEMBERS","TOTAL","MALE","","2001","64.67"
"","EU_MEMBERS","TOTAL","MALE","","2002","66.96"
"","EU_MEMBERS","TOTAL","MALE","","2003","69.37"
"","EU_MEMBERS","TOTAL","MALE","","2004","62.17"
"","EU_MEMBERS","TOTAL","MALE","","2005","66.04"
"","EU_MEMBERS","TOTAL","MALE","","2006","59.64"
"","EU_MEMBERS","TOTAL","MALE","","2007","60.73"
"","EU_MEMBERS","TOTAL","MALE","","2008","58.54"
"","EU_MEMBERS","TOTAL","MALE","","2009","58.84"
"","EU_MEMBERS","TOTAL","MALE","","2010","54.67"
"","EU_MEMBERS","TOTAL","MALE","","2011","54.22"
"","EU_MEMBERS","TOTAL","MALE","","2012","54.49"
"","EU_MEMBERS","TOTAL","MALE","","2013","53.55"
"","EU_MEMBERS","TOTAL","MALE","","2014","49.91"
"","EU_MEMBERS","TOTAL","MALE","","2015","54.5"
"","EU_MEMBERS","TOTAL","MALE","","2016","51.86"
"","EU_MEMBERS","TOTAL","MALE","","2017","53.82"
"","EU_MEMBERS","TOTAL","MALE","","2018","54.48"
"","EU_MEMBERS","TOTAL","MALE","","2019","51.97"
"","EU_MEMBERS","TOTAL","MALE","","2020","51"
"","EU_MEMBERS","TOTAL","MALE","","2021","50.18"
"FIN","","TOTAL","MALE","","1969","172.22"
"FIN","","TOTAL","MALE","","1970","153.31"
"FIN","","TOTAL","MALE","","1971","184.99"
"FIN","","TOTAL","MALE","","1972","145.05"
"FIN","","TOTAL","MALE","","1973","145.41"
"FIN","","TOTAL","MALE","","1974","141.15"
"FIN","","TOTAL","MALE","","1975","142.42"
"FIN","","TOTAL","MALE","","1976","152.17"
"FIN","","TOTAL","MALE","","1977","141.51"
"FIN","","TOTAL","MALE","","1978","123.83"
"FIN","","TOTAL","MALE","","1979","119.06"
"FIN","","TOTAL","MALE","","1980","142.48"
"FIN","","TOTAL","MALE","","1981","106.97"
"FIN","","TOTAL","MALE","","1982","98.63"
"FIN","","TOTAL","MALE","","1983","117.39"
"FIN","","TOTAL","MALE","","1984","97.71"
"FIN","","TOTAL","MALE","","1985","124.91"
"FIN","","TOTAL","MALE","","1986","101.55"
"FIN","","TOTAL","MALE","","1987","96"
"FIN","","TOTAL","MALE","","1988","99.56"
"FIN","","TOTAL","MALE","","1989","98.98"
"FIN","","TOTAL","MALE","","1990","102.28"
"FIN","","TOTAL","MALE","","1991","91.14"
"FIN","","TOTAL","MALE","","1992","91.83"
"FIN","","TOTAL","MALE","","1993","102.92"
"FIN","","TOTAL","MALE","","1994","87.35"
"FIN","","TOTAL","MALE","","1995","90.89"
"FIN","","TOTAL","MALE","","1996","97.1"
"FIN","","TOTAL","MALE","","1997","92.12"
"FIN","","TOTAL","MALE","","1998","92"
"FIN","","TOTAL","MALE","","1999","89.79"
"FIN","","TOTAL","MALE","","2000","93.58"
"FIN","","TOTAL","MALE","","2001","80.06"
"FIN","","TOTAL","MALE","","2002","79.75"
"FIN","","TOTAL","MALE","","2003","73.11"
"FIN","","TOTAL","MALE","","2004","59.95"
"FIN","","TOTAL","MALE","","2005","49.62"
"FIN","","TOTAL","MALE","","2006","44.2"
"FIN","","TOTAL","MALE","","2007","43.22"
"FIN","","TOTAL","MALE","","2008","37.06"
"FIN","","TOTAL","MALE","","2009","39.39"
"FIN","","TOTAL","MALE","","2010","34.47"
"FIN","","TOTAL","MALE","","2011","34.55"
"FIN","","TOTAL","MALE","","2012","32.42"
"FIN","","TOTAL","MALE","","2013","30.15"
"FIN","","TOTAL","MALE","","2014","28.53"
"FIN","","TOTAL","MALE","","2016","29.79"
"FIN","","TOTAL","MALE","","2017","28.09"
"FIN","","TOTAL","MALE","","2018","28.03"
"FIN","","TOTAL","MALE","","2019","25.49"
"FIN","","TOTAL","MALE","","2020","23.13"
"FIN","","TOTAL","MALE","","2021","21.51"
"FRA","","TOTAL","MALE","","1968","113.6"
"FRA","","TOTAL","MALE","","1969","123.83"
"FRA","","TOTAL","MALE","","1970","91.2"
"FRA","","TOTAL","MALE","","1971","89.36"
"FRA","","TOTAL","MALE","","1972","89.47"
"FRA","","TOTAL","MALE","","1973","100.39"
"FRA","","TOTAL","MALE","","1974","89.73"
"FRA","","TOTAL","MALE","","1975","88.46"
"FRA","","TOTAL","MALE","","1976","89.49"
"FRA","","TOTAL","MALE","","1977","79.51"
"FRA","","TOTAL","MALE","","1978","85.84"
"FRA","","TOTAL","MALE","","1979","75.07"
"FRA","","TOTAL","MALE","","1980","77.56"
"FRA","","TOTAL","MALE","","1981","82.99"
"FRA","","TOTAL","MALE","","1982","72.21"
"FRA","","TOTAL","MALE","","1983","80.11"
"FRA","","TOTAL","MALE","","1984","69.41"
"FRA","","TOTAL","MALE","","1985","74"
"FRA","","TOTAL","MALE","","1986","79.06"
"FRA","","TOTAL","MALE","","1987","64.73"
"FRA","","TOTAL","MALE","","1988","63.82"
"FRA","","TOTAL","MALE","","1989","64.45"
"FRA","","TOTAL","MALE","","1990","66.32"
"FRA","","TOTAL","MALE","","1991","62.9"
"FRA","","TOTAL","MALE","","1992","63.84"
"FRA","","TOTAL","MALE","","1993","65.5"
"FRA","","TOTAL","MALE","","1994","60.06"
"FRA","","TOTAL","MALE","","1995","62.91"
"FRA","","TOTAL","MALE","","1996","65.34"
"FRA","","TOTAL","MALE","","1997","64"
"FRA","","TOTAL","MALE","","1998","66.23"
"FRA","","TOTAL","MALE","","1999","66.44"
"FRA","","TOTAL","MALE","","2000","53.37"
"FRA","","TOTAL","MALE","","2001","48.89"
"FRA","","TOTAL","MALE","","2002","49.81"
"FRA","","TOTAL","MALE","","2003","52.54"
"FRA","","TOTAL","MALE","","2004","43.75"
"FRA","","TOTAL","MALE","","2005","47.55"
"FRA","","TOTAL","MALE","","2006","40.96"
"FRA","","TOTAL","MALE","","2007","40.93"
"FRA","","TOTAL","MALE","","2008","40.03"
"FRA","","TOTAL","MALE","","2009","40"
"FRA","","TOTAL","MALE","","2010","37.62"
"FRA","","TOTAL","MALE","","2011","38.16"
"FRA","","TOTAL","MALE","","2012","39.27"
"FRA","","TOTAL","MALE","","2013","37.92"
"FRA","","TOTAL","MALE","","2014","34.93"
"FRA","","TOTAL","MALE","","2017","39.06"
"FRA","","TOTAL","MALE","","2018","39.57"
"GBR","","TOTAL","MALE","","1968","239.12"
"GBR","","TOTAL","MALE","","1969","244"
"GBR","","TOTAL","MALE","","1970","240.06"
"GBR","","TOTAL","MALE","","1971","202.99"
"GBR","","TOTAL","MALE","","1972","226.69"
"GBR","","TOTAL","MALE","","1973","219.45"
"GBR","","TOTAL","MALE","","1974","209.87"
"GBR","","TOTAL","MALE","","1975","208.34"
"GBR","","TOTAL","MALE","","1976","235.03"
"GBR","","TOTAL","MALE","","1977","203.63"
"GBR","","TOTAL","MALE","","1978","205.16"
"GBR","","TOTAL","MALE","","1979","204.36"
"GBR","","TOTAL","MALE","","1980","195.01"
"GBR","","TOTAL","MALE","","1981","185.45"
"GBR","","TOTAL","MALE","","1982","191.58"
"GBR","","TOTAL","MALE","","1983","183.85"
"GBR","","TOTAL","MALE","","1984","133.01"
"GBR","","TOTAL","MALE","","1985","144.74"
"GBR","","TOTAL","MALE","","1986","139.16"
"GBR","","TOTAL","MALE","","1987","120.77"
"GBR","","TOTAL","MALE","","1988","123.44"
"GBR","","TOTAL","MALE","","1989","131.76"
"GBR","","TOTAL","MALE","","1990","117.5"
"GBR","","TOTAL","MALE","","1991","117.73"
"GBR","","TOTAL","MALE","","1992","110.75"
"GBR","","TOTAL","MALE","","1993","149.83"
"GBR","","TOTAL","MALE","","1994","132.46"
"GBR","","TOTAL","MALE","","1995","143.21"
"GBR","","TOTAL","MALE","","1996","136.86"
"GBR","","TOTAL","MALE","","1997","137.94"
"GBR","","TOTAL","MALE","","1998","133.5"
"GBR","","TOTAL","MALE","","1999","141.99"
"GBR","","TOTAL","MALE","","2001","98.53"
"GBR","","TOTAL","MALE","","2002","98.97"
"GBR","","TOTAL","MALE","","2003","104.31"
"GBR","","TOTAL","MALE","","2004","95.42"
"GBR","","TOTAL","MALE","","2005","95.34"
"GBR","","TOTAL","MALE","","2006","89.14"
"GBR","","TOTAL","MALE","","2007","87.34"
"GBR","","TOTAL","MALE","","2008","88.11"
"GBR","","TOTAL","MALE","","2009","83.54"
"GBR","","TOTAL","MALE","","2010","80.09"
"GBR","","TOTAL","MALE","","2011","79.18"
"GBR","","TOTAL","MALE","","2012","81.34"
"GBR","","TOTAL","MALE","","2013","82.76"
"GBR","","TOTAL","MALE","","2014","74.55"
"GBR","","TOTAL","MALE","","2015","81.58"
"GBR","","TOTAL","MALE","","2016","78.33"
"GBR","","TOTAL","MALE","","2017","76.4"
"GBR","","TOTAL","MALE","","2018","79.88"
"GBR","","TOTAL","MALE","","2019","72.51"
"GBR","","TOTAL","MALE","","2020","63.1"
"GEO","","TOTAL","MALE","","1981","101.32"
"GEO","","TOTAL","MALE","","1982","86.63"
"GEO","","TOTAL","MALE","","1985","87.69"
"GEO","","TOTAL","MALE","","1986","86.12"
"GEO","","TOTAL","MALE","","1987","80.91"
"GEO","","TOTAL","MALE","","1988","82.07"
"GEO","","TOTAL","MALE","","1989","76.06"
"GEO","","TOTAL","MALE","","1990","61.2"
"GEO","","TOTAL","MALE","","1991","44.16"
"GEO","","TOTAL","MALE","","1992","35.02"
"GEO","","TOTAL","MALE","","1994","27.08"
"GEO","","TOTAL","MALE","","1995","24.35"
"GEO","","TOTAL","MALE","","1996","30"
"GEO","","TOTAL","MALE","","1997","29.44"
"GEO","","TOTAL","MALE","","1998","29.93"
"GEO","","TOTAL","MALE","","1999","27.28"
"GEO","","TOTAL","MALE","","2000","34.2"
"GEO","","TOTAL","MALE","","2001","28.73"
"GEO","","TOTAL","MALE","","2004","92.39"
"GEO","","TOTAL","MALE","","2005","22.55"
"GEO","","TOTAL","MALE","","2006","24.14"
"GEO","","TOTAL","MALE","","2007","24.91"
"GEO","","TOTAL","MALE","","2009","20.79"
"GEO","","TOTAL","MALE","","2010","12.89"
"GEO","","TOTAL","MALE","","2011","30.19"
"GEO","","TOTAL","MALE","","2012","27.59"
"GEO","","TOTAL","MALE","","2013","30.75"
"GEO","","TOTAL","MALE","","2014","40.85"
"GEO","","TOTAL","MALE","","2015","55.07"
"GEO","","TOTAL","MALE","","2016","74.54"
"GEO","","TOTAL","MALE","","2017","76.25"
"GEO","","TOTAL","MALE","","2018","103.11"
"GEO","","TOTAL","MALE","","2019","93.9"
"GEO","","TOTAL","MALE","","2020","113.78"
"GEO","","TOTAL","MALE","","2021","103.12"
"GRC","","TOTAL","MALE","","1968","129.72"
"GRC","","TOTAL","MALE","","1969","118.9"
"GRC","","TOTAL","MALE","","1970","110.43"
"GRC","","TOTAL","MALE","","1971","98.15"
"GRC","","TOTAL","MALE","","1972","98.1"
"GRC","","TOTAL","MALE","","1973","94.7"
"GRC","","TOTAL","MALE","","1974","87.69"
"GRC","","TOTAL","MALE","","1975","105.82"
"GRC","","TOTAL","MALE","","1976","88.95"
"GRC","","TOTAL","MALE","","1977","95.56"
"GRC","","TOTAL","MALE","","1978","72.17"
"GRC","","TOTAL","MALE","","1979","68.39"
"GRC","","TOTAL","MALE","","1980","75.68"
"GRC","","TOTAL","MALE","","1981","69.26"
"GRC","","TOTAL","MALE","","1982","60.22"
"GRC","","TOTAL","MALE","","1983","66.1"
"GRC","","TOTAL","MALE","","1984","56.05"
"GRC","","TOTAL","MALE","","1985","59.03"
"GRC","","TOTAL","MALE","","1986","51.45"
"GRC","","TOTAL","MALE","","1987","50.9"
"GRC","","TOTAL","MALE","","1988","46.72"
"GRC","","TOTAL","MALE","","1989","47.68"
"GRC","","TOTAL","MALE","","1990","48.96"
"GRC","","TOTAL","MALE","","1991","48.91"
"GRC","","TOTAL","MALE","","1992","56.16"
"GRC","","TOTAL","MALE","","1993","50.07"
"GRC","","TOTAL","MALE","","1994","49.02"
"GRC","","TOTAL","MALE","","1995","50.06"
"GRC","","TOTAL","MALE","","1996","49.47"
"GRC","","TOTAL","MALE","","1997","46.3"
"GRC","","TOTAL","MALE","","1998","57.03"
"GRC","","TOTAL","MALE","","1999","59.69"
"GRC","","TOTAL","MALE","","2000","65.29"
"GRC","","TOTAL","MALE","","2001","57.05"
"GRC","","TOTAL","MALE","","2002","58.2"
"GRC","","TOTAL","MALE","","2003","54.4"
"GRC","","TOTAL","MALE","","2004","55.16"
"GRC","","TOTAL","MALE","","2005","58.02"
"GRC","","TOTAL","MALE","","2006","57.85"
"GRC","","TOTAL","MALE","","2007","63.38"
"GRC","","TOTAL","MALE","","2008","62.59"
"GRC","","TOTAL","MALE","","2009","63.44"
"GRC","","TOTAL","MALE","","2010","57.37"
"GRC","","TOTAL","MALE","","2011","54.66"
"GRC","","TOTAL","MALE","","2012","57.98"
"GRC","","TOTAL","MALE","","2014","61.13"
"GRC","","TOTAL","MALE","","2015","65.8"
"GRC","","TOTAL","MALE","","2016","59.77"
"GRC","","TOTAL","MALE","","2017","56.7"
"GRC","","TOTAL","MALE","","2018","51.91"
"GRC","","TOTAL","MALE","","2019","53.73"
"GRC","","TOTAL","MALE","","2020","50.69"
"HRV","","TOTAL","MALE","","1985","96.82"
"HRV","","TOTAL","MALE","","1986","73.74"
"HRV","","TOTAL","MALE","","1987","62.17"
"HRV","","TOTAL","MALE","","1988","55.06"
"HRV","","TOTAL","MALE","","1989","49.87"
"HRV","","TOTAL","MALE","","1990","46.8"
"HRV","","TOTAL","MALE","","1991","57.44"
"HRV","","TOTAL","MALE","","1992","70.89"
"HRV","","TOTAL","MALE","","1993","65.57"
"HRV","","TOTAL","MALE","","1994","70.14"
"HRV","","TOTAL","MALE","","1995","62.59"
"HRV","","TOTAL","MALE","","1996","66.92"
"HRV","","TOTAL","MALE","","1997","73.92"
"HRV","","TOTAL","MALE","","1998","76.25"
"HRV","","TOTAL","MALE","","1999","87.49"
"HRV","","TOTAL","MALE","","2000","69.01"
"HRV","","TOTAL","MALE","","2001","56.58"
"HRV","","TOTAL","MALE","","2002","59.27"
"HRV","","TOTAL","MALE","","2003","73.63"
"HRV","","TOTAL","MALE","","2004","74.27"
"HRV","","TOTAL","MALE","","2005","83.52"
"HRV","","TOTAL","MALE","","2006","64.55"
"HRV","","TOTAL","MALE","","2007","66.38"
"HRV","","TOTAL","MALE","","2008","56.93"
"HRV","","TOTAL","MALE","","2009","54.87"
"HRV","","TOTAL","MALE","","2010","47"
"HRV","","TOTAL","MALE","","2011","48.3"
"HRV","","TOTAL","MALE","","2012","48.01"
"HRV","","TOTAL","MALE","","2013","45.61"
"HRV","","TOTAL","MALE","","2014","47.97"
"HRV","","TOTAL","MALE","","2015","53.26"
"HRV","","TOTAL","MALE","","2016","48.5"
"HRV","","TOTAL","MALE","","2017","56.69"
"HRV","","TOTAL","MALE","","2019","44.46"
"HRV","","TOTAL","MALE","","2020","41"
"HRV","","TOTAL","MALE","","2021","46.79"
"HUN","","TOTAL","MALE","","1969","85.4"
"HUN","","TOTAL","MALE","","1970","84.51"
"HUN","","TOTAL","MALE","","1971","90.05"
"HUN","","TOTAL","MALE","","1972","60.08"
"HUN","","TOTAL","MALE","","1973","72.77"
"HUN","","TOTAL","MALE","","1974","68"
"HUN","","TOTAL","MALE","","1975","98.05"
"HUN","","TOTAL","MALE","","1976","90.11"
"HUN","","TOTAL","MALE","","1977","98.12"
"HUN","","TOTAL","MALE","","1978","109.45"
"HUN","","TOTAL","MALE","","1979","101.82"
"HUN","","TOTAL","MALE","","1980","136.87"
"HUN","","TOTAL","MALE","","1981","115.93"
"HUN","","TOTAL","MALE","","1982","108.51"
"HUN","","TOTAL","MALE","","1983","119.08"
"HUN","","TOTAL","MALE","","1984","107.13"
"HUN","","TOTAL","MALE","","1985","103.87"
"HUN","","TOTAL","MALE","","1986","103.8"
"HUN","","TOTAL","MALE","","1987","85.59"
"HUN","","TOTAL","MALE","","1988","82.65"
"HUN","","TOTAL","MALE","","1989","93.83"
"HUN","","TOTAL","MALE","","1990","91.31"
"HUN","","TOTAL","MALE","","1991","86.83"
"HUN","","TOTAL","MALE","","1992","93.52"
"HUN","","TOTAL","MALE","","1993","96.81"
"HUN","","TOTAL","MALE","","1994","90.71"
"HUN","","TOTAL","MALE","","1995","84.21"
"HUN","","TOTAL","MALE","","1996","78.42"
"HUN","","TOTAL","MALE","","1997","73.93"
"HUN","","TOTAL","MALE","","1998","65.36"
"HUN","","TOTAL","MALE","","1999","79.04"
"HUN","","TOTAL","MALE","","2000","65.86"
"HUN","","TOTAL","MALE","","2001","52.44"
"HUN","","TOTAL","MALE","","2002","56.89"
"HUN","","TOTAL","MALE","","2003","64.59"
"HUN","","TOTAL","MALE","","2004","58.83"
"HUN","","TOTAL","MALE","","2005","72.69"
"HUN","","TOTAL","MALE","","2006","71.12"
"HUN","","TOTAL","MALE","","2007","73.16"
"HUN","","TOTAL","MALE","","2008","67.97"
"HUN","","TOTAL","MALE","","2009","68.05"
"HUN","","TOTAL","MALE","","2010","65"
"HUN","","TOTAL","MALE","","2011","66.35"
"HUN","","TOTAL","MALE","","2012","67.25"
"HUN","","TOTAL","MALE","","2013","67.91"
"HUN","","TOTAL","MALE","","2014","66.37"
"HUN","","TOTAL","MALE","","2015","65.81"
"HUN","","TOTAL","MALE","","2016","66.66"
"HUN","","TOTAL","MALE","","2017","72.5"
"HUN","","TOTAL","MALE","","2018","71.05"
"HUN","","TOTAL","MALE","","2019","71.4"
"IRL","","TOTAL","MALE","","1968","187.08"
"IRL","","TOTAL","MALE","","1969","207.54"
"IRL","","TOTAL","MALE","","1970","228"
"IRL","","TOTAL","MALE","","1971","173.3"
"IRL","","TOTAL","MALE","","1972","202.84"
"IRL","","TOTAL","MALE","","1973","201.85"
"IRL","","TOTAL","MALE","","1974","200.65"
"IRL","","TOTAL","MALE","","1975","179.73"
"IRL","","TOTAL","MALE","","1976","200.37"
"IRL","","TOTAL","MALE","","1977","181.19"
"IRL","","TOTAL","MALE","","1978","190.08"
"IRL","","TOTAL","MALE","","1979","183.6"
"IRL","","TOTAL","MALE","","1980","187.54"
"IRL","","TOTAL","MALE","","1981","190.77"
"IRL","","TOTAL","MALE","","1982","180.31"
"IRL","","TOTAL","MALE","","1983","188.34"
"IRL","","TOTAL","MALE","","1984","175.05"
"IRL","","TOTAL","MALE","","1985","195.02"
"IRL","","TOTAL","MALE","","1986","196.57"
"IRL","","TOTAL","MALE","","1987","153.83"
"IRL","","TOTAL","MALE","","1988","164.08"
"IRL","","TOTAL","MALE","","1989","172.21"
"IRL","","TOTAL","MALE","","1990","175.46"
"IRL","","TOTAL","MALE","","1991","159.52"
"IRL","","TOTAL","MALE","","1992","148.72"
"IRL","","TOTAL","MALE","","1993","158.72"
"IRL","","TOTAL","MALE","","1994","157.67"
"IRL","","TOTAL","MALE","","1995","170.31"
"IRL","","TOTAL","MALE","","1996","155.44"
"IRL","","TOTAL","MALE","","1997","159.65"
"IRL","","TOTAL","MALE","","1998","156.23"
"IRL","","TOTAL","MALE","","1999","167.25"
"IRL","","TOTAL","MALE","","2000","148.68"
"IRL","","TOTAL","MALE","","2001","135.49"
"IRL","","TOTAL","MALE","","2002","129.54"
"IRL","","TOTAL","MALE","","2003","128.66"
"IRL","","TOTAL","MALE","","2004","112.56"
"IRL","","TOTAL","MALE","","2005","101.97"
"IRL","","TOTAL","MALE","","2006","103.81"
"IRL","","TOTAL","MALE","","2007","83.32"
"IRL","","TOTAL","MALE","","2008","84.15"
"IRL","","TOTAL","MALE","","2009","88.87"
"IRL","","TOTAL","MALE","","2010","73.56"
"IRL","","TOTAL","MALE","","2011","75.54"
"IRL","","TOTAL","MALE","","2012","75.61"
"IRL","","TOTAL","MALE","","2013","73.5"
"IRL","","TOTAL","MALE","","2015","75.34"
"IRL","","TOTAL","MALE","","2018","67.61"
"ISL","","TOTAL","MALE","","1971","111.68"
"ISL","","TOTAL","MALE","","1972","138.85"
"ISL","","TOTAL","MALE","","1973","93.56"
"ISL","","TOTAL","MALE","","1974","78.45"
"ISL","","TOTAL","MALE","","1975","115.7"
"ISL","","TOTAL","MALE","","1976","83.81"
"ISL","","TOTAL","MALE","","1977","82.21"
"ISL","","TOTAL","MALE","","1978","90.28"
"ISL","","TOTAL","MALE","","1979","85.11"
"ISL","","TOTAL","MALE","","1980","90.73"
"ISL","","TOTAL","MALE","","1981","104.35"
"ISL","","TOTAL","MALE","","1982","73.01"
"ISL","","TOTAL","MALE","","1983","80.19"
"ISL","","TOTAL","MALE","","1984","85.19"
"ISL","","TOTAL","MALE","","1985","81.07"
"ISL","","TOTAL","MALE","","1986","74.38"
"ISL","","TOTAL","MALE","","1987","81.43"
"ISL","","TOTAL","MALE","","1988","105.96"
"ISL","","TOTAL","MALE","","1989","69.86"
"ISL","","TOTAL","MALE","","1990","78.43"
"ISL","","TOTAL","MALE","","1991","76.11"
"ISL","","TOTAL","MALE","","1992","82.16"
"ISL","","TOTAL","MALE","","1993","80.51"
"ISL","","TOTAL","MALE","","1994","73.65"
"ISL","","TOTAL","MALE","","1995","80.96"
"ISL","","TOTAL","MALE","","1996","91.77"
"ISL","","TOTAL","MALE","","1997","69.54"
"ISL","","TOTAL","MALE","","1998","58.84"
"ISL","","TOTAL","MALE","","1999","60.9"
"ISL","","TOTAL","MALE","","2000","46.95"
"ISL","","TOTAL","MALE","","2001","48.74"
"ISL","","TOTAL","MALE","","2002","49.22"
"ISL","","TOTAL","MALE","","2003","48.91"
"ISL","","TOTAL","MALE","","2004","39.82"
"ISL","","TOTAL","MALE","","2005","54.99"
"ISL","","TOTAL","MALE","","2006","44.84"
"ISL","","TOTAL","MALE","","2007","41.17"
"ISL","","TOTAL","MALE","","2008","46.34"
"ISL","","TOTAL","MALE","","2009","39.94"
"ISL","","TOTAL","MALE","","2010","47.37"
"ISL","","TOTAL","MALE","","2011","41.38"
"ISL","","TOTAL","MALE","","2012","27.81"
"ISL","","TOTAL","MALE","","2013","41.77"
"ISL","","TOTAL","MALE","","2014","35.05"
"ISL","","TOTAL","MALE","","2015","31.09"
"ISL","","TOTAL","MALE","","2016","40.25"
"ISL","","TOTAL","MALE","","2017","46.7"
"ISL","","TOTAL","MALE","","2018","44.32"
"ISL","","TOTAL","MALE","","2019","30.39"
"ISL","","TOTAL","MALE","","2020","36.59"
"ISL","","TOTAL","MALE","","2021","33.65"
"ISR","","TOTAL","MALE","","1975","73.99"
"ISR","","TOTAL","MALE","","1976","63.56"
"ISR","","TOTAL","MALE","","1977","71.08"
"ISR","","TOTAL","MALE","","1978","70.73"
"ISR","","TOTAL","MALE","","1979","67.17"
"ISR","","TOTAL","MALE","","1980","80.22"
"ISR","","TOTAL","MALE","","1981","70.79"
"ISR","","TOTAL","MALE","","1982","92.91"
"ISR","","TOTAL","MALE","","1983","71.15"
"ISR","","TOTAL","MALE","","1984","70.68"
"ISR","","TOTAL","MALE","","1985","76.73"
"ISR","","TOTAL","MALE","","1986","74.69"
"ISR","","TOTAL","MALE","","1987","73.78"
"ISR","","TOTAL","MALE","","1988","66.75"
"ISR","","TOTAL","MALE","","1989","64.09"
"ISR","","TOTAL","MALE","","1990","65.52"
"ISR","","TOTAL","MALE","","1991","58.98"
"ISR","","TOTAL","MALE","","1992","64.03"
"ISR","","TOTAL","MALE","","1993","46.74"
"ISR","","TOTAL","MALE","","1994","31.9"
"ISR","","TOTAL","MALE","","1995","36.64"
"ISR","","TOTAL","MALE","","1996","51.41"
"ISR","","TOTAL","MALE","","1997","57"
"ISR","","TOTAL","MALE","","1998","48.54"
"ISR","","TOTAL","MALE","","1999","57.3"
"ISR","","TOTAL","MALE","","2000","59.32"
"ISR","","TOTAL","MALE","","2001","48.28"
"ISR","","TOTAL","MALE","","2002","51.83"
"ISR","","TOTAL","MALE","","2003","48.39"
"ISR","","TOTAL","MALE","","2004","48.48"
"ISR","","TOTAL","MALE","","2005","50.72"
"ISR","","TOTAL","MALE","","2006","48.21"
"ISR","","TOTAL","MALE","","2007","53.13"
"ISR","","TOTAL","MALE","","2008","50.6"
"ISR","","TOTAL","MALE","","2009","44.78"
"ISR","","TOTAL","MALE","","2010","41.71"
"ISR","","TOTAL","MALE","","2011","44.04"
"ISR","","TOTAL","MALE","","2012","45.68"
"ISR","","TOTAL","MALE","","2013","42.71"
"ISR","","TOTAL","MALE","","2014","45.17"
"ISR","","TOTAL","MALE","","2015","46.36"
"ISR","","TOTAL","MALE","","2016","43.37"
"ISR","","TOTAL","MALE","","2017","45.8"
"ISR","","TOTAL","MALE","","2018","46.5"
"ISR","","TOTAL","MALE","","2019","50.22"
"ISR","","TOTAL","MALE","","2020","46.49"
"ISR","","TOTAL","MALE","","2021","47.6"
"ITA","","TOTAL","MALE","","1968","150.88"
"ITA","","TOTAL","MALE","","1969","161.63"
"ITA","","TOTAL","MALE","","1970","137.15"
"ITA","","TOTAL","MALE","","1971","115.17"
"ITA","","TOTAL","MALE","","1972","120"
"ITA","","TOTAL","MALE","","1973","128.4"
"ITA","","TOTAL","MALE","","1974","105.45"
"ITA","","TOTAL","MALE","","1975","124.3"
"ITA","","TOTAL","MALE","","1976","109.54"
"ITA","","TOTAL","MALE","","1977","109.63"
"ITA","","TOTAL","MALE","","1978","97.28"
"ITA","","TOTAL","MALE","","1979","94.7"
"ITA","","TOTAL","MALE","","1980","97.41"
"ITA","","TOTAL","MALE","","1981","96.32"
"ITA","","TOTAL","MALE","","1982","88.51"
"ITA","","TOTAL","MALE","","1983","100.4"
"ITA","","TOTAL","MALE","","1984","87.81"
"ITA","","TOTAL","MALE","","1985","90.46"
"ITA","","TOTAL","MALE","","1986","89.83"
"ITA","","TOTAL","MALE","","1987","78.79"
"ITA","","TOTAL","MALE","","1988","77.81"
"ITA","","TOTAL","MALE","","1989","73.26"
"ITA","","TOTAL","MALE","","1990","75.18"
"ITA","","TOTAL","MALE","","1991","69.78"
"ITA","","TOTAL","MALE","","1992","65.1"
"ITA","","TOTAL","MALE","","1993","62.94"
"ITA","","TOTAL","MALE","","1994","63.98"
"ITA","","TOTAL","MALE","","1995","63.36"
"ITA","","TOTAL","MALE","","1996","57.84"
"ITA","","TOTAL","MALE","","1997","61.07"
"ITA","","TOTAL","MALE","","1998","60.94"
"ITA","","TOTAL","MALE","","1999","61.87"
"ITA","","TOTAL","MALE","","2000","58.81"
"ITA","","TOTAL","MALE","","2001","51.6"
"ITA","","TOTAL","MALE","","2002","52.26"
"ITA","","TOTAL","MALE","","2003","57.2"
"ITA","","TOTAL","MALE","","2004","48.94"
"ITA","","TOTAL","MALE","","2005","54.03"
"ITA","","TOTAL","MALE","","2006","46.14"
"ITA","","TOTAL","MALE","","2007","46.36"
"ITA","","TOTAL","MALE","","2008","44.2"
"ITA","","TOTAL","MALE","","2009","45.21"
"ITA","","TOTAL","MALE","","2010","42.4"
"ITA","","TOTAL","MALE","","2011","43.48"
"ITA","","TOTAL","MALE","","2012","43.9"
"ITA","","TOTAL","MALE","","2013","40.5"
"ITA","","TOTAL","MALE","","2014","39.21"
"ITA","","TOTAL","MALE","","2015","43.25"
"ITA","","TOTAL","MALE","","2016","41.13"
"ITA","","TOTAL","MALE","","2017","44.59"
"ITA","","TOTAL","MALE","","2018","42.9"
"ITA","","TOTAL","MALE","","2019","42.7"
"ITA","","TOTAL","MALE","","2020","46.86"
"KAZ","","TOTAL","MALE","","1981","218.34"
"KAZ","","TOTAL","MALE","","1982","208.65"
"KAZ","","TOTAL","MALE","","1985","214.24"
"KAZ","","TOTAL","MALE","","1986","185.49"
"KAZ","","TOTAL","MALE","","1987","174.68"
"KAZ","","TOTAL","MALE","","1988","175.85"
"KAZ","","TOTAL","MALE","","1989","172.56"
"KAZ","","TOTAL","MALE","","1990","158.87"
"KAZ","","TOTAL","MALE","","1991","163.91"
"KAZ","","TOTAL","MALE","","1992","162.7"
"KAZ","","TOTAL","MALE","","1993","191.4"
"KAZ","","TOTAL","MALE","","1994","208.22"
"KAZ","","TOTAL","MALE","","1995","219.93"
"KAZ","","TOTAL","MALE","","1996","212.46"
"KAZ","","TOTAL","MALE","","1997","191.84"
"KAZ","","TOTAL","MALE","","1998","180.93"
"KAZ","","TOTAL","MALE","","1999","168.31"
"KAZ","","TOTAL","MALE","","2000","176.45"
"KAZ","","TOTAL","MALE","","2001","153.19"
"KAZ","","TOTAL","MALE","","2002","158.05"
"KAZ","","TOTAL","MALE","","2003","164.49"
"KAZ","","TOTAL","MALE","","2004","137.8"
"KAZ","","TOTAL","MALE","","2005","135.24"
"KAZ","","TOTAL","MALE","","2006","123.58"
"KAZ","","TOTAL","MALE","","2007","125.33"
"KAZ","","TOTAL","MALE","","2008","112.48"
"KAZ","","TOTAL","MALE","","2009","107.92"
"KAZ","","TOTAL","MALE","","2010","98.81"
"KAZ","","TOTAL","MALE","","2011","115.52"
"KAZ","","TOTAL","MALE","","2012","130.32"
"KAZ","","TOTAL","MALE","","2013","211.39"
"KAZ","","TOTAL","MALE","","2014","213.6"
"KAZ","","TOTAL","MALE","","2015","235.71"
"KAZ","","TOTAL","MALE","","2016","231.13"
"KAZ","","TOTAL","MALE","","2017","206.36"
"KAZ","","TOTAL","MALE","","2018","186.62"
"KAZ","","TOTAL","MALE","","2019","188.68"
"KAZ","","TOTAL","MALE","","2020","250.33"
"KAZ","","TOTAL","MALE","","2021","217.69"
"KGZ","","TOTAL","MALE","","1981","316.25"
"KGZ","","TOTAL","MALE","","1982","288.54"
"KGZ","","TOTAL","MALE","","1985","324.07"
"KGZ","","TOTAL","MALE","","1986","249.15"
"KGZ","","TOTAL","MALE","","1987","241.87"
"KGZ","","TOTAL","MALE","","1988","264.61"
"KGZ","","TOTAL","MALE","","1989","248.71"
"KGZ","","TOTAL","MALE","","1990","226.07"
"KGZ","","TOTAL","MALE","","1991","217.8"
"KGZ","","TOTAL","MALE","","1992","221.72"
"KGZ","","TOTAL","MALE","","1993","231.02"
"KGZ","","TOTAL","MALE","","1994","266.61"
"KGZ","","TOTAL","MALE","","1995","265.82"
"KGZ","","TOTAL","MALE","","1996","235.95"
"KGZ","","TOTAL","MALE","","1997","244.52"
"KGZ","","TOTAL","MALE","","1998","228.15"
"KGZ","","TOTAL","MALE","","1999","214.41"
"KGZ","","TOTAL","MALE","","2000","210.83"
"KGZ","","TOTAL","MALE","","2001","184.58"
"KGZ","","TOTAL","MALE","","2002","206.84"
"KGZ","","TOTAL","MALE","","2003","228.85"
"KGZ","","TOTAL","MALE","","2004","184.59"
"KGZ","","TOTAL","MALE","","2005","187.62"
"KGZ","","TOTAL","MALE","","2006","193.1"
"KGZ","","TOTAL","MALE","","2007","162.43"
"KGZ","","TOTAL","MALE","","2008","155.94"
"KGZ","","TOTAL","MALE","","2009","142.12"
"KGZ","","TOTAL","MALE","","2010","130.76"
"KGZ","","TOTAL","MALE","","2011","119.2"
"KGZ","","TOTAL","MALE","","2012","112.06"
"KGZ","","TOTAL","MALE","","2013","90.36"
"KGZ","","TOTAL","MALE","","2014","95.23"
"KGZ","","TOTAL","MALE","","2015","75.75"
"KGZ","","TOTAL","MALE","","2016","79.25"
"LTU","","TOTAL","MALE","","1981","128.96"
"LTU","","TOTAL","MALE","","1982","120.34"
"LTU","","TOTAL","MALE","","1985","129.24"
"LTU","","TOTAL","MALE","","1986","101.28"
"LTU","","TOTAL","MALE","","1987","92.36"
"LTU","","TOTAL","MALE","","1988","93.15"
"LTU","","TOTAL","MALE","","1989","87.38"
"LTU","","TOTAL","MALE","","1990","84.89"
"LTU","","TOTAL","MALE","","1991","81.4"
"LTU","","TOTAL","MALE","","1992","73.32"
"LTU","","TOTAL","MALE","","1993","86.75"
"LTU","","TOTAL","MALE","","1994","87.92"
"LTU","","TOTAL","MALE","","1995","84.65"
"LTU","","TOTAL","MALE","","1996","79.35"
"LTU","","TOTAL","MALE","","1997","75.44"
"LTU","","TOTAL","MALE","","1998","80.39"
"LTU","","TOTAL","MALE","","1999","73.24"
"LTU","","TOTAL","MALE","","2000","74.02"
"LTU","","TOTAL","MALE","","2001","72.81"
"LTU","","TOTAL","MALE","","2002","74.88"
"LTU","","TOTAL","MALE","","2003","76.4"
"LTU","","TOTAL","MALE","","2004","77.37"
"LTU","","TOTAL","MALE","","2005","81.47"
"LTU","","TOTAL","MALE","","2006","80.48"
"LTU","","TOTAL","MALE","","2007","90.6"
"LTU","","TOTAL","MALE","","2008","76.22"
"LTU","","TOTAL","MALE","","2009","68.53"
"LTU","","TOTAL","MALE","","2010","56.63"
"LTU","","TOTAL","MALE","","2011","55.7"
"LTU","","TOTAL","MALE","","2012","53.96"
"LTU","","TOTAL","MALE","","2013","60.45"
"LTU","","TOTAL","MALE","","2014","49.7"
"LTU","","TOTAL","MALE","","2015","53.92"
"LTU","","TOTAL","MALE","","2016","50.79"
"LTU","","TOTAL","MALE","","2017","50.35"
"LTU","","TOTAL","MALE","","2018","53.4"
"LTU","","TOTAL","MALE","","2019","45.38"
"LTU","","TOTAL","MALE","","2020","47.55"
"LTU","","TOTAL","MALE","","2021","39.46"
"LTU","","TOTAL","MALE","","2022","41.97"
"LUX","","TOTAL","MALE","","1971","83.12"
"LUX","","TOTAL","MALE","","1972","88.07"
"LUX","","TOTAL","MALE","","1973","101.17"
"LUX","","TOTAL","MALE","","1974","101.82"
"LUX","","TOTAL","MALE","","1975","90.79"
"LUX","","TOTAL","MALE","","1976","86.5"
"LUX","","TOTAL","MALE","","1977","64.53"
"LUX","","TOTAL","MALE","","1978","73.97"
"LUX","","TOTAL","MALE","","1979","71.25"
"LUX","","TOTAL","MALE","","1980","70.59"
"LUX","","TOTAL","MALE","","1981","85.35"
"LUX","","TOTAL","MALE","","1982","63.92"
"LUX","","TOTAL","MALE","","1983","85.32"
"LUX","","TOTAL","MALE","","1984","92.52"
"LUX","","TOTAL","MALE","","1985","86.9"
"LUX","","TOTAL","MALE","","1986","93.41"
"LUX","","TOTAL","MALE","","1987","93.17"
"LUX","","TOTAL","MALE","","1988","87.9"
"LUX","","TOTAL","MALE","","1989","82.46"
"LUX","","TOTAL","MALE","","1990","85.84"
"LUX","","TOTAL","MALE","","1991","81.74"
"LUX","","TOTAL","MALE","","1992","87.51"
"LUX","","TOTAL","MALE","","1993","82.42"
"LUX","","TOTAL","MALE","","1994","86.19"
"LUX","","TOTAL","MALE","","1995","81.34"
"LUX","","TOTAL","MALE","","1996","78.85"
"LUX","","TOTAL","MALE","","1997","76.66"
"LUX","","TOTAL","MALE","","1998","90.85"
"LUX","","TOTAL","MALE","","1999","90.1"
"LUX","","TOTAL","MALE","","2000","75.54"
"LUX","","TOTAL","MALE","","2001","79.42"
"LUX","","TOTAL","MALE","","2002","84.85"
"LUX","","TOTAL","MALE","","2003","100.2"
"LUX","","TOTAL","MALE","","2004","78.08"
"LUX","","TOTAL","MALE","","2005","65.53"
"LUX","","TOTAL","MALE","","2006","58.26"
"LUX","","TOTAL","MALE","","2007","59.95"
"LUX","","TOTAL","MALE","","2008","54.1"
"LUX","","TOTAL","MALE","","2009","58.65"
"LUX","","TOTAL","MALE","","2010","46.93"
"LUX","","TOTAL","MALE","","2011","50.51"
"LUX","","TOTAL","MALE","","2012","43.12"
"LUX","","TOTAL","MALE","","2013","43.22"
"LUX","","TOTAL","MALE","","2014","39.79"
"LUX","","TOTAL","MALE","","2015","42.41"
"LUX","","TOTAL","MALE","","2016","41.56"
"LUX","","TOTAL","MALE","","2017","45.77"
"LUX","","TOTAL","MALE","","2018","47.99"
"LUX","","TOTAL","MALE","","2019","47.58"
"LUX","","TOTAL","MALE","","2020","42.92"
"LUX","","TOTAL","MALE","","2021","36.66"
"LUX","","TOTAL","MALE","","2022","38.67"
"LVA","","TOTAL","MALE","","1980","93.36"
"LVA","","TOTAL","MALE","","1981","94.03"
"LVA","","TOTAL","MALE","","1982","87.45"
"LVA","","TOTAL","MALE","","1983","84.32"
"LVA","","TOTAL","MALE","","1984","97.47"
"LVA","","TOTAL","MALE","","1985","91.08"
"LVA","","TOTAL","MALE","","1986","74.8"
"LVA","","TOTAL","MALE","","1987","67.83"
"LVA","","TOTAL","MALE","","1988","67.27"
"LVA","","TOTAL","MALE","","1989","62.4"
"LVA","","TOTAL","MALE","","1990","75.91"
"LVA","","TOTAL","MALE","","1991","64.33"
"LVA","","TOTAL","MALE","","1992","61.34"
"LVA","","TOTAL","MALE","","1993","72.49"
"LVA","","TOTAL","MALE","","1994","93.15"
"LVA","","TOTAL","MALE","","1995","89.09"
"LVA","","TOTAL","MALE","","1996","63.54"
"LVA","","TOTAL","MALE","","1997","62.1"
"LVA","","TOTAL","MALE","","1998","57.75"
"LVA","","TOTAL","MALE","","1999","54.78"
"LVA","","TOTAL","MALE","","2000","54.3"
"LVA","","TOTAL","MALE","","2001","53.41"
"LVA","","TOTAL","MALE","","2002","59.77"
"LVA","","TOTAL","MALE","","2003","55.06"
"LVA","","TOTAL","MALE","","2004","55.66"
"LVA","","TOTAL","MALE","","2005","65.64"
"LVA","","TOTAL","MALE","","2006","63.36"
"LVA","","TOTAL","MALE","","2007","60.47"
"LVA","","TOTAL","MALE","","2008","49.61"
"LVA","","TOTAL","MALE","","2009","41.7"
"LVA","","TOTAL","MALE","","2010","44.04"
"LVA","","TOTAL","MALE","","2011","47.51"
"LVA","","TOTAL","MALE","","2012","46.79"
"LVA","","TOTAL","MALE","","2013","49.84"
"LVA","","TOTAL","MALE","","2014","44.14"
"LVA","","TOTAL","MALE","","2015","43.78"
"LVA","","TOTAL","MALE","","2016","46.35"
"LVA","","TOTAL","MALE","","2017","47.4"
"LVA","","TOTAL","MALE","","2018","52.46"
"LVA","","TOTAL","MALE","","2019","44.04"
"LVA","","TOTAL","MALE","","2020","40.48"
"LVA","","TOTAL","MALE","","2021","45.38"
"MDA","","TOTAL","MALE","","1981","169.79"
"MDA","","TOTAL","MALE","","1982","157.67"
"MDA","","TOTAL","MALE","","1985","194.54"
"MDA","","TOTAL","MALE","","1986","152.36"
"MDA","","TOTAL","MALE","","1987","134.6"
"MDA","","TOTAL","MALE","","1988","137.79"
"MDA","","TOTAL","MALE","","1989","120.99"
"MDA","","TOTAL","MALE","","1990","119.26"
"MDA","","TOTAL","MALE","","1991","115.04"
"MDA","","TOTAL","MALE","","1992","102.42"
"MDA","","TOTAL","MALE","","1993","108.66"
"MDA","","TOTAL","MALE","","1994","135.53"
"MDA","","TOTAL","MALE","","1995","149.48"
"MDA","","TOTAL","MALE","","1996","139.92"
"MDA","","TOTAL","MALE","","1997","139.28"
"MDA","","TOTAL","MALE","","1998","128.67"
"MDA","","TOTAL","MALE","","1999","142.86"
"MDA","","TOTAL","MALE","","2000","134.41"
"MDA","","TOTAL","MALE","","2001","128.13"
"MDA","","TOTAL","MALE","","2002","147.87"
"MDA","","TOTAL","MALE","","2003","154.94"
"MDA","","TOTAL","MALE","","2004","132.87"
"MDA","","TOTAL","MALE","","2005","150.31"
"MDA","","TOTAL","MALE","","2006","132.65"
"MDA","","TOTAL","MALE","","2007","123.57"
"MDA","","TOTAL","MALE","","2008","123.26"
"MDA","","TOTAL","MALE","","2009","112.12"
"MDA","","TOTAL","MALE","","2010","115.47"
"MDA","","TOTAL","MALE","","2011","90.62"
"MDA","","TOTAL","MALE","","2012","86.14"
"MDA","","TOTAL","MALE","","2013","82"
"MDA","","TOTAL","MALE","","2014","79.99"
"MDA","","TOTAL","MALE","","2015","84.68"
"MDA","","TOTAL","MALE","","2016","77.53"
"MDA","","TOTAL","MALE","","2017","71.96"
"MDA","","TOTAL","MALE","","2018","69.49"
"MKD","","TOTAL","MALE","","1991","78.98"
"MKD","","TOTAL","MALE","","1992","72.15"
"MKD","","TOTAL","MALE","","1993","62.69"
"MKD","","TOTAL","MALE","","1994","56.24"
"MKD","","TOTAL","MALE","","1995","61.41"
"MKD","","TOTAL","MALE","","1996","62.91"
"MKD","","TOTAL","MALE","","1997","65.48"
"MKD","","TOTAL","MALE","","1998","44.48"
"MKD","","TOTAL","MALE","","1999","45.24"
"MKD","","TOTAL","MALE","","2000","49.53"
"MKD","","TOTAL","MALE","","2001","43.2"
"MKD","","TOTAL","MALE","","2002","45.09"
"MKD","","TOTAL","MALE","","2003","54.75"
"MKD","","TOTAL","MALE","","2004","52.87"
"MKD","","TOTAL","MALE","","2005","51.87"
"MKD","","TOTAL","MALE","","2006","48.43"
"MKD","","TOTAL","MALE","","2007","48.3"
"MKD","","TOTAL","MALE","","2008","49.45"
"MKD","","TOTAL","MALE","","2009","42.26"
"MKD","","TOTAL","MALE","","2010","44.09"
"MKD","","TOTAL","MALE","","2011","47.44"
"MKD","","TOTAL","MALE","","2012","50.72"
"MKD","","TOTAL","MALE","","2013","38.88"
"MKD","","TOTAL","MALE","","2015","43.31"
"MKD","","TOTAL","MALE","","2016","50.98"
"MKD","","TOTAL","MALE","","2017","49.64"
"MKD","","TOTAL","MALE","","2018","44.28"
"MKD","","TOTAL","MALE","","2019","38.35"
"MKD","","TOTAL","MALE","","2020","81.39"
"MKD","","TOTAL","MALE","","2021","56.72"
"MLT","","TOTAL","MALE","","1968","94.02"
"MLT","","TOTAL","MALE","","1969","132.16"
"MLT","","TOTAL","MALE","","1970","124.45"
"MLT","","TOTAL","MALE","","1971","108.92"
"MLT","","TOTAL","MALE","","1972","100.28"
"MLT","","TOTAL","MALE","","1973","151.36"
"MLT","","TOTAL","MALE","","1974","131.38"
"MLT","","TOTAL","MALE","","1975","144.44"
"MLT","","TOTAL","MALE","","1976","167.54"
"MLT","","TOTAL","MALE","","1977","95.64"
"MLT","","TOTAL","MALE","","1978","106.4"
"MLT","","TOTAL","MALE","","1979","78.12"
"MLT","","TOTAL","MALE","","1980","96.42"
"MLT","","TOTAL","MALE","","1981","123.54"
"MLT","","TOTAL","MALE","","1982","88.89"
"MLT","","TOTAL","MALE","","1983","61.65"
"MLT","","TOTAL","MALE","","1984","61.08"
"MLT","","TOTAL","MALE","","1985","82.43"
"MLT","","TOTAL","MALE","","1986","71.11"
"MLT","","TOTAL","MALE","","1987","67.19"
"MLT","","TOTAL","MALE","","1988","120.09"
"MLT","","TOTAL","MALE","","1989","89.82"
"MLT","","TOTAL","MALE","","1990","110.38"
"MLT","","TOTAL","MALE","","1991","103.17"
"MLT","","TOTAL","MALE","","1992","110.14"
"MLT","","TOTAL","MALE","","1993","100.09"
"MLT","","TOTAL","MALE","","1994","94.07"
"MLT","","TOTAL","MALE","","1995","96.26"
"MLT","","TOTAL","MALE","","1996","101.16"
"MLT","","TOTAL","MALE","","1997","110.05"
"MLT","","TOTAL","MALE","","1998","112.42"
"MLT","","TOTAL","MALE","","1999","113.13"
"MLT","","TOTAL","MALE","","2000","104.89"
"MLT","","TOTAL","MALE","","2001","110.6"
"MLT","","TOTAL","MALE","","2002","126.19"
"MLT","","TOTAL","MALE","","2003","103.17"
"MLT","","TOTAL","MALE","","2004","98.12"
"MLT","","TOTAL","MALE","","2005","93.96"
"MLT","","TOTAL","MALE","","2006","80.63"
"MLT","","TOTAL","MALE","","2007","78.21"
"MLT","","TOTAL","MALE","","2008","74.55"
"MLT","","TOTAL","MALE","","2009","79.67"
"MLT","","TOTAL","MALE","","2010","69.67"
"MLT","","TOTAL","MALE","","2011","49.34"
"MLT","","TOTAL","MALE","","2012","58.87"
"MLT","","TOTAL","MALE","","2013","70.63"
"MLT","","TOTAL","MALE","","2014","59.9"
"MLT","","TOTAL","MALE","","2015","63.75"
"MLT","","TOTAL","MALE","","2016","56.81"
"MLT","","TOTAL","MALE","","2017","62.59"
"MNE","","TOTAL","MALE","","2000","52.33"
"MNE","","TOTAL","MALE","","2001","57.06"
"MNE","","TOTAL","MALE","","2002","54.71"
"MNE","","TOTAL","MALE","","2003","54.82"
"MNE","","TOTAL","MALE","","2004","53.84"
"MNE","","TOTAL","MALE","","2005","49.54"
"MNE","","TOTAL","MALE","","2006","55.73"
"MNE","","TOTAL","MALE","","2007","45.97"
"MNE","","TOTAL","MALE","","2008","46.33"
"MNE","","TOTAL","MALE","","2009","53.86"
"MNE","","TOTAL","MALE","","2017","43.44"
"MNE","","TOTAL","MALE","","2019","54.62"
"NLD","","TOTAL","MALE","","1969","100"
"NLD","","TOTAL","MALE","","1970","98.59"
"NLD","","TOTAL","MALE","","1971","89.19"
"NLD","","TOTAL","MALE","","1972","95.17"
"NLD","","TOTAL","MALE","","1973","96.16"
"NLD","","TOTAL","MALE","","1974","82.52"
"NLD","","TOTAL","MALE","","1975","90.36"
"NLD","","TOTAL","MALE","","1976","91.13"
"NLD","","TOTAL","MALE","","1977","83.06"
"NLD","","TOTAL","MALE","","1978","91.79"
"NLD","","TOTAL","MALE","","1979","78.86"
"NLD","","TOTAL","MALE","","1980","76.84"
"NLD","","TOTAL","MALE","","1981","77.45"
"NLD","","TOTAL","MALE","","1982","83.02"
"NLD","","TOTAL","MALE","","1983","85.03"
"NLD","","TOTAL","MALE","","1984","86.33"
"NLD","","TOTAL","MALE","","1985","91.08"
"NLD","","TOTAL","MALE","","1986","94.99"
"NLD","","TOTAL","MALE","","1987","85.73"
"NLD","","TOTAL","MALE","","1988","84.22"
"NLD","","TOTAL","MALE","","1989","98.03"
"NLD","","TOTAL","MALE","","1990","95.5"
"NLD","","TOTAL","MALE","","1991","94.16"
"NLD","","TOTAL","MALE","","1992","85.44"
"NLD","","TOTAL","MALE","","1993","109.2"
"NLD","","TOTAL","MALE","","1994","92.27"
"NLD","","TOTAL","MALE","","1995","99.67"
"NLD","","TOTAL","MALE","","1996","101.07"
"NLD","","TOTAL","MALE","","1997","98.56"
"NLD","","TOTAL","MALE","","1998","101.95"
"NLD","","TOTAL","MALE","","1999","100.05"
"NLD","","TOTAL","MALE","","2000","100.87"
"NLD","","TOTAL","MALE","","2001","90.6"
"NLD","","TOTAL","MALE","","2002","89.62"
"NLD","","TOTAL","MALE","","2003","90.79"
"NLD","","TOTAL","MALE","","2004","79.54"
"NLD","","TOTAL","MALE","","2005","85.16"
"NLD","","TOTAL","MALE","","2006","79.44"
"NLD","","TOTAL","MALE","","2007","77.64"
"NLD","","TOTAL","MALE","","2008","74.24"
"NLD","","TOTAL","MALE","","2009","73.01"
"NLD","","TOTAL","MALE","","2010","65.37"
"NLD","","TOTAL","MALE","","2011","63.87"
"NLD","","TOTAL","MALE","","2012","67.52"
"NLD","","TOTAL","MALE","","2013","55.84"
"NLD","","TOTAL","MALE","","2014","45.94"
"NLD","","TOTAL","MALE","","2015","51.85"
"NLD","","TOTAL","MALE","","2016","48.24"
"NLD","","TOTAL","MALE","","2017","48.49"
"NLD","","TOTAL","MALE","","2018","47.33"
"NLD","","TOTAL","MALE","","2019","41.89"
"NLD","","TOTAL","MALE","","2020","36.1"
"NLD","","TOTAL","MALE","","2021","35.59"
"NLD","","TOTAL","MALE","","2022","41.48"
"NOR","","TOTAL","MALE","","1969","100.92"
"NOR","","TOTAL","MALE","","1970","102.14"
"NOR","","TOTAL","MALE","","1971","87.57"
"NOR","","TOTAL","MALE","","1972","99.07"
"NOR","","TOTAL","MALE","","1973","89.79"
"NOR","","TOTAL","MALE","","1974","95.52"
"NOR","","TOTAL","MALE","","1975","101.34"
"NOR","","TOTAL","MALE","","1976","104.33"
"NOR","","TOTAL","MALE","","1977","93.82"
"NOR","","TOTAL","MALE","","1978","88.05"
"NOR","","TOTAL","MALE","","1979","95.65"
"NOR","","TOTAL","MALE","","1980","88.28"
"NOR","","TOTAL","MALE","","1981","92.44"
"NOR","","TOTAL","MALE","","1982","82.81"
"NOR","","TOTAL","MALE","","1983","85.64"
"NOR","","TOTAL","MALE","","1984","86.59"
"NOR","","TOTAL","MALE","","1985","94.66"
"NOR","","TOTAL","MALE","","1986","80.38"
"NOR","","TOTAL","MALE","","1987","78.36"
"NOR","","TOTAL","MALE","","1988","88.01"
"NOR","","TOTAL","MALE","","1989","89.29"
"NOR","","TOTAL","MALE","","1990","92.36"
"NOR","","TOTAL","MALE","","1991","83.26"
"NOR","","TOTAL","MALE","","1992","86.36"
"NOR","","TOTAL","MALE","","1993","100.28"
"NOR","","TOTAL","MALE","","1994","82.47"
"NOR","","TOTAL","MALE","","1995","91.87"
"NOR","","TOTAL","MALE","","1996","71.89"
"NOR","","TOTAL","MALE","","1997","71.84"
"NOR","","TOTAL","MALE","","1998","67.34"
"NOR","","TOTAL","MALE","","1999","76.3"
"NOR","","TOTAL","MALE","","2000","74.5"
"NOR","","TOTAL","MALE","","2001","74.04"
"NOR","","TOTAL","MALE","","2002","75.53"
"NOR","","TOTAL","MALE","","2003","66.4"
"NOR","","TOTAL","MALE","","2004","59.18"
"NOR","","TOTAL","MALE","","2005","67.76"
"NOR","","TOTAL","MALE","","2006","63.17"
"NOR","","TOTAL","MALE","","2007","65.8"
"NOR","","TOTAL","MALE","","2008","65.81"
"NOR","","TOTAL","MALE","","2009","62.02"
"NOR","","TOTAL","MALE","","2010","57.27"
"NOR","","TOTAL","MALE","","2011","58.98"
"NOR","","TOTAL","MALE","","2012","59.62"
"NOR","","TOTAL","MALE","","2013","55.31"
"NOR","","TOTAL","MALE","","2014","52.77"
"NOR","","TOTAL","MALE","","2015","57.09"
"NOR","","TOTAL","MALE","","2016","55.69"
"","NORDIC","TOTAL","MALE","","1969","106.94"
"","NORDIC","TOTAL","MALE","","1970","94.3"
"","NORDIC","TOTAL","MALE","","1971","91.64"
"","NORDIC","TOTAL","MALE","","1972","86.74"
"","NORDIC","TOTAL","MALE","","1973","84.46"
"","NORDIC","TOTAL","MALE","","1974","90.1"
"","NORDIC","TOTAL","MALE","","1975","90.14"
"","NORDIC","TOTAL","MALE","","1976","101.03"
"","NORDIC","TOTAL","MALE","","1977","86.53"
"","NORDIC","TOTAL","MALE","","1978","84.92"
"","NORDIC","TOTAL","MALE","","1979","87.89"
"","NORDIC","TOTAL","MALE","","1980","90.73"
"","NORDIC","TOTAL","MALE","","1981","87.34"
"","NORDIC","TOTAL","MALE","","1982","81.92"
"","NORDIC","TOTAL","MALE","","1983","88.53"
"","NORDIC","TOTAL","MALE","","1984","82.96"
"","NORDIC","TOTAL","MALE","","1985","96.19"
"","NORDIC","TOTAL","MALE","","1986","84.58"
"","NORDIC","TOTAL","MALE","","1987","78.17"
"","NORDIC","TOTAL","MALE","","1988","84.01"
"","NORDIC","TOTAL","MALE","","1989","81.43"
"","NORDIC","TOTAL","MALE","","1990","83.82"
"","NORDIC","TOTAL","MALE","","1991","76.5"
"","NORDIC","TOTAL","MALE","","1992","78.28"
"","NORDIC","TOTAL","MALE","","1993","86.63"
"","NORDIC","TOTAL","MALE","","1994","75.29"
"","NORDIC","TOTAL","MALE","","1995","80.23"
"","NORDIC","TOTAL","MALE","","1996","78.46"
"","NORDIC","TOTAL","MALE","","1997","73.89"
"","NORDIC","TOTAL","MALE","","1998","70.27"
"","NORDIC","TOTAL","MALE","","1999","72.86"
"","NORDIC","TOTAL","MALE","","2000","70.2"
"","NORDIC","TOTAL","MALE","","2001","66.1"
"","NORDIC","TOTAL","MALE","","2002","68.75"
"","NORDIC","TOTAL","MALE","","2003","64.81"
"","NORDIC","TOTAL","MALE","","2004","56.51"
"","NORDIC","TOTAL","MALE","","2005","55.94"
"","NORDIC","TOTAL","MALE","","2006","51.63"
"","NORDIC","TOTAL","MALE","","2007","52"
"","NORDIC","TOTAL","MALE","","2008","51.85"
"","NORDIC","TOTAL","MALE","","2009","51.57"
"","NORDIC","TOTAL","MALE","","2010","47.28"
"","NORDIC","TOTAL","MALE","","2011","48.11"
"","NORDIC","TOTAL","MALE","","2012","47.29"
"","NORDIC","TOTAL","MALE","","2013","46.94"
"","NORDIC","TOTAL","MALE","","2014","43.33"
"","NORDIC","TOTAL","MALE","","2015","46.03"
"","NORDIC","TOTAL","MALE","","2016","44.99"
"","NORDIC","TOTAL","MALE","","2017","45.36"
"","NORDIC","TOTAL","MALE","","2018","46.48"
"","NORDIC","TOTAL","MALE","","2019","42.79"
"","NORDIC","TOTAL","MALE","","2020","39.65"
"","NORDIC","TOTAL","MALE","","2021","37.85"
"POL","","TOTAL","MALE","","1969","138.73"
"POL","","TOTAL","MALE","","1970","137.99"
"POL","","TOTAL","MALE","","1971","171.83"
"POL","","TOTAL","MALE","","1972","109.58"
"POL","","TOTAL","MALE","","1973","116.91"
"POL","","TOTAL","MALE","","1974","94.49"
"POL","","TOTAL","MALE","","1975","110.81"
"POL","","TOTAL","MALE","","1976","100.07"
"POL","","TOTAL","MALE","","1977","99.93"
"POL","","TOTAL","MALE","","1978","110.81"
"POL","","TOTAL","MALE","","1979","95.2"
"POL","","TOTAL","MALE","","1980","102.08"
"POL","","TOTAL","MALE","","1981","91.39"
"POL","","TOTAL","MALE","","1982","89.29"
"POL","","TOTAL","MALE","","1983","97.47"
"POL","","TOTAL","MALE","","1984","97.4"
"POL","","TOTAL","MALE","","1985","105.26"
"POL","","TOTAL","MALE","","1986","101.33"
"POL","","TOTAL","MALE","","1987","91.59"
"POL","","TOTAL","MALE","","1988","80.86"
"POL","","TOTAL","MALE","","1989","81.1"
"POL","","TOTAL","MALE","","1990","75.9"
"POL","","TOTAL","MALE","","1991","71.95"
"POL","","TOTAL","MALE","","1992","62.84"
"POL","","TOTAL","MALE","","1993","63.54"
"POL","","TOTAL","MALE","","1994","57.35"
"POL","","TOTAL","MALE","","1995","59.22"
"POL","","TOTAL","MALE","","1996","61.33"
"POL","","TOTAL","MALE","","1999","71.79"
"POL","","TOTAL","MALE","","2000","72.83"
"POL","","TOTAL","MALE","","2001","62.96"
"POL","","TOTAL","MALE","","2002","61.77"
"POL","","TOTAL","MALE","","2003","66.79"
"POL","","TOTAL","MALE","","2004","65.05"
"POL","","TOTAL","MALE","","2005","68.92"
"POL","","TOTAL","MALE","","2006","66.84"
"POL","","TOTAL","MALE","","2007","68.28"
"POL","","TOTAL","MALE","","2008","65.39"
"POL","","TOTAL","MALE","","2009","67.41"
"POL","","TOTAL","MALE","","2010","61.78"
"POL","","TOTAL","MALE","","2011","61.94"
"POL","","TOTAL","MALE","","2012","59.62"
"POL","","TOTAL","MALE","","2013","65.23"
"POL","","TOTAL","MALE","","2014","56.04"
"POL","","TOTAL","MALE","","2015","63.13"
"POL","","TOTAL","MALE","","2016","59.88"
"POL","","TOTAL","MALE","","2017","64.16"
"POL","","TOTAL","MALE","","2018","65.38"
"POL","","TOTAL","MALE","","2019","64.83"
"POL","","TOTAL","MALE","","2020","67.94"
"POL","","TOTAL","MALE","","2021","65.02"
"PRT","","TOTAL","MALE","","1971","204.12"
"PRT","","TOTAL","MALE","","1972","166.15"
"PRT","","TOTAL","MALE","","1973","183.2"
"PRT","","TOTAL","MALE","","1974","183.48"
"PRT","","TOTAL","MALE","","1975","155"
"PRT","","TOTAL","MALE","","1976","175.55"
"PRT","","TOTAL","MALE","","1977","147.59"
"PRT","","TOTAL","MALE","","1978","155.86"
"PRT","","TOTAL","MALE","","1979","135.04"
"PRT","","TOTAL","MALE","","1980","119.15"
"PRT","","TOTAL","MALE","","1981","112.88"
"PRT","","TOTAL","MALE","","1982","94.07"
"PRT","","TOTAL","MALE","","1983","101.97"
"PRT","","TOTAL","MALE","","1984","106.25"
"PRT","","TOTAL","MALE","","1985","109.62"
"PRT","","TOTAL","MALE","","1986","96.79"
"PRT","","TOTAL","MALE","","1987","90.82"
"PRT","","TOTAL","MALE","","1988","97.8"
"PRT","","TOTAL","MALE","","1989","89.4"
"PRT","","TOTAL","MALE","","1990","97.7"
"PRT","","TOTAL","MALE","","1991","95.05"
"PRT","","TOTAL","MALE","","1992","85.7"
"PRT","","TOTAL","MALE","","1993","95.33"
"PRT","","TOTAL","MALE","","1994","86.88"
"PRT","","TOTAL","MALE","","1995","92.23"
"PRT","","TOTAL","MALE","","1996","95.22"
"PRT","","TOTAL","MALE","","1997","99.62"
"PRT","","TOTAL","MALE","","1998","99.15"
"PRT","","TOTAL","MALE","","1999","113.13"
"PRT","","TOTAL","MALE","","2000","96"
"PRT","","TOTAL","MALE","","2001","84.26"
"PRT","","TOTAL","MALE","","2002","86.27"
"PRT","","TOTAL","MALE","","2003","85.99"
"PRT","","TOTAL","MALE","","2004","75.3"
"PRT","","TOTAL","MALE","","2007","85.15"
"PRT","","TOTAL","MALE","","2008","85.76"
"PRT","","TOTAL","MALE","","2009","86.89"
"PRT","","TOTAL","MALE","","2010","82.08"
"PRT","","TOTAL","MALE","","2011","79.77"
"PRT","","TOTAL","MALE","","2012","85.83"
"PRT","","TOTAL","MALE","","2013","79.06"
"PRT","","TOTAL","MALE","","2014","75.36"
"PRT","","TOTAL","MALE","","2015","77.77"
"PRT","","TOTAL","MALE","","2016","79.78"
"PRT","","TOTAL","MALE","","2017","71.45"
"PRT","","TOTAL","MALE","","2018","73.85"
"ROU","","TOTAL","MALE","","1969","265.53"
"ROU","","TOTAL","MALE","","1970","237.99"
"ROU","","TOTAL","MALE","","1971","241.06"
"ROU","","TOTAL","MALE","","1972","211.41"
"ROU","","TOTAL","MALE","","1973","262.59"
"ROU","","TOTAL","MALE","","1974","211.71"
"ROU","","TOTAL","MALE","","1975","219.75"
"ROU","","TOTAL","MALE","","1976","219.15"
"ROU","","TOTAL","MALE","","1977","193.57"
"ROU","","TOTAL","MALE","","1978","180"
"ROU","","TOTAL","MALE","","1980","202.68"
"ROU","","TOTAL","MALE","","1981","192.37"
"ROU","","TOTAL","MALE","","1982","184.96"
"ROU","","TOTAL","MALE","","1983","191.58"
"ROU","","TOTAL","MALE","","1984","177.62"
"ROU","","TOTAL","MALE","","1985","191.8"
"ROU","","TOTAL","MALE","","1986","173.1"
"ROU","","TOTAL","MALE","","1987","172.2"
"ROU","","TOTAL","MALE","","1988","164.36"
"ROU","","TOTAL","MALE","","1989","153.63"
"ROU","","TOTAL","MALE","","1990","140.59"
"ROU","","TOTAL","MALE","","1991","137.33"
"ROU","","TOTAL","MALE","","1992","140.18"
"ROU","","TOTAL","MALE","","1993","119.21"
"ROU","","TOTAL","MALE","","1994","118.86"
"ROU","","TOTAL","MALE","","1995","112.34"
"ROU","","TOTAL","MALE","","1996","124.38"
"ROU","","TOTAL","MALE","","1997","114.11"
"ROU","","TOTAL","MALE","","1998","102.97"
"ROU","","TOTAL","MALE","","1999","104.31"
"ROU","","TOTAL","MALE","","2000","92.04"
"ROU","","TOTAL","MALE","","2001","87.48"
"ROU","","TOTAL","MALE","","2002","97.89"
"ROU","","TOTAL","MALE","","2003","90.78"
"ROU","","TOTAL","MALE","","2004","87.17"
"ROU","","TOTAL","MALE","","2005","81.52"
"ROU","","TOTAL","MALE","","2006","76.31"
"ROU","","TOTAL","MALE","","2007","75.67"
"ROU","","TOTAL","MALE","","2008","73.99"
"ROU","","TOTAL","MALE","","2009","75.35"
"ROU","","TOTAL","MALE","","2010","72.83"
"ROU","","TOTAL","MALE","","2011","70.98"
"ROU","","TOTAL","MALE","","2012","73.07"
"ROU","","TOTAL","MALE","","2013","68.43"
"ROU","","TOTAL","MALE","","2014","71.06"
"ROU","","TOTAL","MALE","","2015","76.93"
"ROU","","TOTAL","MALE","","2016","74.87"
"ROU","","TOTAL","MALE","","2017","78.54"
"ROU","","TOTAL","MALE","","2018","86.73"
"ROU","","TOTAL","MALE","","2019","88.03"
"RUS","","TOTAL","MALE","","1980","183.5"
"RUS","","TOTAL","MALE","","1981","168.32"
"RUS","","TOTAL","MALE","","1982","151.42"
"RUS","","TOTAL","MALE","","1983","153.62"
"RUS","","TOTAL","MALE","","1984","158.86"
"RUS","","TOTAL","MALE","","1985","157.1"
"RUS","","TOTAL","MALE","","1986","123.05"
"RUS","","TOTAL","MALE","","1987","119.67"
"RUS","","TOTAL","MALE","","1988","121.35"
"RUS","","TOTAL","MALE","","1989","114.98"
"RUS","","TOTAL","MALE","","1990","117.14"
"RUS","","TOTAL","MALE","","1991","109.29"
"RUS","","TOTAL","MALE","","1992","113.29"
"RUS","","TOTAL","MALE","","1993","145.09"
"RUS","","TOTAL","MALE","","1994","157.05"
"RUS","","TOTAL","MALE","","1995","142.19"
"RUS","","TOTAL","MALE","","1996","128.36"
"RUS","","TOTAL","MALE","","1997","118.64"
"RUS","","TOTAL","MALE","","1998","106.22"
"RUS","","TOTAL","MALE","","1999","118.57"
"RUS","","TOTAL","MALE","","2000","128.29"
"RUS","","TOTAL","MALE","","2001","119.18"
"RUS","","TOTAL","MALE","","2002","123.87"
"RUS","","TOTAL","MALE","","2003","125.62"
"RUS","","TOTAL","MALE","","2004","115.28"
"RUS","","TOTAL","MALE","","2005","116.3"
"RUS","","TOTAL","MALE","","2006","100.2"
"RUS","","TOTAL","MALE","","2007","93.61"
"RUS","","TOTAL","MALE","","2008","94.7"
"RUS","","TOTAL","MALE","","2009","92.63"
"RUS","","TOTAL","MALE","","2010","87.1"
"RUS","","TOTAL","MALE","","2011","84.04"
"RUS","","TOTAL","MALE","","2012","78.44"
"RUS","","TOTAL","MALE","","2013","79.95"
"RUS","","TOTAL","MALE","","2014","84.93"
"RUS","","TOTAL","MALE","","2015","78.42"
"RUS","","TOTAL","MALE","","2019","58.86"
"","SEEHN","TOTAL","MALE","","1985","138.84"
"","SEEHN","TOTAL","MALE","","1986","125.86"
"","SEEHN","TOTAL","MALE","","1987","123.07"
"","SEEHN","TOTAL","MALE","","1988","118.78"
"","SEEHN","TOTAL","MALE","","1989","112.99"
"","SEEHN","TOTAL","MALE","","1990","106.31"
"","SEEHN","TOTAL","MALE","","1991","102.3"
"","SEEHN","TOTAL","MALE","","1992","102.52"
"","SEEHN","TOTAL","MALE","","1993","92.03"
"","SEEHN","TOTAL","MALE","","1994","90.62"
"","SEEHN","TOTAL","MALE","","1995","89.7"
"","SEEHN","TOTAL","MALE","","1996","95.54"
"","SEEHN","TOTAL","MALE","","1997","90.81"
"","SEEHN","TOTAL","MALE","","1998","82.56"
"","SEEHN","TOTAL","MALE","","1999","81.33"
"","SEEHN","TOTAL","MALE","","2000","78.78"
"","SEEHN","TOTAL","MALE","","2001","69.97"
"","SEEHN","TOTAL","MALE","","2002","74.36"
"","SEEHN","TOTAL","MALE","","2003","73"
"","SEEHN","TOTAL","MALE","","2004","69.3"
"","SEEHN","TOTAL","MALE","","2005","70.73"
"","SEEHN","TOTAL","MALE","","2006","64.96"
"","SEEHN","TOTAL","MALE","","2007","65.16"
"","SEEHN","TOTAL","MALE","","2008","63.37"
"","SEEHN","TOTAL","MALE","","2009","61.87"
"","SEEHN","TOTAL","MALE","","2010","60.21"
"","SEEHN","TOTAL","MALE","","2011","59.55"
"","SEEHN","TOTAL","MALE","","2012","59.49"
"","SEEHN","TOTAL","MALE","","2013","55.42"
"","SEEHN","TOTAL","MALE","","2014","57.45"
"","SEEHN","TOTAL","MALE","","2015","61.23"
"","SEEHN","TOTAL","MALE","","2016","59.76"
"","SEEHN","TOTAL","MALE","","2017","61.43"
"","SEEHN","TOTAL","MALE","","2018","64.25"
"","SEEHN","TOTAL","MALE","","2019","64.95"
"","SEEHN","TOTAL","MALE","","2021","70.53"
"","SMALL","TOTAL","MALE","","1995","66.64"
"","SMALL","TOTAL","MALE","","1996","68.53"
"","SMALL","TOTAL","MALE","","1997","66.78"
"","SMALL","TOTAL","MALE","","1998","68.74"
"","SMALL","TOTAL","MALE","","1999","68.6"
"","SMALL","TOTAL","MALE","","2000","63.63"
"","SMALL","TOTAL","MALE","","2001","66.65"
"","SMALL","TOTAL","MALE","","2002","69.56"
"","SMALL","TOTAL","MALE","","2003","68.6"
"","SMALL","TOTAL","MALE","","2004","62.46"
"","SMALL","TOTAL","MALE","","2005","59.75"
"","SMALL","TOTAL","MALE","","2006","55.18"
"","SMALL","TOTAL","MALE","","2007","54.01"
"","SMALL","TOTAL","MALE","","2008","50.41"
"","SMALL","TOTAL","MALE","","2009","54.78"
"","SMALL","TOTAL","MALE","","2010","50.58"
"","SMALL","TOTAL","MALE","","2011","47.39"
"","SMALL","TOTAL","MALE","","2012","46.15"
"","SMALL","TOTAL","MALE","","2013","49.34"
"","SMALL","TOTAL","MALE","","2014","45.45"
"","SMALL","TOTAL","MALE","","2015","50.42"
"","SMALL","TOTAL","MALE","","2016","46.97"
"","SMALL","TOTAL","MALE","","2017","52.35"
"","SMALL","TOTAL","MALE","","2019","52.66"
"SMR","","TOTAL","MALE","","1995","0"
"SMR","","TOTAL","MALE","","1996","32.48"
"SMR","","TOTAL","MALE","","1997","12.9"
"SMR","","TOTAL","MALE","","1998","45.18"
"SMR","","TOTAL","MALE","","1999","12.18"
"SMR","","TOTAL","MALE","","2000","31.95"
"SMR","","TOTAL","MALE","","2005","15.17"
"SRB","","TOTAL","MALE","","1998","64.53"
"SRB","","TOTAL","MALE","","1999","60.43"
"SRB","","TOTAL","MALE","","2000","72.62"
"SRB","","TOTAL","MALE","","2001","54.03"
"SRB","","TOTAL","MALE","","2002","53.04"
"SRB","","TOTAL","MALE","","2003","55.39"
"SRB","","TOTAL","MALE","","2004","54.97"
"SRB","","TOTAL","MALE","","2005","61.14"
"SRB","","TOTAL","MALE","","2006","51.96"
"SRB","","TOTAL","MALE","","2007","53.52"
"SRB","","TOTAL","MALE","","2008","53"
"SRB","","TOTAL","MALE","","2009","55.57"
"SRB","","TOTAL","MALE","","2010","51.79"
"SRB","","TOTAL","MALE","","2011","65.26"
"SRB","","TOTAL","MALE","","2012","61.4"
"SRB","","TOTAL","MALE","","2013","58.66"
"SRB","","TOTAL","MALE","","2014","58.68"
"SRB","","TOTAL","MALE","","2015","65.02"
"SRB","","TOTAL","MALE","","2016","57.5"
"SRB","","TOTAL","MALE","","2017","59.28"
"SRB","","TOTAL","MALE","","2018","57.63"
"SRB","","TOTAL","MALE","","2019","62.49"
"SRB","","TOTAL","MALE","","2020","76"
"SRB","","TOTAL","MALE","","2021","77.36"
"SRB","","TOTAL","MALE","","2022","73.1"
"SVK","","TOTAL","MALE","","1992","109.56"
"SVK","","TOTAL","MALE","","1993","107.13"
"SVK","","TOTAL","MALE","","1994","91.2"
"SVK","","TOTAL","MALE","","1995","98.75"
"SVK","","TOTAL","MALE","","1996","101.24"
"SVK","","TOTAL","MALE","","1997","96.03"
"SVK","","TOTAL","MALE","","1998","67.53"
"SVK","","TOTAL","MALE","","1999","73.98"
"SVK","","TOTAL","MALE","","2000","80.28"
"SVK","","TOTAL","MALE","","2001","78.09"
"SVK","","TOTAL","MALE","","2002","79.5"
"SVK","","TOTAL","MALE","","2003","86.58"
"SVK","","TOTAL","MALE","","2004","82.22"
"SVK","","TOTAL","MALE","","2005","84"
"SVK","","TOTAL","MALE","","2006","76.85"
"SVK","","TOTAL","MALE","","2007","82.71"
"SVK","","TOTAL","MALE","","2008","74.54"
"SVK","","TOTAL","MALE","","2009","79.52"
"SVK","","TOTAL","MALE","","2010","77.93"
"SVK","","TOTAL","MALE","","2012","71.58"
"SVK","","TOTAL","MALE","","2013","68.77"
"SVK","","TOTAL","MALE","","2014","61.61"
"SVK","","TOTAL","MALE","","2016","64.64"
"SVK","","TOTAL","MALE","","2017","72.21"
"SVK","","TOTAL","MALE","","2018","67.07"
"SVK","","TOTAL","MALE","","2019","60.03"
"SVK","","TOTAL","MALE","","2020","72.54"
"SVK","","TOTAL","MALE","","2021","115.54"
"SVN","","TOTAL","MALE","","1985","82.61"
"SVN","","TOTAL","MALE","","1986","66.43"
"SVN","","TOTAL","MALE","","1987","66.5"
"SVN","","TOTAL","MALE","","1988","67.72"
"SVN","","TOTAL","MALE","","1989","124.77"
"SVN","","TOTAL","MALE","","1990","100.78"
"SVN","","TOTAL","MALE","","1991","95.07"
"SVN","","TOTAL","MALE","","1992","101.4"
"SVN","","TOTAL","MALE","","1993","101.72"
"SVN","","TOTAL","MALE","","1994","95.28"
"SVN","","TOTAL","MALE","","1995","113.17"
"SVN","","TOTAL","MALE","","1996","107.79"
"SVN","","TOTAL","MALE","","1997","112.94"
"SVN","","TOTAL","MALE","","1998","106.38"
"SVN","","TOTAL","MALE","","1999","111.73"
"SVN","","TOTAL","MALE","","2000","95.27"
"SVN","","TOTAL","MALE","","2001","93.2"
"SVN","","TOTAL","MALE","","2002","94.17"
"SVN","","TOTAL","MALE","","2003","101.64"
"SVN","","TOTAL","MALE","","2004","91.21"
"SVN","","TOTAL","MALE","","2005","84.92"
"SVN","","TOTAL","MALE","","2006","70.69"
"SVN","","TOTAL","MALE","","2007","56.6"
"SVN","","TOTAL","MALE","","2008","56.92"
"SVN","","TOTAL","MALE","","2009","56.19"
"SVN","","TOTAL","MALE","","2010","49.74"
"SVN","","TOTAL","MALE","","2011","52.2"
"SVN","","TOTAL","MALE","","2012","55.59"
"SVN","","TOTAL","MALE","","2013","49.89"
"SVN","","TOTAL","MALE","","2014","43.64"
"SVN","","TOTAL","MALE","","2015","45.69"
"SVN","","TOTAL","MALE","","2016","41.43"
"SVN","","TOTAL","MALE","","2017","41.44"
"SVN","","TOTAL","MALE","","2018","34.49"
"SVN","","TOTAL","MALE","","2019","30.24"
"SVN","","TOTAL","MALE","","2020","26.62"
"SWE","","TOTAL","MALE","","1969","88.96"
"SWE","","TOTAL","MALE","","1970","66.42"
"SWE","","TOTAL","MALE","","1971","51.55"
"SWE","","TOTAL","MALE","","1972","50.24"
"SWE","","TOTAL","MALE","","1973","51.67"
"SWE","","TOTAL","MALE","","1974","52.68"
"SWE","","TOTAL","MALE","","1975","57.25"
"SWE","","TOTAL","MALE","","1976","66.23"
"SWE","","TOTAL","MALE","","1977","57.22"
"SWE","","TOTAL","MALE","","1978","61.86"
"SWE","","TOTAL","MALE","","1979","66.88"
"SWE","","TOTAL","MALE","","1980","61.52"
"SWE","","TOTAL","MALE","","1981","71.14"
"SWE","","TOTAL","MALE","","1982","70.26"
"SWE","","TOTAL","MALE","","1983","74.91"
"SWE","","TOTAL","MALE","","1984","69.3"
"SWE","","TOTAL","MALE","","1985","82.8"
"SWE","","TOTAL","MALE","","1986","76.4"
"SWE","","TOTAL","MALE","","1987","69.11"
"SWE","","TOTAL","MALE","","1988","75.49"
"SWE","","TOTAL","MALE","","1989","67.63"
"SWE","","TOTAL","MALE","","1990","67.82"
"SWE","","TOTAL","MALE","","1991","63.72"
"SWE","","TOTAL","MALE","","1992","64.47"
"SWE","","TOTAL","MALE","","1993","70.44"
"SWE","","TOTAL","MALE","","1994","58.93"
"SWE","","TOTAL","MALE","","1995","60.18"
"SWE","","TOTAL","MALE","","1996","63.86"
"SWE","","TOTAL","MALE","","1997","54.98"
"SWE","","TOTAL","MALE","","1998","51.26"
"SWE","","TOTAL","MALE","","1999","53.81"
"SWE","","TOTAL","MALE","","2000","50.88"
"SWE","","TOTAL","MALE","","2001","46.2"
"SWE","","TOTAL","MALE","","2002","49.23"
"SWE","","TOTAL","MALE","","2003","46.19"
"SWE","","TOTAL","MALE","","2004","41.37"
"SWE","","TOTAL","MALE","","2005","42.97"
"SWE","","TOTAL","MALE","","2006","38.96"
"SWE","","TOTAL","MALE","","2007","37.79"
"SWE","","TOTAL","MALE","","2008","39.17"
"SWE","","TOTAL","MALE","","2009","37.27"
"SWE","","TOTAL","MALE","","2010","33.91"
"SWE","","TOTAL","MALE","","2011","36.43"
"SWE","","TOTAL","MALE","","2012","37.36"
"SWE","","TOTAL","MALE","","2013","37.55"
"SWE","","TOTAL","MALE","","2014","34.11"
"SWE","","TOTAL","MALE","","2015","37.58"
"SWE","","TOTAL","MALE","","2016","35.38"
"SWE","","TOTAL","MALE","","2017","36.03"
"SWE","","TOTAL","MALE","","2018","37.05"
"SWE","","TOTAL","MALE","","2019","33.12"
"SWE","","TOTAL","MALE","","2020","29.45"
"SWE","","TOTAL","MALE","","2021","26.19"
"SWE","","TOTAL","MALE","","2022","30.64"
"TJK","","TOTAL","MALE","","1981","213.11"
"TJK","","TOTAL","MALE","","1982","210.55"
"TJK","","TOTAL","MALE","","1985","201.24"
"TJK","","TOTAL","MALE","","1986","195.29"
"TJK","","TOTAL","MALE","","1987","185.26"
"TJK","","TOTAL","MALE","","1988","179.61"
"TJK","","TOTAL","MALE","","1989","153.27"
"TJK","","TOTAL","MALE","","1990","165.23"
"TJK","","TOTAL","MALE","","1991","156.02"
"TJK","","TOTAL","MALE","","1992","170.03"
"TJK","","TOTAL","MALE","","1993","211.41"
"TJK","","TOTAL","MALE","","1994","218.98"
"TJK","","TOTAL","MALE","","1995","218.14"
"TJK","","TOTAL","MALE","","1996","164.51"
"TJK","","TOTAL","MALE","","1997","134.33"
"TJK","","TOTAL","MALE","","1998","134.12"
"TJK","","TOTAL","MALE","","1999","115.39"
"TJK","","TOTAL","MALE","","2000","120.64"
"TJK","","TOTAL","MALE","","2001","126.92"
"TJK","","TOTAL","MALE","","2002","110.53"
"TJK","","TOTAL","MALE","","2003","117.89"
"TJK","","TOTAL","MALE","","2004","103.05"
"TJK","","TOTAL","MALE","","2005","87.39"
"TJK","","TOTAL","MALE","","2017","33.65"
"TKM","","TOTAL","MALE","","1981","257.59"
"TKM","","TOTAL","MALE","","1982","227.89"
"TKM","","TOTAL","MALE","","1985","231.69"
"TKM","","TOTAL","MALE","","1986","216.88"
"TKM","","TOTAL","MALE","","1987","200.96"
"TKM","","TOTAL","MALE","","1988","194.69"
"TKM","","TOTAL","MALE","","1989","190.07"
"TKM","","TOTAL","MALE","","1990","149.92"
"TKM","","TOTAL","MALE","","1991","161.22"
"TKM","","TOTAL","MALE","","1992","154.11"
"TKM","","TOTAL","MALE","","1993","160.21"
"TKM","","TOTAL","MALE","","1994","161.68"
"TKM","","TOTAL","MALE","","1995","151.49"
"TKM","","TOTAL","MALE","","1996","148.98"
"TKM","","TOTAL","MALE","","1997","143.04"
"TKM","","TOTAL","MALE","","1998","138.63"
"TKM","","TOTAL","MALE","","1999","112.24"
"TKM","","TOTAL","MALE","","2000","93.68"
"TKM","","TOTAL","MALE","","2001","83.72"
"TKM","","TOTAL","MALE","","2002","74.61"
"TKM","","TOTAL","MALE","","2003","74.35"
"TKM","","TOTAL","MALE","","2004","65.82"
"TKM","","TOTAL","MALE","","2005","70.38"
"TKM","","TOTAL","MALE","","2006","59.82"
"TKM","","TOTAL","MALE","","2007","65"
"TKM","","TOTAL","MALE","","2008","61.8"
"TKM","","TOTAL","MALE","","2009","56.87"
"TKM","","TOTAL","MALE","","2010","40.86"
"TKM","","TOTAL","MALE","","2011","40"
"TKM","","TOTAL","MALE","","2012","34.17"
"TKM","","TOTAL","MALE","","2013","36.68"
"TUR","","TOTAL","MALE","","2009","80.01"
"TUR","","TOTAL","MALE","","2010","73.81"
"TUR","","TOTAL","MALE","","2011","91.26"
"TUR","","TOTAL","MALE","","2012","85.89"
"TUR","","TOTAL","MALE","","2013","92.42"
"TUR","","TOTAL","MALE","","2014","99.98"
"TUR","","TOTAL","MALE","","2015","103.14"
"TUR","","TOTAL","MALE","","2016","110.68"
"TUR","","TOTAL","MALE","","2017","108.51"
"TUR","","TOTAL","MALE","","2018","107.76"
"TUR","","TOTAL","MALE","","2019","110.29"
"UKR","","TOTAL","MALE","","1981","154.01"
"UKR","","TOTAL","MALE","","1982","145.5"
"UKR","","TOTAL","MALE","","1985","152.8"
"UKR","","TOTAL","MALE","","1986","129.9"
"UKR","","TOTAL","MALE","","1987","130.87"
"UKR","","TOTAL","MALE","","1988","130.07"
"UKR","","TOTAL","MALE","","1989","124.63"
"UKR","","TOTAL","MALE","","1990","120.91"
"UKR","","TOTAL","MALE","","1991","126.3"
"UKR","","TOTAL","MALE","","1992","125.86"
"UKR","","TOTAL","MALE","","1993","137.68"
"UKR","","TOTAL","MALE","","1994","146.49"
"UKR","","TOTAL","MALE","","1995","153.14"
"UKR","","TOTAL","MALE","","1996","146.73"
"UKR","","TOTAL","MALE","","1997","138.28"
"UKR","","TOTAL","MALE","","1998","121.54"
"UKR","","TOTAL","MALE","","1999","124.54"
"UKR","","TOTAL","MALE","","2000","127.05"
"UKR","","TOTAL","MALE","","2001","112.36"
"UKR","","TOTAL","MALE","","2002","110.66"
"UKR","","TOTAL","MALE","","2003","104.87"
"UKR","","TOTAL","MALE","","2004","99.22"
"UKR","","TOTAL","MALE","","2005","98.42"
"UKR","","TOTAL","MALE","","2006","85.4"
"UKR","","TOTAL","MALE","","2007","86.58"
"UKR","","TOTAL","MALE","","2008","80.44"
"UKR","","TOTAL","MALE","","2009","69.49"
"UKR","","TOTAL","MALE","","2010","64.1"
"UKR","","TOTAL","MALE","","2011","59.1"
"UKR","","TOTAL","MALE","","2012","55.93"
"UKR","","TOTAL","MALE","","2014","50.73"
"UKR","","TOTAL","MALE","","2015","47.58"
"UKR","","TOTAL","MALE","","2017","41.39"
"UKR","","TOTAL","MALE","","2018","44.45"
"UKR","","TOTAL","MALE","","2019","42.32"
"UZB","","TOTAL","MALE","","1981","175.92"
"UZB","","TOTAL","MALE","","1982","174.92"
"UZB","","TOTAL","MALE","","1985","186.18"
"UZB","","TOTAL","MALE","","1986","160.02"
"UZB","","TOTAL","MALE","","1987","164.28"
"UZB","","TOTAL","MALE","","1988","158.26"
"UZB","","TOTAL","MALE","","1989","144.41"
"UZB","","TOTAL","MALE","","1990","135.24"
"UZB","","TOTAL","MALE","","1991","135.8"
"UZB","","TOTAL","MALE","","1992","137.25"
"UZB","","TOTAL","MALE","","1993","141.96"
"UZB","","TOTAL","MALE","","1994","151.94"
"UZB","","TOTAL","MALE","","1995","145.47"
"UZB","","TOTAL","MALE","","1996","141.68"
"UZB","","TOTAL","MALE","","1997","126.02"
"UZB","","TOTAL","MALE","","1998","128.65"
"UZB","","TOTAL","MALE","","1999","109.21"
"UZB","","TOTAL","MALE","","2000","112.22"
"UZB","","TOTAL","MALE","","2001","96.71"
"UZB","","TOTAL","MALE","","2002","99.62"
"UZB","","TOTAL","MALE","","2003","95.67"
"UZB","","TOTAL","MALE","","2004","76.53"
"UZB","","TOTAL","MALE","","2005","79.81"
"UZB","","TOTAL","MALE","","2009","53.94"
"UZB","","TOTAL","MALE","","2010","51.85"
"UZB","","TOTAL","MALE","","2011","53.14"
"UZB","","TOTAL","MALE","","2012","50.46"
"UZB","","TOTAL","MALE","","2013","49.57"
"UZB","","TOTAL","MALE","","2014","43.22"
"UZB","","TOTAL","MALE","","2015","44.13"
"UZB","","TOTAL","MALE","","2016","43.06"
"","WESTERN_BALKANS","TOTAL","MALE","","1998","61.27"
"","WESTERN_BALKANS","TOTAL","MALE","","1999","55.6"
"","WESTERN_BALKANS","TOTAL","MALE","","2000","63.95"
"","WESTERN_BALKANS","TOTAL","MALE","","2001","49.6"
"","WESTERN_BALKANS","TOTAL","MALE","","2002","49.39"
"","WESTERN_BALKANS","TOTAL","MALE","","2003","53.25"
"","WESTERN_BALKANS","TOTAL","MALE","","2004","51.61"
"","WESTERN_BALKANS","TOTAL","MALE","","2005","51.77"
"","WESTERN_BALKANS","TOTAL","MALE","","2006","46.41"
"","WESTERN_BALKANS","TOTAL","MALE","","2007","46.03"
"","WESTERN_BALKANS","TOTAL","MALE","","2008","44.53"
"","WESTERN_BALKANS","TOTAL","MALE","","2009","44.16"
"","WESTERN_BALKANS","TOTAL","MALE","","2011","48.52"
"","WESTERN_BALKANS","TOTAL","MALE","","2016","48.39"
"","WESTERN_BALKANS","TOTAL","MALE","","2017","49.11"
"","WESTERN_BALKANS","TOTAL","MALE","","2019","49.83"
"","WESTERN_BALKANS","TOTAL","MALE","","2021","58.99"
"","WHO_EURO","TOTAL","MALE","","1981","126.26"
"","WHO_EURO","TOTAL","MALE","","1982","119.55"
"","WHO_EURO","TOTAL","MALE","","1985","121.1"
"","WHO_EURO","TOTAL","MALE","","1986","109.7"
"","WHO_EURO","TOTAL","MALE","","1987","103.29"
"","WHO_EURO","TOTAL","MALE","","1988","103.08"
"","WHO_EURO","TOTAL","MALE","","1989","101.51"
"","WHO_EURO","TOTAL","MALE","","1990","99.69"
"","WHO_EURO","TOTAL","MALE","","1991","95.94"
"","WHO_EURO","TOTAL","MALE","","1992","94.72"
"","WHO_EURO","TOTAL","MALE","","1993","105.2"
"","WHO_EURO","TOTAL","MALE","","1994","105.11"
"","WHO_EURO","TOTAL","MALE","","1995","104.37"
"","WHO_EURO","TOTAL","MALE","","1996","100.14"
"","WHO_EURO","TOTAL","MALE","","1997","96.15"
"","WHO_EURO","TOTAL","MALE","","1998","91.86"
"","WHO_EURO","TOTAL","MALE","","1999","94.79"
"","WHO_EURO","TOTAL","MALE","","2000","92.54"
"","WHO_EURO","TOTAL","MALE","","2001","83.56"
"","WHO_EURO","TOTAL","MALE","","2002","85.65"
"","WHO_EURO","TOTAL","MALE","","2003","87.25"
"","WHO_EURO","TOTAL","MALE","","2004","79.53"
"","WHO_EURO","TOTAL","MALE","","2005","81.36"
"","WHO_EURO","TOTAL","MALE","","2006","73.68"
"","WHO_EURO","TOTAL","MALE","","2007","72.68"
"","WHO_EURO","TOTAL","MALE","","2008","70.76"
"","WHO_EURO","TOTAL","MALE","","2009","69.12"
"","WHO_EURO","TOTAL","MALE","","2010","64.55"
"","WHO_EURO","TOTAL","MALE","","2011","65.32"
"","WHO_EURO","TOTAL","MALE","","2012","64.09"
"","WHO_EURO","TOTAL","MALE","","2013","65.62"
"","WHO_EURO","TOTAL","MALE","","2014","64.47"
"","WHO_EURO","TOTAL","MALE","","2015","66.97"
"","WHO_EURO","TOTAL","MALE","","2016","65.07"
"","WHO_EURO","TOTAL","MALE","","2017","64.4"
"","WHO_EURO","TOTAL","MALE","","2018","64.08"
"","WHO_EURO","TOTAL","MALE","","2019","61.89"
"","WHO_EURO","TOTAL","MALE","","2020","62.27"
"ALB","","TOTAL","ALL","","1987","112.36"
"ALB","","TOTAL","ALL","","1988","103.74"
"ALB","","TOTAL","ALL","","1989","120.07"
"ALB","","TOTAL","ALL","","1992","98.3"
"ALB","","TOTAL","ALL","","1993","106.16"
"ALB","","TOTAL","ALL","","1994","79.11"
"ALB","","TOTAL","ALL","","1995","85.24"
"ALB","","TOTAL","ALL","","1996","82.81"
"ALB","","TOTAL","ALL","","1997","62.94"
"ALB","","TOTAL","ALL","","1998","60.73"
"ALB","","TOTAL","ALL","","1999","49.93"
"ALB","","TOTAL","ALL","","2000","62.96"
"ALB","","TOTAL","ALL","","2001","36.63"
"ALB","","TOTAL","ALL","","2002","40.56"
"ALB","","TOTAL","ALL","","2003","47.22"
"ALB","","TOTAL","ALL","","2004","42.34"
"ALB","","TOTAL","ALL","","2005","34.39"
"ALB","","TOTAL","ALL","","2006","26.81"
"ALB","","TOTAL","ALL","","2007","24.15"
"ALB","","TOTAL","ALL","","2008","19.67"
"ALB","","TOTAL","ALL","","2009","18.42"
"ARM","","TOTAL","ALL","","1981","109.74"
"ARM","","TOTAL","ALL","","1982","97.36"
"ARM","","TOTAL","ALL","","1985","102.08"
"ARM","","TOTAL","ALL","","1986","106.11"
"ARM","","TOTAL","ALL","","1987","88.44"
"ARM","","TOTAL","ALL","","1988","88.55"
"ARM","","TOTAL","ALL","","1989","78.66"
"ARM","","TOTAL","ALL","","1990","76.14"
"ARM","","TOTAL","ALL","","1991","61.4"
"ARM","","TOTAL","ALL","","1992","63.37"
"ARM","","TOTAL","ALL","","1993","72.94"
"ARM","","TOTAL","ALL","","1994","61.37"
"ARM","","TOTAL","ALL","","1995","61.19"
"ARM","","TOTAL","ALL","","1996","64.71"
"ARM","","TOTAL","ALL","","1997","54.66"
"ARM","","TOTAL","ALL","","1998","44.27"
"ARM","","TOTAL","ALL","","1999","51.64"
"ARM","","TOTAL","ALL","","2000","47.42"
"ARM","","TOTAL","ALL","","2001","41.52"
"ARM","","TOTAL","ALL","","2002","59.83"
"ARM","","TOTAL","ALL","","2003","63.41"
"ARM","","TOTAL","ALL","","2008","75.06"
"ARM","","TOTAL","ALL","","2012","53.83"
"ARM","","TOTAL","ALL","","2013","53.2"
"ARM","","TOTAL","ALL","","2014","59.5"
"ARM","","TOTAL","ALL","","2015","67.26"
"ARM","","TOTAL","ALL","","2016","67.07"
"ARM","","TOTAL","ALL","","2017","50.73"
"ARM","","TOTAL","ALL","","2018","59.25"
"ARM","","TOTAL","ALL","","2019","63.72"
"ARM","","TOTAL","ALL","","2022","66.91"
"AUT","","TOTAL","ALL","","1969","107.89"
"AUT","","TOTAL","ALL","","1970","98.96"
"AUT","","TOTAL","ALL","","1971","75.46"
"AUT","","TOTAL","ALL","","1972","59.77"
"AUT","","TOTAL","ALL","","1973","64.77"
"AUT","","TOTAL","ALL","","1974","62.18"
"AUT","","TOTAL","ALL","","1975","77.09"
"AUT","","TOTAL","ALL","","1976","69.96"
"AUT","","TOTAL","ALL","","1977","52.14"
"AUT","","TOTAL","ALL","","1978","58.92"
"AUT","","TOTAL","ALL","","1979","48.64"
"AUT","","TOTAL","ALL","","1980","50.41"
"AUT","","TOTAL","ALL","","1981","52.92"
"AUT","","TOTAL","ALL","","1982","48.81"
"AUT","","TOTAL","ALL","","1983","52.4"
"AUT","","TOTAL","ALL","","1984","43.86"
"AUT","","TOTAL","ALL","","1985","49.03"
"AUT","","TOTAL","ALL","","1986","42.85"
"AUT","","TOTAL","ALL","","1987","40.5"
"AUT","","TOTAL","ALL","","1988","35.73"
"AUT","","TOTAL","ALL","","1989","37.46"
"AUT","","TOTAL","ALL","","1990","38.88"
"AUT","","TOTAL","ALL","","1991","36.23"
"AUT","","TOTAL","ALL","","1992","35.52"
"AUT","","TOTAL","ALL","","1993","34.72"
"AUT","","TOTAL","ALL","","1994","30.84"
"AUT","","TOTAL","ALL","","1995","30.23"
"AUT","","TOTAL","ALL","","1996","30.32"
"AUT","","TOTAL","ALL","","1997","30.21"
"AUT","","TOTAL","ALL","","1998","29.88"
"AUT","","TOTAL","ALL","","1999","33.25"
"AUT","","TOTAL","ALL","","2000","33.53"
"AUT","","TOTAL","ALL","","2001","31.55"
"AUT","","TOTAL","ALL","","2002","32.36"
"AUT","","TOTAL","ALL","","2003","40.53"
"AUT","","TOTAL","ALL","","2004","34.87"
"AUT","","TOTAL","ALL","","2005","35.15"
"AUT","","TOTAL","ALL","","2006","32.16"
"AUT","","TOTAL","ALL","","2007","32.32"
"AUT","","TOTAL","ALL","","2008","28.58"
"AUT","","TOTAL","ALL","","2009","28.39"
"AUT","","TOTAL","ALL","","2010","27.75"
"AUT","","TOTAL","ALL","","2011","26.42"
"AUT","","TOTAL","ALL","","2012","25.36"
"AUT","","TOTAL","ALL","","2013","25.6"
"AUT","","TOTAL","ALL","","2014","23.25"
"AUT","","TOTAL","ALL","","2015","27.46"
"AUT","","TOTAL","ALL","","2016","26.33"
"AUT","","TOTAL","ALL","","2017","31.07"
"AUT","","TOTAL","ALL","","2018","32.46"
"AUT","","TOTAL","ALL","","2019","30.27"
"AUT","","TOTAL","ALL","","2020","27.27"
"AUT","","TOTAL","ALL","","2021","22.74"
"AZE","","TOTAL","ALL","","1981","122.91"
"AZE","","TOTAL","ALL","","1982","115.26"
"AZE","","TOTAL","ALL","","1985","111.9"
"AZE","","TOTAL","ALL","","1986","104.95"
"AZE","","TOTAL","ALL","","1987","90.92"
"AZE","","TOTAL","ALL","","1988","97.6"
"AZE","","TOTAL","ALL","","1989","98.11"
"AZE","","TOTAL","ALL","","1990","88.43"
"AZE","","TOTAL","ALL","","1991","84.96"
"AZE","","TOTAL","ALL","","1992","94.21"
"AZE","","TOTAL","ALL","","1993","104.61"
"AZE","","TOTAL","ALL","","1994","113.43"
"AZE","","TOTAL","ALL","","1995","106"
"AZE","","TOTAL","ALL","","1996","97.42"
"AZE","","TOTAL","ALL","","1997","88.35"
"AZE","","TOTAL","ALL","","1998","75.99"
"AZE","","TOTAL","ALL","","1999","71.73"
"AZE","","TOTAL","ALL","","2000","79.42"
"AZE","","TOTAL","ALL","","2001","65.63"
"AZE","","TOTAL","ALL","","2002","59.75"
"AZE","","TOTAL","ALL","","2003","59.67"
"AZE","","TOTAL","ALL","","2004","61.04"
"AZE","","TOTAL","ALL","","2007","55.9"
"BEL","","TOTAL","ALL","","1968","101.51"
"BEL","","TOTAL","ALL","","1969","90.8"
"BEL","","TOTAL","ALL","","1970","90.34"
"BEL","","TOTAL","ALL","","1971","78.98"
"BEL","","TOTAL","ALL","","1972","74.83"
"BEL","","TOTAL","ALL","","1973","83.18"
"BEL","","TOTAL","ALL","","1974","69.42"
"BEL","","TOTAL","ALL","","1975","76.55"
"BEL","","TOTAL","ALL","","1976","78.71"
"BEL","","TOTAL","ALL","","1977","62.83"
"BEL","","TOTAL","ALL","","1978","73.37"
"BEL","","TOTAL","ALL","","1979","62.12"
"BEL","","TOTAL","ALL","","1980","65.5"
"BEL","","TOTAL","ALL","","1981","63.66"
"BEL","","TOTAL","ALL","","1982","63.98"
"BEL","","TOTAL","ALL","","1983","67.04"
"BEL","","TOTAL","ALL","","1984","63.94"
"BEL","","TOTAL","ALL","","1985","65.82"
"BEL","","TOTAL","ALL","","1986","70.57"
"BEL","","TOTAL","ALL","","1987","58.03"
"BEL","","TOTAL","ALL","","1988","59.11"
"BEL","","TOTAL","ALL","","1989","67.96"
"BEL","","TOTAL","ALL","","1990","63.48"
"BEL","","TOTAL","ALL","","1991","60.56"
"BEL","","TOTAL","ALL","","1992","62.03"
"BEL","","TOTAL","ALL","","1993","69.45"
"BEL","","TOTAL","ALL","","1994","63.17"
"BEL","","TOTAL","ALL","","1995","67.26"
"BEL","","TOTAL","ALL","","1996","70.13"
"BEL","","TOTAL","ALL","","1997","68.59"
"BEL","","TOTAL","ALL","","1998","75.53"
"BEL","","TOTAL","ALL","","1999","72.25"
"BEL","","TOTAL","ALL","","2000","72.53"
"BEL","","TOTAL","ALL","","2001","67.18"
"BEL","","TOTAL","ALL","","2002","71.75"
"BEL","","TOTAL","ALL","","2003","75.42"
"BEL","","TOTAL","ALL","","2004","65.01"
"BEL","","TOTAL","ALL","","2005","68.88"
"BEL","","TOTAL","ALL","","2006","60.21"
"BEL","","TOTAL","ALL","","2007","59.9"
"BEL","","TOTAL","ALL","","2008","58.61"
"BEL","","TOTAL","ALL","","2009","56.35"
"BEL","","TOTAL","ALL","","2010","54.09"
"BEL","","TOTAL","ALL","","2011","50.99"
"BEL","","TOTAL","ALL","","2012","52.97"
"BEL","","TOTAL","ALL","","2013","52.53"
"BEL","","TOTAL","ALL","","2014","45.64"
"BEL","","TOTAL","ALL","","2015","51.88"
"BEL","","TOTAL","ALL","","2016","48.7"
"BEL","","TOTAL","ALL","","2017","51.16"
"BEL","","TOTAL","ALL","","2018","53.71"
"BEL","","TOTAL","ALL","","2019","50"
"BEL","","TOTAL","ALL","","2020","43.14"
"BGR","","TOTAL","ALL","","1968","142.32"
"BGR","","TOTAL","ALL","","1969","190.6"
"BGR","","TOTAL","ALL","","1970","144.34"
"BGR","","TOTAL","ALL","","1971","173.04"
"BGR","","TOTAL","ALL","","1972","158.22"
"BGR","","TOTAL","ALL","","1973","124.75"
"BGR","","TOTAL","ALL","","1974","121.35"
"BGR","","TOTAL","ALL","","1975","155.3"
"BGR","","TOTAL","ALL","","1976","120.34"
"BGR","","TOTAL","ALL","","1977","134.08"
"BGR","","TOTAL","ALL","","1978","109.56"
"BGR","","TOTAL","ALL","","1979","109.36"
"BGR","","TOTAL","ALL","","1980","107.83"
"BGR","","TOTAL","ALL","","1981","94.14"
"BGR","","TOTAL","ALL","","1982","90.91"
"BGR","","TOTAL","ALL","","1983","91.53"
"BGR","","TOTAL","ALL","","1984","81.9"
"BGR","","TOTAL","ALL","","1985","94.05"
"BGR","","TOTAL","ALL","","1986","82.23"
"BGR","","TOTAL","ALL","","1987","78.31"
"BGR","","TOTAL","ALL","","1988","78.77"
"BGR","","TOTAL","ALL","","1989","72.74"
"BGR","","TOTAL","ALL","","1990","68.44"
"BGR","","TOTAL","ALL","","1991","64.01"
"BGR","","TOTAL","ALL","","1992","65.04"
"BGR","","TOTAL","ALL","","1993","57.75"
"BGR","","TOTAL","ALL","","1994","58.18"
"BGR","","TOTAL","ALL","","1995","56.1"
"BGR","","TOTAL","ALL","","1996","59.18"
"BGR","","TOTAL","ALL","","1997","62.78"
"BGR","","TOTAL","ALL","","1998","53.78"
"BGR","","TOTAL","ALL","","1999","46.88"
"BGR","","TOTAL","ALL","","2000","46.84"
"BGR","","TOTAL","ALL","","2001","39.1"
"BGR","","TOTAL","ALL","","2002","34.65"
"BGR","","TOTAL","ALL","","2003","36.21"
"BGR","","TOTAL","ALL","","2004","33.08"
"BGR","","TOTAL","ALL","","2005","43.68"
"BGR","","TOTAL","ALL","","2006","40.16"
"BGR","","TOTAL","ALL","","2007","42.26"
"BGR","","TOTAL","ALL","","2008","41.62"
"BGR","","TOTAL","ALL","","2009","39.58"
"BGR","","TOTAL","ALL","","2010","38.22"
"BGR","","TOTAL","ALL","","2011","36.24"
"BGR","","TOTAL","ALL","","2012","35.25"
"BGR","","TOTAL","ALL","","2013","30.94"
"BGR","","TOTAL","ALL","","2014","34.92"
"BGR","","TOTAL","ALL","","2015","34.95"
"BGR","","TOTAL","ALL","","2016","38.38"
"BGR","","TOTAL","ALL","","2017","38.88"
"BGR","","TOTAL","ALL","","2018","40.72"
"BGR","","TOTAL","ALL","","2019","35.95"
"BGR","","TOTAL","ALL","","2020","50.3"
"BGR","","TOTAL","ALL","","2021","57.14"
"BIH","","TOTAL","ALL","","1985","59.37"
"BIH","","TOTAL","ALL","","1986","53.12"
"BIH","","TOTAL","ALL","","1987","50.36"
"BIH","","TOTAL","ALL","","1988","43.8"
"BIH","","TOTAL","ALL","","1989","44.93"
"BIH","","TOTAL","ALL","","1990","41.89"
"BIH","","TOTAL","ALL","","1991","37.58"
"BIH","","TOTAL","ALL","","2011","27.67"
"BIH","","TOTAL","ALL","","2014","27.13"
"BIH","","TOTAL","ALL","","2016","34.08"
"BIH","","TOTAL","ALL","","2021","41.65"
"BIH","","TOTAL","ALL","","2022","34.96"
"BLR","","TOTAL","ALL","","1981","124.79"
"BLR","","TOTAL","ALL","","1982","113.56"
"BLR","","TOTAL","ALL","","1985","109.87"
"BLR","","TOTAL","ALL","","1986","91.61"
"BLR","","TOTAL","ALL","","1987","90.73"
"BLR","","TOTAL","ALL","","1988","87.45"
"BLR","","TOTAL","ALL","","1989","80.19"
"BLR","","TOTAL","ALL","","1990","73.27"
"BLR","","TOTAL","ALL","","1991","66.11"
"BLR","","TOTAL","ALL","","1992","60.1"
"BLR","","TOTAL","ALL","","1993","68.69"
"BLR","","TOTAL","ALL","","1994","64.28"
"BLR","","TOTAL","ALL","","1995","64.83"
"BLR","","TOTAL","ALL","","1996","63.57"
"BLR","","TOTAL","ALL","","1997","66.48"
"BLR","","TOTAL","ALL","","1998","63.86"
"BLR","","TOTAL","ALL","","1999","68.14"
"BLR","","TOTAL","ALL","","2000","61.75"
"BLR","","TOTAL","ALL","","2001","60.07"
"BLR","","TOTAL","ALL","","2002","57.73"
"BLR","","TOTAL","ALL","","2003","44.97"
"BLR","","TOTAL","ALL","","2004","45.33"
"BLR","","TOTAL","ALL","","2005","47.53"
"BLR","","TOTAL","ALL","","2007","40.29"
"BLR","","TOTAL","ALL","","2008","34.76"
"BLR","","TOTAL","ALL","","2009","35.96"
"BLR","","TOTAL","ALL","","2010","31.04"
"BLR","","TOTAL","ALL","","2011","27.57"
"BLR","","TOTAL","ALL","","2013","18.44"
"BLR","","TOTAL","ALL","","2014","16.14"
"BLR","","TOTAL","ALL","","2018","18.6"
"","CARINFONET","TOTAL","ALL","","1981","163.7"
"","CARINFONET","TOTAL","ALL","","1982","156.72"
"","CARINFONET","TOTAL","ALL","","1985","161.91"
"","CARINFONET","TOTAL","ALL","","1986","141.04"
"","CARINFONET","TOTAL","ALL","","1987","137.98"
"","CARINFONET","TOTAL","ALL","","1988","135.92"
"","CARINFONET","TOTAL","ALL","","1989","124.45"
"","CARINFONET","TOTAL","ALL","","1990","115.91"
"","CARINFONET","TOTAL","ALL","","1991","114.47"
"","CARINFONET","TOTAL","ALL","","1992","117.04"
"","CARINFONET","TOTAL","ALL","","1993","128.78"
"","CARINFONET","TOTAL","ALL","","1994","138.56"
"","CARINFONET","TOTAL","ALL","","1995","135.24"
"","CARINFONET","TOTAL","ALL","","1996","127.97"
"","CARINFONET","TOTAL","ALL","","1997","114.98"
"","CARINFONET","TOTAL","ALL","","1998","116.13"
"","CARINFONET","TOTAL","ALL","","1999","99.38"
"","CARINFONET","TOTAL","ALL","","2000","101.37"
"","CARINFONET","TOTAL","ALL","","2001","89.49"
"","CARINFONET","TOTAL","ALL","","2002","90.87"
"","CARINFONET","TOTAL","ALL","","2003","90.95"
"","CARINFONET","TOTAL","ALL","","2004","76.43"
"","CARINFONET","TOTAL","ALL","","2005","76.4"
"","CARINFONET","TOTAL","ALL","","2006","70.69"
"","CARINFONET","TOTAL","ALL","","2007","67.3"
"","CARINFONET","TOTAL","ALL","","2008","61.24"
"","CARINFONET","TOTAL","ALL","","2009","57.15"
"","CARINFONET","TOTAL","ALL","","2010","52.63"
"","CARINFONET","TOTAL","ALL","","2011","54.85"
"","CARINFONET","TOTAL","ALL","","2012","54.57"
"","CARINFONET","TOTAL","ALL","","2013","68.54"
"","CARINFONET","TOTAL","ALL","","2014","66.46"
"","CARINFONET","TOTAL","ALL","","2015","68.62"
"","CARINFONET","TOTAL","ALL","","2016","65.9"
"CHE","","TOTAL","ALL","","1969","72.82"
"CHE","","TOTAL","ALL","","1970","65.32"
"CHE","","TOTAL","ALL","","1971","66.97"
"CHE","","TOTAL","ALL","","1972","54.59"
"CHE","","TOTAL","ALL","","1973","58.51"
"CHE","","TOTAL","ALL","","1974","50.64"
"CHE","","TOTAL","ALL","","1975","52.02"
"CHE","","TOTAL","ALL","","1976","62.3"
"CHE","","TOTAL","ALL","","1977","44.38"
"CHE","","TOTAL","ALL","","1978","48.52"
"CHE","","TOTAL","ALL","","1979","44.54"
"CHE","","TOTAL","ALL","","1980","44.92"
"CHE","","TOTAL","ALL","","1981","43.46"
"CHE","","TOTAL","ALL","","1982","32.72"
"CHE","","TOTAL","ALL","","1983","44.27"
"CHE","","TOTAL","ALL","","1984","35.16"
"CHE","","TOTAL","ALL","","1985","39.2"
"CHE","","TOTAL","ALL","","1986","46.9"
"CHE","","TOTAL","ALL","","1987","36.94"
"CHE","","TOTAL","ALL","","1988","40.35"
"CHE","","TOTAL","ALL","","1989","41.76"
"CHE","","TOTAL","ALL","","1990","53.46"
"CHE","","TOTAL","ALL","","1991","41.86"
"CHE","","TOTAL","ALL","","1992","42.31"
"CHE","","TOTAL","ALL","","1993","45.4"
"CHE","","TOTAL","ALL","","1994","42.28"
"CHE","","TOTAL","ALL","","1995","35.08"
"CHE","","TOTAL","ALL","","1996","34.53"
"CHE","","TOTAL","ALL","","1997","39.69"
"CHE","","TOTAL","ALL","","1998","39.83"
"CHE","","TOTAL","ALL","","1999","40.52"
"CHE","","TOTAL","ALL","","2000","39.05"
"CHE","","TOTAL","ALL","","2001","31.35"
"CHE","","TOTAL","ALL","","2002","32.39"
"CHE","","TOTAL","ALL","","2003","33.16"
"CHE","","TOTAL","ALL","","2004","30.12"
"CHE","","TOTAL","ALL","","2005","32.74"
"CHE","","TOTAL","ALL","","2006","27.59"
"CHE","","TOTAL","ALL","","2007","27.26"
"CHE","","TOTAL","ALL","","2008","26.22"
"CHE","","TOTAL","ALL","","2009","28.49"
"CHE","","TOTAL","ALL","","2010","25.35"
"CHE","","TOTAL","ALL","","2011","25.16"
"CHE","","TOTAL","ALL","","2012","25.68"
"CHE","","TOTAL","ALL","","2013","26.8"
"CHE","","TOTAL","ALL","","2015","28.34"
"CHE","","TOTAL","ALL","","2016","24.83"
"CHE","","TOTAL","ALL","","2017","27.25"
"CHE","","TOTAL","ALL","","2018","26.62"
"CHE","","TOTAL","ALL","","2019","25.87"
"","CIS","TOTAL","ALL","","1981","109.99"
"","CIS","TOTAL","ALL","","1982","100.44"
"","CIS","TOTAL","ALL","","1985","103.49"
"","CIS","TOTAL","ALL","","1986","85.72"
"","CIS","TOTAL","ALL","","1987","83.04"
"","CIS","TOTAL","ALL","","1988","83.33"
"","CIS","TOTAL","ALL","","1989","77.2"
"","CIS","TOTAL","ALL","","1990","74.9"
"","CIS","TOTAL","ALL","","1991","72.11"
"","CIS","TOTAL","ALL","","1992","73.52"
"","CIS","TOTAL","ALL","","1993","86.77"
"","CIS","TOTAL","ALL","","1994","92.6"
"","CIS","TOTAL","ALL","","1995","88.99"
"","CIS","TOTAL","ALL","","1996","82.74"
"","CIS","TOTAL","ALL","","1997","76.64"
"","CIS","TOTAL","ALL","","1998","70.69"
"","CIS","TOTAL","ALL","","1999","71.65"
"","CIS","TOTAL","ALL","","2000","74.6"
"","CIS","TOTAL","ALL","","2001","67.52"
"","CIS","TOTAL","ALL","","2002","69.27"
"","CIS","TOTAL","ALL","","2003","68.63"
"","CIS","TOTAL","ALL","","2004","61.94"
"","CIS","TOTAL","ALL","","2005","62.51"
"","CIS","TOTAL","ALL","","2006","55.78"
"","CIS","TOTAL","ALL","","2007","53.04"
"","CIS","TOTAL","ALL","","2008","51.23"
"","CIS","TOTAL","ALL","","2009","49.23"
"","CIS","TOTAL","ALL","","2010","45.56"
"","CIS","TOTAL","ALL","","2011","44.81"
"","CIS","TOTAL","ALL","","2012","42.72"
"","CIS","TOTAL","ALL","","2013","46.47"
"","CIS","TOTAL","ALL","","2014","47.19"
"","CIS","TOTAL","ALL","","2015","45.81"
"CYP","","TOTAL","ALL","","2004","38.31"
"CYP","","TOTAL","ALL","","2005","39.98"
"CYP","","TOTAL","ALL","","2006","36.14"
"CYP","","TOTAL","ALL","","2007","38.44"
"CYP","","TOTAL","ALL","","2008","34.96"
"CYP","","TOTAL","ALL","","2009","37.87"
"CYP","","TOTAL","ALL","","2010","33.03"
"CYP","","TOTAL","ALL","","2011","33.9"
"CYP","","TOTAL","ALL","","2012","38.52"
"CYP","","TOTAL","ALL","","2013","36.4"
"CYP","","TOTAL","ALL","","2014","36.51"
"CYP","","TOTAL","ALL","","2015","45.36"
"CYP","","TOTAL","ALL","","2016","39.5"
"CYP","","TOTAL","ALL","","2017","45.83"
"CYP","","TOTAL","ALL","","2018","38.87"
"CYP","","TOTAL","ALL","","2019","46.41"
"CYP","","TOTAL","ALL","","2020","41.85"
"CYP","","TOTAL","ALL","","2021","35.74"
"CZE","","TOTAL","ALL","","1986","69.1"
"CZE","","TOTAL","ALL","","1987","53.68"
"CZE","","TOTAL","ALL","","1988","53.08"
"CZE","","TOTAL","ALL","","1989","54.87"
"CZE","","TOTAL","ALL","","1990","49.16"
"CZE","","TOTAL","ALL","","1991","46.66"
"CZE","","TOTAL","ALL","","1992","45.44"
"CZE","","TOTAL","ALL","","1993","42.49"
"CZE","","TOTAL","ALL","","1994","40.38"
"CZE","","TOTAL","ALL","","1995","43.46"
"CZE","","TOTAL","ALL","","1996","39.71"
"CZE","","TOTAL","ALL","","1997","36.54"
"CZE","","TOTAL","ALL","","1998","34.36"
"CZE","","TOTAL","ALL","","1999","38.42"
"CZE","","TOTAL","ALL","","2000","40.2"
"CZE","","TOTAL","ALL","","2001","37.7"
"CZE","","TOTAL","ALL","","2002","38.23"
"CZE","","TOTAL","ALL","","2003","42.35"
"CZE","","TOTAL","ALL","","2004","37.31"
"CZE","","TOTAL","ALL","","2005","46.27"
"CZE","","TOTAL","ALL","","2006","42.05"
"CZE","","TOTAL","ALL","","2007","41.21"
"CZE","","TOTAL","ALL","","2008","40.19"
"CZE","","TOTAL","ALL","","2009","43.73"
"CZE","","TOTAL","ALL","","2010","41.06"
"CZE","","TOTAL","ALL","","2011","37.14"
"CZE","","TOTAL","ALL","","2012","37.04"
"CZE","","TOTAL","ALL","","2013","42.63"
"CZE","","TOTAL","ALL","","2014","37.43"
"CZE","","TOTAL","ALL","","2015","44.14"
"CZE","","TOTAL","ALL","","2016","41.57"
"CZE","","TOTAL","ALL","","2017","45.31"
"CZE","","TOTAL","ALL","","2018","45.98"
"CZE","","TOTAL","ALL","","2019","44.57"
"CZE","","TOTAL","ALL","","2020","44.23"
"CZE","","TOTAL","ALL","","2021","41.54"
"DEU","","TOTAL","ALL","","1990","50.45"
"DEU","","TOTAL","ALL","","1991","46.51"
"DEU","","TOTAL","ALL","","1992","43.34"
"DEU","","TOTAL","ALL","","1993","44.89"
"DEU","","TOTAL","ALL","","1994","44.07"
"DEU","","TOTAL","ALL","","1995","44.02"
"DEU","","TOTAL","ALL","","1996","43.22"
"DEU","","TOTAL","ALL","","1997","39.98"
"DEU","","TOTAL","ALL","","1998","38.51"
"DEU","","TOTAL","ALL","","1999","39.72"
"DEU","","TOTAL","ALL","","2000","39.11"
"DEU","","TOTAL","ALL","","2001","36.18"
"DEU","","TOTAL","ALL","","2002","39.6"
"DEU","","TOTAL","ALL","","2003","42.41"
"DEU","","TOTAL","ALL","","2004","37.87"
"DEU","","TOTAL","ALL","","2005","40.16"
"DEU","","TOTAL","ALL","","2006","36.97"
"DEU","","TOTAL","ALL","","2007","38.03"
"DEU","","TOTAL","ALL","","2008","37.71"
"DEU","","TOTAL","ALL","","2009","39.54"
"DEU","","TOTAL","ALL","","2010","37"
"DEU","","TOTAL","ALL","","2011","36.15"
"DEU","","TOTAL","ALL","","2012","35.17"
"DEU","","TOTAL","ALL","","2013","38.5"
"DEU","","TOTAL","ALL","","2014","34.05"
"DEU","","TOTAL","ALL","","2015","38.75"
"DEU","","TOTAL","ALL","","2016","36.2"
"DEU","","TOTAL","ALL","","2017","37.63"
"DEU","","TOTAL","ALL","","2018","39.34"
"DEU","","TOTAL","ALL","","2019","36.26"
"DEU","","TOTAL","ALL","","2020","32.78"
"DNK","","TOTAL","ALL","","1969","61.14"
"DNK","","TOTAL","ALL","","1970","58.25"
"DNK","","TOTAL","ALL","","1971","54.09"
"DNK","","TOTAL","ALL","","1972","59.58"
"DNK","","TOTAL","ALL","","1973","53.01"
"DNK","","TOTAL","ALL","","1974","73.23"
"DNK","","TOTAL","ALL","","1975","62.86"
"DNK","","TOTAL","ALL","","1976","80.58"
"DNK","","TOTAL","ALL","","1977","56.67"
"DNK","","TOTAL","ALL","","1978","58.91"
"DNK","","TOTAL","ALL","","1979","61.47"
"DNK","","TOTAL","ALL","","1980","66.45"
"DNK","","TOTAL","ALL","","1981","64.6"
"DNK","","TOTAL","ALL","","1982","59.29"
"DNK","","TOTAL","ALL","","1983","62.03"
"DNK","","TOTAL","ALL","","1984","61.99"
"DNK","","TOTAL","ALL","","1985","66.72"
"DNK","","TOTAL","ALL","","1986","60.19"
"DNK","","TOTAL","ALL","","1987","54.25"
"DNK","","TOTAL","ALL","","1988","56.07"
"DNK","","TOTAL","ALL","","1989","59.45"
"DNK","","TOTAL","ALL","","1990","63.41"
"DNK","","TOTAL","ALL","","1991","58.91"
"DNK","","TOTAL","ALL","","1992","61.32"
"DNK","","TOTAL","ALL","","1993","67.08"
"DNK","","TOTAL","ALL","","1994","65.45"
"DNK","","TOTAL","ALL","","1995","73.34"
"DNK","","TOTAL","ALL","","1996","73.58"
"DNK","","TOTAL","ALL","","1997","69.58"
"DNK","","TOTAL","ALL","","1998","68.42"
"DNK","","TOTAL","ALL","","1999","71.76"
"DNK","","TOTAL","ALL","","2000","65.85"
"DNK","","TOTAL","ALL","","2001","66.16"
"DNK","","TOTAL","ALL","","2002","71.46"
"DNK","","TOTAL","ALL","","2003","71.2"
"DNK","","TOTAL","ALL","","2004","64.12"
"DNK","","TOTAL","ALL","","2005","60.97"
"DNK","","TOTAL","ALL","","2006","60.56"
"DNK","","TOTAL","ALL","","2007","63.89"
"DNK","","TOTAL","ALL","","2008","62.44"
"DNK","","TOTAL","ALL","","2009","66.5"
"DNK","","TOTAL","ALL","","2010","62.96"
"DNK","","TOTAL","ALL","","2011","60.98"
"DNK","","TOTAL","ALL","","2012","59.21"
"DNK","","TOTAL","ALL","","2013","61.15"
"DNK","","TOTAL","ALL","","2014","55.16"
"DNK","","TOTAL","ALL","","2015","57.05"
"DNK","","TOTAL","ALL","","2016","58.22"
"DNK","","TOTAL","ALL","","2017","59.17"
"DNK","","TOTAL","ALL","","2018","61.03"
"DNK","","TOTAL","ALL","","2019","54.88"
"DNK","","TOTAL","ALL","","2020","49.64"
"DNK","","TOTAL","ALL","","2021","48.93"
"ESP","","TOTAL","ALL","","1968","113.52"
"ESP","","TOTAL","ALL","","1969","125.14"
"ESP","","TOTAL","ALL","","1971","126.81"
"ESP","","TOTAL","ALL","","1972","105.14"
"ESP","","TOTAL","ALL","","1973","124.99"
"ESP","","TOTAL","ALL","","1974","115.23"
"ESP","","TOTAL","ALL","","1975","112.05"
"ESP","","TOTAL","ALL","","1976","101.16"
"ESP","","TOTAL","ALL","","1977","95.58"
"ESP","","TOTAL","ALL","","1978","89.43"
"ESP","","TOTAL","ALL","","1979","75.34"
"ESP","","TOTAL","ALL","","1980","76.16"
"ESP","","TOTAL","ALL","","1981","77.86"
"ESP","","TOTAL","ALL","","1982","66.21"
"ESP","","TOTAL","ALL","","1983","71.89"
"ESP","","TOTAL","ALL","","1984","64.3"
"ESP","","TOTAL","ALL","","1985","70.05"
"ESP","","TOTAL","ALL","","1986","66.09"
"ESP","","TOTAL","ALL","","1987","61.01"
"ESP","","TOTAL","ALL","","1988","62.25"
"ESP","","TOTAL","ALL","","1989","63.52"
"ESP","","TOTAL","ALL","","1990","68.44"
"ESP","","TOTAL","ALL","","1991","64.83"
"ESP","","TOTAL","ALL","","1992","59.28"
"ESP","","TOTAL","ALL","","1993","61.32"
"ESP","","TOTAL","ALL","","1994","57.5"
"ESP","","TOTAL","ALL","","1995","60.48"
"ESP","","TOTAL","ALL","","1996","61.21"
"ESP","","TOTAL","ALL","","1997","60.05"
"ESP","","TOTAL","ALL","","1998","63.69"
"ESP","","TOTAL","ALL","","1999","73.01"
"ESP","","TOTAL","ALL","","2000","62.91"
"ESP","","TOTAL","ALL","","2001","56.04"
"ESP","","TOTAL","ALL","","2002","60.31"
"ESP","","TOTAL","ALL","","2003","61.63"
"ESP","","TOTAL","ALL","","2004","53.25"
"ESP","","TOTAL","ALL","","2005","61.83"
"ESP","","TOTAL","ALL","","2006","50.47"
"ESP","","TOTAL","ALL","","2007","54.45"
"ESP","","TOTAL","ALL","","2008","52.81"
"ESP","","TOTAL","ALL","","2009","50.21"
"ESP","","TOTAL","ALL","","2010","45.09"
"ESP","","TOTAL","ALL","","2011","46.03"
"ESP","","TOTAL","ALL","","2012","48.59"
"ESP","","TOTAL","ALL","","2013","42.8"
"ESP","","TOTAL","ALL","","2014","43.02"
"ESP","","TOTAL","ALL","","2015","49.05"
"ESP","","TOTAL","ALL","","2016","43.65"
"ESP","","TOTAL","ALL","","2017","46.26"
"ESP","","TOTAL","ALL","","2018","47.62"
"ESP","","TOTAL","ALL","","2019","41.97"
"ESP","","TOTAL","ALL","","2020","37.19"
"ESP","","TOTAL","ALL","","2021","31.01"
"EST","","TOTAL","ALL","","1981","43.61"
"EST","","TOTAL","ALL","","1982","37.62"
"EST","","TOTAL","ALL","","1985","39.06"
"EST","","TOTAL","ALL","","1986","31.87"
"EST","","TOTAL","ALL","","1987","29.75"
"EST","","TOTAL","ALL","","1988","26.79"
"EST","","TOTAL","ALL","","1989","29.53"
"EST","","TOTAL","ALL","","1990","30.15"
"EST","","TOTAL","ALL","","1991","29.8"
"EST","","TOTAL","ALL","","1992","29.02"
"EST","","TOTAL","ALL","","1993","33.68"
"EST","","TOTAL","ALL","","1994","42.69"
"EST","","TOTAL","ALL","","1995","40.68"
"EST","","TOTAL","ALL","","1996","37"
"EST","","TOTAL","ALL","","1997","33.52"
"EST","","TOTAL","ALL","","1998","37.86"
"EST","","TOTAL","ALL","","1999","32.98"
"EST","","TOTAL","ALL","","2000","35.72"
"EST","","TOTAL","ALL","","2001","35.24"
"EST","","TOTAL","ALL","","2002","35.09"
"EST","","TOTAL","ALL","","2003","36.33"
"EST","","TOTAL","ALL","","2004","32.95"
"EST","","TOTAL","ALL","","2005","26.97"
"EST","","TOTAL","ALL","","2006","28.19"
"EST","","TOTAL","ALL","","2007","26.63"
"EST","","TOTAL","ALL","","2008","26.23"
"EST","","TOTAL","ALL","","2009","23.55"
"EST","","TOTAL","ALL","","2010","21.54"
"EST","","TOTAL","ALL","","2011","21.47"
"EST","","TOTAL","ALL","","2012","21.77"
"EST","","TOTAL","ALL","","2013","24.22"
"EST","","TOTAL","ALL","","2014","25.92"
"EST","","TOTAL","ALL","","2015","23.11"
"EST","","TOTAL","ALL","","2016","23.93"
"","EU_AFTER_MAY2004","TOTAL","ALL","","1981","84"
"","EU_AFTER_MAY2004","TOTAL","ALL","","1982","81"
"","EU_AFTER_MAY2004","TOTAL","ALL","","1985","84.29"
"","EU_AFTER_MAY2004","TOTAL","ALL","","1986","77.26"
"","EU_AFTER_MAY2004","TOTAL","ALL","","1987","71.62"
"","EU_AFTER_MAY2004","TOTAL","ALL","","1988","67.18"
"","EU_AFTER_MAY2004","TOTAL","ALL","","1989","66.52"
"","EU_AFTER_MAY2004","TOTAL","ALL","","1990","61.85"
"","EU_AFTER_MAY2004","TOTAL","ALL","","1991","59.66"
"","EU_AFTER_MAY2004","TOTAL","ALL","","1992","58.09"
"","EU_AFTER_MAY2004","TOTAL","ALL","","1993","55.37"
"","EU_AFTER_MAY2004","TOTAL","ALL","","1994","53.34"
"","EU_AFTER_MAY2004","TOTAL","ALL","","1995","52.31"
"","EU_AFTER_MAY2004","TOTAL","ALL","","1996","54.57"
"","EU_AFTER_MAY2004","TOTAL","ALL","","1997","53.43"
"","EU_AFTER_MAY2004","TOTAL","ALL","","1998","50.08"
"","EU_AFTER_MAY2004","TOTAL","ALL","","1999","52.41"
"","EU_AFTER_MAY2004","TOTAL","ALL","","2000","49.61"
"","EU_AFTER_MAY2004","TOTAL","ALL","","2001","43.96"
"","EU_AFTER_MAY2004","TOTAL","ALL","","2002","44.86"
"","EU_AFTER_MAY2004","TOTAL","ALL","","2003","46.59"
"","EU_AFTER_MAY2004","TOTAL","ALL","","2004","44.12"
"","EU_AFTER_MAY2004","TOTAL","ALL","","2005","47.12"
"","EU_AFTER_MAY2004","TOTAL","ALL","","2006","43.92"
"","EU_AFTER_MAY2004","TOTAL","ALL","","2007","44.4"
"","EU_AFTER_MAY2004","TOTAL","ALL","","2008","42.05"
"","EU_AFTER_MAY2004","TOTAL","ALL","","2009","43.14"
"","EU_AFTER_MAY2004","TOTAL","ALL","","2010","40.37"
"","EU_AFTER_MAY2004","TOTAL","ALL","","2011","39.7"
"","EU_AFTER_MAY2004","TOTAL","ALL","","2012","39.56"
"","EU_AFTER_MAY2004","TOTAL","ALL","","2013","41.1"
"","EU_AFTER_MAY2004","TOTAL","ALL","","2014","38.15"
"","EU_AFTER_MAY2004","TOTAL","ALL","","2015","42.31"
"","EU_AFTER_MAY2004","TOTAL","ALL","","2016","40.97"
"","EU_AFTER_MAY2004","TOTAL","ALL","","2017","44.44"
"","EU_AFTER_MAY2004","TOTAL","ALL","","2018","45.36"
"","EU_AFTER_MAY2004","TOTAL","ALL","","2019","44.78"
"","EU_AFTER_MAY2004","TOTAL","ALL","","2020","46.3"
"","EU_AFTER_MAY2004","TOTAL","ALL","","2021","48.3"
"","EU_BEFORE_FEB2020","TOTAL","ALL","","1969","104.54"
"","EU_BEFORE_FEB2020","TOTAL","ALL","","1970","97.56"
"","EU_BEFORE_FEB2020","TOTAL","ALL","","1971","92.43"
"","EU_BEFORE_FEB2020","TOTAL","ALL","","1972","87.13"
"","EU_BEFORE_FEB2020","TOTAL","ALL","","1973","92.24"
"","EU_BEFORE_FEB2020","TOTAL","ALL","","1974","83.48"
"","EU_BEFORE_FEB2020","TOTAL","ALL","","1975","86.76"
"","EU_BEFORE_FEB2020","TOTAL","ALL","","1976","86.5"
"","EU_BEFORE_FEB2020","TOTAL","ALL","","1977","80.44"
"","EU_BEFORE_FEB2020","TOTAL","ALL","","1978","78.77"
"","EU_BEFORE_FEB2020","TOTAL","ALL","","1979","74.4"
"","EU_BEFORE_FEB2020","TOTAL","ALL","","1980","75.86"
"","EU_BEFORE_FEB2020","TOTAL","ALL","","1981","73.65"
"","EU_BEFORE_FEB2020","TOTAL","ALL","","1982","70.32"
"","EU_BEFORE_FEB2020","TOTAL","ALL","","1983","73.28"
"","EU_BEFORE_FEB2020","TOTAL","ALL","","1984","64"
"","EU_BEFORE_FEB2020","TOTAL","ALL","","1985","67.99"
"","EU_BEFORE_FEB2020","TOTAL","ALL","","1986","65.74"
"","EU_BEFORE_FEB2020","TOTAL","ALL","","1987","59.37"
"","EU_BEFORE_FEB2020","TOTAL","ALL","","1988","58.83"
"","EU_BEFORE_FEB2020","TOTAL","ALL","","1989","59.93"
"","EU_BEFORE_FEB2020","TOTAL","ALL","","1990","58.51"
"","EU_BEFORE_FEB2020","TOTAL","ALL","","1991","55.94"
"","EU_BEFORE_FEB2020","TOTAL","ALL","","1992","53.67"
"","EU_BEFORE_FEB2020","TOTAL","ALL","","1993","58.51"
"","EU_BEFORE_FEB2020","TOTAL","ALL","","1994","54.52"
"","EU_BEFORE_FEB2020","TOTAL","ALL","","1995","56.42"
"","EU_BEFORE_FEB2020","TOTAL","ALL","","1996","56.43"
"","EU_BEFORE_FEB2020","TOTAL","ALL","","1997","55.94"
"","EU_BEFORE_FEB2020","TOTAL","ALL","","1998","55.46"
"","EU_BEFORE_FEB2020","TOTAL","ALL","","1999","58.57"
"","EU_BEFORE_FEB2020","TOTAL","ALL","","2000","53.28"
"","EU_BEFORE_FEB2020","TOTAL","ALL","","2001","46.75"
"","EU_BEFORE_FEB2020","TOTAL","ALL","","2002","48.66"
"","EU_BEFORE_FEB2020","TOTAL","ALL","","2003","51.14"
"","EU_BEFORE_FEB2020","TOTAL","ALL","","2004","45.79"
"","EU_BEFORE_FEB2020","TOTAL","ALL","","2005","48.92"
"","EU_BEFORE_FEB2020","TOTAL","ALL","","2006","44.3"
"","EU_BEFORE_FEB2020","TOTAL","ALL","","2007","44.93"
"","EU_BEFORE_FEB2020","TOTAL","ALL","","2008","44.08"
"","EU_BEFORE_FEB2020","TOTAL","ALL","","2009","43.92"
"","EU_BEFORE_FEB2020","TOTAL","ALL","","2010","41.1"
"","EU_BEFORE_FEB2020","TOTAL","ALL","","2011","40.96"
"","EU_BEFORE_FEB2020","TOTAL","ALL","","2012","41.77"
"","EU_BEFORE_FEB2020","TOTAL","ALL","","2013","41.53"
"","EU_BEFORE_FEB2020","TOTAL","ALL","","2014","38.34"
"","EU_BEFORE_FEB2020","TOTAL","ALL","","2015","42.77"
"","EU_BEFORE_FEB2020","TOTAL","ALL","","2016","40.83"
"","EU_BEFORE_FEB2020","TOTAL","ALL","","2017","42.47"
"","EU_BEFORE_FEB2020","TOTAL","ALL","","2018","43.47"
"","EU_BEFORE_FEB2020","TOTAL","ALL","","2019","41.17"
"","EU_BEFORE_FEB2020","TOTAL","ALL","","2020","38.88"
"","EU_BEFORE_FEB2020","TOTAL","ALL","","2021","38.53"
"","EU_BEFORE_MAY2004","TOTAL","ALL","","1969","100.96"
"","EU_BEFORE_MAY2004","TOTAL","ALL","","1970","94.23"
"","EU_BEFORE_MAY2004","TOTAL","ALL","","1971","84.71"
"","EU_BEFORE_MAY2004","TOTAL","ALL","","1972","84.24"
"","EU_BEFORE_MAY2004","TOTAL","ALL","","1973","88.39"
"","EU_BEFORE_MAY2004","TOTAL","ALL","","1974","81.42"
"","EU_BEFORE_MAY2004","TOTAL","ALL","","1975","82.93"
"","EU_BEFORE_MAY2004","TOTAL","ALL","","1976","84.45"
"","EU_BEFORE_MAY2004","TOTAL","ALL","","1977","76.62"
"","EU_BEFORE_MAY2004","TOTAL","ALL","","1978","75.81"
"","EU_BEFORE_MAY2004","TOTAL","ALL","","1979","71.02"
"","EU_BEFORE_MAY2004","TOTAL","ALL","","1980","71.11"
"","EU_BEFORE_MAY2004","TOTAL","ALL","","1981","70.52"
"","EU_BEFORE_MAY2004","TOTAL","ALL","","1982","67.09"
"","EU_BEFORE_MAY2004","TOTAL","ALL","","1983","69.9"
"","EU_BEFORE_MAY2004","TOTAL","ALL","","1984","59.13"
"","EU_BEFORE_MAY2004","TOTAL","ALL","","1985","63.02"
"","EU_BEFORE_MAY2004","TOTAL","ALL","","1986","62.22"
"","EU_BEFORE_MAY2004","TOTAL","ALL","","1987","55.61"
"","EU_BEFORE_MAY2004","TOTAL","ALL","","1988","56.27"
"","EU_BEFORE_MAY2004","TOTAL","ALL","","1989","57.91"
"","EU_BEFORE_MAY2004","TOTAL","ALL","","1990","57.49"
"","EU_BEFORE_MAY2004","TOTAL","ALL","","1991","54.8"
"","EU_BEFORE_MAY2004","TOTAL","ALL","","1992","52.34"
"","EU_BEFORE_MAY2004","TOTAL","ALL","","1993","59.46"
"","EU_BEFORE_MAY2004","TOTAL","ALL","","1994","54.88"
"","EU_BEFORE_MAY2004","TOTAL","ALL","","1995","57.65"
"","EU_BEFORE_MAY2004","TOTAL","ALL","","1996","56.98"
"","EU_BEFORE_MAY2004","TOTAL","ALL","","1997","56.68"
"","EU_BEFORE_MAY2004","TOTAL","ALL","","1998","57.05"
"","EU_BEFORE_MAY2004","TOTAL","ALL","","1999","60.37"
"","EU_BEFORE_MAY2004","TOTAL","ALL","","2000","54.35"
"","EU_BEFORE_MAY2004","TOTAL","ALL","","2001","47.56"
"","EU_BEFORE_MAY2004","TOTAL","ALL","","2002","49.74"
"","EU_BEFORE_MAY2004","TOTAL","ALL","","2003","52.42"
"","EU_BEFORE_MAY2004","TOTAL","ALL","","2004","46.26"
"","EU_BEFORE_MAY2004","TOTAL","ALL","","2005","49.42"
"","EU_BEFORE_MAY2004","TOTAL","ALL","","2006","44.41"
"","EU_BEFORE_MAY2004","TOTAL","ALL","","2007","45.08"
"","EU_BEFORE_MAY2004","TOTAL","ALL","","2008","44.63"
"","EU_BEFORE_MAY2004","TOTAL","ALL","","2009","44.14"
"","EU_BEFORE_MAY2004","TOTAL","ALL","","2010","41.3"
"","EU_BEFORE_MAY2004","TOTAL","ALL","","2011","41.29"
"","EU_BEFORE_MAY2004","TOTAL","ALL","","2012","42.35"
"","EU_BEFORE_MAY2004","TOTAL","ALL","","2013","41.64"
"","EU_BEFORE_MAY2004","TOTAL","ALL","","2014","38.39"
"","EU_BEFORE_MAY2004","TOTAL","ALL","","2015","42.89"
"","EU_BEFORE_MAY2004","TOTAL","ALL","","2016","40.79"
"","EU_BEFORE_MAY2004","TOTAL","ALL","","2017","41.96"
"","EU_BEFORE_MAY2004","TOTAL","ALL","","2018","42.98"
"","EU_BEFORE_MAY2004","TOTAL","ALL","","2019","40.25"
"","EU_BEFORE_MAY2004","TOTAL","ALL","","2020","36.99"
"","EU_MEMBERS","TOTAL","ALL","","1969","96.56"
"","EU_MEMBERS","TOTAL","ALL","","1970","88.57"
"","EU_MEMBERS","TOTAL","ALL","","1971","86.6"
"","EU_MEMBERS","TOTAL","ALL","","1972","78.2"
"","EU_MEMBERS","TOTAL","ALL","","1973","84.55"
"","EU_MEMBERS","TOTAL","ALL","","1974","75.46"
"","EU_MEMBERS","TOTAL","ALL","","1975","79.48"
"","EU_MEMBERS","TOTAL","ALL","","1976","76.11"
"","EU_MEMBERS","TOTAL","ALL","","1977","72.47"
"","EU_MEMBERS","TOTAL","ALL","","1978","70.2"
"","EU_MEMBERS","TOTAL","ALL","","1979","65.31"
"","EU_MEMBERS","TOTAL","ALL","","1980","67.85"
"","EU_MEMBERS","TOTAL","ALL","","1981","66.08"
"","EU_MEMBERS","TOTAL","ALL","","1982","61.53"
"","EU_MEMBERS","TOTAL","ALL","","1983","65.6"
"","EU_MEMBERS","TOTAL","ALL","","1984","60.71"
"","EU_MEMBERS","TOTAL","ALL","","1985","63.99"
"","EU_MEMBERS","TOTAL","ALL","","1986","61.89"
"","EU_MEMBERS","TOTAL","ALL","","1987","56.14"
"","EU_MEMBERS","TOTAL","ALL","","1988","55.13"
"","EU_MEMBERS","TOTAL","ALL","","1989","55.23"
"","EU_MEMBERS","TOTAL","ALL","","1990","55.01"
"","EU_MEMBERS","TOTAL","ALL","","1991","52.04"
"","EU_MEMBERS","TOTAL","ALL","","1992","50.12"
"","EU_MEMBERS","TOTAL","ALL","","1993","51.06"
"","EU_MEMBERS","TOTAL","ALL","","1994","48.36"
"","EU_MEMBERS","TOTAL","ALL","","1995","49.17"
"","EU_MEMBERS","TOTAL","ALL","","1996","49.7"
"","EU_MEMBERS","TOTAL","ALL","","1997","48.72"
"","EU_MEMBERS","TOTAL","ALL","","1998","48.61"
"","EU_MEMBERS","TOTAL","ALL","","1999","50.93"
"","EU_MEMBERS","TOTAL","ALL","","2000","47.34"
"","EU_MEMBERS","TOTAL","ALL","","2001","42.42"
"","EU_MEMBERS","TOTAL","ALL","","2002","44.32"
"","EU_MEMBERS","TOTAL","ALL","","2003","46.39"
"","EU_MEMBERS","TOTAL","ALL","","2004","41.32"
"","EU_MEMBERS","TOTAL","ALL","","2005","44.69"
"","EU_MEMBERS","TOTAL","ALL","","2006","40.14"
"","EU_MEMBERS","TOTAL","ALL","","2007","40.97"
"","EU_MEMBERS","TOTAL","ALL","","2008","39.8"
"","EU_MEMBERS","TOTAL","ALL","","2009","40.32"
"","EU_MEMBERS","TOTAL","ALL","","2010","37.37"
"","EU_MEMBERS","TOTAL","ALL","","2011","37.29"
"","EU_MEMBERS","TOTAL","ALL","","2012","37.92"
"","EU_MEMBERS","TOTAL","ALL","","2013","37.36"
"","EU_MEMBERS","TOTAL","ALL","","2014","34.75"
"","EU_MEMBERS","TOTAL","ALL","","2015","38.79"
"","EU_MEMBERS","TOTAL","ALL","","2016","36.99"
"","EU_MEMBERS","TOTAL","ALL","","2017","39.05"
"","EU_MEMBERS","TOTAL","ALL","","2018","39.72"
"","EU_MEMBERS","TOTAL","ALL","","2019","37.96"
"","EU_MEMBERS","TOTAL","ALL","","2020","36.73"
"","EU_MEMBERS","TOTAL","ALL","","2021","36.33"
"FIN","","TOTAL","ALL","","1969","118.22"
"FIN","","TOTAL","ALL","","1970","103.67"
"FIN","","TOTAL","ALL","","1971","120.55"
"FIN","","TOTAL","ALL","","1972","95.73"
"FIN","","TOTAL","ALL","","1973","91.21"
"FIN","","TOTAL","ALL","","1974","89.03"
"FIN","","TOTAL","ALL","","1975","89.92"
"FIN","","TOTAL","ALL","","1976","96.2"
"FIN","","TOTAL","ALL","","1977","88.5"
"FIN","","TOTAL","ALL","","1978","73.02"
"FIN","","TOTAL","ALL","","1979","69.92"
"FIN","","TOTAL","ALL","","1980","87.08"
"FIN","","TOTAL","ALL","","1981","65.55"
"FIN","","TOTAL","ALL","","1982","56.51"
"FIN","","TOTAL","ALL","","1983","69.05"
"FIN","","TOTAL","ALL","","1984","57.99"
"FIN","","TOTAL","ALL","","1985","73.57"
"FIN","","TOTAL","ALL","","1986","60.26"
"FIN","","TOTAL","ALL","","1987","57.19"
"FIN","","TOTAL","ALL","","1988","60.32"
"FIN","","TOTAL","ALL","","1989","60.34"
"FIN","","TOTAL","ALL","","1990","62.45"
"FIN","","TOTAL","ALL","","1991","56.28"
"FIN","","TOTAL","ALL","","1992","57.82"
"FIN","","TOTAL","ALL","","1993","66.96"
"FIN","","TOTAL","ALL","","1994","55.17"
"FIN","","TOTAL","ALL","","1995","55.75"
"FIN","","TOTAL","ALL","","1996","60.52"
"FIN","","TOTAL","ALL","","1997","56.98"
"FIN","","TOTAL","ALL","","1998","56.74"
"FIN","","TOTAL","ALL","","1999","56.69"
"FIN","","TOTAL","ALL","","2000","57.04"
"FIN","","TOTAL","ALL","","2001","50.26"
"FIN","","TOTAL","ALL","","2002","49.44"
"FIN","","TOTAL","ALL","","2003","45.84"
"FIN","","TOTAL","ALL","","2004","36.93"
"FIN","","TOTAL","ALL","","2005","30"
"FIN","","TOTAL","ALL","","2006","24.97"
"FIN","","TOTAL","ALL","","2007","25.84"
"FIN","","TOTAL","ALL","","2008","22.34"
"FIN","","TOTAL","ALL","","2009","24.38"
"FIN","","TOTAL","ALL","","2010","21.34"
"FIN","","TOTAL","ALL","","2011","21.51"
"FIN","","TOTAL","ALL","","2012","20.38"
"FIN","","TOTAL","ALL","","2013","18.9"
"FIN","","TOTAL","ALL","","2014","18.05"
"FIN","","TOTAL","ALL","","2016","20.18"
"FIN","","TOTAL","ALL","","2017","18.76"
"FIN","","TOTAL","ALL","","2018","19.52"
"FIN","","TOTAL","ALL","","2019","17.28"
"FIN","","TOTAL","ALL","","2020","15.02"
"FIN","","TOTAL","ALL","","2021","14.53"
"FRA","","TOTAL","ALL","","1968","81.01"
"FRA","","TOTAL","ALL","","1969","86.29"
"FRA","","TOTAL","ALL","","1970","62.78"
"FRA","","TOTAL","ALL","","1971","61.56"
"FRA","","TOTAL","ALL","","1972","59.93"
"FRA","","TOTAL","ALL","","1973","68.04"
"FRA","","TOTAL","ALL","","1974","59.45"
"FRA","","TOTAL","ALL","","1975","58.2"
"FRA","","TOTAL","ALL","","1976","59.92"
"FRA","","TOTAL","ALL","","1977","52.08"
"FRA","","TOTAL","ALL","","1978","55.71"
"FRA","","TOTAL","ALL","","1979","47.1"
"FRA","","TOTAL","ALL","","1980","48.37"
"FRA","","TOTAL","ALL","","1981","52.9"
"FRA","","TOTAL","ALL","","1982","44.86"
"FRA","","TOTAL","ALL","","1983","51.49"
"FRA","","TOTAL","ALL","","1984","43.7"
"FRA","","TOTAL","ALL","","1985","47.17"
"FRA","","TOTAL","ALL","","1986","51.07"
"FRA","","TOTAL","ALL","","1987","40.84"
"FRA","","TOTAL","ALL","","1988","41.17"
"FRA","","TOTAL","ALL","","1989","42.37"
"FRA","","TOTAL","ALL","","1990","43.81"
"FRA","","TOTAL","ALL","","1991","41.11"
"FRA","","TOTAL","ALL","","1992","42.2"
"FRA","","TOTAL","ALL","","1993","43.86"
"FRA","","TOTAL","ALL","","1994","39.64"
"FRA","","TOTAL","ALL","","1995","41.75"
"FRA","","TOTAL","ALL","","1996","43.61"
"FRA","","TOTAL","ALL","","1997","43.4"
"FRA","","TOTAL","ALL","","1998","45.13"
"FRA","","TOTAL","ALL","","1999","44.83"
"FRA","","TOTAL","ALL","","2000","36.03"
"FRA","","TOTAL","ALL","","2001","32.3"
"FRA","","TOTAL","ALL","","2002","33.47"
"FRA","","TOTAL","ALL","","2003","35.5"
"FRA","","TOTAL","ALL","","2004","29.55"
"FRA","","TOTAL","ALL","","2005","32.9"
"FRA","","TOTAL","ALL","","2006","27.56"
"FRA","","TOTAL","ALL","","2007","27.72"
"FRA","","TOTAL","ALL","","2008","27.3"
"FRA","","TOTAL","ALL","","2009","27.54"
"FRA","","TOTAL","ALL","","2010","25.43"
"FRA","","TOTAL","ALL","","2011","26.29"
"FRA","","TOTAL","ALL","","2012","27.82"
"FRA","","TOTAL","ALL","","2013","26.61"
"FRA","","TOTAL","ALL","","2014","24.64"
"FRA","","TOTAL","ALL","","2017","28.67"
"FRA","","TOTAL","ALL","","2018","28.86"
"GBR","","TOTAL","ALL","","1968","160.32"
"GBR","","TOTAL","ALL","","1969","159.88"
"GBR","","TOTAL","ALL","","1970","159.95"
"GBR","","TOTAL","ALL","","1971","133.28"
"GBR","","TOTAL","ALL","","1972","149.73"
"GBR","","TOTAL","ALL","","1973","146.23"
"GBR","","TOTAL","ALL","","1974","140.14"
"GBR","","TOTAL","ALL","","1975","138.65"
"GBR","","TOTAL","ALL","","1976","161.02"
"GBR","","TOTAL","ALL","","1977","137.97"
"GBR","","TOTAL","ALL","","1978","140.81"
"GBR","","TOTAL","ALL","","1979","140.55"
"GBR","","TOTAL","ALL","","1980","134.33"
"GBR","","TOTAL","ALL","","1981","128.69"
"GBR","","TOTAL","ALL","","1982","134.41"
"GBR","","TOTAL","ALL","","1983","129.41"
"GBR","","TOTAL","ALL","","1984","88.11"
"GBR","","TOTAL","ALL","","1985","97.28"
"GBR","","TOTAL","ALL","","1986","93.97"
"GBR","","TOTAL","ALL","","1987","82.97"
"GBR","","TOTAL","ALL","","1988","85.95"
"GBR","","TOTAL","ALL","","1989","94.34"
"GBR","","TOTAL","ALL","","1990","84.15"
"GBR","","TOTAL","ALL","","1991","84.35"
"GBR","","TOTAL","ALL","","1992","79.47"
"GBR","","TOTAL","ALL","","1993","112.67"
"GBR","","TOTAL","ALL","","1994","99.26"
"GBR","","TOTAL","ALL","","1995","108.96"
"GBR","","TOTAL","ALL","","1996","105.04"
"GBR","","TOTAL","ALL","","1997","107.98"
"GBR","","TOTAL","ALL","","1998","104.73"
"GBR","","TOTAL","ALL","","1999","113.29"
"GBR","","TOTAL","ALL","","2001","78.1"
"GBR","","TOTAL","ALL","","2002","80.01"
"GBR","","TOTAL","ALL","","2003","85.44"
"GBR","","TOTAL","ALL","","2004","78.02"
"GBR","","TOTAL","ALL","","2005","79.33"
"GBR","","TOTAL","ALL","","2006","74.27"
"GBR","","TOTAL","ALL","","2007","73.39"
"GBR","","TOTAL","ALL","","2008","74.69"
"GBR","","TOTAL","ALL","","2009","69.58"
"GBR","","TOTAL","ALL","","2010","67.59"
"GBR","","TOTAL","ALL","","2011","66.66"
"GBR","","TOTAL","ALL","","2012","68.35"
"GBR","","TOTAL","ALL","","2013","70.13"
"GBR","","TOTAL","ALL","","2014","62.82"
"GBR","","TOTAL","ALL","","2015","69.83"
"GBR","","TOTAL","ALL","","2016","66.71"
"GBR","","TOTAL","ALL","","2017","65.41"
"GBR","","TOTAL","ALL","","2018","69.19"
"GBR","","TOTAL","ALL","","2019","62.52"
"GBR","","TOTAL","ALL","","2020","53.11"
"GEO","","TOTAL","ALL","","1981","75.23"
"GEO","","TOTAL","ALL","","1982","62.86"
"GEO","","TOTAL","ALL","","1985","66.02"
"GEO","","TOTAL","ALL","","1986","62.49"
"GEO","","TOTAL","ALL","","1987","59.64"
"GEO","","TOTAL","ALL","","1988","61.55"
"GEO","","TOTAL","ALL","","1989","55.83"
"GEO","","TOTAL","ALL","","1990","46.23"
"GEO","","TOTAL","ALL","","1991","34.26"
"GEO","","TOTAL","ALL","","1992","27.58"
"GEO","","TOTAL","ALL","","1994","21.68"
"GEO","","TOTAL","ALL","","1995","17.86"
"GEO","","TOTAL","ALL","","1996","23.08"
"GEO","","TOTAL","ALL","","1997","22.27"
"GEO","","TOTAL","ALL","","1998","22.5"
"GEO","","TOTAL","ALL","","1999","20.24"
"GEO","","TOTAL","ALL","","2000","25.97"
"GEO","","TOTAL","ALL","","2001","22.01"
"GEO","","TOTAL","ALL","","2004","63.09"
"GEO","","TOTAL","ALL","","2005","15.48"
"GEO","","TOTAL","ALL","","2006","17.04"
"GEO","","TOTAL","ALL","","2007","17.21"
"GEO","","TOTAL","ALL","","2009","14.78"
"GEO","","TOTAL","ALL","","2010","9.67"
"GEO","","TOTAL","ALL","","2011","20.22"
"GEO","","TOTAL","ALL","","2012","17.89"
"GEO","","TOTAL","ALL","","2013","19.76"
"GEO","","TOTAL","ALL","","2014","27.41"
"GEO","","TOTAL","ALL","","2015","37.14"
"GEO","","TOTAL","ALL","","2016","51.35"
"GEO","","TOTAL","ALL","","2017","52.86"
"GEO","","TOTAL","ALL","","2018","73.99"
"GEO","","TOTAL","ALL","","2019","66.99"
"GEO","","TOTAL","ALL","","2020","80.41"
"GEO","","TOTAL","ALL","","2021","74.4"
"GRC","","TOTAL","ALL","","1968","111.68"
"GRC","","TOTAL","ALL","","1969","99.63"
"GRC","","TOTAL","ALL","","1970","92.88"
"GRC","","TOTAL","ALL","","1971","79.6"
"GRC","","TOTAL","ALL","","1972","81.42"
"GRC","","TOTAL","ALL","","1973","81.47"
"GRC","","TOTAL","ALL","","1974","72.18"
"GRC","","TOTAL","ALL","","1975","87.89"
"GRC","","TOTAL","ALL","","1976","72.7"
"GRC","","TOTAL","ALL","","1977","80.29"
"GRC","","TOTAL","ALL","","1978","58.47"
"GRC","","TOTAL","ALL","","1979","55.1"
"GRC","","TOTAL","ALL","","1980","61.7"
"GRC","","TOTAL","ALL","","1981","56.49"
"GRC","","TOTAL","ALL","","1982","48.92"
"GRC","","TOTAL","ALL","","1983","52.56"
"GRC","","TOTAL","ALL","","1984","44.29"
"GRC","","TOTAL","ALL","","1985","46.96"
"GRC","","TOTAL","ALL","","1986","42.17"
"GRC","","TOTAL","ALL","","1987","40.1"
"GRC","","TOTAL","ALL","","1988","36.87"
"GRC","","TOTAL","ALL","","1989","37.79"
"GRC","","TOTAL","ALL","","1990","39.35"
"GRC","","TOTAL","ALL","","1991","39.34"
"GRC","","TOTAL","ALL","","1992","44.52"
"GRC","","TOTAL","ALL","","1993","39.64"
"GRC","","TOTAL","ALL","","1994","38"
"GRC","","TOTAL","ALL","","1995","39.78"
"GRC","","TOTAL","ALL","","1996","39.09"
"GRC","","TOTAL","ALL","","1997","37.34"
"GRC","","TOTAL","ALL","","1998","45.42"
"GRC","","TOTAL","ALL","","1999","47.48"
"GRC","","TOTAL","ALL","","2000","51.84"
"GRC","","TOTAL","ALL","","2001","45.02"
"GRC","","TOTAL","ALL","","2002","48.2"
"GRC","","TOTAL","ALL","","2003","46.04"
"GRC","","TOTAL","ALL","","2004","46.68"
"GRC","","TOTAL","ALL","","2005","48.37"
"GRC","","TOTAL","ALL","","2006","49.49"
"GRC","","TOTAL","ALL","","2007","55.1"
"GRC","","TOTAL","ALL","","2008","53.45"
"GRC","","TOTAL","ALL","","2009","53.66"
"GRC","","TOTAL","ALL","","2010","49.07"
"GRC","","TOTAL","ALL","","2011","46.56"
"GRC","","TOTAL","ALL","","2012","47.28"
"GRC","","TOTAL","ALL","","2014","49.36"
"GRC","","TOTAL","ALL","","2015","54.67"
"GRC","","TOTAL","ALL","","2016","49.62"
"GRC","","TOTAL","ALL","","2017","47.66"
"GRC","","TOTAL","ALL","","2018","42.73"
"GRC","","TOTAL","ALL","","2019","45.26"
"GRC","","TOTAL","ALL","","2020","41.32"
"HRV","","TOTAL","ALL","","1985","63.7"
"HRV","","TOTAL","ALL","","1986","49.87"
"HRV","","TOTAL","ALL","","1987","40.65"
"HRV","","TOTAL","ALL","","1988","32.51"
"HRV","","TOTAL","ALL","","1989","31.02"
"HRV","","TOTAL","ALL","","1990","28.35"
"HRV","","TOTAL","ALL","","1991","37.44"
"HRV","","TOTAL","ALL","","1992","45.26"
"HRV","","TOTAL","ALL","","1993","43.9"
"HRV","","TOTAL","ALL","","1994","44.95"
"HRV","","TOTAL","ALL","","1995","39.12"
"HRV","","TOTAL","ALL","","1996","41.59"
"HRV","","TOTAL","ALL","","1997","46.61"
"HRV","","TOTAL","ALL","","1998","48.13"
"HRV","","TOTAL","ALL","","1999","54.54"
"HRV","","TOTAL","ALL","","2000","43.32"
"HRV","","TOTAL","ALL","","2001","35.19"
"HRV","","TOTAL","ALL","","2002","37.34"
"HRV","","TOTAL","ALL","","2003","46.02"
"HRV","","TOTAL","ALL","","2004","47.34"
"HRV","","TOTAL","ALL","","2005","52.19"
"HRV","","TOTAL","ALL","","2006","39.26"
"HRV","","TOTAL","ALL","","2007","40.62"
"HRV","","TOTAL","ALL","","2008","33.62"
"HRV","","TOTAL","ALL","","2009","33.04"
"HRV","","TOTAL","ALL","","2010","27.93"
"HRV","","TOTAL","ALL","","2011","28.74"
"HRV","","TOTAL","ALL","","2012","29.24"
"HRV","","TOTAL","ALL","","2013","28.44"
"HRV","","TOTAL","ALL","","2014","28.65"
"HRV","","TOTAL","ALL","","2015","34.33"
"HRV","","TOTAL","ALL","","2016","30.77"
"HRV","","TOTAL","ALL","","2017","38.21"
"HRV","","TOTAL","ALL","","2019","28.43"
"HRV","","TOTAL","ALL","","2020","26.57"
"HRV","","TOTAL","ALL","","2021","30.55"
"HUN","","TOTAL","ALL","","1969","61.13"
"HUN","","TOTAL","ALL","","1970","61.43"
"HUN","","TOTAL","ALL","","1971","62.15"
"HUN","","TOTAL","ALL","","1972","42.21"
"HUN","","TOTAL","ALL","","1973","50.61"
"HUN","","TOTAL","ALL","","1974","48.23"
"HUN","","TOTAL","ALL","","1975","67.55"
"HUN","","TOTAL","ALL","","1976","61.15"
"HUN","","TOTAL","ALL","","1977","67.28"
"HUN","","TOTAL","ALL","","1978","73.55"
"HUN","","TOTAL","ALL","","1979","65.59"
"HUN","","TOTAL","ALL","","1980","89.42"
"HUN","","TOTAL","ALL","","1981","73.88"
"HUN","","TOTAL","ALL","","1982","69.32"
"HUN","","TOTAL","ALL","","1983","76.96"
"HUN","","TOTAL","ALL","","1984","66.69"
"HUN","","TOTAL","ALL","","1985","65.21"
"HUN","","TOTAL","ALL","","1986","65.96"
"HUN","","TOTAL","ALL","","1987","54.13"
"HUN","","TOTAL","ALL","","1988","50.89"
"HUN","","TOTAL","ALL","","1989","58.18"
"HUN","","TOTAL","ALL","","1990","57.1"
"HUN","","TOTAL","ALL","","1991","53.63"
"HUN","","TOTAL","ALL","","1992","58.87"
"HUN","","TOTAL","ALL","","1993","59.88"
"HUN","","TOTAL","ALL","","1994","57.14"
"HUN","","TOTAL","ALL","","1995","52.46"
"HUN","","TOTAL","ALL","","1996","50.21"
"HUN","","TOTAL","ALL","","1997","47.1"
"HUN","","TOTAL","ALL","","1998","42.24"
"HUN","","TOTAL","ALL","","1999","50.88"
"HUN","","TOTAL","ALL","","2000","42.16"
"HUN","","TOTAL","ALL","","2001","33.58"
"HUN","","TOTAL","ALL","","2002","36.03"
"HUN","","TOTAL","ALL","","2003","41.42"
"HUN","","TOTAL","ALL","","2004","39.15"
"HUN","","TOTAL","ALL","","2005","47.66"
"HUN","","TOTAL","ALL","","2006","45.45"
"HUN","","TOTAL","ALL","","2007","48.03"
"HUN","","TOTAL","ALL","","2008","43.42"
"HUN","","TOTAL","ALL","","2009","44.32"
"HUN","","TOTAL","ALL","","2010","42.5"
"HUN","","TOTAL","ALL","","2011","44.45"
"HUN","","TOTAL","ALL","","2012","44.63"
"HUN","","TOTAL","ALL","","2013","45.75"
"HUN","","TOTAL","ALL","","2014","44.78"
"HUN","","TOTAL","ALL","","2015","44.74"
"HUN","","TOTAL","ALL","","2016","45.67"
"HUN","","TOTAL","ALL","","2017","51.28"
"HUN","","TOTAL","ALL","","2018","50.39"
"HUN","","TOTAL","ALL","","2019","51.38"
"IRL","","TOTAL","ALL","","1968","148.64"
"IRL","","TOTAL","ALL","","1969","163.45"
"IRL","","TOTAL","ALL","","1970","181.43"
"IRL","","TOTAL","ALL","","1971","138.19"
"IRL","","TOTAL","ALL","","1972","162.19"
"IRL","","TOTAL","ALL","","1973","163.94"
"IRL","","TOTAL","ALL","","1974","159.41"
"IRL","","TOTAL","ALL","","1975","141.7"
"IRL","","TOTAL","ALL","","1976","158.79"
"IRL","","TOTAL","ALL","","1977","135.64"
"IRL","","TOTAL","ALL","","1978","146.69"
"IRL","","TOTAL","ALL","","1979","139.35"
"IRL","","TOTAL","ALL","","1980","144.3"
"IRL","","TOTAL","ALL","","1981","142.37"
"IRL","","TOTAL","ALL","","1982","136.92"
"IRL","","TOTAL","ALL","","1983","145.79"
"IRL","","TOTAL","ALL","","1984","127.94"
"IRL","","TOTAL","ALL","","1985","143.07"
"IRL","","TOTAL","ALL","","1986","148.64"
"IRL","","TOTAL","ALL","","1987","119.46"
"IRL","","TOTAL","ALL","","1988","122.61"
"IRL","","TOTAL","ALL","","1989","127.59"
"IRL","","TOTAL","ALL","","1990","128.01"
"IRL","","TOTAL","ALL","","1991","124.08"
"IRL","","TOTAL","ALL","","1992","112.65"
"IRL","","TOTAL","ALL","","1993","120.45"
"IRL","","TOTAL","ALL","","1994","117.07"
"IRL","","TOTAL","ALL","","1995","129.15"
"IRL","","TOTAL","ALL","","1996","121.73"
"IRL","","TOTAL","ALL","","1997","123.15"
"IRL","","TOTAL","ALL","","1998","119.77"
"IRL","","TOTAL","ALL","","1999","132.72"
"IRL","","TOTAL","ALL","","2000","117.33"
"IRL","","TOTAL","ALL","","2001","106.23"
"IRL","","TOTAL","ALL","","2002","100.66"
"IRL","","TOTAL","ALL","","2003","101.05"
"IRL","","TOTAL","ALL","","2004","89.75"
"IRL","","TOTAL","ALL","","2005","85.55"
"IRL","","TOTAL","ALL","","2006","85.37"
"IRL","","TOTAL","ALL","","2007","67.68"
"IRL","","TOTAL","ALL","","2008","69.79"
"IRL","","TOTAL","ALL","","2009","71.12"
"IRL","","TOTAL","ALL","","2010","61.47"
"IRL","","TOTAL","ALL","","2011","62.66"
"IRL","","TOTAL","ALL","","2012","61.72"
"IRL","","TOTAL","ALL","","2013","60.34"
"IRL","","TOTAL","ALL","","2015","62.95"
"IRL","","TOTAL","ALL","","2018","59.97"
"ISL","","TOTAL","ALL","","1971","102.84"
"ISL","","TOTAL","ALL","","1972","106.2"
"ISL","","TOTAL","ALL","","1973","62.32"
"ISL","","TOTAL","ALL","","1974","74.85"
"ISL","","TOTAL","ALL","","1975","88.23"
"ISL","","TOTAL","ALL","","1976","83.04"
"ISL","","TOTAL","ALL","","1977","67.26"
"ISL","","TOTAL","ALL","","1978","75.4"
"ISL","","TOTAL","ALL","","1979","66.89"
"ISL","","TOTAL","ALL","","1980","75.33"
"ISL","","TOTAL","ALL","","1981","84.93"
"ISL","","TOTAL","ALL","","1982","62.88"
"ISL","","TOTAL","ALL","","1983","66.56"
"ISL","","TOTAL","ALL","","1984","77.97"
"ISL","","TOTAL","ALL","","1985","82.13"
"ISL","","TOTAL","ALL","","1986","68.23"
"ISL","","TOTAL","ALL","","1987","73.22"
"ISL","","TOTAL","ALL","","1988","100.21"
"ISL","","TOTAL","ALL","","1989","74.11"
"ISL","","TOTAL","ALL","","1990","74.31"
"ISL","","TOTAL","ALL","","1991","70.06"
"ISL","","TOTAL","ALL","","1992","82.05"
"ISL","","TOTAL","ALL","","1993","78.97"
"ISL","","TOTAL","ALL","","1994","72.22"
"ISL","","TOTAL","ALL","","1995","84.14"
"ISL","","TOTAL","ALL","","1996","80.44"
"ISL","","TOTAL","ALL","","1997","59.93"
"ISL","","TOTAL","ALL","","1998","47.51"
"ISL","","TOTAL","ALL","","1999","57.59"
"ISL","","TOTAL","ALL","","2000","51.96"
"ISL","","TOTAL","ALL","","2001","41.87"
"ISL","","TOTAL","ALL","","2002","41.89"
"ISL","","TOTAL","ALL","","2003","41.57"
"ISL","","TOTAL","ALL","","2004","39.38"
"ISL","","TOTAL","ALL","","2005","47.54"
"ISL","","TOTAL","ALL","","2006","39.41"
"ISL","","TOTAL","ALL","","2007","39.56"
"ISL","","TOTAL","ALL","","2008","43.77"
"ISL","","TOTAL","ALL","","2009","42.35"
"ISL","","TOTAL","ALL","","2010","45.46"
"ISL","","TOTAL","ALL","","2011","39.61"
"ISL","","TOTAL","ALL","","2012","32.79"
"ISL","","TOTAL","ALL","","2013","36.85"
"ISL","","TOTAL","ALL","","2014","33.09"
"ISL","","TOTAL","ALL","","2015","32.38"
"ISL","","TOTAL","ALL","","2016","38.87"
"ISL","","TOTAL","ALL","","2017","45.3"
"ISL","","TOTAL","ALL","","2018","42.62"
"ISL","","TOTAL","ALL","","2019","30.74"
"ISL","","TOTAL","ALL","","2020","32.92"
"ISL","","TOTAL","ALL","","2021","33.28"
"ISR","","TOTAL","ALL","","1975","61.49"
"ISR","","TOTAL","ALL","","1976","53.43"
"ISR","","TOTAL","ALL","","1977","57.84"
"ISR","","TOTAL","ALL","","1978","58.17"
"ISR","","TOTAL","ALL","","1979","55.13"
"ISR","","TOTAL","ALL","","1980","64.87"
"ISR","","TOTAL","ALL","","1981","59.02"
"ISR","","TOTAL","ALL","","1982","77.14"
"ISR","","TOTAL","ALL","","1983","58.91"
"ISR","","TOTAL","ALL","","1984","58.52"
"ISR","","TOTAL","ALL","","1985","63.63"
"ISR","","TOTAL","ALL","","1986","61.38"
"ISR","","TOTAL","ALL","","1987","59.17"
"ISR","","TOTAL","ALL","","1988","55.68"
"ISR","","TOTAL","ALL","","1989","54.21"
"ISR","","TOTAL","ALL","","1990","55.54"
"ISR","","TOTAL","ALL","","1991","51.25"
"ISR","","TOTAL","ALL","","1992","52.21"
"ISR","","TOTAL","ALL","","1993","38.22"
"ISR","","TOTAL","ALL","","1994","25.13"
"ISR","","TOTAL","ALL","","1995","30.48"
"ISR","","TOTAL","ALL","","1996","43.37"
"ISR","","TOTAL","ALL","","1997","46.68"
"ISR","","TOTAL","ALL","","1998","38.72"
"ISR","","TOTAL","ALL","","1999","45.96"
"ISR","","TOTAL","ALL","","2000","48.34"
"ISR","","TOTAL","ALL","","2001","39.05"
"ISR","","TOTAL","ALL","","2002","41.86"
"ISR","","TOTAL","ALL","","2003","39.48"
"ISR","","TOTAL","ALL","","2004","39.41"
"ISR","","TOTAL","ALL","","2005","43.01"
"ISR","","TOTAL","ALL","","2006","41.11"
"ISR","","TOTAL","ALL","","2007","43.89"
"ISR","","TOTAL","ALL","","2008","41.51"
"ISR","","TOTAL","ALL","","2009","36.12"
"ISR","","TOTAL","ALL","","2010","34.28"
"ISR","","TOTAL","ALL","","2011","35.76"
"ISR","","TOTAL","ALL","","2012","36.73"
"ISR","","TOTAL","ALL","","2013","34.22"
"ISR","","TOTAL","ALL","","2014","35.58"
"ISR","","TOTAL","ALL","","2015","37.08"
"ISR","","TOTAL","ALL","","2016","34.91"
"ISR","","TOTAL","ALL","","2017","35.85"
"ISR","","TOTAL","ALL","","2018","37.54"
"ISR","","TOTAL","ALL","","2019","40.76"
"ISR","","TOTAL","ALL","","2020","37.6"
"ISR","","TOTAL","ALL","","2021","40.09"
"ITA","","TOTAL","ALL","","1968","113.13"
"ITA","","TOTAL","ALL","","1969","116.31"
"ITA","","TOTAL","ALL","","1970","101.47"
"ITA","","TOTAL","ALL","","1971","82.27"
"ITA","","TOTAL","ALL","","1972","83.97"
"ITA","","TOTAL","ALL","","1973","90.25"
"ITA","","TOTAL","ALL","","1974","72.66"
"ITA","","TOTAL","ALL","","1975","85.5"
"ITA","","TOTAL","ALL","","1976","73.85"
"ITA","","TOTAL","ALL","","1977","73.35"
"ITA","","TOTAL","ALL","","1978","63.49"
"ITA","","TOTAL","ALL","","1979","60.71"
"ITA","","TOTAL","ALL","","1980","63.48"
"ITA","","TOTAL","ALL","","1981","62.66"
"ITA","","TOTAL","ALL","","1982","55.55"
"ITA","","TOTAL","ALL","","1983","63.42"
"ITA","","TOTAL","ALL","","1984","54.02"
"ITA","","TOTAL","ALL","","1985","55.84"
"ITA","","TOTAL","ALL","","1986","56.2"
"ITA","","TOTAL","ALL","","1987","47.88"
"ITA","","TOTAL","ALL","","1988","47.25"
"ITA","","TOTAL","ALL","","1989","44.37"
"ITA","","TOTAL","ALL","","1990","45.87"
"ITA","","TOTAL","ALL","","1991","42.26"
"ITA","","TOTAL","ALL","","1992","40.14"
"ITA","","TOTAL","ALL","","1993","38.34"
"ITA","","TOTAL","ALL","","1994","39.37"
"ITA","","TOTAL","ALL","","1995","38.34"
"ITA","","TOTAL","ALL","","1996","35.16"
"ITA","","TOTAL","ALL","","1997","37.52"
"ITA","","TOTAL","ALL","","1998","38.15"
"ITA","","TOTAL","ALL","","1999","39.03"
"ITA","","TOTAL","ALL","","2000","36.94"
"ITA","","TOTAL","ALL","","2001","31.85"
"ITA","","TOTAL","ALL","","2002","32.93"
"ITA","","TOTAL","ALL","","2003","36.47"
"ITA","","TOTAL","ALL","","2004","30.66"
"ITA","","TOTAL","ALL","","2005","34.94"
"ITA","","TOTAL","ALL","","2006","29.12"
"ITA","","TOTAL","ALL","","2007","29.62"
"ITA","","TOTAL","ALL","","2008","28.59"
"ITA","","TOTAL","ALL","","2009","29.37"
"ITA","","TOTAL","ALL","","2010","27.57"
"ITA","","TOTAL","ALL","","2011","28.71"
"ITA","","TOTAL","ALL","","2012","29.43"
"ITA","","TOTAL","ALL","","2013","27.58"
"ITA","","TOTAL","ALL","","2014","26.65"
"ITA","","TOTAL","ALL","","2015","30.43"
"ITA","","TOTAL","ALL","","2016","28.4"
"ITA","","TOTAL","ALL","","2017","31.74"
"ITA","","TOTAL","ALL","","2018","30.9"
"ITA","","TOTAL","ALL","","2019","31.03"
"ITA","","TOTAL","ALL","","2020","33.37"
"KAZ","","TOTAL","ALL","","1981","146.94"
"KAZ","","TOTAL","ALL","","1982","139.72"
"KAZ","","TOTAL","ALL","","1985","140.62"
"KAZ","","TOTAL","ALL","","1986","119.77"
"KAZ","","TOTAL","ALL","","1987","114.29"
"KAZ","","TOTAL","ALL","","1988","115.15"
"KAZ","","TOTAL","ALL","","1989","107.46"
"KAZ","","TOTAL","ALL","","1990","100.7"
"KAZ","","TOTAL","ALL","","1991","100.19"
"KAZ","","TOTAL","ALL","","1992","100.3"
"KAZ","","TOTAL","ALL","","1993","116.27"
"KAZ","","TOTAL","ALL","","1994","123.59"
"KAZ","","TOTAL","ALL","","1995","132.64"
"KAZ","","TOTAL","ALL","","1996","129.31"
"KAZ","","TOTAL","ALL","","1997","115.02"
"KAZ","","TOTAL","ALL","","1998","106.48"
"KAZ","","TOTAL","ALL","","1999","98.08"
"KAZ","","TOTAL","ALL","","2000","102.11"
"KAZ","","TOTAL","ALL","","2001","93.71"
"KAZ","","TOTAL","ALL","","2002","93.35"
"KAZ","","TOTAL","ALL","","2003","97.14"
"KAZ","","TOTAL","ALL","","2004","81.48"
"KAZ","","TOTAL","ALL","","2005","81.01"
"KAZ","","TOTAL","ALL","","2006","72.55"
"KAZ","","TOTAL","ALL","","2007","74.9"
"KAZ","","TOTAL","ALL","","2008","65.12"
"KAZ","","TOTAL","ALL","","2009","64.33"
"KAZ","","TOTAL","ALL","","2010","59.18"
"KAZ","","TOTAL","ALL","","2011","71.04"
"KAZ","","TOTAL","ALL","","2012","79.66"
"KAZ","","TOTAL","ALL","","2013","141.64"
"KAZ","","TOTAL","ALL","","2014","144.22"
"KAZ","","TOTAL","ALL","","2015","157.48"
"KAZ","","TOTAL","ALL","","2016","149.5"
"KAZ","","TOTAL","ALL","","2017","132.27"
"KAZ","","TOTAL","ALL","","2018","121.3"
"KAZ","","TOTAL","ALL","","2019","121.18"
"KAZ","","TOTAL","ALL","","2020","164.74"
"KAZ","","TOTAL","ALL","","2021","146.92"
"KGZ","","TOTAL","ALL","","1981","237.84"
"KGZ","","TOTAL","ALL","","1982","208.63"
"KGZ","","TOTAL","ALL","","1985","235.37"
"KGZ","","TOTAL","ALL","","1986","179.44"
"KGZ","","TOTAL","ALL","","1987","177.89"
"KGZ","","TOTAL","ALL","","1988","195.27"
"KGZ","","TOTAL","ALL","","1989","179.26"
"KGZ","","TOTAL","ALL","","1990","160.42"
"KGZ","","TOTAL","ALL","","1991","151.97"
"KGZ","","TOTAL","ALL","","1992","156.8"
"KGZ","","TOTAL","ALL","","1993","163.45"
"KGZ","","TOTAL","ALL","","1994","189.94"
"KGZ","","TOTAL","ALL","","1995","187.16"
"KGZ","","TOTAL","ALL","","1996","166.76"
"KGZ","","TOTAL","ALL","","1997","172.2"
"KGZ","","TOTAL","ALL","","1998","166.4"
"KGZ","","TOTAL","ALL","","1999","152.84"
"KGZ","","TOTAL","ALL","","2000","151.53"
"KGZ","","TOTAL","ALL","","2001","127.16"
"KGZ","","TOTAL","ALL","","2002","147.77"
"KGZ","","TOTAL","ALL","","2003","163.87"
"KGZ","","TOTAL","ALL","","2004","136.54"
"KGZ","","TOTAL","ALL","","2005","132.36"
"KGZ","","TOTAL","ALL","","2006","133.11"
"KGZ","","TOTAL","ALL","","2007","116.04"
"KGZ","","TOTAL","ALL","","2008","109.59"
"KGZ","","TOTAL","ALL","","2009","100.33"
"KGZ","","TOTAL","ALL","","2010","92.61"
"KGZ","","TOTAL","ALL","","2011","84.51"
"KGZ","","TOTAL","ALL","","2012","78.16"
"KGZ","","TOTAL","ALL","","2013","63.81"
"KGZ","","TOTAL","ALL","","2014","65.4"
"KGZ","","TOTAL","ALL","","2015","54.35"
"KGZ","","TOTAL","ALL","","2016","56.66"
"LTU","","TOTAL","ALL","","1981","78.68"
"LTU","","TOTAL","ALL","","1982","72.58"
"LTU","","TOTAL","ALL","","1985","74.3"
"LTU","","TOTAL","ALL","","1986","56.83"
"LTU","","TOTAL","ALL","","1987","52.43"
"LTU","","TOTAL","ALL","","1988","53.33"
"LTU","","TOTAL","ALL","","1989","46.52"
"LTU","","TOTAL","ALL","","1990","47.53"
"LTU","","TOTAL","ALL","","1991","44.42"
"LTU","","TOTAL","ALL","","1992","40.13"
"LTU","","TOTAL","ALL","","1993","46.75"
"LTU","","TOTAL","ALL","","1994","48.13"
"LTU","","TOTAL","ALL","","1995","47.93"
"LTU","","TOTAL","ALL","","1996","43.75"
"LTU","","TOTAL","ALL","","1997","40.72"
"LTU","","TOTAL","ALL","","1998","42.66"
"LTU","","TOTAL","ALL","","1999","38.35"
"LTU","","TOTAL","ALL","","2000","39.12"
"LTU","","TOTAL","ALL","","2001","37.08"
"LTU","","TOTAL","ALL","","2002","39.82"
"LTU","","TOTAL","ALL","","2003","39.34"
"LTU","","TOTAL","ALL","","2004","38.97"
"LTU","","TOTAL","ALL","","2005","42.02"
"LTU","","TOTAL","ALL","","2006","41.01"
"LTU","","TOTAL","ALL","","2007","45.86"
"LTU","","TOTAL","ALL","","2008","39.29"
"LTU","","TOTAL","ALL","","2009","35.48"
"LTU","","TOTAL","ALL","","2010","28.04"
"LTU","","TOTAL","ALL","","2011","27.37"
"LTU","","TOTAL","ALL","","2012","27.32"
"LTU","","TOTAL","ALL","","2013","31.85"
"LTU","","TOTAL","ALL","","2014","24.51"
"LTU","","TOTAL","ALL","","2015","28.59"
"LTU","","TOTAL","ALL","","2016","27.57"
"LTU","","TOTAL","ALL","","2017","26.32"
"LTU","","TOTAL","ALL","","2018","27.65"
"LTU","","TOTAL","ALL","","2019","25.13"
"LTU","","TOTAL","ALL","","2020","25.54"
"LTU","","TOTAL","ALL","","2021","21.91"
"LTU","","TOTAL","ALL","","2022","23.43"
"LUX","","TOTAL","ALL","","1971","53.47"
"LUX","","TOTAL","ALL","","1972","57.07"
"LUX","","TOTAL","ALL","","1973","61.21"
"LUX","","TOTAL","ALL","","1974","68.97"
"LUX","","TOTAL","ALL","","1975","55.73"
"LUX","","TOTAL","ALL","","1976","59.46"
"LUX","","TOTAL","ALL","","1977","37.51"
"LUX","","TOTAL","ALL","","1978","45.45"
"LUX","","TOTAL","ALL","","1979","41.86"
"LUX","","TOTAL","ALL","","1980","43.1"
"LUX","","TOTAL","ALL","","1981","49.89"
"LUX","","TOTAL","ALL","","1982","41.84"
"LUX","","TOTAL","ALL","","1983","52.77"
"LUX","","TOTAL","ALL","","1984","56"
"LUX","","TOTAL","ALL","","1985","55.75"
"LUX","","TOTAL","ALL","","1986","60.74"
"LUX","","TOTAL","ALL","","1987","51.47"
"LUX","","TOTAL","ALL","","1988","50.99"
"LUX","","TOTAL","ALL","","1989","52.1"
"LUX","","TOTAL","ALL","","1990","50.82"
"LUX","","TOTAL","ALL","","1991","51.38"
"LUX","","TOTAL","ALL","","1992","51.22"
"LUX","","TOTAL","ALL","","1993","54.96"
"LUX","","TOTAL","ALL","","1994","53.12"
"LUX","","TOTAL","ALL","","1995","47.83"
"LUX","","TOTAL","ALL","","1996","48.2"
"LUX","","TOTAL","ALL","","1997","47.91"
"LUX","","TOTAL","ALL","","1998","54.89"
"LUX","","TOTAL","ALL","","1999","60.38"
"LUX","","TOTAL","ALL","","2000","48.57"
"LUX","","TOTAL","ALL","","2001","49.09"
"LUX","","TOTAL","ALL","","2002","60.79"
"LUX","","TOTAL","ALL","","2003","64.15"
"LUX","","TOTAL","ALL","","2004","47.61"
"LUX","","TOTAL","ALL","","2005","44.6"
"LUX","","TOTAL","ALL","","2006","40.32"
"LUX","","TOTAL","ALL","","2007","43.25"
"LUX","","TOTAL","ALL","","2008","39.75"
"LUX","","TOTAL","ALL","","2009","43.94"
"LUX","","TOTAL","ALL","","2010","36.37"
"LUX","","TOTAL","ALL","","2011","40.58"
"LUX","","TOTAL","ALL","","2012","34.5"
"LUX","","TOTAL","ALL","","2013","33.7"
"LUX","","TOTAL","ALL","","2014","30.32"
"LUX","","TOTAL","ALL","","2015","36.03"
"LUX","","TOTAL","ALL","","2016","32.97"
"LUX","","TOTAL","ALL","","2017","33.59"
"LUX","","TOTAL","ALL","","2018","41.31"
"LUX","","TOTAL","ALL","","2019","39.18"
"LUX","","TOTAL","ALL","","2020","32.49"
"LUX","","TOTAL","ALL","","2021","30.1"
"LUX","","TOTAL","ALL","","2022","29"
"LVA","","TOTAL","ALL","","1980","54.38"
"LVA","","TOTAL","ALL","","1981","55.39"
"LVA","","TOTAL","ALL","","1982","49.61"
"LVA","","TOTAL","ALL","","1983","50.94"
"LVA","","TOTAL","ALL","","1984","53.54"
"LVA","","TOTAL","ALL","","1985","51.86"
"LVA","","TOTAL","ALL","","1986","39.87"
"LVA","","TOTAL","ALL","","1987","38.13"
"LVA","","TOTAL","ALL","","1988","37.1"
"LVA","","TOTAL","ALL","","1989","34.43"
"LVA","","TOTAL","ALL","","1990","40.71"
"LVA","","TOTAL","ALL","","1991","35.43"
"LVA","","TOTAL","ALL","","1992","33.48"
"LVA","","TOTAL","ALL","","1993","38.85"
"LVA","","TOTAL","ALL","","1994","49.46"
"LVA","","TOTAL","ALL","","1995","48.41"
"LVA","","TOTAL","ALL","","1996","33.64"
"LVA","","TOTAL","ALL","","1997","33.73"
"LVA","","TOTAL","ALL","","1998","31.08"
"LVA","","TOTAL","ALL","","1999","30.2"
"LVA","","TOTAL","ALL","","2000","30.97"
"LVA","","TOTAL","ALL","","2001","28.91"
"LVA","","TOTAL","ALL","","2002","30.89"
"LVA","","TOTAL","ALL","","2003","29.81"
"LVA","","TOTAL","ALL","","2004","28.56"
"LVA","","TOTAL","ALL","","2005","33.89"
"LVA","","TOTAL","ALL","","2006","33.51"
"LVA","","TOTAL","ALL","","2007","31.98"
"LVA","","TOTAL","ALL","","2008","25.66"
"LVA","","TOTAL","ALL","","2009","23.6"
"LVA","","TOTAL","ALL","","2010","23.12"
"LVA","","TOTAL","ALL","","2011","25.14"
"LVA","","TOTAL","ALL","","2012","24.01"
"LVA","","TOTAL","ALL","","2013","28.59"
"LVA","","TOTAL","ALL","","2014","22.94"
"LVA","","TOTAL","ALL","","2015","22.38"
"LVA","","TOTAL","ALL","","2016","25.97"
"LVA","","TOTAL","ALL","","2017","25.8"
"LVA","","TOTAL","ALL","","2018","28.39"
"LVA","","TOTAL","ALL","","2019","24.04"
"LVA","","TOTAL","ALL","","2020","21.56"
"LVA","","TOTAL","ALL","","2021","24.27"
"MDA","","TOTAL","ALL","","1981","117.88"
"MDA","","TOTAL","ALL","","1982","112.58"
"MDA","","TOTAL","ALL","","1985","130.54"
"MDA","","TOTAL","ALL","","1986","100.38"
"MDA","","TOTAL","ALL","","1987","89.75"
"MDA","","TOTAL","ALL","","1988","92.14"
"MDA","","TOTAL","ALL","","1989","79"
"MDA","","TOTAL","ALL","","1990","79.15"
"MDA","","TOTAL","ALL","","1991","75.12"
"MDA","","TOTAL","ALL","","1992","65.98"
"MDA","","TOTAL","ALL","","1993","69.56"
"MDA","","TOTAL","ALL","","1994","88.28"
"MDA","","TOTAL","ALL","","1995","93.74"
"MDA","","TOTAL","ALL","","1996","88.37"
"MDA","","TOTAL","ALL","","1997","91.29"
"MDA","","TOTAL","ALL","","1998","83.05"
"MDA","","TOTAL","ALL","","1999","89.53"
"MDA","","TOTAL","ALL","","2000","87.12"
"MDA","","TOTAL","ALL","","2001","79.78"
"MDA","","TOTAL","ALL","","2002","91.15"
"MDA","","TOTAL","ALL","","2003","96.7"
"MDA","","TOTAL","ALL","","2004","81.92"
"MDA","","TOTAL","ALL","","2005","92.61"
"MDA","","TOTAL","ALL","","2006","83.6"
"MDA","","TOTAL","ALL","","2007","78.81"
"MDA","","TOTAL","ALL","","2008","74.35"
"MDA","","TOTAL","ALL","","2009","69.63"
"MDA","","TOTAL","ALL","","2010","71.82"
"MDA","","TOTAL","ALL","","2011","55.87"
"MDA","","TOTAL","ALL","","2012","49.74"
"MDA","","TOTAL","ALL","","2013","48.13"
"MDA","","TOTAL","ALL","","2014","48.02"
"MDA","","TOTAL","ALL","","2015","50.5"
"MDA","","TOTAL","ALL","","2016","46.33"
"MDA","","TOTAL","ALL","","2017","43.03"
"MDA","","TOTAL","ALL","","2018","41.47"
"MKD","","TOTAL","ALL","","1991","60.27"
"MKD","","TOTAL","ALL","","1992","60.18"
"MKD","","TOTAL","ALL","","1993","48.22"
"MKD","","TOTAL","ALL","","1994","46.68"
"MKD","","TOTAL","ALL","","1995","46.71"
"MKD","","TOTAL","ALL","","1996","49.63"
"MKD","","TOTAL","ALL","","1997","49.76"
"MKD","","TOTAL","ALL","","1998","35.63"
"MKD","","TOTAL","ALL","","1999","37.09"
"MKD","","TOTAL","ALL","","2000","38.55"
"MKD","","TOTAL","ALL","","2001","32.53"
"MKD","","TOTAL","ALL","","2002","36.52"
"MKD","","TOTAL","ALL","","2003","43.22"
"MKD","","TOTAL","ALL","","2004","39.69"
"MKD","","TOTAL","ALL","","2005","41.19"
"MKD","","TOTAL","ALL","","2006","37.57"
"MKD","","TOTAL","ALL","","2007","37.52"
"MKD","","TOTAL","ALL","","2008","37.79"
"MKD","","TOTAL","ALL","","2009","33.39"
"MKD","","TOTAL","ALL","","2010","34.42"
"MKD","","TOTAL","ALL","","2011","34.7"
"MKD","","TOTAL","ALL","","2012","37.13"
"MKD","","TOTAL","ALL","","2013","31.11"
"MKD","","TOTAL","ALL","","2015","32.88"
"MKD","","TOTAL","ALL","","2016","36.06"
"MKD","","TOTAL","ALL","","2017","34.81"
"MKD","","TOTAL","ALL","","2018","32.57"
"MKD","","TOTAL","ALL","","2019","36.41"
"MKD","","TOTAL","ALL","","2020","58.37"
"MKD","","TOTAL","ALL","","2021","45.71"
"MLT","","TOTAL","ALL","","1968","63.8"
"MLT","","TOTAL","ALL","","1969","94.15"
"MLT","","TOTAL","ALL","","1970","91.48"
"MLT","","TOTAL","ALL","","1971","77.88"
"MLT","","TOTAL","ALL","","1972","77.95"
"MLT","","TOTAL","ALL","","1973","94.38"
"MLT","","TOTAL","ALL","","1974","80.03"
"MLT","","TOTAL","ALL","","1975","89.78"
"MLT","","TOTAL","ALL","","1976","99.5"
"MLT","","TOTAL","ALL","","1977","70.94"
"MLT","","TOTAL","ALL","","1978","79.66"
"MLT","","TOTAL","ALL","","1979","59.96"
"MLT","","TOTAL","ALL","","1980","68.65"
"MLT","","TOTAL","ALL","","1981","91.43"
"MLT","","TOTAL","ALL","","1982","52.01"
"MLT","","TOTAL","ALL","","1983","37.53"
"MLT","","TOTAL","ALL","","1984","33"
"MLT","","TOTAL","ALL","","1985","50.04"
"MLT","","TOTAL","ALL","","1986","53.35"
"MLT","","TOTAL","ALL","","1987","54.69"
"MLT","","TOTAL","ALL","","1988","86.03"
"MLT","","TOTAL","ALL","","1989","66.05"
"MLT","","TOTAL","ALL","","1990","66.68"
"MLT","","TOTAL","ALL","","1991","62.26"
"MLT","","TOTAL","ALL","","1992","75.17"
"MLT","","TOTAL","ALL","","1993","61.99"
"MLT","","TOTAL","ALL","","1994","67.88"
"MLT","","TOTAL","ALL","","1995","62.99"
"MLT","","TOTAL","ALL","","1996","57.94"
"MLT","","TOTAL","ALL","","1997","68.12"
"MLT","","TOTAL","ALL","","1998","75.03"
"MLT","","TOTAL","ALL","","1999","75.14"
"MLT","","TOTAL","ALL","","2000","68.36"
"MLT","","TOTAL","ALL","","2001","81.2"
"MLT","","TOTAL","ALL","","2002","76.5"
"MLT","","TOTAL","ALL","","2003","71.51"
"MLT","","TOTAL","ALL","","2004","67.33"
"MLT","","TOTAL","ALL","","2005","60.55"
"MLT","","TOTAL","ALL","","2006","53.46"
"MLT","","TOTAL","ALL","","2007","51.93"
"MLT","","TOTAL","ALL","","2008","53.4"
"MLT","","TOTAL","ALL","","2009","50.67"
"MLT","","TOTAL","ALL","","2010","46.94"
"MLT","","TOTAL","ALL","","2011","35.34"
"MLT","","TOTAL","ALL","","2012","44.34"
"MLT","","TOTAL","ALL","","2013","49.91"
"MLT","","TOTAL","ALL","","2014","43.13"
"MLT","","TOTAL","ALL","","2015","45.51"
"MLT","","TOTAL","ALL","","2016","41.94"
"MLT","","TOTAL","ALL","","2017","46.29"
"MNE","","TOTAL","ALL","","2000","37.25"
"MNE","","TOTAL","ALL","","2001","46.2"
"MNE","","TOTAL","ALL","","2002","41.3"
"MNE","","TOTAL","ALL","","2003","45.39"
"MNE","","TOTAL","ALL","","2004","37.13"
"MNE","","TOTAL","ALL","","2005","36.84"
"MNE","","TOTAL","ALL","","2006","38.93"
"MNE","","TOTAL","ALL","","2007","35.47"
"MNE","","TOTAL","ALL","","2008","36"
"MNE","","TOTAL","ALL","","2009","38.68"
"MNE","","TOTAL","ALL","","2017","29.61"
"MNE","","TOTAL","ALL","","2019","36.03"
"NLD","","TOTAL","ALL","","1969","71.03"
"NLD","","TOTAL","ALL","","1970","70"
"NLD","","TOTAL","ALL","","1971","61.28"
"NLD","","TOTAL","ALL","","1972","66.87"
"NLD","","TOTAL","ALL","","1973","67.63"
"NLD","","TOTAL","ALL","","1974","55.52"
"NLD","","TOTAL","ALL","","1975","57.73"
"NLD","","TOTAL","ALL","","1976","59.76"
"NLD","","TOTAL","ALL","","1977","53.91"
"NLD","","TOTAL","ALL","","1978","58.82"
"NLD","","TOTAL","ALL","","1979","49.53"
"NLD","","TOTAL","ALL","","1980","48.77"
"NLD","","TOTAL","ALL","","1981","48.25"
"NLD","","TOTAL","ALL","","1982","51.77"
"NLD","","TOTAL","ALL","","1983","51.85"
"NLD","","TOTAL","ALL","","1984","53.19"
"NLD","","TOTAL","ALL","","1985","55.85"
"NLD","","TOTAL","ALL","","1986","58.53"
"NLD","","TOTAL","ALL","","1987","50.2"
"NLD","","TOTAL","ALL","","1988","49.33"
"NLD","","TOTAL","ALL","","1989","58.17"
"NLD","","TOTAL","ALL","","1990","58.14"
"NLD","","TOTAL","ALL","","1991","57.18"
"NLD","","TOTAL","ALL","","1992","51.6"
"NLD","","TOTAL","ALL","","1993","68.5"
"NLD","","TOTAL","ALL","","1994","57.27"
"NLD","","TOTAL","ALL","","1995","62.65"
"NLD","","TOTAL","ALL","","1996","63.81"
"NLD","","TOTAL","ALL","","1997","63.35"
"NLD","","TOTAL","ALL","","1998","66.48"
"NLD","","TOTAL","ALL","","1999","66.88"
"NLD","","TOTAL","ALL","","2000","67.3"
"NLD","","TOTAL","ALL","","2001","60.63"
"NLD","","TOTAL","ALL","","2002","60.08"
"NLD","","TOTAL","ALL","","2003","62.37"
"NLD","","TOTAL","ALL","","2004","54.93"
"NLD","","TOTAL","ALL","","2005","60.13"
"NLD","","TOTAL","ALL","","2006","56.09"
"NLD","","TOTAL","ALL","","2007","54.16"
"NLD","","TOTAL","ALL","","2008","53.35"
"NLD","","TOTAL","ALL","","2009","52.8"
"NLD","","TOTAL","ALL","","2010","48.09"
"NLD","","TOTAL","ALL","","2011","48.26"
"NLD","","TOTAL","ALL","","2012","50.74"
"NLD","","TOTAL","ALL","","2013","42.25"
"NLD","","TOTAL","ALL","","2014","35.3"
"NLD","","TOTAL","ALL","","2015","41.68"
"NLD","","TOTAL","ALL","","2016","39.04"
"NLD","","TOTAL","ALL","","2017","40.51"
"NLD","","TOTAL","ALL","","2018","40.99"
"NLD","","TOTAL","ALL","","2019","35.42"
"NLD","","TOTAL","ALL","","2020","30"
"NLD","","TOTAL","ALL","","2021","29.73"
"NLD","","TOTAL","ALL","","2022","37.17"
"NOR","","TOTAL","ALL","","1969","87.53"
"NOR","","TOTAL","ALL","","1970","86.49"
"NOR","","TOTAL","ALL","","1971","76.5"
"NOR","","TOTAL","ALL","","1972","82.25"
"NOR","","TOTAL","ALL","","1973","77.94"
"NOR","","TOTAL","ALL","","1974","80.82"
"NOR","","TOTAL","ALL","","1975","85.86"
"NOR","","TOTAL","ALL","","1976","83.77"
"NOR","","TOTAL","ALL","","1977","73.68"
"NOR","","TOTAL","ALL","","1978","71.4"
"NOR","","TOTAL","ALL","","1979","75.51"
"NOR","","TOTAL","ALL","","1980","68.2"
"NOR","","TOTAL","ALL","","1981","70.29"
"NOR","","TOTAL","ALL","","1982","62.72"
"NOR","","TOTAL","ALL","","1983","63.61"
"NOR","","TOTAL","ALL","","1984","64.76"
"NOR","","TOTAL","ALL","","1985","73.35"
"NOR","","TOTAL","ALL","","1986","61.85"
"NOR","","TOTAL","ALL","","1987","61.94"
"NOR","","TOTAL","ALL","","1988","68.77"
"NOR","","TOTAL","ALL","","1989","68.24"
"NOR","","TOTAL","ALL","","1990","70.02"
"NOR","","TOTAL","ALL","","1991","64.64"
"NOR","","TOTAL","ALL","","1992","67.23"
"NOR","","TOTAL","ALL","","1993","78.57"
"NOR","","TOTAL","ALL","","1994","63.46"
"NOR","","TOTAL","ALL","","1995","69.43"
"NOR","","TOTAL","ALL","","1996","55.08"
"NOR","","TOTAL","ALL","","1997","54.92"
"NOR","","TOTAL","ALL","","1998","53.52"
"NOR","","TOTAL","ALL","","1999","58.36"
"NOR","","TOTAL","ALL","","2000","58.16"
"NOR","","TOTAL","ALL","","2001","56.16"
"NOR","","TOTAL","ALL","","2002","59.54"
"NOR","","TOTAL","ALL","","2003","50.89"
"NOR","","TOTAL","ALL","","2004","44.63"
"NOR","","TOTAL","ALL","","2005","50.94"
"NOR","","TOTAL","ALL","","2006","48.79"
"NOR","","TOTAL","ALL","","2007","51.02"
"NOR","","TOTAL","ALL","","2008","49.93"
"NOR","","TOTAL","ALL","","2009","49.42"
"NOR","","TOTAL","ALL","","2010","45.29"
"NOR","","TOTAL","ALL","","2011","46.97"
"NOR","","TOTAL","ALL","","2012","48.79"
"NOR","","TOTAL","ALL","","2013","46.02"
"NOR","","TOTAL","ALL","","2014","42.24"
"NOR","","TOTAL","ALL","","2015","46.46"
"NOR","","TOTAL","ALL","","2016","47.09"
"","NORDIC","TOTAL","ALL","","1969","83.22"
"","NORDIC","TOTAL","ALL","","1970","71.72"
"","NORDIC","TOTAL","ALL","","1971","67.42"
"","NORDIC","TOTAL","ALL","","1972","63.68"
"","NORDIC","TOTAL","ALL","","1973","60.67"
"","NORDIC","TOTAL","ALL","","1974","65.35"
"","NORDIC","TOTAL","ALL","","1975","64.94"
"","NORDIC","TOTAL","ALL","","1976","73.39"
"","NORDIC","TOTAL","ALL","","1977","61.08"
"","NORDIC","TOTAL","ALL","","1978","59.42"
"","NORDIC","TOTAL","ALL","","1979","61.13"
"","NORDIC","TOTAL","ALL","","1980","63.44"
"","NORDIC","TOTAL","ALL","","1981","61.45"
"","NORDIC","TOTAL","ALL","","1982","56.36"
"","NORDIC","TOTAL","ALL","","1983","60.9"
"","NORDIC","TOTAL","ALL","","1984","57.46"
"","NORDIC","TOTAL","ALL","","1985","67"
"","NORDIC","TOTAL","ALL","","1986","58.84"
"","NORDIC","TOTAL","ALL","","1987","54.97"
"","NORDIC","TOTAL","ALL","","1988","59.7"
"","NORDIC","TOTAL","ALL","","1989","57.35"
"","NORDIC","TOTAL","ALL","","1990","59.04"
"","NORDIC","TOTAL","ALL","","1991","55.06"
"","NORDIC","TOTAL","ALL","","1992","56.42"
"","NORDIC","TOTAL","ALL","","1993","63.9"
"","NORDIC","TOTAL","ALL","","1994","54.89"
"","NORDIC","TOTAL","ALL","","1995","58.39"
"","NORDIC","TOTAL","ALL","","1996","57.67"
"","NORDIC","TOTAL","ALL","","1997","53.73"
"","NORDIC","TOTAL","ALL","","1998","51.76"
"","NORDIC","TOTAL","ALL","","1999","54.53"
"","NORDIC","TOTAL","ALL","","2000","52.62"
"","NORDIC","TOTAL","ALL","","2001","49.34"
"","NORDIC","TOTAL","ALL","","2002","51.94"
"","NORDIC","TOTAL","ALL","","2003","48.68"
"","NORDIC","TOTAL","ALL","","2004","42.82"
"","NORDIC","TOTAL","ALL","","2005","42.56"
"","NORDIC","TOTAL","ALL","","2006","39.6"
"","NORDIC","TOTAL","ALL","","2007","40.94"
"","NORDIC","TOTAL","ALL","","2008","39.94"
"","NORDIC","TOTAL","ALL","","2009","40.89"
"","NORDIC","TOTAL","ALL","","2010","37.48"
"","NORDIC","TOTAL","ALL","","2011","38.33"
"","NORDIC","TOTAL","ALL","","2012","38.58"
"","NORDIC","TOTAL","ALL","","2013","37.97"
"","NORDIC","TOTAL","ALL","","2014","34.65"
"","NORDIC","TOTAL","ALL","","2015","37.61"
"","NORDIC","TOTAL","ALL","","2016","37.8"
"","NORDIC","TOTAL","ALL","","2017","38.14"
"","NORDIC","TOTAL","ALL","","2018","39.06"
"","NORDIC","TOTAL","ALL","","2019","35.67"
"","NORDIC","TOTAL","ALL","","2020","32.78"
"","NORDIC","TOTAL","ALL","","2021","31.44"
"POL","","TOTAL","ALL","","1969","93.75"
"POL","","TOTAL","ALL","","1970","95"
"POL","","TOTAL","ALL","","1971","116.21"
"POL","","TOTAL","ALL","","1972","74.3"
"POL","","TOTAL","ALL","","1973","77.16"
"POL","","TOTAL","ALL","","1974","62.51"
"POL","","TOTAL","ALL","","1975","73.69"
"POL","","TOTAL","ALL","","1976","64.39"
"POL","","TOTAL","ALL","","1977","64.56"
"POL","","TOTAL","ALL","","1978","69.51"
"POL","","TOTAL","ALL","","1979","57.41"
"POL","","TOTAL","ALL","","1980","63.01"
"POL","","TOTAL","ALL","","1981","55.42"
"POL","","TOTAL","ALL","","1982","54.78"
"POL","","TOTAL","ALL","","1983","58.93"
"POL","","TOTAL","ALL","","1984","58.47"
"POL","","TOTAL","ALL","","1985","63.24"
"POL","","TOTAL","ALL","","1986","60.24"
"POL","","TOTAL","ALL","","1987","53.54"
"POL","","TOTAL","ALL","","1988","47.13"
"POL","","TOTAL","ALL","","1989","48.5"
"POL","","TOTAL","ALL","","1990","44.88"
"POL","","TOTAL","ALL","","1991","42.9"
"POL","","TOTAL","ALL","","1992","37.38"
"POL","","TOTAL","ALL","","1993","38.56"
"POL","","TOTAL","ALL","","1994","34.87"
"POL","","TOTAL","ALL","","1995","35.87"
"POL","","TOTAL","ALL","","1996","38.43"
"POL","","TOTAL","ALL","","1999","46.2"
"POL","","TOTAL","ALL","","2000","46.42"
"POL","","TOTAL","ALL","","2001","39.09"
"POL","","TOTAL","ALL","","2002","37.61"
"POL","","TOTAL","ALL","","2003","41.46"
"POL","","TOTAL","ALL","","2004","39.41"
"POL","","TOTAL","ALL","","2005","42.3"
"POL","","TOTAL","ALL","","2006","40.67"
"POL","","TOTAL","ALL","","2007","41.45"
"POL","","TOTAL","ALL","","2008","40.06"
"POL","","TOTAL","ALL","","2009","41.91"
"POL","","TOTAL","ALL","","2010","38.1"
"POL","","TOTAL","ALL","","2011","38.48"
"POL","","TOTAL","ALL","","2012","37.33"
"POL","","TOTAL","ALL","","2013","41.88"
"POL","","TOTAL","ALL","","2014","35.85"
"POL","","TOTAL","ALL","","2015","41.71"
"POL","","TOTAL","ALL","","2016","38.99"
"POL","","TOTAL","ALL","","2017","42.92"
"POL","","TOTAL","ALL","","2018","43.84"
"POL","","TOTAL","ALL","","2019","43.53"
"POL","","TOTAL","ALL","","2020","44.88"
"POL","","TOTAL","ALL","","2021","44.31"
"PRT","","TOTAL","ALL","","1971","151.89"
"PRT","","TOTAL","ALL","","1972","123.14"
"PRT","","TOTAL","ALL","","1973","132.48"
"PRT","","TOTAL","ALL","","1974","131.84"
"PRT","","TOTAL","ALL","","1975","108.27"
"PRT","","TOTAL","ALL","","1976","119.05"
"PRT","","TOTAL","ALL","","1977","97.41"
"PRT","","TOTAL","ALL","","1978","109.29"
"PRT","","TOTAL","ALL","","1979","89.15"
"PRT","","TOTAL","ALL","","1980","82.3"
"PRT","","TOTAL","ALL","","1981","77"
"PRT","","TOTAL","ALL","","1982","65.46"
"PRT","","TOTAL","ALL","","1983","69.85"
"PRT","","TOTAL","ALL","","1984","71.1"
"PRT","","TOTAL","ALL","","1985","71.89"
"PRT","","TOTAL","ALL","","1986","65.46"
"PRT","","TOTAL","ALL","","1987","60.89"
"PRT","","TOTAL","ALL","","1988","63.67"
"PRT","","TOTAL","ALL","","1989","59.24"
"PRT","","TOTAL","ALL","","1990","65.79"
"PRT","","TOTAL","ALL","","1991","61.8"
"PRT","","TOTAL","ALL","","1992","56.79"
"PRT","","TOTAL","ALL","","1993","63.9"
"PRT","","TOTAL","ALL","","1994","56.77"
"PRT","","TOTAL","ALL","","1995","61.62"
"PRT","","TOTAL","ALL","","1996","64.06"
"PRT","","TOTAL","ALL","","1997","66.27"
"PRT","","TOTAL","ALL","","1998","66.54"
"PRT","","TOTAL","ALL","","1999","76.74"
"PRT","","TOTAL","ALL","","2000","67.17"
"PRT","","TOTAL","ALL","","2001","57.17"
"PRT","","TOTAL","ALL","","2002","57.83"
"PRT","","TOTAL","ALL","","2003","58.15"
"PRT","","TOTAL","ALL","","2004","51.67"
"PRT","","TOTAL","ALL","","2007","58.98"
"PRT","","TOTAL","ALL","","2008","60.32"
"PRT","","TOTAL","ALL","","2009","61.98"
"PRT","","TOTAL","ALL","","2010","57.87"
"PRT","","TOTAL","ALL","","2011","55.8"
"PRT","","TOTAL","ALL","","2012","61.77"
"PRT","","TOTAL","ALL","","2013","55.37"
"PRT","","TOTAL","ALL","","2014","52.47"
"PRT","","TOTAL","ALL","","2015","55.85"
"PRT","","TOTAL","ALL","","2016","55.58"
"PRT","","TOTAL","ALL","","2017","50.78"
"PRT","","TOTAL","ALL","","2018","51.54"
"ROU","","TOTAL","ALL","","1969","224.62"
"ROU","","TOTAL","ALL","","1970","201.35"
"ROU","","TOTAL","ALL","","1971","202.66"
"ROU","","TOTAL","ALL","","1972","178.36"
"ROU","","TOTAL","ALL","","1973","223.93"
"ROU","","TOTAL","ALL","","1974","177"
"ROU","","TOTAL","ALL","","1975","180.07"
"ROU","","TOTAL","ALL","","1976","181.38"
"ROU","","TOTAL","ALL","","1977","171.85"
"ROU","","TOTAL","ALL","","1978","147.98"
"ROU","","TOTAL","ALL","","1980","165.94"
"ROU","","TOTAL","ALL","","1981","153.62"
"ROU","","TOTAL","ALL","","1982","146.29"
"ROU","","TOTAL","ALL","","1983","152.35"
"ROU","","TOTAL","ALL","","1984","140.34"
"ROU","","TOTAL","ALL","","1985","149.25"
"ROU","","TOTAL","ALL","","1986","132.59"
"ROU","","TOTAL","ALL","","1987","132.99"
"ROU","","TOTAL","ALL","","1988","124.75"
"ROU","","TOTAL","ALL","","1989","116.81"
"ROU","","TOTAL","ALL","","1990","105.86"
"ROU","","TOTAL","ALL","","1991","102.66"
"ROU","","TOTAL","ALL","","1992","101.67"
"ROU","","TOTAL","ALL","","1993","88.31"
"ROU","","TOTAL","ALL","","1994","87.7"
"ROU","","TOTAL","ALL","","1995","81.6"
"ROU","","TOTAL","ALL","","1996","92.03"
"ROU","","TOTAL","ALL","","1997","82.62"
"ROU","","TOTAL","ALL","","1998","74.37"
"ROU","","TOTAL","ALL","","1999","77.02"
"ROU","","TOTAL","ALL","","2000","67.25"
"ROU","","TOTAL","ALL","","2001","63.08"
"ROU","","TOTAL","ALL","","2002","69.07"
"ROU","","TOTAL","ALL","","2003","62.91"
"ROU","","TOTAL","ALL","","2004","60.58"
"ROU","","TOTAL","ALL","","2005","56.86"
"ROU","","TOTAL","ALL","","2006","52.98"
"ROU","","TOTAL","ALL","","2007","51.79"
"ROU","","TOTAL","ALL","","2008","49.48"
"ROU","","TOTAL","ALL","","2009","50.61"
"ROU","","TOTAL","ALL","","2010","49.01"
"ROU","","TOTAL","ALL","","2011","47.32"
"ROU","","TOTAL","ALL","","2012","49.63"
"ROU","","TOTAL","ALL","","2013","46.25"
"ROU","","TOTAL","ALL","","2014","47.76"
"ROU","","TOTAL","ALL","","2015","52.33"
"ROU","","TOTAL","ALL","","2016","50.84"
"ROU","","TOTAL","ALL","","2017","52.89"
"ROU","","TOTAL","ALL","","2018","57.76"
"ROU","","TOTAL","ALL","","2019","59.8"
"RUS","","TOTAL","ALL","","1980","106.48"
"RUS","","TOTAL","ALL","","1981","97"
"RUS","","TOTAL","ALL","","1982","85.77"
"RUS","","TOTAL","ALL","","1983","86.36"
"RUS","","TOTAL","ALL","","1984","89.02"
"RUS","","TOTAL","ALL","","1985","87.68"
"RUS","","TOTAL","ALL","","1986","68.64"
"RUS","","TOTAL","ALL","","1987","65.93"
"RUS","","TOTAL","ALL","","1988","67.18"
"RUS","","TOTAL","ALL","","1989","62.67"
"RUS","","TOTAL","ALL","","1990","63.19"
"RUS","","TOTAL","ALL","","1991","58.79"
"RUS","","TOTAL","ALL","","1992","60.56"
"RUS","","TOTAL","ALL","","1993","77.16"
"RUS","","TOTAL","ALL","","1994","82.72"
"RUS","","TOTAL","ALL","","1995","75.68"
"RUS","","TOTAL","ALL","","1996","68.53"
"RUS","","TOTAL","ALL","","1997","63.71"
"RUS","","TOTAL","ALL","","1998","56.62"
"RUS","","TOTAL","ALL","","1999","63.61"
"RUS","","TOTAL","ALL","","2000","67.98"
"RUS","","TOTAL","ALL","","2001","62.85"
"RUS","","TOTAL","ALL","","2002","65.98"
"RUS","","TOTAL","ALL","","2003","66.3"
"RUS","","TOTAL","ALL","","2004","60.44"
"RUS","","TOTAL","ALL","","2005","61.28"
"RUS","","TOTAL","ALL","","2006","53.14"
"RUS","","TOTAL","ALL","","2007","49.41"
"RUS","","TOTAL","ALL","","2008","49.88"
"RUS","","TOTAL","ALL","","2009","49.34"
"RUS","","TOTAL","ALL","","2010","45.53"
"RUS","","TOTAL","ALL","","2011","44.66"
"RUS","","TOTAL","ALL","","2012","41.7"
"RUS","","TOTAL","ALL","","2013","43.02"
"RUS","","TOTAL","ALL","","2014","45.42"
"RUS","","TOTAL","ALL","","2015","41.78"
"RUS","","TOTAL","ALL","","2019","31.02"
"","SEEHN","TOTAL","ALL","","1985","106.36"
"","SEEHN","TOTAL","ALL","","1986","95.1"
"","SEEHN","TOTAL","ALL","","1987","93.5"
"","SEEHN","TOTAL","ALL","","1988","89.29"
"","SEEHN","TOTAL","ALL","","1989","85.12"
"","SEEHN","TOTAL","ALL","","1990","79.64"
"","SEEHN","TOTAL","ALL","","1991","76.23"
"","SEEHN","TOTAL","ALL","","1992","74.89"
"","SEEHN","TOTAL","ALL","","1993","67.66"
"","SEEHN","TOTAL","ALL","","1994","66.15"
"","SEEHN","TOTAL","ALL","","1995","64.68"
"","SEEHN","TOTAL","ALL","","1996","69.99"
"","SEEHN","TOTAL","ALL","","1997","65.72"
"","SEEHN","TOTAL","ALL","","1998","59.22"
"","SEEHN","TOTAL","ALL","","1999","59.51"
"","SEEHN","TOTAL","ALL","","2000","57.73"
"","SEEHN","TOTAL","ALL","","2001","50.06"
"","SEEHN","TOTAL","ALL","","2002","52.79"
"","SEEHN","TOTAL","ALL","","2003","51.41"
"","SEEHN","TOTAL","ALL","","2004","48.74"
"","SEEHN","TOTAL","ALL","","2005","49.82"
"","SEEHN","TOTAL","ALL","","2006","45.78"
"","SEEHN","TOTAL","ALL","","2007","45.73"
"","SEEHN","TOTAL","ALL","","2008","43.73"
"","SEEHN","TOTAL","ALL","","2009","42.92"
"","SEEHN","TOTAL","ALL","","2010","41.83"
"","SEEHN","TOTAL","ALL","","2011","41.17"
"","SEEHN","TOTAL","ALL","","2012","41.28"
"","SEEHN","TOTAL","ALL","","2013","38.59"
"","SEEHN","TOTAL","ALL","","2014","40.03"
"","SEEHN","TOTAL","ALL","","2015","42.73"
"","SEEHN","TOTAL","ALL","","2016","41.62"
"","SEEHN","TOTAL","ALL","","2017","42.77"
"","SEEHN","TOTAL","ALL","","2018","44.82"
"","SEEHN","TOTAL","ALL","","2019","46.01"
"","SEEHN","TOTAL","ALL","","2021","50.66"
"","SMALL","TOTAL","ALL","","1995","48.34"
"","SMALL","TOTAL","ALL","","1996","47.35"
"","SMALL","TOTAL","ALL","","1997","46.44"
"","SMALL","TOTAL","ALL","","1998","47.48"
"","SMALL","TOTAL","ALL","","1999","49.45"
"","SMALL","TOTAL","ALL","","2000","46.08"
"","SMALL","TOTAL","ALL","","2001","49.3"
"","SMALL","TOTAL","ALL","","2002","49.36"
"","SMALL","TOTAL","ALL","","2003","50.1"
"","SMALL","TOTAL","ALL","","2004","44.11"
"","SMALL","TOTAL","ALL","","2005","43.79"
"","SMALL","TOTAL","ALL","","2006","40.31"
"","SMALL","TOTAL","ALL","","2007","40.45"
"","SMALL","TOTAL","ALL","","2008","39.64"
"","SMALL","TOTAL","ALL","","2009","41.3"
"","SMALL","TOTAL","ALL","","2010","37.94"
"","SMALL","TOTAL","ALL","","2011","36.29"
"","SMALL","TOTAL","ALL","","2012","36.88"
"","SMALL","TOTAL","ALL","","2013","37.13"
"","SMALL","TOTAL","ALL","","2014","34.78"
"","SMALL","TOTAL","ALL","","2015","38.58"
"","SMALL","TOTAL","ALL","","2016","36.22"
"","SMALL","TOTAL","ALL","","2017","39.46"
"","SMALL","TOTAL","ALL","","2019","40.39"
"SMR","","TOTAL","ALL","","1995","0"
"SMR","","TOTAL","ALL","","1996","17.05"
"SMR","","TOTAL","ALL","","1997","6.08"
"SMR","","TOTAL","ALL","","1998","19.86"
"SMR","","TOTAL","ALL","","1999","6.56"
"SMR","","TOTAL","ALL","","2000","27.71"
"SMR","","TOTAL","ALL","","2005","6.89"
"SRB","","TOTAL","ALL","","1998","44.36"
"SRB","","TOTAL","ALL","","1999","42.64"
"SRB","","TOTAL","ALL","","2000","51.81"
"SRB","","TOTAL","ALL","","2001","37.12"
"SRB","","TOTAL","ALL","","2002","36.4"
"SRB","","TOTAL","ALL","","2003","37.2"
"SRB","","TOTAL","ALL","","2004","38.26"
"SRB","","TOTAL","ALL","","2005","40.9"
"SRB","","TOTAL","ALL","","2006","35.21"
"SRB","","TOTAL","ALL","","2007","37.46"
"SRB","","TOTAL","ALL","","2008","35.93"
"SRB","","TOTAL","ALL","","2009","38.1"
"SRB","","TOTAL","ALL","","2010","36.74"
"SRB","","TOTAL","ALL","","2011","45.17"
"SRB","","TOTAL","ALL","","2012","43.18"
"SRB","","TOTAL","ALL","","2013","41.88"
"SRB","","TOTAL","ALL","","2014","43.38"
"SRB","","TOTAL","ALL","","2015","46.83"
"SRB","","TOTAL","ALL","","2016","40.76"
"SRB","","TOTAL","ALL","","2017","43.88"
"SRB","","TOTAL","ALL","","2018","43.16"
"SRB","","TOTAL","ALL","","2019","45.58"
"SRB","","TOTAL","ALL","","2020","55.04"
"SRB","","TOTAL","ALL","","2021","58.22"
"SRB","","TOTAL","ALL","","2022","54.11"
"SVK","","TOTAL","ALL","","1992","78.18"
"SVK","","TOTAL","ALL","","1993","79.37"
"SVK","","TOTAL","ALL","","1994","66.23"
"SVK","","TOTAL","ALL","","1995","72.67"
"SVK","","TOTAL","ALL","","1996","74.29"
"SVK","","TOTAL","ALL","","1997","72.93"
"SVK","","TOTAL","ALL","","1998","46.16"
"SVK","","TOTAL","ALL","","1999","49.48"
"SVK","","TOTAL","ALL","","2000","54.45"
"SVK","","TOTAL","ALL","","2001","52.1"
"SVK","","TOTAL","ALL","","2002","54.66"
"SVK","","TOTAL","ALL","","2003","58.35"
"SVK","","TOTAL","ALL","","2004","53.84"
"SVK","","TOTAL","ALL","","2005","55.47"
"SVK","","TOTAL","ALL","","2006","51.14"
"SVK","","TOTAL","ALL","","2007","53.4"
"SVK","","TOTAL","ALL","","2008","49.44"
"SVK","","TOTAL","ALL","","2009","51.26"
"SVK","","TOTAL","ALL","","2010","51.95"
"SVK","","TOTAL","ALL","","2012","45.41"
"SVK","","TOTAL","ALL","","2013","45.1"
"SVK","","TOTAL","ALL","","2014","39.38"
"SVK","","TOTAL","ALL","","2016","41.66"
"SVK","","TOTAL","ALL","","2017","49.08"
"SVK","","TOTAL","ALL","","2018","45.66"
"SVK","","TOTAL","ALL","","2019","42.33"
"SVK","","TOTAL","ALL","","2020","49.43"
"SVK","","TOTAL","ALL","","2021","86.16"
"SVN","","TOTAL","ALL","","1985","49.9"
"SVN","","TOTAL","ALL","","1986","41.44"
"SVN","","TOTAL","ALL","","1987","43.08"
"SVN","","TOTAL","ALL","","1988","45.21"
"SVN","","TOTAL","ALL","","1989","73.74"
"SVN","","TOTAL","ALL","","1990","57.72"
"SVN","","TOTAL","ALL","","1991","54.12"
"SVN","","TOTAL","ALL","","1992","58.65"
"SVN","","TOTAL","ALL","","1993","57.96"
"SVN","","TOTAL","ALL","","1994","55.51"
"SVN","","TOTAL","ALL","","1995","66.95"
"SVN","","TOTAL","ALL","","1996","61.47"
"SVN","","TOTAL","ALL","","1997","71.54"
"SVN","","TOTAL","ALL","","1998","67.02"
"SVN","","TOTAL","ALL","","1999","67.24"
"SVN","","TOTAL","ALL","","2000","61.19"
"SVN","","TOTAL","ALL","","2001","54.85"
"SVN","","TOTAL","ALL","","2002","56.3"
"SVN","","TOTAL","ALL","","2003","62.05"
"SVN","","TOTAL","ALL","","2004","56.37"
"SVN","","TOTAL","ALL","","2005","51.98"
"SVN","","TOTAL","ALL","","2006","43.49"
"SVN","","TOTAL","ALL","","2007","35.37"
"SVN","","TOTAL","ALL","","2008","36.42"
"SVN","","TOTAL","ALL","","2009","37.86"
"SVN","","TOTAL","ALL","","2010","32.34"
"SVN","","TOTAL","ALL","","2011","33.57"
"SVN","","TOTAL","ALL","","2012","36.55"
"SVN","","TOTAL","ALL","","2013","34.47"
"SVN","","TOTAL","ALL","","2014","28.75"
"SVN","","TOTAL","ALL","","2015","31.63"
"SVN","","TOTAL","ALL","","2016","29.42"
"SVN","","TOTAL","ALL","","2017","28.81"
"SVN","","TOTAL","ALL","","2018","24.23"
"SVN","","TOTAL","ALL","","2019","23.25"
"SVN","","TOTAL","ALL","","2020","17.07"
"SWE","","TOTAL","ALL","","1969","73.88"
"SWE","","TOTAL","ALL","","1970","53.77"
"SWE","","TOTAL","ALL","","1971","40.04"
"SWE","","TOTAL","ALL","","1972","37.81"
"SWE","","TOTAL","ALL","","1973","39.4"
"SWE","","TOTAL","ALL","","1974","39.07"
"SWE","","TOTAL","ALL","","1975","41.01"
"SWE","","TOTAL","ALL","","1976","50.51"
"SWE","","TOTAL","ALL","","1977","41.7"
"SWE","","TOTAL","ALL","","1978","45.61"
"SWE","","TOTAL","ALL","","1979","48.65"
"SWE","","TOTAL","ALL","","1980","45.32"
"SWE","","TOTAL","ALL","","1981","52.14"
"SWE","","TOTAL","ALL","","1982","51.15"
"SWE","","TOTAL","ALL","","1983","53.94"
"SWE","","TOTAL","ALL","","1984","50.16"
"SWE","","TOTAL","ALL","","1985","59.72"
"SWE","","TOTAL","ALL","","1986","55.41"
"SWE","","TOTAL","ALL","","1987","50.09"
"SWE","","TOTAL","ALL","","1988","55.81"
"SWE","","TOTAL","ALL","","1989","48.42"
"SWE","","TOTAL","ALL","","1990","48.52"
"SWE","","TOTAL","ALL","","1991","46.85"
"SWE","","TOTAL","ALL","","1992","46.56"
"SWE","","TOTAL","ALL","","1993","52.51"
"SWE","","TOTAL","ALL","","1994","43.7"
"SWE","","TOTAL","ALL","","1995","44.84"
"SWE","","TOTAL","ALL","","1996","47.14"
"SWE","","TOTAL","ALL","","1997","41.59"
"SWE","","TOTAL","ALL","","1998","38.14"
"SWE","","TOTAL","ALL","","1999","40.89"
"SWE","","TOTAL","ALL","","2000","39.32"
"SWE","","TOTAL","ALL","","2001","35.46"
"SWE","","TOTAL","ALL","","2002","38.11"
"SWE","","TOTAL","ALL","","2003","35.9"
"SWE","","TOTAL","ALL","","2004","32.64"
"SWE","","TOTAL","ALL","","2005","34.37"
"SWE","","TOTAL","ALL","","2006","30.82"
"SWE","","TOTAL","ALL","","2007","30.84"
"SWE","","TOTAL","ALL","","2008","31.39"
"SWE","","TOTAL","ALL","","2009","30.7"
"SWE","","TOTAL","ALL","","2010","27.3"
"SWE","","TOTAL","ALL","","2011","30"
"SWE","","TOTAL","ALL","","2012","31.63"
"SWE","","TOTAL","ALL","","2013","31.02"
"SWE","","TOTAL","ALL","","2014","28.11"
"SWE","","TOTAL","ALL","","2015","32.17"
"SWE","","TOTAL","ALL","","2016","30.83"
"SWE","","TOTAL","ALL","","2017","31.78"
"SWE","","TOTAL","ALL","","2018","32.83"
"SWE","","TOTAL","ALL","","2019","28.91"
"SWE","","TOTAL","ALL","","2020","25.33"
"SWE","","TOTAL","ALL","","2021","22.43"
"SWE","","TOTAL","ALL","","2022","26.87"
"TJK","","TOTAL","ALL","","1981","187.93"
"TJK","","TOTAL","ALL","","1982","188.23"
"TJK","","TOTAL","ALL","","1985","183.02"
"TJK","","TOTAL","ALL","","1986","171.37"
"TJK","","TOTAL","ALL","","1987","164.71"
"TJK","","TOTAL","ALL","","1988","159.11"
"TJK","","TOTAL","ALL","","1989","133.66"
"TJK","","TOTAL","ALL","","1990","141.4"
"TJK","","TOTAL","ALL","","1991","132.42"
"TJK","","TOTAL","ALL","","1992","147.78"
"TJK","","TOTAL","ALL","","1993","180.21"
"TJK","","TOTAL","ALL","","1994","187.81"
"TJK","","TOTAL","ALL","","1995","180.96"
"TJK","","TOTAL","ALL","","1996","143.29"
"TJK","","TOTAL","ALL","","1997","116.03"
"TJK","","TOTAL","ALL","","1998","126.4"
"TJK","","TOTAL","ALL","","1999","100.16"
"TJK","","TOTAL","ALL","","2000","108.16"
"TJK","","TOTAL","ALL","","2001","107.78"
"TJK","","TOTAL","ALL","","2002","98.22"
"TJK","","TOTAL","ALL","","2003","96.7"
"TJK","","TOTAL","ALL","","2004","86"
"TJK","","TOTAL","ALL","","2005","78.77"
"TJK","","TOTAL","ALL","","2017","29.4"
"TKM","","TOTAL","ALL","","1981","218.97"
"TKM","","TOTAL","ALL","","1982","193.63"
"TKM","","TOTAL","ALL","","1985","194.51"
"TKM","","TOTAL","ALL","","1986","187.94"
"TKM","","TOTAL","ALL","","1987","168.58"
"TKM","","TOTAL","ALL","","1988","161.03"
"TKM","","TOTAL","ALL","","1989","155.33"
"TKM","","TOTAL","ALL","","1990","125.06"
"TKM","","TOTAL","ALL","","1991","129.92"
"TKM","","TOTAL","ALL","","1992","129.86"
"TKM","","TOTAL","ALL","","1993","136.43"
"TKM","","TOTAL","ALL","","1994","145.6"
"TKM","","TOTAL","ALL","","1995","123.74"
"TKM","","TOTAL","ALL","","1996","124.58"
"TKM","","TOTAL","ALL","","1997","115.83"
"TKM","","TOTAL","ALL","","1998","111.76"
"TKM","","TOTAL","ALL","","1999","85.55"
"TKM","","TOTAL","ALL","","2000","76.52"
"TKM","","TOTAL","ALL","","2001","64.52"
"TKM","","TOTAL","ALL","","2002","59.18"
"TKM","","TOTAL","ALL","","2003","58.55"
"TKM","","TOTAL","ALL","","2004","51.72"
"TKM","","TOTAL","ALL","","2005","53.7"
"TKM","","TOTAL","ALL","","2006","45.46"
"TKM","","TOTAL","ALL","","2007","50.38"
"TKM","","TOTAL","ALL","","2008","49.83"
"TKM","","TOTAL","ALL","","2009","47.12"
"TKM","","TOTAL","ALL","","2010","32.7"
"TKM","","TOTAL","ALL","","2011","33.51"
"TKM","","TOTAL","ALL","","2012","28.53"
"TKM","","TOTAL","ALL","","2013","30.65"
"TUR","","TOTAL","ALL","","2009","54.28"
"TUR","","TOTAL","ALL","","2010","50.92"
"TUR","","TOTAL","ALL","","2011","62.5"
"TUR","","TOTAL","ALL","","2012","59.12"
"TUR","","TOTAL","ALL","","2013","64.09"
"TUR","","TOTAL","ALL","","2014","70.8"
"TUR","","TOTAL","ALL","","2015","73.34"
"TUR","","TOTAL","ALL","","2016","79.58"
"TUR","","TOTAL","ALL","","2017","78.73"
"TUR","","TOTAL","ALL","","2018","78.72"
"TUR","","TOTAL","ALL","","2019","81.49"
"UKR","","TOTAL","ALL","","1981","95.89"
"UKR","","TOTAL","ALL","","1982","88.02"
"UKR","","TOTAL","ALL","","1985","91.01"
"UKR","","TOTAL","ALL","","1986","77.19"
"UKR","","TOTAL","ALL","","1987","76.98"
"UKR","","TOTAL","ALL","","1988","75.78"
"UKR","","TOTAL","ALL","","1989","69.66"
"UKR","","TOTAL","ALL","","1990","66.49"
"UKR","","TOTAL","ALL","","1991","68.45"
"UKR","","TOTAL","ALL","","1992","67.6"
"UKR","","TOTAL","ALL","","1993","74.62"
"UKR","","TOTAL","ALL","","1994","78.37"
"UKR","","TOTAL","ALL","","1995","82.28"
"UKR","","TOTAL","ALL","","1996","78.33"
"UKR","","TOTAL","ALL","","1997","73.69"
"UKR","","TOTAL","ALL","","1998","63.98"
"UKR","","TOTAL","ALL","","1999","65.63"
"UKR","","TOTAL","ALL","","2000","67.12"
"UKR","","TOTAL","ALL","","2001","59.08"
"UKR","","TOTAL","ALL","","2002","56.62"
"UKR","","TOTAL","ALL","","2003","53.65"
"UKR","","TOTAL","ALL","","2004","50.65"
"UKR","","TOTAL","ALL","","2005","50.06"
"UKR","","TOTAL","ALL","","2006","44.03"
"UKR","","TOTAL","ALL","","2007","44.66"
"UKR","","TOTAL","ALL","","2008","41.35"
"UKR","","TOTAL","ALL","","2009","36.77"
"UKR","","TOTAL","ALL","","2010","33.5"
"UKR","","TOTAL","ALL","","2011","30.53"
"UKR","","TOTAL","ALL","","2012","29.03"
"UKR","","TOTAL","ALL","","2014","26.76"
"UKR","","TOTAL","ALL","","2015","25.25"
"UKR","","TOTAL","ALL","","2017","22.13"
"UKR","","TOTAL","ALL","","2018","24.18"
"UKR","","TOTAL","ALL","","2019","23.31"
"UZB","","TOTAL","ALL","","1981","146.48"
"UZB","","TOTAL","ALL","","1982","146.08"
"UZB","","TOTAL","ALL","","1985","153.15"
"UZB","","TOTAL","ALL","","1986","134.88"
"UZB","","TOTAL","ALL","","1987","137.13"
"UZB","","TOTAL","ALL","","1988","130.08"
"UZB","","TOTAL","ALL","","1989","118.84"
"UZB","","TOTAL","ALL","","1990","110.66"
"UZB","","TOTAL","ALL","","1991","110.61"
"UZB","","TOTAL","ALL","","1992","111.81"
"UZB","","TOTAL","ALL","","1993","117.09"
"UZB","","TOTAL","ALL","","1994","125.94"
"UZB","","TOTAL","ALL","","1995","117.72"
"UZB","","TOTAL","ALL","","1996","116.3"
"UZB","","TOTAL","ALL","","1997","103.34"
"UZB","","TOTAL","ALL","","1998","110.73"
"UZB","","TOTAL","ALL","","1999","91.85"
"UZB","","TOTAL","ALL","","2000","93.77"
"UZB","","TOTAL","ALL","","2001","79.75"
"UZB","","TOTAL","ALL","","2002","82.54"
"UZB","","TOTAL","ALL","","2003","77.73"
"UZB","","TOTAL","ALL","","2004","64"
"UZB","","TOTAL","ALL","","2005","66.36"
"UZB","","TOTAL","ALL","","2009","45.12"
"UZB","","TOTAL","ALL","","2010","43.3"
"UZB","","TOTAL","ALL","","2011","44.06"
"UZB","","TOTAL","ALL","","2012","41.73"
"UZB","","TOTAL","ALL","","2013","40.92"
"UZB","","TOTAL","ALL","","2014","35.8"
"UZB","","TOTAL","ALL","","2015","36.42"
"UZB","","TOTAL","ALL","","2016","35.72"
"","WESTERN_BALKANS","TOTAL","ALL","","1998","44.09"
"","WESTERN_BALKANS","TOTAL","ALL","","1999","41.26"
"","WESTERN_BALKANS","TOTAL","ALL","","2000","47.6"
"","WESTERN_BALKANS","TOTAL","ALL","","2001","35.82"
"","WESTERN_BALKANS","TOTAL","ALL","","2002","36.39"
"","WESTERN_BALKANS","TOTAL","ALL","","2003","38.79"
"","WESTERN_BALKANS","TOTAL","ALL","","2004","37.55"
"","WESTERN_BALKANS","TOTAL","ALL","","2005","37.32"
"","WESTERN_BALKANS","TOTAL","ALL","","2006","33.01"
"","WESTERN_BALKANS","TOTAL","ALL","","2007","33.29"
"","WESTERN_BALKANS","TOTAL","ALL","","2008","31.77"
"","WESTERN_BALKANS","TOTAL","ALL","","2009","31.95"
"","WESTERN_BALKANS","TOTAL","ALL","","2011","34.85"
"","WESTERN_BALKANS","TOTAL","ALL","","2016","34.31"
"","WESTERN_BALKANS","TOTAL","ALL","","2017","35.81"
"","WESTERN_BALKANS","TOTAL","ALL","","2019","37.64"
"","WESTERN_BALKANS","TOTAL","ALL","","2021","44.9"
"","WHO_EURO","TOTAL","ALL","","1981","83.48"
"","WHO_EURO","TOTAL","ALL","","1982","78.42"
"","WHO_EURO","TOTAL","ALL","","1985","78.16"
"","WHO_EURO","TOTAL","ALL","","1986","71.12"
"","WHO_EURO","TOTAL","ALL","","1987","66.52"
"","WHO_EURO","TOTAL","ALL","","1988","66.33"
"","WHO_EURO","TOTAL","ALL","","1989","65"
"","WHO_EURO","TOTAL","ALL","","1990","63.47"
"","WHO_EURO","TOTAL","ALL","","1991","60.83"
"","WHO_EURO","TOTAL","ALL","","1992","59.99"
"","WHO_EURO","TOTAL","ALL","","1993","66.97"
"","WHO_EURO","TOTAL","ALL","","1994","66.31"
"","WHO_EURO","TOTAL","ALL","","1995","66.2"
"","WHO_EURO","TOTAL","ALL","","1996","64.18"
"","WHO_EURO","TOTAL","ALL","","1997","61.88"
"","WHO_EURO","TOTAL","ALL","","1998","59.59"
"","WHO_EURO","TOTAL","ALL","","1999","61.63"
"","WHO_EURO","TOTAL","ALL","","2000","59.74"
"","WHO_EURO","TOTAL","ALL","","2001","53.41"
"","WHO_EURO","TOTAL","ALL","","2002","55.12"
"","WHO_EURO","TOTAL","ALL","","2003","56.37"
"","WHO_EURO","TOTAL","ALL","","2004","51.24"
"","WHO_EURO","TOTAL","ALL","","2005","53.01"
"","WHO_EURO","TOTAL","ALL","","2006","48.15"
"","WHO_EURO","TOTAL","ALL","","2007","47.7"
"","WHO_EURO","TOTAL","ALL","","2008","46.59"
"","WHO_EURO","TOTAL","ALL","","2009","45.85"
"","WHO_EURO","TOTAL","ALL","","2010","42.77"
"","WHO_EURO","TOTAL","ALL","","2011","43.56"
"","WHO_EURO","TOTAL","ALL","","2012","43.0996"
"","WHO_EURO","TOTAL","ALL","","2013","44.52"
"","WHO_EURO","TOTAL","ALL","","2014","43.61"
"","WHO_EURO","TOTAL","ALL","","2015","46.03"
"","WHO_EURO","TOTAL","ALL","","2016","44.78"
"","WHO_EURO","TOTAL","ALL","","2017","44.83"
"","WHO_EURO","TOTAL","ALL","","2018","45.01"
"","WHO_EURO","TOTAL","ALL","","2019","43.62"
"","WHO_EURO","TOTAL","ALL","","2020","43.41"

"Last update","2024.10.08 10:00:09 GMT"

"Copyright"
"© WHO Regional Office for Europe 2026. All rights reserved.","https://www.who.int/about/policies/publishing/copyright"
