"INDICATOR","HFAMDB_618"

"HFAMDB_618","Malignant neoplasm of trachea, bronchus and lung, per 100 000 population, by sex (age-standardized death rate)"

"UNIT_TYPE","Unit"
"DTH_100K","deaths per 100 000"

"EXTERNID","ID in the originating data source"

"DATA_SOURCE","Data source"
"HFAMDB","European mortality database (MDB)"

"DATA_TYPE_REPRESENTATION","Data type representation"
"RATE","Rate"

"DATA_SET","Data set"
"HFAMDB","European mortality database (MDB)"

"DATA_MASK","Mask for controlling the output format of values"

"AGE_GRP_LIST","Age group"
"TOTAL","Total"

"SEX","Sex"
"FEMALE","Female"
"MALE","Male"
"ALL","All"

"SUBNATIONAL_MDB","Subnational country codes for HFA-MDB"

"COUNTRY","COUNTRY_GRP","AGE_GRP_LIST","SEX","SUBNATIONAL_MDB","YEAR","VALUE"
"ALB","","TOTAL","FEMALE","","1987","7.61"
"ALB","","TOTAL","FEMALE","","1988","9.11"
"ALB","","TOTAL","FEMALE","","1989","5.76"
"ALB","","TOTAL","FEMALE","","1992","7.32"
"ALB","","TOTAL","FEMALE","","1993","6.99"
"ALB","","TOTAL","FEMALE","","1994","7.22"
"ALB","","TOTAL","FEMALE","","1995","8.14"
"ALB","","TOTAL","FEMALE","","1996","10.71"
"ALB","","TOTAL","FEMALE","","1997","10.74"
"ALB","","TOTAL","FEMALE","","1998","11.08"
"ALB","","TOTAL","FEMALE","","1999","10.9"
"ALB","","TOTAL","FEMALE","","2000","11.03"
"ALB","","TOTAL","FEMALE","","2001","8.74"
"ALB","","TOTAL","FEMALE","","2002","12.09"
"ALB","","TOTAL","FEMALE","","2003","12.38"
"ALB","","TOTAL","FEMALE","","2004","11.71"
"ALB","","TOTAL","FEMALE","","2005","8.22"
"ALB","","TOTAL","FEMALE","","2006","9.31"
"ALB","","TOTAL","FEMALE","","2007","7"
"ALB","","TOTAL","FEMALE","","2008","8.49"
"ALB","","TOTAL","FEMALE","","2009","8.85"
"ARM","","TOTAL","FEMALE","","1981","5.89"
"ARM","","TOTAL","FEMALE","","1982","7.09"
"ARM","","TOTAL","FEMALE","","1985","7.97"
"ARM","","TOTAL","FEMALE","","1986","9.23"
"ARM","","TOTAL","FEMALE","","1987","8.16"
"ARM","","TOTAL","FEMALE","","1988","9.18"
"ARM","","TOTAL","FEMALE","","1989","8.79"
"ARM","","TOTAL","FEMALE","","1990","9.35"
"ARM","","TOTAL","FEMALE","","1991","7.72"
"ARM","","TOTAL","FEMALE","","1992","9.67"
"ARM","","TOTAL","FEMALE","","1993","8.49"
"ARM","","TOTAL","FEMALE","","1994","7.72"
"ARM","","TOTAL","FEMALE","","1995","5.6"
"ARM","","TOTAL","FEMALE","","1996","5.75"
"ARM","","TOTAL","FEMALE","","1997","6.07"
"ARM","","TOTAL","FEMALE","","1998","6.98"
"ARM","","TOTAL","FEMALE","","1999","6.35"
"ARM","","TOTAL","FEMALE","","2000","7.81"
"ARM","","TOTAL","FEMALE","","2001","7.6"
"ARM","","TOTAL","FEMALE","","2002","8.63"
"ARM","","TOTAL","FEMALE","","2003","8.48"
"ARM","","TOTAL","FEMALE","","2008","13.44"
"ARM","","TOTAL","FEMALE","","2012","11.73"
"ARM","","TOTAL","FEMALE","","2013","10.77"
"ARM","","TOTAL","FEMALE","","2014","10.58"
"ARM","","TOTAL","FEMALE","","2015","12.14"
"ARM","","TOTAL","FEMALE","","2016","10.07"
"ARM","","TOTAL","FEMALE","","2017","11.96"
"ARM","","TOTAL","FEMALE","","2018","9.56"
"ARM","","TOTAL","FEMALE","","2019","12.2"
"ARM","","TOTAL","FEMALE","","2022","10.35"
"AUT","","TOTAL","FEMALE","","1969","9.28"
"AUT","","TOTAL","FEMALE","","1970","8.6"
"AUT","","TOTAL","FEMALE","","1971","9.7"
"AUT","","TOTAL","FEMALE","","1972","9.35"
"AUT","","TOTAL","FEMALE","","1973","9.66"
"AUT","","TOTAL","FEMALE","","1974","10.27"
"AUT","","TOTAL","FEMALE","","1975","10.05"
"AUT","","TOTAL","FEMALE","","1976","9.7"
"AUT","","TOTAL","FEMALE","","1977","10.04"
"AUT","","TOTAL","FEMALE","","1978","10.53"
"AUT","","TOTAL","FEMALE","","1979","10.6"
"AUT","","TOTAL","FEMALE","","1980","10.92"
"AUT","","TOTAL","FEMALE","","1981","11.05"
"AUT","","TOTAL","FEMALE","","1982","12.11"
"AUT","","TOTAL","FEMALE","","1983","11.72"
"AUT","","TOTAL","FEMALE","","1984","13.18"
"AUT","","TOTAL","FEMALE","","1985","11.96"
"AUT","","TOTAL","FEMALE","","1986","11.96"
"AUT","","TOTAL","FEMALE","","1987","13.3"
"AUT","","TOTAL","FEMALE","","1988","13.89"
"AUT","","TOTAL","FEMALE","","1989","12.67"
"AUT","","TOTAL","FEMALE","","1990","12.95"
"AUT","","TOTAL","FEMALE","","1991","14.22"
"AUT","","TOTAL","FEMALE","","1992","13.78"
"AUT","","TOTAL","FEMALE","","1993","14.27"
"AUT","","TOTAL","FEMALE","","1994","15.14"
"AUT","","TOTAL","FEMALE","","1995","14.23"
"AUT","","TOTAL","FEMALE","","1996","15.33"
"AUT","","TOTAL","FEMALE","","1997","16.09"
"AUT","","TOTAL","FEMALE","","1998","16.05"
"AUT","","TOTAL","FEMALE","","1999","16.19"
"AUT","","TOTAL","FEMALE","","2000","17"
"AUT","","TOTAL","FEMALE","","2001","15.83"
"AUT","","TOTAL","FEMALE","","2002","17.52"
"AUT","","TOTAL","FEMALE","","2003","16.63"
"AUT","","TOTAL","FEMALE","","2004","17.82"
"AUT","","TOTAL","FEMALE","","2005","16.9"
"AUT","","TOTAL","FEMALE","","2006","17.13"
"AUT","","TOTAL","FEMALE","","2007","19.32"
"AUT","","TOTAL","FEMALE","","2008","19.37"
"AUT","","TOTAL","FEMALE","","2009","18.89"
"AUT","","TOTAL","FEMALE","","2010","19.69"
"AUT","","TOTAL","FEMALE","","2011","20.16"
"AUT","","TOTAL","FEMALE","","2012","20.84"
"AUT","","TOTAL","FEMALE","","2013","19.62"
"AUT","","TOTAL","FEMALE","","2014","21.91"
"AUT","","TOTAL","FEMALE","","2015","21.85"
"AUT","","TOTAL","FEMALE","","2016","22.29"
"AUT","","TOTAL","FEMALE","","2017","20.81"
"AUT","","TOTAL","FEMALE","","2018","21.58"
"AUT","","TOTAL","FEMALE","","2019","22.5"
"AUT","","TOTAL","FEMALE","","2020","21.27"
"AUT","","TOTAL","FEMALE","","2021","22.29"
"AZE","","TOTAL","FEMALE","","1981","6.3"
"AZE","","TOTAL","FEMALE","","1982","7.81"
"AZE","","TOTAL","FEMALE","","1985","6.43"
"AZE","","TOTAL","FEMALE","","1986","6.96"
"AZE","","TOTAL","FEMALE","","1987","7.82"
"AZE","","TOTAL","FEMALE","","1988","7.59"
"AZE","","TOTAL","FEMALE","","1989","6.66"
"AZE","","TOTAL","FEMALE","","1990","6.05"
"AZE","","TOTAL","FEMALE","","1991","6.46"
"AZE","","TOTAL","FEMALE","","1992","6.68"
"AZE","","TOTAL","FEMALE","","1993","5.91"
"AZE","","TOTAL","FEMALE","","1994","6.17"
"AZE","","TOTAL","FEMALE","","1995","4.31"
"AZE","","TOTAL","FEMALE","","1996","4.99"
"AZE","","TOTAL","FEMALE","","1997","5.34"
"AZE","","TOTAL","FEMALE","","1998","4.81"
"AZE","","TOTAL","FEMALE","","1999","5.42"
"AZE","","TOTAL","FEMALE","","2000","5.37"
"AZE","","TOTAL","FEMALE","","2001","5.52"
"AZE","","TOTAL","FEMALE","","2002","6.58"
"AZE","","TOTAL","FEMALE","","2003","6.35"
"AZE","","TOTAL","FEMALE","","2004","6.45"
"AZE","","TOTAL","FEMALE","","2007","3.83"
"BEL","","TOTAL","FEMALE","","1968","6.67"
"BEL","","TOTAL","FEMALE","","1969","6.7"
"BEL","","TOTAL","FEMALE","","1970","6.42"
"BEL","","TOTAL","FEMALE","","1971","6.64"
"BEL","","TOTAL","FEMALE","","1972","7.43"
"BEL","","TOTAL","FEMALE","","1973","8.36"
"BEL","","TOTAL","FEMALE","","1974","7.86"
"BEL","","TOTAL","FEMALE","","1975","8.36"
"BEL","","TOTAL","FEMALE","","1976","8.27"
"BEL","","TOTAL","FEMALE","","1977","8.75"
"BEL","","TOTAL","FEMALE","","1978","8.4"
"BEL","","TOTAL","FEMALE","","1979","8.59"
"BEL","","TOTAL","FEMALE","","1980","9.02"
"BEL","","TOTAL","FEMALE","","1981","9.82"
"BEL","","TOTAL","FEMALE","","1982","9.31"
"BEL","","TOTAL","FEMALE","","1983","9.38"
"BEL","","TOTAL","FEMALE","","1984","9.39"
"BEL","","TOTAL","FEMALE","","1985","10.43"
"BEL","","TOTAL","FEMALE","","1986","11.05"
"BEL","","TOTAL","FEMALE","","1987","10.77"
"BEL","","TOTAL","FEMALE","","1988","10.93"
"BEL","","TOTAL","FEMALE","","1989","11.15"
"BEL","","TOTAL","FEMALE","","1990","12.02"
"BEL","","TOTAL","FEMALE","","1991","12.42"
"BEL","","TOTAL","FEMALE","","1992","13.37"
"BEL","","TOTAL","FEMALE","","1993","13.25"
"BEL","","TOTAL","FEMALE","","1994","13.97"
"BEL","","TOTAL","FEMALE","","1995","14"
"BEL","","TOTAL","FEMALE","","1996","13.77"
"BEL","","TOTAL","FEMALE","","1997","15.24"
"BEL","","TOTAL","FEMALE","","1998","14.52"
"BEL","","TOTAL","FEMALE","","1999","14.31"
"BEL","","TOTAL","FEMALE","","2000","15.45"
"BEL","","TOTAL","FEMALE","","2001","15.11"
"BEL","","TOTAL","FEMALE","","2002","15.63"
"BEL","","TOTAL","FEMALE","","2003","16.48"
"BEL","","TOTAL","FEMALE","","2004","17.03"
"BEL","","TOTAL","FEMALE","","2005","18.57"
"BEL","","TOTAL","FEMALE","","2006","19.2"
"BEL","","TOTAL","FEMALE","","2007","19.39"
"BEL","","TOTAL","FEMALE","","2008","20.27"
"BEL","","TOTAL","FEMALE","","2009","19.79"
"BEL","","TOTAL","FEMALE","","2010","21.87"
"BEL","","TOTAL","FEMALE","","2011","22.88"
"BEL","","TOTAL","FEMALE","","2012","21.29"
"BEL","","TOTAL","FEMALE","","2013","22.84"
"BEL","","TOTAL","FEMALE","","2014","22.53"
"BEL","","TOTAL","FEMALE","","2015","22.7"
"BEL","","TOTAL","FEMALE","","2016","22.11"
"BEL","","TOTAL","FEMALE","","2017","20.58"
"BEL","","TOTAL","FEMALE","","2018","20.98"
"BEL","","TOTAL","FEMALE","","2019","21.63"
"BEL","","TOTAL","FEMALE","","2020","21.16"
"BGR","","TOTAL","FEMALE","","1968","9.4"
"BGR","","TOTAL","FEMALE","","1969","9.1"
"BGR","","TOTAL","FEMALE","","1970","8.55"
"BGR","","TOTAL","FEMALE","","1971","8.33"
"BGR","","TOTAL","FEMALE","","1972","9.17"
"BGR","","TOTAL","FEMALE","","1973","9.34"
"BGR","","TOTAL","FEMALE","","1974","9.18"
"BGR","","TOTAL","FEMALE","","1975","8.29"
"BGR","","TOTAL","FEMALE","","1976","8.58"
"BGR","","TOTAL","FEMALE","","1977","8.97"
"BGR","","TOTAL","FEMALE","","1978","7.86"
"BGR","","TOTAL","FEMALE","","1979","9.19"
"BGR","","TOTAL","FEMALE","","1980","8.29"
"BGR","","TOTAL","FEMALE","","1981","8.35"
"BGR","","TOTAL","FEMALE","","1982","7.56"
"BGR","","TOTAL","FEMALE","","1983","9.03"
"BGR","","TOTAL","FEMALE","","1984","9.64"
"BGR","","TOTAL","FEMALE","","1985","9.84"
"BGR","","TOTAL","FEMALE","","1986","9.22"
"BGR","","TOTAL","FEMALE","","1987","9.44"
"BGR","","TOTAL","FEMALE","","1988","8.88"
"BGR","","TOTAL","FEMALE","","1989","8.58"
"BGR","","TOTAL","FEMALE","","1990","8.19"
"BGR","","TOTAL","FEMALE","","1991","9.84"
"BGR","","TOTAL","FEMALE","","1992","9.17"
"BGR","","TOTAL","FEMALE","","1993","9.73"
"BGR","","TOTAL","FEMALE","","1994","9.58"
"BGR","","TOTAL","FEMALE","","1995","10.36"
"BGR","","TOTAL","FEMALE","","1996","9.84"
"BGR","","TOTAL","FEMALE","","1997","8.84"
"BGR","","TOTAL","FEMALE","","1998","9.1"
"BGR","","TOTAL","FEMALE","","1999","9.72"
"BGR","","TOTAL","FEMALE","","2000","9.25"
"BGR","","TOTAL","FEMALE","","2001","8.95"
"BGR","","TOTAL","FEMALE","","2002","9.09"
"BGR","","TOTAL","FEMALE","","2003","8.96"
"BGR","","TOTAL","FEMALE","","2004","9.5"
"BGR","","TOTAL","FEMALE","","2005","11.32"
"BGR","","TOTAL","FEMALE","","2006","9.94"
"BGR","","TOTAL","FEMALE","","2007","10.85"
"BGR","","TOTAL","FEMALE","","2008","10.55"
"BGR","","TOTAL","FEMALE","","2009","10.39"
"BGR","","TOTAL","FEMALE","","2010","9.82"
"BGR","","TOTAL","FEMALE","","2011","11.29"
"BGR","","TOTAL","FEMALE","","2012","12.05"
"BGR","","TOTAL","FEMALE","","2013","11.2"
"BGR","","TOTAL","FEMALE","","2014","12.65"
"BGR","","TOTAL","FEMALE","","2015","12.63"
"BGR","","TOTAL","FEMALE","","2016","11.96"
"BGR","","TOTAL","FEMALE","","2017","12.46"
"BGR","","TOTAL","FEMALE","","2018","13.6"
"BGR","","TOTAL","FEMALE","","2019","13.79"
"BGR","","TOTAL","FEMALE","","2020","14.86"
"BGR","","TOTAL","FEMALE","","2021","13.92"
"BIH","","TOTAL","FEMALE","","1985","13.14"
"BIH","","TOTAL","FEMALE","","1986","12.75"
"BIH","","TOTAL","FEMALE","","1987","13.99"
"BIH","","TOTAL","FEMALE","","1988","11.03"
"BIH","","TOTAL","FEMALE","","1989","11.26"
"BIH","","TOTAL","FEMALE","","1990","10.98"
"BIH","","TOTAL","FEMALE","","1991","13.53"
"BIH","","TOTAL","FEMALE","","2011","13.86"
"BIH","","TOTAL","FEMALE","","2014","14.38"
"BIH","","TOTAL","FEMALE","","2016","17.58"
"BIH","","TOTAL","FEMALE","","2021","15.67"
"BIH","","TOTAL","FEMALE","","2022","16.03"
"BLR","","TOTAL","FEMALE","","1981","5.4"
"BLR","","TOTAL","FEMALE","","1982","5.42"
"BLR","","TOTAL","FEMALE","","1985","6.19"
"BLR","","TOTAL","FEMALE","","1986","6.23"
"BLR","","TOTAL","FEMALE","","1987","7.33"
"BLR","","TOTAL","FEMALE","","1988","6.46"
"BLR","","TOTAL","FEMALE","","1989","6.72"
"BLR","","TOTAL","FEMALE","","1990","6.58"
"BLR","","TOTAL","FEMALE","","1991","7.46"
"BLR","","TOTAL","FEMALE","","1992","7.31"
"BLR","","TOTAL","FEMALE","","1993","7.14"
"BLR","","TOTAL","FEMALE","","1994","6.32"
"BLR","","TOTAL","FEMALE","","1995","6.39"
"BLR","","TOTAL","FEMALE","","1996","6.06"
"BLR","","TOTAL","FEMALE","","1997","6.63"
"BLR","","TOTAL","FEMALE","","1998","6.12"
"BLR","","TOTAL","FEMALE","","1999","5.33"
"BLR","","TOTAL","FEMALE","","2000","5.57"
"BLR","","TOTAL","FEMALE","","2001","5.51"
"BLR","","TOTAL","FEMALE","","2002","5.46"
"BLR","","TOTAL","FEMALE","","2003","5.23"
"BLR","","TOTAL","FEMALE","","2004","5.07"
"BLR","","TOTAL","FEMALE","","2005","5.82"
"BLR","","TOTAL","FEMALE","","2007","5.12"
"BLR","","TOTAL","FEMALE","","2008","5.16"
"BLR","","TOTAL","FEMALE","","2009","5"
"BLR","","TOTAL","FEMALE","","2010","5.45"
"BLR","","TOTAL","FEMALE","","2011","5.11"
"BLR","","TOTAL","FEMALE","","2013","4.67"
"BLR","","TOTAL","FEMALE","","2014","4.58"
"BLR","","TOTAL","FEMALE","","2018","4.94"
"","CARINFONET","TOTAL","FEMALE","","1981","8.21"
"","CARINFONET","TOTAL","FEMALE","","1982","8.44"
"","CARINFONET","TOTAL","FEMALE","","1985","8.83"
"","CARINFONET","TOTAL","FEMALE","","1986","9.12"
"","CARINFONET","TOTAL","FEMALE","","1987","9.34"
"","CARINFONET","TOTAL","FEMALE","","1988","10.12"
"","CARINFONET","TOTAL","FEMALE","","1989","9.32"
"","CARINFONET","TOTAL","FEMALE","","1990","9.45"
"","CARINFONET","TOTAL","FEMALE","","1991","9.07"
"","CARINFONET","TOTAL","FEMALE","","1992","8.52"
"","CARINFONET","TOTAL","FEMALE","","1993","8.33"
"","CARINFONET","TOTAL","FEMALE","","1994","7.6"
"","CARINFONET","TOTAL","FEMALE","","1995","7.25"
"","CARINFONET","TOTAL","FEMALE","","1996","7.22"
"","CARINFONET","TOTAL","FEMALE","","1997","7.14"
"","CARINFONET","TOTAL","FEMALE","","1998","7.01"
"","CARINFONET","TOTAL","FEMALE","","1999","6.54"
"","CARINFONET","TOTAL","FEMALE","","2000","6.55"
"","CARINFONET","TOTAL","FEMALE","","2001","6.38"
"","CARINFONET","TOTAL","FEMALE","","2002","6.24"
"","CARINFONET","TOTAL","FEMALE","","2003","6.26"
"","CARINFONET","TOTAL","FEMALE","","2004","5.18"
"","CARINFONET","TOTAL","FEMALE","","2005","5.84"
"","CARINFONET","TOTAL","FEMALE","","2006","5.6"
"","CARINFONET","TOTAL","FEMALE","","2007","5.13"
"","CARINFONET","TOTAL","FEMALE","","2008","5.3"
"","CARINFONET","TOTAL","FEMALE","","2009","5.02"
"","CARINFONET","TOTAL","FEMALE","","2010","5.06"
"","CARINFONET","TOTAL","FEMALE","","2011","4.93"
"","CARINFONET","TOTAL","FEMALE","","2012","5.29"
"","CARINFONET","TOTAL","FEMALE","","2013","5.12"
"","CARINFONET","TOTAL","FEMALE","","2014","4.87"
"","CARINFONET","TOTAL","FEMALE","","2015","4.72"
"","CARINFONET","TOTAL","FEMALE","","2016","5.12"
"CHE","","TOTAL","FEMALE","","1969","4.64"
"CHE","","TOTAL","FEMALE","","1970","5.11"
"CHE","","TOTAL","FEMALE","","1971","5.6"
"CHE","","TOTAL","FEMALE","","1972","6.13"
"CHE","","TOTAL","FEMALE","","1973","6.25"
"CHE","","TOTAL","FEMALE","","1974","5.65"
"CHE","","TOTAL","FEMALE","","1975","6.39"
"CHE","","TOTAL","FEMALE","","1976","6.82"
"CHE","","TOTAL","FEMALE","","1977","6.75"
"CHE","","TOTAL","FEMALE","","1978","6.73"
"CHE","","TOTAL","FEMALE","","1979","6.7"
"CHE","","TOTAL","FEMALE","","1980","7.94"
"CHE","","TOTAL","FEMALE","","1981","7.66"
"CHE","","TOTAL","FEMALE","","1982","8.83"
"CHE","","TOTAL","FEMALE","","1983","9.03"
"CHE","","TOTAL","FEMALE","","1984","8.49"
"CHE","","TOTAL","FEMALE","","1985","9.47"
"CHE","","TOTAL","FEMALE","","1986","9.6"
"CHE","","TOTAL","FEMALE","","1987","10.08"
"CHE","","TOTAL","FEMALE","","1988","9.75"
"CHE","","TOTAL","FEMALE","","1989","10.21"
"CHE","","TOTAL","FEMALE","","1990","11.07"
"CHE","","TOTAL","FEMALE","","1991","10.51"
"CHE","","TOTAL","FEMALE","","1992","12.59"
"CHE","","TOTAL","FEMALE","","1993","13.82"
"CHE","","TOTAL","FEMALE","","1994","13.98"
"CHE","","TOTAL","FEMALE","","1995","13.22"
"CHE","","TOTAL","FEMALE","","1996","12.29"
"CHE","","TOTAL","FEMALE","","1997","12.66"
"CHE","","TOTAL","FEMALE","","1998","14"
"CHE","","TOTAL","FEMALE","","1999","14.9"
"CHE","","TOTAL","FEMALE","","2000","15.87"
"CHE","","TOTAL","FEMALE","","2001","14.94"
"CHE","","TOTAL","FEMALE","","2002","15.47"
"CHE","","TOTAL","FEMALE","","2003","16.22"
"CHE","","TOTAL","FEMALE","","2004","16.7"
"CHE","","TOTAL","FEMALE","","2005","16.54"
"CHE","","TOTAL","FEMALE","","2006","18.34"
"CHE","","TOTAL","FEMALE","","2007","18.41"
"CHE","","TOTAL","FEMALE","","2008","17.51"
"CHE","","TOTAL","FEMALE","","2009","18.43"
"CHE","","TOTAL","FEMALE","","2010","18.76"
"CHE","","TOTAL","FEMALE","","2011","19.51"
"CHE","","TOTAL","FEMALE","","2012","19.15"
"CHE","","TOTAL","FEMALE","","2013","19.37"
"CHE","","TOTAL","FEMALE","","2015","18.3"
"CHE","","TOTAL","FEMALE","","2016","19.59"
"CHE","","TOTAL","FEMALE","","2017","19.09"
"CHE","","TOTAL","FEMALE","","2018","18.87"
"CHE","","TOTAL","FEMALE","","2019","19.41"
"","CIS","TOTAL","FEMALE","","1981","8.84"
"","CIS","TOTAL","FEMALE","","1982","8.95"
"","CIS","TOTAL","FEMALE","","1985","9.34"
"","CIS","TOTAL","FEMALE","","1986","9.67"
"","CIS","TOTAL","FEMALE","","1987","9.95"
"","CIS","TOTAL","FEMALE","","1988","10.2"
"","CIS","TOTAL","FEMALE","","1989","10.13"
"","CIS","TOTAL","FEMALE","","1990","10.15"
"","CIS","TOTAL","FEMALE","","1991","9.98"
"","CIS","TOTAL","FEMALE","","1992","9.78"
"","CIS","TOTAL","FEMALE","","1993","9.69"
"","CIS","TOTAL","FEMALE","","1994","9.36"
"","CIS","TOTAL","FEMALE","","1995","8.88"
"","CIS","TOTAL","FEMALE","","1996","8.52"
"","CIS","TOTAL","FEMALE","","1997","8.57"
"","CIS","TOTAL","FEMALE","","1998","8.3"
"","CIS","TOTAL","FEMALE","","1999","8"
"","CIS","TOTAL","FEMALE","","2000","7.97"
"","CIS","TOTAL","FEMALE","","2001","7.84"
"","CIS","TOTAL","FEMALE","","2002","7.65"
"","CIS","TOTAL","FEMALE","","2003","7.43"
"","CIS","TOTAL","FEMALE","","2004","7.37"
"","CIS","TOTAL","FEMALE","","2005","7.32"
"","CIS","TOTAL","FEMALE","","2006","7.16"
"","CIS","TOTAL","FEMALE","","2007","7.05"
"","CIS","TOTAL","FEMALE","","2008","7.14"
"","CIS","TOTAL","FEMALE","","2009","7.12"
"","CIS","TOTAL","FEMALE","","2010","7.07"
"","CIS","TOTAL","FEMALE","","2011","6.94"
"","CIS","TOTAL","FEMALE","","2012","7.09"
"","CIS","TOTAL","FEMALE","","2013","7.04"
"","CIS","TOTAL","FEMALE","","2014","7.07"
"","CIS","TOTAL","FEMALE","","2015","6.89"
"CYP","","TOTAL","FEMALE","","2004","5.39"
"CYP","","TOTAL","FEMALE","","2005","11.62"
"CYP","","TOTAL","FEMALE","","2006","7.25"
"CYP","","TOTAL","FEMALE","","2007","8.17"
"CYP","","TOTAL","FEMALE","","2008","7.48"
"CYP","","TOTAL","FEMALE","","2009","10.01"
"CYP","","TOTAL","FEMALE","","2010","7.39"
"CYP","","TOTAL","FEMALE","","2011","9.33"
"CYP","","TOTAL","FEMALE","","2012","9.15"
"CYP","","TOTAL","FEMALE","","2013","6.09"
"CYP","","TOTAL","FEMALE","","2014","8.56"
"CYP","","TOTAL","FEMALE","","2015","9.44"
"CYP","","TOTAL","FEMALE","","2016","10.33"
"CYP","","TOTAL","FEMALE","","2017","8.96"
"CYP","","TOTAL","FEMALE","","2018","10.43"
"CYP","","TOTAL","FEMALE","","2019","8.1"
"CYP","","TOTAL","FEMALE","","2020","9.73"
"CYP","","TOTAL","FEMALE","","2021","11.78"
"CZE","","TOTAL","FEMALE","","1986","12.35"
"CZE","","TOTAL","FEMALE","","1987","13.1"
"CZE","","TOTAL","FEMALE","","1988","12.54"
"CZE","","TOTAL","FEMALE","","1989","13.35"
"CZE","","TOTAL","FEMALE","","1990","13.54"
"CZE","","TOTAL","FEMALE","","1991","15.18"
"CZE","","TOTAL","FEMALE","","1992","15.21"
"CZE","","TOTAL","FEMALE","","1993","14.69"
"CZE","","TOTAL","FEMALE","","1994","16.28"
"CZE","","TOTAL","FEMALE","","1995","16.82"
"CZE","","TOTAL","FEMALE","","1996","16.85"
"CZE","","TOTAL","FEMALE","","1997","16.26"
"CZE","","TOTAL","FEMALE","","1998","16.85"
"CZE","","TOTAL","FEMALE","","1999","18.3"
"CZE","","TOTAL","FEMALE","","2000","18.18"
"CZE","","TOTAL","FEMALE","","2001","19.08"
"CZE","","TOTAL","FEMALE","","2002","18.18"
"CZE","","TOTAL","FEMALE","","2003","18.83"
"CZE","","TOTAL","FEMALE","","2004","18.61"
"CZE","","TOTAL","FEMALE","","2005","18.78"
"CZE","","TOTAL","FEMALE","","2006","19.72"
"CZE","","TOTAL","FEMALE","","2007","19.11"
"CZE","","TOTAL","FEMALE","","2008","19.25"
"CZE","","TOTAL","FEMALE","","2009","18.85"
"CZE","","TOTAL","FEMALE","","2010","19.48"
"CZE","","TOTAL","FEMALE","","2011","20.75"
"CZE","","TOTAL","FEMALE","","2012","21.16"
"CZE","","TOTAL","FEMALE","","2013","19.96"
"CZE","","TOTAL","FEMALE","","2014","19.45"
"CZE","","TOTAL","FEMALE","","2015","19.46"
"CZE","","TOTAL","FEMALE","","2016","19.14"
"CZE","","TOTAL","FEMALE","","2017","20.16"
"CZE","","TOTAL","FEMALE","","2018","20.14"
"CZE","","TOTAL","FEMALE","","2019","19.44"
"CZE","","TOTAL","FEMALE","","2020","19.27"
"CZE","","TOTAL","FEMALE","","2021","18.26"
"DEU","","TOTAL","FEMALE","","1990","11.47"
"DEU","","TOTAL","FEMALE","","1991","12.13"
"DEU","","TOTAL","FEMALE","","1992","12.28"
"DEU","","TOTAL","FEMALE","","1993","12.84"
"DEU","","TOTAL","FEMALE","","1994","13.35"
"DEU","","TOTAL","FEMALE","","1995","13.43"
"DEU","","TOTAL","FEMALE","","1996","13.69"
"DEU","","TOTAL","FEMALE","","1997","14.29"
"DEU","","TOTAL","FEMALE","","1998","14.89"
"DEU","","TOTAL","FEMALE","","1999","14.98"
"DEU","","TOTAL","FEMALE","","2000","15.66"
"DEU","","TOTAL","FEMALE","","2001","15.78"
"DEU","","TOTAL","FEMALE","","2002","16.31"
"DEU","","TOTAL","FEMALE","","2003","16.53"
"DEU","","TOTAL","FEMALE","","2004","17.04"
"DEU","","TOTAL","FEMALE","","2005","17.9"
"DEU","","TOTAL","FEMALE","","2006","18.06"
"DEU","","TOTAL","FEMALE","","2007","18.54"
"DEU","","TOTAL","FEMALE","","2008","19.21"
"DEU","","TOTAL","FEMALE","","2009","19.33"
"DEU","","TOTAL","FEMALE","","2010","19.84"
"DEU","","TOTAL","FEMALE","","2011","20.7"
"DEU","","TOTAL","FEMALE","","2012","21.06"
"DEU","","TOTAL","FEMALE","","2013","21.68"
"DEU","","TOTAL","FEMALE","","2014","21.74"
"DEU","","TOTAL","FEMALE","","2015","22.12"
"DEU","","TOTAL","FEMALE","","2016","22.55"
"DEU","","TOTAL","FEMALE","","2017","22.13"
"DEU","","TOTAL","FEMALE","","2018","22.01"
"DEU","","TOTAL","FEMALE","","2019","22.19"
"DEU","","TOTAL","FEMALE","","2020","21.93"
"DNK","","TOTAL","FEMALE","","1969","11.89"
"DNK","","TOTAL","FEMALE","","1970","12.67"
"DNK","","TOTAL","FEMALE","","1971","13.51"
"DNK","","TOTAL","FEMALE","","1972","14.84"
"DNK","","TOTAL","FEMALE","","1973","13.28"
"DNK","","TOTAL","FEMALE","","1974","14.27"
"DNK","","TOTAL","FEMALE","","1975","15.77"
"DNK","","TOTAL","FEMALE","","1976","18.68"
"DNK","","TOTAL","FEMALE","","1977","16.72"
"DNK","","TOTAL","FEMALE","","1978","18.88"
"DNK","","TOTAL","FEMALE","","1979","20.84"
"DNK","","TOTAL","FEMALE","","1980","20.63"
"DNK","","TOTAL","FEMALE","","1981","23.01"
"DNK","","TOTAL","FEMALE","","1982","22.82"
"DNK","","TOTAL","FEMALE","","1983","28.35"
"DNK","","TOTAL","FEMALE","","1984","29.91"
"DNK","","TOTAL","FEMALE","","1985","28.28"
"DNK","","TOTAL","FEMALE","","1986","28.47"
"DNK","","TOTAL","FEMALE","","1987","32.89"
"DNK","","TOTAL","FEMALE","","1988","34.39"
"DNK","","TOTAL","FEMALE","","1989","31.01"
"DNK","","TOTAL","FEMALE","","1990","34.26"
"DNK","","TOTAL","FEMALE","","1991","36.9"
"DNK","","TOTAL","FEMALE","","1992","34.88"
"DNK","","TOTAL","FEMALE","","1993","36.44"
"DNK","","TOTAL","FEMALE","","1994","40.2"
"DNK","","TOTAL","FEMALE","","1995","40.43"
"DNK","","TOTAL","FEMALE","","1996","39.23"
"DNK","","TOTAL","FEMALE","","1997","42.2"
"DNK","","TOTAL","FEMALE","","1998","39.16"
"DNK","","TOTAL","FEMALE","","1999","40.84"
"DNK","","TOTAL","FEMALE","","2000","40.06"
"DNK","","TOTAL","FEMALE","","2001","41.13"
"DNK","","TOTAL","FEMALE","","2002","40.12"
"DNK","","TOTAL","FEMALE","","2003","41.27"
"DNK","","TOTAL","FEMALE","","2004","43.09"
"DNK","","TOTAL","FEMALE","","2005","44.54"
"DNK","","TOTAL","FEMALE","","2006","44.22"
"DNK","","TOTAL","FEMALE","","2007","39.57"
"DNK","","TOTAL","FEMALE","","2008","42.51"
"DNK","","TOTAL","FEMALE","","2009","42.64"
"DNK","","TOTAL","FEMALE","","2010","42.46"
"DNK","","TOTAL","FEMALE","","2011","40.82"
"DNK","","TOTAL","FEMALE","","2012","40.84"
"DNK","","TOTAL","FEMALE","","2013","39.23"
"DNK","","TOTAL","FEMALE","","2014","38.64"
"DNK","","TOTAL","FEMALE","","2015","38.64"
"DNK","","TOTAL","FEMALE","","2016","37.49"
"DNK","","TOTAL","FEMALE","","2017","36.18"
"DNK","","TOTAL","FEMALE","","2018","33.55"
"DNK","","TOTAL","FEMALE","","2019","35.59"
"DNK","","TOTAL","FEMALE","","2020","31.94"
"DNK","","TOTAL","FEMALE","","2021","31.03"
"ESP","","TOTAL","FEMALE","","1968","5.78"
"ESP","","TOTAL","FEMALE","","1969","5.53"
"ESP","","TOTAL","FEMALE","","1971","5.9"
"ESP","","TOTAL","FEMALE","","1972","5.65"
"ESP","","TOTAL","FEMALE","","1973","5.91"
"ESP","","TOTAL","FEMALE","","1974","6.05"
"ESP","","TOTAL","FEMALE","","1975","6.03"
"ESP","","TOTAL","FEMALE","","1976","5.44"
"ESP","","TOTAL","FEMALE","","1977","6.01"
"ESP","","TOTAL","FEMALE","","1978","5.74"
"ESP","","TOTAL","FEMALE","","1979","5.78"
"ESP","","TOTAL","FEMALE","","1980","5.71"
"ESP","","TOTAL","FEMALE","","1981","5.57"
"ESP","","TOTAL","FEMALE","","1982","5.43"
"ESP","","TOTAL","FEMALE","","1983","5.71"
"ESP","","TOTAL","FEMALE","","1984","5.14"
"ESP","","TOTAL","FEMALE","","1985","5.46"
"ESP","","TOTAL","FEMALE","","1986","5.41"
"ESP","","TOTAL","FEMALE","","1987","5.5"
"ESP","","TOTAL","FEMALE","","1988","5.09"
"ESP","","TOTAL","FEMALE","","1989","5.12"
"ESP","","TOTAL","FEMALE","","1990","5.2"
"ESP","","TOTAL","FEMALE","","1991","5.54"
"ESP","","TOTAL","FEMALE","","1992","5.4"
"ESP","","TOTAL","FEMALE","","1993","5.46"
"ESP","","TOTAL","FEMALE","","1994","5.61"
"ESP","","TOTAL","FEMALE","","1995","5.81"
"ESP","","TOTAL","FEMALE","","1996","5.75"
"ESP","","TOTAL","FEMALE","","1997","6.13"
"ESP","","TOTAL","FEMALE","","1998","6.32"
"ESP","","TOTAL","FEMALE","","1999","6.35"
"ESP","","TOTAL","FEMALE","","2000","6.69"
"ESP","","TOTAL","FEMALE","","2001","6.88"
"ESP","","TOTAL","FEMALE","","2002","7.32"
"ESP","","TOTAL","FEMALE","","2003","7.64"
"ESP","","TOTAL","FEMALE","","2004","8.27"
"ESP","","TOTAL","FEMALE","","2005","8.08"
"ESP","","TOTAL","FEMALE","","2006","8.68"
"ESP","","TOTAL","FEMALE","","2007","8.95"
"ESP","","TOTAL","FEMALE","","2008","9.64"
"ESP","","TOTAL","FEMALE","","2009","9.83"
"ESP","","TOTAL","FEMALE","","2010","10.78"
"ESP","","TOTAL","FEMALE","","2011","10.82"
"ESP","","TOTAL","FEMALE","","2012","11.5"
"ESP","","TOTAL","FEMALE","","2013","12.07"
"ESP","","TOTAL","FEMALE","","2014","11.75"
"ESP","","TOTAL","FEMALE","","2015","12.56"
"ESP","","TOTAL","FEMALE","","2016","12.85"
"ESP","","TOTAL","FEMALE","","2017","13.39"
"ESP","","TOTAL","FEMALE","","2018","13.41"
"ESP","","TOTAL","FEMALE","","2019","13.57"
"ESP","","TOTAL","FEMALE","","2020","13.74"
"ESP","","TOTAL","FEMALE","","2021","14.31"
"EST","","TOTAL","FEMALE","","1981","10.65"
"EST","","TOTAL","FEMALE","","1982","8.51"
"EST","","TOTAL","FEMALE","","1985","8.45"
"EST","","TOTAL","FEMALE","","1986","9.37"
"EST","","TOTAL","FEMALE","","1987","10.27"
"EST","","TOTAL","FEMALE","","1988","11.13"
"EST","","TOTAL","FEMALE","","1989","11.89"
"EST","","TOTAL","FEMALE","","1990","10.37"
"EST","","TOTAL","FEMALE","","1991","11.25"
"EST","","TOTAL","FEMALE","","1992","10.83"
"EST","","TOTAL","FEMALE","","1993","10.65"
"EST","","TOTAL","FEMALE","","1994","10.33"
"EST","","TOTAL","FEMALE","","1995","9.72"
"EST","","TOTAL","FEMALE","","1996","10.67"
"EST","","TOTAL","FEMALE","","1997","12.8"
"EST","","TOTAL","FEMALE","","1998","10.67"
"EST","","TOTAL","FEMALE","","1999","10.88"
"EST","","TOTAL","FEMALE","","2000","10.64"
"EST","","TOTAL","FEMALE","","2001","11.47"
"EST","","TOTAL","FEMALE","","2002","11.21"
"EST","","TOTAL","FEMALE","","2003","11.23"
"EST","","TOTAL","FEMALE","","2004","13.07"
"EST","","TOTAL","FEMALE","","2005","11.99"
"EST","","TOTAL","FEMALE","","2006","12.93"
"EST","","TOTAL","FEMALE","","2007","11.19"
"EST","","TOTAL","FEMALE","","2008","12.08"
"EST","","TOTAL","FEMALE","","2009","11.25"
"EST","","TOTAL","FEMALE","","2010","11.06"
"EST","","TOTAL","FEMALE","","2011","12.92"
"EST","","TOTAL","FEMALE","","2012","13.28"
"EST","","TOTAL","FEMALE","","2013","14.14"
"EST","","TOTAL","FEMALE","","2014","13.88"
"EST","","TOTAL","FEMALE","","2015","13.18"
"EST","","TOTAL","FEMALE","","2016","14.54"
"","EU_AFTER_MAY2004","TOTAL","FEMALE","","1981","10.03"
"","EU_AFTER_MAY2004","TOTAL","FEMALE","","1982","10.18"
"","EU_AFTER_MAY2004","TOTAL","FEMALE","","1985","11"
"","EU_AFTER_MAY2004","TOTAL","FEMALE","","1986","11.41"
"","EU_AFTER_MAY2004","TOTAL","FEMALE","","1987","11.63"
"","EU_AFTER_MAY2004","TOTAL","FEMALE","","1988","11.85"
"","EU_AFTER_MAY2004","TOTAL","FEMALE","","1989","12.3"
"","EU_AFTER_MAY2004","TOTAL","FEMALE","","1990","12.71"
"","EU_AFTER_MAY2004","TOTAL","FEMALE","","1991","13.07"
"","EU_AFTER_MAY2004","TOTAL","FEMALE","","1992","13.01"
"","EU_AFTER_MAY2004","TOTAL","FEMALE","","1993","13.78"
"","EU_AFTER_MAY2004","TOTAL","FEMALE","","1994","13.8"
"","EU_AFTER_MAY2004","TOTAL","FEMALE","","1995","14.39"
"","EU_AFTER_MAY2004","TOTAL","FEMALE","","1996","14.72"
"","EU_AFTER_MAY2004","TOTAL","FEMALE","","1997","14.73"
"","EU_AFTER_MAY2004","TOTAL","FEMALE","","1998","14.91"
"","EU_AFTER_MAY2004","TOTAL","FEMALE","","1999","15.41"
"","EU_AFTER_MAY2004","TOTAL","FEMALE","","2000","16.09"
"","EU_AFTER_MAY2004","TOTAL","FEMALE","","2001","16.24"
"","EU_AFTER_MAY2004","TOTAL","FEMALE","","2002","16.68"
"","EU_AFTER_MAY2004","TOTAL","FEMALE","","2003","17.28"
"","EU_AFTER_MAY2004","TOTAL","FEMALE","","2004","16.86"
"","EU_AFTER_MAY2004","TOTAL","FEMALE","","2005","17.59"
"","EU_AFTER_MAY2004","TOTAL","FEMALE","","2006","17.96"
"","EU_AFTER_MAY2004","TOTAL","FEMALE","","2007","18.73"
"","EU_AFTER_MAY2004","TOTAL","FEMALE","","2008","18.91"
"","EU_AFTER_MAY2004","TOTAL","FEMALE","","2009","19.28"
"","EU_AFTER_MAY2004","TOTAL","FEMALE","","2010","19.76"
"","EU_AFTER_MAY2004","TOTAL","FEMALE","","2011","20.3"
"","EU_AFTER_MAY2004","TOTAL","FEMALE","","2012","20.74"
"","EU_AFTER_MAY2004","TOTAL","FEMALE","","2013","20.83"
"","EU_AFTER_MAY2004","TOTAL","FEMALE","","2014","21.81"
"","EU_AFTER_MAY2004","TOTAL","FEMALE","","2015","21.7"
"","EU_AFTER_MAY2004","TOTAL","FEMALE","","2016","21.74"
"","EU_AFTER_MAY2004","TOTAL","FEMALE","","2017","22.31"
"","EU_AFTER_MAY2004","TOTAL","FEMALE","","2018","22.17"
"","EU_AFTER_MAY2004","TOTAL","FEMALE","","2019","22.08"
"","EU_AFTER_MAY2004","TOTAL","FEMALE","","2020","21.83"
"","EU_AFTER_MAY2004","TOTAL","FEMALE","","2021","21.19"
"","EU_BEFORE_FEB2020","TOTAL","FEMALE","","1969","9.14"
"","EU_BEFORE_FEB2020","TOTAL","FEMALE","","1970","9.21"
"","EU_BEFORE_FEB2020","TOTAL","FEMALE","","1971","9.4"
"","EU_BEFORE_FEB2020","TOTAL","FEMALE","","1972","9.64"
"","EU_BEFORE_FEB2020","TOTAL","FEMALE","","1973","9.78"
"","EU_BEFORE_FEB2020","TOTAL","FEMALE","","1974","10.09"
"","EU_BEFORE_FEB2020","TOTAL","FEMALE","","1975","10.16"
"","EU_BEFORE_FEB2020","TOTAL","FEMALE","","1976","10.28"
"","EU_BEFORE_FEB2020","TOTAL","FEMALE","","1977","10.61"
"","EU_BEFORE_FEB2020","TOTAL","FEMALE","","1978","10.75"
"","EU_BEFORE_FEB2020","TOTAL","FEMALE","","1979","10.97"
"","EU_BEFORE_FEB2020","TOTAL","FEMALE","","1980","11.27"
"","EU_BEFORE_FEB2020","TOTAL","FEMALE","","1981","11.32"
"","EU_BEFORE_FEB2020","TOTAL","FEMALE","","1982","11.59"
"","EU_BEFORE_FEB2020","TOTAL","FEMALE","","1983","11.86"
"","EU_BEFORE_FEB2020","TOTAL","FEMALE","","1984","12.21"
"","EU_BEFORE_FEB2020","TOTAL","FEMALE","","1985","12.32"
"","EU_BEFORE_FEB2020","TOTAL","FEMALE","","1986","12.6"
"","EU_BEFORE_FEB2020","TOTAL","FEMALE","","1987","12.85"
"","EU_BEFORE_FEB2020","TOTAL","FEMALE","","1988","13.16"
"","EU_BEFORE_FEB2020","TOTAL","FEMALE","","1989","13.28"
"","EU_BEFORE_FEB2020","TOTAL","FEMALE","","1990","13.41"
"","EU_BEFORE_FEB2020","TOTAL","FEMALE","","1991","13.79"
"","EU_BEFORE_FEB2020","TOTAL","FEMALE","","1992","13.95"
"","EU_BEFORE_FEB2020","TOTAL","FEMALE","","1993","14.27"
"","EU_BEFORE_FEB2020","TOTAL","FEMALE","","1994","14.55"
"","EU_BEFORE_FEB2020","TOTAL","FEMALE","","1995","14.85"
"","EU_BEFORE_FEB2020","TOTAL","FEMALE","","2000","16.16"
"","EU_BEFORE_FEB2020","TOTAL","FEMALE","","2001","16.23"
"","EU_BEFORE_FEB2020","TOTAL","FEMALE","","2002","16.74"
"","EU_BEFORE_FEB2020","TOTAL","FEMALE","","2003","17.05"
"","EU_BEFORE_FEB2020","TOTAL","FEMALE","","2004","17.31"
"","EU_BEFORE_FEB2020","TOTAL","FEMALE","","2005","17.85"
"","EU_BEFORE_FEB2020","TOTAL","FEMALE","","2006","18.27"
"","EU_BEFORE_FEB2020","TOTAL","FEMALE","","2007","18.67"
"","EU_BEFORE_FEB2020","TOTAL","FEMALE","","2008","19.16"
"","EU_BEFORE_FEB2020","TOTAL","FEMALE","","2009","19.27"
"","EU_BEFORE_FEB2020","TOTAL","FEMALE","","2010","19.64"
"","EU_BEFORE_FEB2020","TOTAL","FEMALE","","2011","20.11"
"","EU_BEFORE_FEB2020","TOTAL","FEMALE","","2012","20.47"
"","EU_BEFORE_FEB2020","TOTAL","FEMALE","","2013","20.5"
"","EU_BEFORE_FEB2020","TOTAL","FEMALE","","2014","20.98"
"","EU_BEFORE_FEB2020","TOTAL","FEMALE","","2015","21.13"
"","EU_BEFORE_FEB2020","TOTAL","FEMALE","","2016","21.15"
"","EU_BEFORE_FEB2020","TOTAL","FEMALE","","2017","21.05"
"","EU_BEFORE_FEB2020","TOTAL","FEMALE","","2018","20.86"
"","EU_BEFORE_FEB2020","TOTAL","FEMALE","","2019","20.67"
"","EU_BEFORE_FEB2020","TOTAL","FEMALE","","2020","20.46"
"","EU_BEFORE_FEB2020","TOTAL","FEMALE","","2021","20.4"
"","EU_BEFORE_MAY2004","TOTAL","FEMALE","","1969","9.26"
"","EU_BEFORE_MAY2004","TOTAL","FEMALE","","1970","9.39"
"","EU_BEFORE_MAY2004","TOTAL","FEMALE","","1971","9.59"
"","EU_BEFORE_MAY2004","TOTAL","FEMALE","","1972","9.88"
"","EU_BEFORE_MAY2004","TOTAL","FEMALE","","1973","10.03"
"","EU_BEFORE_MAY2004","TOTAL","FEMALE","","1974","10.39"
"","EU_BEFORE_MAY2004","TOTAL","FEMALE","","1975","10.48"
"","EU_BEFORE_MAY2004","TOTAL","FEMALE","","1976","10.57"
"","EU_BEFORE_MAY2004","TOTAL","FEMALE","","1977","10.91"
"","EU_BEFORE_MAY2004","TOTAL","FEMALE","","1978","11.07"
"","EU_BEFORE_MAY2004","TOTAL","FEMALE","","1979","11.32"
"","EU_BEFORE_MAY2004","TOTAL","FEMALE","","1980","11.54"
"","EU_BEFORE_MAY2004","TOTAL","FEMALE","","1981","11.71"
"","EU_BEFORE_MAY2004","TOTAL","FEMALE","","1982","12.01"
"","EU_BEFORE_MAY2004","TOTAL","FEMALE","","1983","12.24"
"","EU_BEFORE_MAY2004","TOTAL","FEMALE","","1984","12.61"
"","EU_BEFORE_MAY2004","TOTAL","FEMALE","","1985","12.72"
"","EU_BEFORE_MAY2004","TOTAL","FEMALE","","1986","12.96"
"","EU_BEFORE_MAY2004","TOTAL","FEMALE","","1987","13.23"
"","EU_BEFORE_MAY2004","TOTAL","FEMALE","","1988","13.57"
"","EU_BEFORE_MAY2004","TOTAL","FEMALE","","1989","13.58"
"","EU_BEFORE_MAY2004","TOTAL","FEMALE","","1990","13.62"
"","EU_BEFORE_MAY2004","TOTAL","FEMALE","","1991","14.02"
"","EU_BEFORE_MAY2004","TOTAL","FEMALE","","1992","14.24"
"","EU_BEFORE_MAY2004","TOTAL","FEMALE","","1993","14.41"
"","EU_BEFORE_MAY2004","TOTAL","FEMALE","","1994","14.78"
"","EU_BEFORE_MAY2004","TOTAL","FEMALE","","1995","14.99"
"","EU_BEFORE_MAY2004","TOTAL","FEMALE","","2000","16.18"
"","EU_BEFORE_MAY2004","TOTAL","FEMALE","","2001","16.23"
"","EU_BEFORE_MAY2004","TOTAL","FEMALE","","2002","16.76"
"","EU_BEFORE_MAY2004","TOTAL","FEMALE","","2003","16.98198"
"","EU_BEFORE_MAY2004","TOTAL","FEMALE","","2004","17.43"
"","EU_BEFORE_MAY2004","TOTAL","FEMALE","","2005","17.93"
"","EU_BEFORE_MAY2004","TOTAL","FEMALE","","2006","18.35"
"","EU_BEFORE_MAY2004","TOTAL","FEMALE","","2007","18.65"
"","EU_BEFORE_MAY2004","TOTAL","FEMALE","","2008","19.23"
"","EU_BEFORE_MAY2004","TOTAL","FEMALE","","2009","19.26"
"","EU_BEFORE_MAY2004","TOTAL","FEMALE","","2010","19.61"
"","EU_BEFORE_MAY2004","TOTAL","FEMALE","","2011","20.05"
"","EU_BEFORE_MAY2004","TOTAL","FEMALE","","2012","20.4"
"","EU_BEFORE_MAY2004","TOTAL","FEMALE","","2013","20.41"
"","EU_BEFORE_MAY2004","TOTAL","FEMALE","","2014","20.77"
"","EU_BEFORE_MAY2004","TOTAL","FEMALE","","2015","20.98"
"","EU_BEFORE_MAY2004","TOTAL","FEMALE","","2016","20.99"
"","EU_BEFORE_MAY2004","TOTAL","FEMALE","","2017","20.72"
"","EU_BEFORE_MAY2004","TOTAL","FEMALE","","2018","20.52"
"","EU_BEFORE_MAY2004","TOTAL","FEMALE","","2019","20.31"
"","EU_BEFORE_MAY2004","TOTAL","FEMALE","","2020","20.1"
"","EU_MEMBERS","TOTAL","FEMALE","","1969","8"
"","EU_MEMBERS","TOTAL","FEMALE","","1970","7.96"
"","EU_MEMBERS","TOTAL","FEMALE","","1971","8.09"
"","EU_MEMBERS","TOTAL","FEMALE","","1972","8.24"
"","EU_MEMBERS","TOTAL","FEMALE","","1973","8.33"
"","EU_MEMBERS","TOTAL","FEMALE","","1974","8.49"
"","EU_MEMBERS","TOTAL","FEMALE","","1975","8.55"
"","EU_MEMBERS","TOTAL","FEMALE","","1976","8.62"
"","EU_MEMBERS","TOTAL","FEMALE","","1977","8.86"
"","EU_MEMBERS","TOTAL","FEMALE","","1978","8.9"
"","EU_MEMBERS","TOTAL","FEMALE","","1979","9.03"
"","EU_MEMBERS","TOTAL","FEMALE","","1980","9.28"
"","EU_MEMBERS","TOTAL","FEMALE","","1981","9.34"
"","EU_MEMBERS","TOTAL","FEMALE","","1982","9.44"
"","EU_MEMBERS","TOTAL","FEMALE","","1983","9.75"
"","EU_MEMBERS","TOTAL","FEMALE","","1984","9.9"
"","EU_MEMBERS","TOTAL","FEMALE","","1985","10.05"
"","EU_MEMBERS","TOTAL","FEMALE","","1986","10.31"
"","EU_MEMBERS","TOTAL","FEMALE","","1987","10.52"
"","EU_MEMBERS","TOTAL","FEMALE","","1988","10.74"
"","EU_MEMBERS","TOTAL","FEMALE","","1989","10.88"
"","EU_MEMBERS","TOTAL","FEMALE","","1990","11.05"
"","EU_MEMBERS","TOTAL","FEMALE","","1991","11.46"
"","EU_MEMBERS","TOTAL","FEMALE","","1992","11.63"
"","EU_MEMBERS","TOTAL","FEMALE","","1993","12.02"
"","EU_MEMBERS","TOTAL","FEMALE","","1994","12.33"
"","EU_MEMBERS","TOTAL","FEMALE","","1995","12.68"
"","EU_MEMBERS","TOTAL","FEMALE","","2000","14.26"
"","EU_MEMBERS","TOTAL","FEMALE","","2001","14.39"
"","EU_MEMBERS","TOTAL","FEMALE","","2002","14.93"
"","EU_MEMBERS","TOTAL","FEMALE","","2003","15.29"
"","EU_MEMBERS","TOTAL","FEMALE","","2004","15.58"
"","EU_MEMBERS","TOTAL","FEMALE","","2005","16.14"
"","EU_MEMBERS","TOTAL","FEMALE","","2006","16.45"
"","EU_MEMBERS","TOTAL","FEMALE","","2007","16.92"
"","EU_MEMBERS","TOTAL","FEMALE","","2008","17.37"
"","EU_MEMBERS","TOTAL","FEMALE","","2009","17.6"
"","EU_MEMBERS","TOTAL","FEMALE","","2010","18"
"","EU_MEMBERS","TOTAL","FEMALE","","2011","18.57"
"","EU_MEMBERS","TOTAL","FEMALE","","2012","18.91"
"","EU_MEMBERS","TOTAL","FEMALE","","2013","19.03"
"","EU_MEMBERS","TOTAL","FEMALE","","2014","19.55"
"","EU_MEMBERS","TOTAL","FEMALE","","2015","19.77"
"","EU_MEMBERS","TOTAL","FEMALE","","2016","19.87"
"","EU_MEMBERS","TOTAL","FEMALE","","2017","19.86"
"","EU_MEMBERS","TOTAL","FEMALE","","2018","19.69"
"","EU_MEMBERS","TOTAL","FEMALE","","2019","19.66"
"","EU_MEMBERS","TOTAL","FEMALE","","2020","19.48"
"","EU_MEMBERS","TOTAL","FEMALE","","2021","19.42"
"FIN","","TOTAL","FEMALE","","1969","5.98"
"FIN","","TOTAL","FEMALE","","1970","5.71"
"FIN","","TOTAL","FEMALE","","1971","6.57"
"FIN","","TOTAL","FEMALE","","1972","7.05"
"FIN","","TOTAL","FEMALE","","1973","5.33"
"FIN","","TOTAL","FEMALE","","1974","6.19"
"FIN","","TOTAL","FEMALE","","1975","6.4"
"FIN","","TOTAL","FEMALE","","1976","7.76"
"FIN","","TOTAL","FEMALE","","1977","7.99"
"FIN","","TOTAL","FEMALE","","1978","7.64"
"FIN","","TOTAL","FEMALE","","1979","7.78"
"FIN","","TOTAL","FEMALE","","1980","9.31"
"FIN","","TOTAL","FEMALE","","1981","8.55"
"FIN","","TOTAL","FEMALE","","1982","8.38"
"FIN","","TOTAL","FEMALE","","1983","7.97"
"FIN","","TOTAL","FEMALE","","1984","9.11"
"FIN","","TOTAL","FEMALE","","1985","10.07"
"FIN","","TOTAL","FEMALE","","1986","9.18"
"FIN","","TOTAL","FEMALE","","1987","9.6"
"FIN","","TOTAL","FEMALE","","1988","9.41"
"FIN","","TOTAL","FEMALE","","1989","9.68"
"FIN","","TOTAL","FEMALE","","1990","10.06"
"FIN","","TOTAL","FEMALE","","1991","10.03"
"FIN","","TOTAL","FEMALE","","1992","10.88"
"FIN","","TOTAL","FEMALE","","1993","9.9"
"FIN","","TOTAL","FEMALE","","1994","10.3"
"FIN","","TOTAL","FEMALE","","1995","10.33"
"FIN","","TOTAL","FEMALE","","1996","10.61"
"FIN","","TOTAL","FEMALE","","1997","10.68"
"FIN","","TOTAL","FEMALE","","1998","12.15"
"FIN","","TOTAL","FEMALE","","1999","10.61"
"FIN","","TOTAL","FEMALE","","2000","11.5"
"FIN","","TOTAL","FEMALE","","2001","12.16"
"FIN","","TOTAL","FEMALE","","2002","11.99"
"FIN","","TOTAL","FEMALE","","2003","12.84"
"FIN","","TOTAL","FEMALE","","2004","11.93"
"FIN","","TOTAL","FEMALE","","2005","12.6"
"FIN","","TOTAL","FEMALE","","2006","12.49"
"FIN","","TOTAL","FEMALE","","2007","13.51"
"FIN","","TOTAL","FEMALE","","2008","13.98"
"FIN","","TOTAL","FEMALE","","2009","13.47"
"FIN","","TOTAL","FEMALE","","2010","14.5"
"FIN","","TOTAL","FEMALE","","2011","14.47"
"FIN","","TOTAL","FEMALE","","2012","15.29"
"FIN","","TOTAL","FEMALE","","2013","15.07"
"FIN","","TOTAL","FEMALE","","2014","15.53"
"FIN","","TOTAL","FEMALE","","2016","15.29"
"FIN","","TOTAL","FEMALE","","2017","14.54"
"FIN","","TOTAL","FEMALE","","2018","14.95"
"FIN","","TOTAL","FEMALE","","2019","14.72"
"FIN","","TOTAL","FEMALE","","2020","15.41"
"FIN","","TOTAL","FEMALE","","2021","14.99"
"FRA","","TOTAL","FEMALE","","1968","5.19"
"FRA","","TOTAL","FEMALE","","1969","5.01"
"FRA","","TOTAL","FEMALE","","1970","4.81"
"FRA","","TOTAL","FEMALE","","1971","4.99"
"FRA","","TOTAL","FEMALE","","1972","5.09"
"FRA","","TOTAL","FEMALE","","1973","5.13"
"FRA","","TOTAL","FEMALE","","1974","5.22"
"FRA","","TOTAL","FEMALE","","1975","5.17"
"FRA","","TOTAL","FEMALE","","1976","5.22"
"FRA","","TOTAL","FEMALE","","1977","5.3"
"FRA","","TOTAL","FEMALE","","1978","5.54"
"FRA","","TOTAL","FEMALE","","1979","5.38"
"FRA","","TOTAL","FEMALE","","1980","5.54"
"FRA","","TOTAL","FEMALE","","1981","5.81"
"FRA","","TOTAL","FEMALE","","1982","5.88"
"FRA","","TOTAL","FEMALE","","1983","6.2"
"FRA","","TOTAL","FEMALE","","1984","6.04"
"FRA","","TOTAL","FEMALE","","1985","6.36"
"FRA","","TOTAL","FEMALE","","1986","6.63"
"FRA","","TOTAL","FEMALE","","1987","7.21"
"FRA","","TOTAL","FEMALE","","1988","7.28"
"FRA","","TOTAL","FEMALE","","1989","7.48"
"FRA","","TOTAL","FEMALE","","1990","7.4"
"FRA","","TOTAL","FEMALE","","1991","7.77"
"FRA","","TOTAL","FEMALE","","1992","7.8"
"FRA","","TOTAL","FEMALE","","1993","8.22"
"FRA","","TOTAL","FEMALE","","1994","8.43"
"FRA","","TOTAL","FEMALE","","1995","9.04"
"FRA","","TOTAL","FEMALE","","1996","9.36"
"FRA","","TOTAL","FEMALE","","1997","9.29"
"FRA","","TOTAL","FEMALE","","1998","10.43"
"FRA","","TOTAL","FEMALE","","1999","10.8"
"FRA","","TOTAL","FEMALE","","2000","10.52"
"FRA","","TOTAL","FEMALE","","2001","10.9"
"FRA","","TOTAL","FEMALE","","2002","11.86"
"FRA","","TOTAL","FEMALE","","2003","12.67"
"FRA","","TOTAL","FEMALE","","2004","13.03"
"FRA","","TOTAL","FEMALE","","2005","13.9"
"FRA","","TOTAL","FEMALE","","2006","14.46"
"FRA","","TOTAL","FEMALE","","2007","14.57"
"FRA","","TOTAL","FEMALE","","2008","15.28"
"FRA","","TOTAL","FEMALE","","2009","15.99"
"FRA","","TOTAL","FEMALE","","2010","16.01"
"FRA","","TOTAL","FEMALE","","2011","16.33"
"FRA","","TOTAL","FEMALE","","2012","17.36"
"FRA","","TOTAL","FEMALE","","2013","16.63"
"FRA","","TOTAL","FEMALE","","2014","18.19"
"FRA","","TOTAL","FEMALE","","2017","18.35"
"FRA","","TOTAL","FEMALE","","2018","17.59"
"GBR","","TOTAL","FEMALE","","1968","16.71"
"GBR","","TOTAL","FEMALE","","1969","17.04"
"GBR","","TOTAL","FEMALE","","1970","17.84"
"GBR","","TOTAL","FEMALE","","1971","18.51"
"GBR","","TOTAL","FEMALE","","1972","19.42"
"GBR","","TOTAL","FEMALE","","1973","19.92"
"GBR","","TOTAL","FEMALE","","1974","21.4"
"GBR","","TOTAL","FEMALE","","1975","21.6"
"GBR","","TOTAL","FEMALE","","1976","22.16"
"GBR","","TOTAL","FEMALE","","1977","23.17"
"GBR","","TOTAL","FEMALE","","1978","24.1"
"GBR","","TOTAL","FEMALE","","1979","25.06"
"GBR","","TOTAL","FEMALE","","1980","25.79"
"GBR","","TOTAL","FEMALE","","1981","25.71"
"GBR","","TOTAL","FEMALE","","1982","27.21"
"GBR","","TOTAL","FEMALE","","1983","27.24"
"GBR","","TOTAL","FEMALE","","1984","29.07"
"GBR","","TOTAL","FEMALE","","1985","28.93"
"GBR","","TOTAL","FEMALE","","1986","29.32"
"GBR","","TOTAL","FEMALE","","1987","29.96"
"GBR","","TOTAL","FEMALE","","1988","30.97"
"GBR","","TOTAL","FEMALE","","1989","30.88"
"GBR","","TOTAL","FEMALE","","1990","30.71"
"GBR","","TOTAL","FEMALE","","1991","30.87"
"GBR","","TOTAL","FEMALE","","1992","30.87"
"GBR","","TOTAL","FEMALE","","1993","30.62"
"GBR","","TOTAL","FEMALE","","1994","30.78"
"GBR","","TOTAL","FEMALE","","1995","30.69"
"GBR","","TOTAL","FEMALE","","1996","30.69"
"GBR","","TOTAL","FEMALE","","1997","29.82"
"GBR","","TOTAL","FEMALE","","1998","30.39"
"GBR","","TOTAL","FEMALE","","1999","30.16"
"GBR","","TOTAL","FEMALE","","2001","29.59"
"GBR","","TOTAL","FEMALE","","2002","29.87"
"GBR","","TOTAL","FEMALE","","2003","29.79"
"GBR","","TOTAL","FEMALE","","2004","29.79"
"GBR","","TOTAL","FEMALE","","2005","30.28"
"GBR","","TOTAL","FEMALE","","2006","31.42"
"GBR","","TOTAL","FEMALE","","2007","31.36"
"GBR","","TOTAL","FEMALE","","2008","32.1"
"GBR","","TOTAL","FEMALE","","2009","31.29"
"GBR","","TOTAL","FEMALE","","2010","31.35"
"GBR","","TOTAL","FEMALE","","2011","30.99"
"GBR","","TOTAL","FEMALE","","2012","31.38"
"GBR","","TOTAL","FEMALE","","2013","30.7"
"GBR","","TOTAL","FEMALE","","2014","30.87"
"GBR","","TOTAL","FEMALE","","2015","30.46"
"GBR","","TOTAL","FEMALE","","2016","29.88"
"GBR","","TOTAL","FEMALE","","2017","29.12"
"GBR","","TOTAL","FEMALE","","2018","29"
"GBR","","TOTAL","FEMALE","","2019","27.43"
"GBR","","TOTAL","FEMALE","","2020","27"
"GEO","","TOTAL","FEMALE","","1981","7.44"
"GEO","","TOTAL","FEMALE","","1982","7.37"
"GEO","","TOTAL","FEMALE","","1985","7.07"
"GEO","","TOTAL","FEMALE","","1986","6.44"
"GEO","","TOTAL","FEMALE","","1987","6.73"
"GEO","","TOTAL","FEMALE","","1988","6.7"
"GEO","","TOTAL","FEMALE","","1989","5.34"
"GEO","","TOTAL","FEMALE","","1990","6.04"
"GEO","","TOTAL","FEMALE","","1991","6.45"
"GEO","","TOTAL","FEMALE","","1992","5.41"
"GEO","","TOTAL","FEMALE","","1994","3.39"
"GEO","","TOTAL","FEMALE","","1995","4.41"
"GEO","","TOTAL","FEMALE","","1996","4.2"
"GEO","","TOTAL","FEMALE","","1997","5.39"
"GEO","","TOTAL","FEMALE","","1998","5.3"
"GEO","","TOTAL","FEMALE","","1999","5.2"
"GEO","","TOTAL","FEMALE","","2000","6.49"
"GEO","","TOTAL","FEMALE","","2001","6.28"
"GEO","","TOTAL","FEMALE","","2004","7.63"
"GEO","","TOTAL","FEMALE","","2005","5.65"
"GEO","","TOTAL","FEMALE","","2006","3.77"
"GEO","","TOTAL","FEMALE","","2007","2.83"
"GEO","","TOTAL","FEMALE","","2009","4.64"
"GEO","","TOTAL","FEMALE","","2010","2.3"
"GEO","","TOTAL","FEMALE","","2011","3.9"
"GEO","","TOTAL","FEMALE","","2012","4.01"
"GEO","","TOTAL","FEMALE","","2013","2.91"
"GEO","","TOTAL","FEMALE","","2014","5.13"
"GEO","","TOTAL","FEMALE","","2015","5.25"
"GEO","","TOTAL","FEMALE","","2016","4.7"
"GEO","","TOTAL","FEMALE","","2017","5.26"
"GEO","","TOTAL","FEMALE","","2018","6.45"
"GEO","","TOTAL","FEMALE","","2019","5.33"
"GEO","","TOTAL","FEMALE","","2020","7.47"
"GEO","","TOTAL","FEMALE","","2021","5.01"
"GRC","","TOTAL","FEMALE","","1968","8.09"
"GRC","","TOTAL","FEMALE","","1969","8.68"
"GRC","","TOTAL","FEMALE","","1970","8.69"
"GRC","","TOTAL","FEMALE","","1971","7.31"
"GRC","","TOTAL","FEMALE","","1972","8.28"
"GRC","","TOTAL","FEMALE","","1973","8.91"
"GRC","","TOTAL","FEMALE","","1974","8.63"
"GRC","","TOTAL","FEMALE","","1975","9.69"
"GRC","","TOTAL","FEMALE","","1976","8.86"
"GRC","","TOTAL","FEMALE","","1977","10.07"
"GRC","","TOTAL","FEMALE","","1978","10.12"
"GRC","","TOTAL","FEMALE","","1979","9.84"
"GRC","","TOTAL","FEMALE","","1980","8.87"
"GRC","","TOTAL","FEMALE","","1981","8.72"
"GRC","","TOTAL","FEMALE","","1982","9.29"
"GRC","","TOTAL","FEMALE","","1983","9.04"
"GRC","","TOTAL","FEMALE","","1984","9.18"
"GRC","","TOTAL","FEMALE","","1985","10.38"
"GRC","","TOTAL","FEMALE","","1986","9.4"
"GRC","","TOTAL","FEMALE","","1987","9.41"
"GRC","","TOTAL","FEMALE","","1988","10.21"
"GRC","","TOTAL","FEMALE","","1989","9.88"
"GRC","","TOTAL","FEMALE","","1990","10.9"
"GRC","","TOTAL","FEMALE","","1991","10.44"
"GRC","","TOTAL","FEMALE","","1992","10.23"
"GRC","","TOTAL","FEMALE","","1993","10.1"
"GRC","","TOTAL","FEMALE","","1994","10.36"
"GRC","","TOTAL","FEMALE","","1995","10.56"
"GRC","","TOTAL","FEMALE","","1996","10.56"
"GRC","","TOTAL","FEMALE","","1997","10.39"
"GRC","","TOTAL","FEMALE","","1998","11.05"
"GRC","","TOTAL","FEMALE","","1999","10.24"
"GRC","","TOTAL","FEMALE","","2000","11.17"
"GRC","","TOTAL","FEMALE","","2001","10.81"
"GRC","","TOTAL","FEMALE","","2002","11.03"
"GRC","","TOTAL","FEMALE","","2003","11.23"
"GRC","","TOTAL","FEMALE","","2004","10.95"
"GRC","","TOTAL","FEMALE","","2005","10.81"
"GRC","","TOTAL","FEMALE","","2006","10.97"
"GRC","","TOTAL","FEMALE","","2007","11.43"
"GRC","","TOTAL","FEMALE","","2008","12.35"
"GRC","","TOTAL","FEMALE","","2009","12.15"
"GRC","","TOTAL","FEMALE","","2010","12.8"
"GRC","","TOTAL","FEMALE","","2011","12.97"
"GRC","","TOTAL","FEMALE","","2012","13.62"
"GRC","","TOTAL","FEMALE","","2014","14.39"
"GRC","","TOTAL","FEMALE","","2015","15"
"GRC","","TOTAL","FEMALE","","2016","15.42"
"GRC","","TOTAL","FEMALE","","2017","14.61"
"GRC","","TOTAL","FEMALE","","2018","15.54"
"GRC","","TOTAL","FEMALE","","2019","15.78"
"GRC","","TOTAL","FEMALE","","2020","16.31"
"HRV","","TOTAL","FEMALE","","1985","8.95"
"HRV","","TOTAL","FEMALE","","1986","11.49"
"HRV","","TOTAL","FEMALE","","1987","10.51"
"HRV","","TOTAL","FEMALE","","1988","10.82"
"HRV","","TOTAL","FEMALE","","1989","11.74"
"HRV","","TOTAL","FEMALE","","1990","11.62"
"HRV","","TOTAL","FEMALE","","1991","11.88"
"HRV","","TOTAL","FEMALE","","1992","12.16"
"HRV","","TOTAL","FEMALE","","1993","10.71"
"HRV","","TOTAL","FEMALE","","1994","11.81"
"HRV","","TOTAL","FEMALE","","1995","11.24"
"HRV","","TOTAL","FEMALE","","1996","14.51"
"HRV","","TOTAL","FEMALE","","1997","13.64"
"HRV","","TOTAL","FEMALE","","1998","16.29"
"HRV","","TOTAL","FEMALE","","1999","14.73"
"HRV","","TOTAL","FEMALE","","2000","17.33"
"HRV","","TOTAL","FEMALE","","2001","14.3"
"HRV","","TOTAL","FEMALE","","2002","15.18"
"HRV","","TOTAL","FEMALE","","2003","16"
"HRV","","TOTAL","FEMALE","","2004","15.68"
"HRV","","TOTAL","FEMALE","","2005","16.08"
"HRV","","TOTAL","FEMALE","","2006","17"
"HRV","","TOTAL","FEMALE","","2007","17.24"
"HRV","","TOTAL","FEMALE","","2008","17.89"
"HRV","","TOTAL","FEMALE","","2009","17.54"
"HRV","","TOTAL","FEMALE","","2010","18.79"
"HRV","","TOTAL","FEMALE","","2011","20.76"
"HRV","","TOTAL","FEMALE","","2012","19.18"
"HRV","","TOTAL","FEMALE","","2013","20.08"
"HRV","","TOTAL","FEMALE","","2014","21.47"
"HRV","","TOTAL","FEMALE","","2015","20.35"
"HRV","","TOTAL","FEMALE","","2016","20.38"
"HRV","","TOTAL","FEMALE","","2017","23.53"
"HRV","","TOTAL","FEMALE","","2019","23.54"
"HRV","","TOTAL","FEMALE","","2020","24.1"
"HRV","","TOTAL","FEMALE","","2021","24.34"
"HUN","","TOTAL","FEMALE","","1969","10.41"
"HUN","","TOTAL","FEMALE","","1970","11.11"
"HUN","","TOTAL","FEMALE","","1971","11.61"
"HUN","","TOTAL","FEMALE","","1972","11.51"
"HUN","","TOTAL","FEMALE","","1973","12.82"
"HUN","","TOTAL","FEMALE","","1974","12.88"
"HUN","","TOTAL","FEMALE","","1975","11.86"
"HUN","","TOTAL","FEMALE","","1976","13.03"
"HUN","","TOTAL","FEMALE","","1977","12.61"
"HUN","","TOTAL","FEMALE","","1978","14.43"
"HUN","","TOTAL","FEMALE","","1979","13.68"
"HUN","","TOTAL","FEMALE","","1980","15.11"
"HUN","","TOTAL","FEMALE","","1981","14.52"
"HUN","","TOTAL","FEMALE","","1982","15.68"
"HUN","","TOTAL","FEMALE","","1983","16.64"
"HUN","","TOTAL","FEMALE","","1984","16.56"
"HUN","","TOTAL","FEMALE","","1985","16.76"
"HUN","","TOTAL","FEMALE","","1986","17.98"
"HUN","","TOTAL","FEMALE","","1987","19.43"
"HUN","","TOTAL","FEMALE","","1988","19.51"
"HUN","","TOTAL","FEMALE","","1989","20.84"
"HUN","","TOTAL","FEMALE","","1990","22.53"
"HUN","","TOTAL","FEMALE","","1991","22.68"
"HUN","","TOTAL","FEMALE","","1992","24.03"
"HUN","","TOTAL","FEMALE","","1993","25.67"
"HUN","","TOTAL","FEMALE","","1994","24.94"
"HUN","","TOTAL","FEMALE","","1995","26.55"
"HUN","","TOTAL","FEMALE","","1996","28.8"
"HUN","","TOTAL","FEMALE","","1997","27.99"
"HUN","","TOTAL","FEMALE","","1998","28.41"
"HUN","","TOTAL","FEMALE","","1999","30.48"
"HUN","","TOTAL","FEMALE","","2000","30.98"
"HUN","","TOTAL","FEMALE","","2001","30.41"
"HUN","","TOTAL","FEMALE","","2002","31.87"
"HUN","","TOTAL","FEMALE","","2003","32.59"
"HUN","","TOTAL","FEMALE","","2004","32.72"
"HUN","","TOTAL","FEMALE","","2005","31.09"
"HUN","","TOTAL","FEMALE","","2006","31.87"
"HUN","","TOTAL","FEMALE","","2007","35.55"
"HUN","","TOTAL","FEMALE","","2008","37.12"
"HUN","","TOTAL","FEMALE","","2009","37.46"
"HUN","","TOTAL","FEMALE","","2010","38.81"
"HUN","","TOTAL","FEMALE","","2011","39.29"
"HUN","","TOTAL","FEMALE","","2012","40.29"
"HUN","","TOTAL","FEMALE","","2013","40.5"
"HUN","","TOTAL","FEMALE","","2014","41.49"
"HUN","","TOTAL","FEMALE","","2015","40.44"
"HUN","","TOTAL","FEMALE","","2016","40.76"
"HUN","","TOTAL","FEMALE","","2017","41.88"
"HUN","","TOTAL","FEMALE","","2018","40.39"
"HUN","","TOTAL","FEMALE","","2019","40.56"
"IRL","","TOTAL","FEMALE","","1968","13.7"
"IRL","","TOTAL","FEMALE","","1969","12.85"
"IRL","","TOTAL","FEMALE","","1970","14.36"
"IRL","","TOTAL","FEMALE","","1971","16.52"
"IRL","","TOTAL","FEMALE","","1972","17.38"
"IRL","","TOTAL","FEMALE","","1973","15.55"
"IRL","","TOTAL","FEMALE","","1974","20.89"
"IRL","","TOTAL","FEMALE","","1975","20.47"
"IRL","","TOTAL","FEMALE","","1976","19.49"
"IRL","","TOTAL","FEMALE","","1977","19.81"
"IRL","","TOTAL","FEMALE","","1978","20.44"
"IRL","","TOTAL","FEMALE","","1979","22.41"
"IRL","","TOTAL","FEMALE","","1980","21.53"
"IRL","","TOTAL","FEMALE","","1981","23.78"
"IRL","","TOTAL","FEMALE","","1982","23.93"
"IRL","","TOTAL","FEMALE","","1983","27.01"
"IRL","","TOTAL","FEMALE","","1984","26.94"
"IRL","","TOTAL","FEMALE","","1985","25.23"
"IRL","","TOTAL","FEMALE","","1986","25.63"
"IRL","","TOTAL","FEMALE","","1987","24.21"
"IRL","","TOTAL","FEMALE","","1988","28.34"
"IRL","","TOTAL","FEMALE","","1989","29.77"
"IRL","","TOTAL","FEMALE","","1990","27.33"
"IRL","","TOTAL","FEMALE","","1991","25.18"
"IRL","","TOTAL","FEMALE","","1992","27.06"
"IRL","","TOTAL","FEMALE","","1993","26.58"
"IRL","","TOTAL","FEMALE","","1994","27.71"
"IRL","","TOTAL","FEMALE","","1995","27.91"
"IRL","","TOTAL","FEMALE","","1996","25.41"
"IRL","","TOTAL","FEMALE","","1997","24.74"
"IRL","","TOTAL","FEMALE","","1998","27.67"
"IRL","","TOTAL","FEMALE","","1999","25.84"
"IRL","","TOTAL","FEMALE","","2000","28.67"
"IRL","","TOTAL","FEMALE","","2001","25.37"
"IRL","","TOTAL","FEMALE","","2002","25.58"
"IRL","","TOTAL","FEMALE","","2003","27.22"
"IRL","","TOTAL","FEMALE","","2004","28.41"
"IRL","","TOTAL","FEMALE","","2005","28.69"
"IRL","","TOTAL","FEMALE","","2006","28.59"
"IRL","","TOTAL","FEMALE","","2007","27.67"
"IRL","","TOTAL","FEMALE","","2008","28.89"
"IRL","","TOTAL","FEMALE","","2009","28.08"
"IRL","","TOTAL","FEMALE","","2010","28.15"
"IRL","","TOTAL","FEMALE","","2011","29.34"
"IRL","","TOTAL","FEMALE","","2012","27.41"
"IRL","","TOTAL","FEMALE","","2013","27.71"
"IRL","","TOTAL","FEMALE","","2015","27.25"
"IRL","","TOTAL","FEMALE","","2018","25.04"
"ISL","","TOTAL","FEMALE","","1971","15.53"
"ISL","","TOTAL","FEMALE","","1972","16.57"
"ISL","","TOTAL","FEMALE","","1973","12.56"
"ISL","","TOTAL","FEMALE","","1974","13.35"
"ISL","","TOTAL","FEMALE","","1975","17.87"
"ISL","","TOTAL","FEMALE","","1976","13.85"
"ISL","","TOTAL","FEMALE","","1977","20.46"
"ISL","","TOTAL","FEMALE","","1978","15.57"
"ISL","","TOTAL","FEMALE","","1979","22.86"
"ISL","","TOTAL","FEMALE","","1980","30.82"
"ISL","","TOTAL","FEMALE","","1981","31.61"
"ISL","","TOTAL","FEMALE","","1982","35.95"
"ISL","","TOTAL","FEMALE","","1983","29.19"
"ISL","","TOTAL","FEMALE","","1984","24.63"
"ISL","","TOTAL","FEMALE","","1985","25.05"
"ISL","","TOTAL","FEMALE","","1986","29.89"
"ISL","","TOTAL","FEMALE","","1987","30.36"
"ISL","","TOTAL","FEMALE","","1988","41.36"
"ISL","","TOTAL","FEMALE","","1989","34.49"
"ISL","","TOTAL","FEMALE","","1990","32.05"
"ISL","","TOTAL","FEMALE","","1991","33.01"
"ISL","","TOTAL","FEMALE","","1992","42.73"
"ISL","","TOTAL","FEMALE","","1993","35.65"
"ISL","","TOTAL","FEMALE","","1994","39.89"
"ISL","","TOTAL","FEMALE","","1995","30.96"
"ISL","","TOTAL","FEMALE","","1996","38.64"
"ISL","","TOTAL","FEMALE","","1997","39.28"
"ISL","","TOTAL","FEMALE","","1998","35.63"
"ISL","","TOTAL","FEMALE","","1999","36.91"
"ISL","","TOTAL","FEMALE","","2000","38.95"
"ISL","","TOTAL","FEMALE","","2001","34.65"
"ISL","","TOTAL","FEMALE","","2002","33.34"
"ISL","","TOTAL","FEMALE","","2003","38.54"
"ISL","","TOTAL","FEMALE","","2004","40.64"
"ISL","","TOTAL","FEMALE","","2005","37.01"
"ISL","","TOTAL","FEMALE","","2006","39.76"
"ISL","","TOTAL","FEMALE","","2007","37.16"
"ISL","","TOTAL","FEMALE","","2008","41.17"
"ISL","","TOTAL","FEMALE","","2009","36.59"
"ISL","","TOTAL","FEMALE","","2010","39.57"
"ISL","","TOTAL","FEMALE","","2011","36.31"
"ISL","","TOTAL","FEMALE","","2012","39.14"
"ISL","","TOTAL","FEMALE","","2013","31.91"
"ISL","","TOTAL","FEMALE","","2014","33.11"
"ISL","","TOTAL","FEMALE","","2015","33.24"
"ISL","","TOTAL","FEMALE","","2016","37.05"
"ISL","","TOTAL","FEMALE","","2017","27"
"ISL","","TOTAL","FEMALE","","2018","28.1"
"ISL","","TOTAL","FEMALE","","2019","29.52"
"ISL","","TOTAL","FEMALE","","2020","27.38"
"ISL","","TOTAL","FEMALE","","2021","25.69"
"ISR","","TOTAL","FEMALE","","1975","10.21"
"ISR","","TOTAL","FEMALE","","1976","11.12"
"ISR","","TOTAL","FEMALE","","1977","12.89"
"ISR","","TOTAL","FEMALE","","1978","12.11"
"ISR","","TOTAL","FEMALE","","1979","11.9"
"ISR","","TOTAL","FEMALE","","1980","13.09"
"ISR","","TOTAL","FEMALE","","1981","11.86"
"ISR","","TOTAL","FEMALE","","1982","11.47"
"ISR","","TOTAL","FEMALE","","1983","11.68"
"ISR","","TOTAL","FEMALE","","1984","11.5"
"ISR","","TOTAL","FEMALE","","1985","11.34"
"ISR","","TOTAL","FEMALE","","1986","11.99"
"ISR","","TOTAL","FEMALE","","1987","11.97"
"ISR","","TOTAL","FEMALE","","1988","11.68"
"ISR","","TOTAL","FEMALE","","1989","12.27"
"ISR","","TOTAL","FEMALE","","1990","13.25"
"ISR","","TOTAL","FEMALE","","1991","11.36"
"ISR","","TOTAL","FEMALE","","1992","11.59"
"ISR","","TOTAL","FEMALE","","1993","13.59"
"ISR","","TOTAL","FEMALE","","1994","13.32"
"ISR","","TOTAL","FEMALE","","1995","14.87"
"ISR","","TOTAL","FEMALE","","1996","11.68"
"ISR","","TOTAL","FEMALE","","1997","12.92"
"ISR","","TOTAL","FEMALE","","1998","11.53"
"ISR","","TOTAL","FEMALE","","1999","12.03"
"ISR","","TOTAL","FEMALE","","2000","13.88"
"ISR","","TOTAL","FEMALE","","2001","13.17"
"ISR","","TOTAL","FEMALE","","2002","13.42"
"ISR","","TOTAL","FEMALE","","2003","13.53"
"ISR","","TOTAL","FEMALE","","2004","13.2"
"ISR","","TOTAL","FEMALE","","2005","13.45"
"ISR","","TOTAL","FEMALE","","2006","14.36"
"ISR","","TOTAL","FEMALE","","2007","13.81"
"ISR","","TOTAL","FEMALE","","2008","13.31"
"ISR","","TOTAL","FEMALE","","2009","13.66"
"ISR","","TOTAL","FEMALE","","2010","14.61"
"ISR","","TOTAL","FEMALE","","2011","16.05"
"ISR","","TOTAL","FEMALE","","2012","14.23"
"ISR","","TOTAL","FEMALE","","2013","14"
"ISR","","TOTAL","FEMALE","","2014","15.12"
"ISR","","TOTAL","FEMALE","","2015","14.44"
"ISR","","TOTAL","FEMALE","","2016","13.37"
"ISR","","TOTAL","FEMALE","","2017","12.31"
"ISR","","TOTAL","FEMALE","","2018","13.03"
"ISR","","TOTAL","FEMALE","","2019","13.4"
"ISR","","TOTAL","FEMALE","","2020","12.42"
"ISR","","TOTAL","FEMALE","","2021","12.59"
"ITA","","TOTAL","FEMALE","","1968","6.61"
"ITA","","TOTAL","FEMALE","","1969","6.86"
"ITA","","TOTAL","FEMALE","","1970","6.74"
"ITA","","TOTAL","FEMALE","","1971","6.69"
"ITA","","TOTAL","FEMALE","","1972","7.21"
"ITA","","TOTAL","FEMALE","","1973","7.56"
"ITA","","TOTAL","FEMALE","","1974","7.55"
"ITA","","TOTAL","FEMALE","","1975","7.77"
"ITA","","TOTAL","FEMALE","","1976","8.11"
"ITA","","TOTAL","FEMALE","","1977","8.42"
"ITA","","TOTAL","FEMALE","","1978","8.15"
"ITA","","TOTAL","FEMALE","","1979","8.58"
"ITA","","TOTAL","FEMALE","","1980","8.72"
"ITA","","TOTAL","FEMALE","","1981","8.96"
"ITA","","TOTAL","FEMALE","","1982","9.19"
"ITA","","TOTAL","FEMALE","","1983","9.6"
"ITA","","TOTAL","FEMALE","","1984","9.81"
"ITA","","TOTAL","FEMALE","","1985","9.99"
"ITA","","TOTAL","FEMALE","","1986","10.6"
"ITA","","TOTAL","FEMALE","","1987","10.48"
"ITA","","TOTAL","FEMALE","","1988","10.77"
"ITA","","TOTAL","FEMALE","","1989","10.86"
"ITA","","TOTAL","FEMALE","","1990","10.88"
"ITA","","TOTAL","FEMALE","","1991","10.89"
"ITA","","TOTAL","FEMALE","","1992","11.79"
"ITA","","TOTAL","FEMALE","","1993","11.55"
"ITA","","TOTAL","FEMALE","","1994","11.61"
"ITA","","TOTAL","FEMALE","","1995","11.8"
"ITA","","TOTAL","FEMALE","","1996","12.06"
"ITA","","TOTAL","FEMALE","","1997","11.84"
"ITA","","TOTAL","FEMALE","","1998","12.1"
"ITA","","TOTAL","FEMALE","","1999","12.01"
"ITA","","TOTAL","FEMALE","","2000","12.64"
"ITA","","TOTAL","FEMALE","","2001","12.79"
"ITA","","TOTAL","FEMALE","","2002","13.23"
"ITA","","TOTAL","FEMALE","","2003","12.82"
"ITA","","TOTAL","FEMALE","","2004","13.25"
"ITA","","TOTAL","FEMALE","","2005","13.24"
"ITA","","TOTAL","FEMALE","","2006","13.61"
"ITA","","TOTAL","FEMALE","","2007","14.07"
"ITA","","TOTAL","FEMALE","","2008","14.2"
"ITA","","TOTAL","FEMALE","","2009","14.52"
"ITA","","TOTAL","FEMALE","","2010","14.67"
"ITA","","TOTAL","FEMALE","","2011","15.4"
"ITA","","TOTAL","FEMALE","","2012","15.35"
"ITA","","TOTAL","FEMALE","","2013","15.53"
"ITA","","TOTAL","FEMALE","","2014","15.65"
"ITA","","TOTAL","FEMALE","","2015","16.03"
"ITA","","TOTAL","FEMALE","","2016","16.09"
"ITA","","TOTAL","FEMALE","","2017","16.37"
"ITA","","TOTAL","FEMALE","","2018","16.49"
"ITA","","TOTAL","FEMALE","","2019","15.95"
"ITA","","TOTAL","FEMALE","","2020","15.95"
"KAZ","","TOTAL","FEMALE","","1981","11.09"
"KAZ","","TOTAL","FEMALE","","1982","11.47"
"KAZ","","TOTAL","FEMALE","","1985","12.09"
"KAZ","","TOTAL","FEMALE","","1986","12.63"
"KAZ","","TOTAL","FEMALE","","1987","11.48"
"KAZ","","TOTAL","FEMALE","","1988","13.52"
"KAZ","","TOTAL","FEMALE","","1989","13.59"
"KAZ","","TOTAL","FEMALE","","1990","13.61"
"KAZ","","TOTAL","FEMALE","","1991","13.78"
"KAZ","","TOTAL","FEMALE","","1992","12.54"
"KAZ","","TOTAL","FEMALE","","1993","12.43"
"KAZ","","TOTAL","FEMALE","","1994","11.96"
"KAZ","","TOTAL","FEMALE","","1995","11.99"
"KAZ","","TOTAL","FEMALE","","1996","12.41"
"KAZ","","TOTAL","FEMALE","","1997","12.1"
"KAZ","","TOTAL","FEMALE","","1998","11.64"
"KAZ","","TOTAL","FEMALE","","1999","11.96"
"KAZ","","TOTAL","FEMALE","","2000","11.31"
"KAZ","","TOTAL","FEMALE","","2001","11.03"
"KAZ","","TOTAL","FEMALE","","2002","10.97"
"KAZ","","TOTAL","FEMALE","","2003","10.67"
"KAZ","","TOTAL","FEMALE","","2004","8.94"
"KAZ","","TOTAL","FEMALE","","2005","9.92"
"KAZ","","TOTAL","FEMALE","","2006","9.26"
"KAZ","","TOTAL","FEMALE","","2007","8.11"
"KAZ","","TOTAL","FEMALE","","2008","9.03"
"KAZ","","TOTAL","FEMALE","","2009","8.35"
"KAZ","","TOTAL","FEMALE","","2010","7.66"
"KAZ","","TOTAL","FEMALE","","2011","7.85"
"KAZ","","TOTAL","FEMALE","","2012","7.87"
"KAZ","","TOTAL","FEMALE","","2013","7.25"
"KAZ","","TOTAL","FEMALE","","2014","7.26"
"KAZ","","TOTAL","FEMALE","","2015","6.7"
"KAZ","","TOTAL","FEMALE","","2016","6.46"
"KAZ","","TOTAL","FEMALE","","2017","5.79"
"KAZ","","TOTAL","FEMALE","","2018","5.39"
"KAZ","","TOTAL","FEMALE","","2019","5.2"
"KAZ","","TOTAL","FEMALE","","2020","5.49"
"KAZ","","TOTAL","FEMALE","","2021","4.9"
"KGZ","","TOTAL","FEMALE","","1981","6.02"
"KGZ","","TOTAL","FEMALE","","1982","5.81"
"KGZ","","TOTAL","FEMALE","","1985","4.91"
"KGZ","","TOTAL","FEMALE","","1986","6.52"
"KGZ","","TOTAL","FEMALE","","1987","7.54"
"KGZ","","TOTAL","FEMALE","","1988","8.3"
"KGZ","","TOTAL","FEMALE","","1989","6.77"
"KGZ","","TOTAL","FEMALE","","1990","8.73"
"KGZ","","TOTAL","FEMALE","","1991","7.58"
"KGZ","","TOTAL","FEMALE","","1992","7.94"
"KGZ","","TOTAL","FEMALE","","1993","6.29"
"KGZ","","TOTAL","FEMALE","","1994","7.07"
"KGZ","","TOTAL","FEMALE","","1995","5.52"
"KGZ","","TOTAL","FEMALE","","1996","5.76"
"KGZ","","TOTAL","FEMALE","","1997","6.7"
"KGZ","","TOTAL","FEMALE","","1998","6.13"
"KGZ","","TOTAL","FEMALE","","1999","5.22"
"KGZ","","TOTAL","FEMALE","","2000","7.07"
"KGZ","","TOTAL","FEMALE","","2001","6.87"
"KGZ","","TOTAL","FEMALE","","2002","6.07"
"KGZ","","TOTAL","FEMALE","","2003","6.98"
"KGZ","","TOTAL","FEMALE","","2004","6.64"
"KGZ","","TOTAL","FEMALE","","2005","5.82"
"KGZ","","TOTAL","FEMALE","","2006","6.42"
"KGZ","","TOTAL","FEMALE","","2007","5.53"
"KGZ","","TOTAL","FEMALE","","2008","5.44"
"KGZ","","TOTAL","FEMALE","","2009","6.34"
"KGZ","","TOTAL","FEMALE","","2010","6.73"
"KGZ","","TOTAL","FEMALE","","2011","5.74"
"KGZ","","TOTAL","FEMALE","","2012","5.37"
"KGZ","","TOTAL","FEMALE","","2013","6.91"
"KGZ","","TOTAL","FEMALE","","2014","5.82"
"KGZ","","TOTAL","FEMALE","","2015","6.4"
"KGZ","","TOTAL","FEMALE","","2016","7.67"
"LTU","","TOTAL","FEMALE","","1981","7.28"
"LTU","","TOTAL","FEMALE","","1982","7.7"
"LTU","","TOTAL","FEMALE","","1985","8.51"
"LTU","","TOTAL","FEMALE","","1986","7.71"
"LTU","","TOTAL","FEMALE","","1987","7.42"
"LTU","","TOTAL","FEMALE","","1988","7.94"
"LTU","","TOTAL","FEMALE","","1989","8.39"
"LTU","","TOTAL","FEMALE","","1990","8.94"
"LTU","","TOTAL","FEMALE","","1991","8.85"
"LTU","","TOTAL","FEMALE","","1992","7.35"
"LTU","","TOTAL","FEMALE","","1993","9.15"
"LTU","","TOTAL","FEMALE","","1994","7.51"
"LTU","","TOTAL","FEMALE","","1995","8.31"
"LTU","","TOTAL","FEMALE","","1996","7.83"
"LTU","","TOTAL","FEMALE","","1997","8.12"
"LTU","","TOTAL","FEMALE","","1998","6.83"
"LTU","","TOTAL","FEMALE","","1999","8.38"
"LTU","","TOTAL","FEMALE","","2000","7.59"
"LTU","","TOTAL","FEMALE","","2001","8.77"
"LTU","","TOTAL","FEMALE","","2002","7.12"
"LTU","","TOTAL","FEMALE","","2003","8.99"
"LTU","","TOTAL","FEMALE","","2004","8.36"
"LTU","","TOTAL","FEMALE","","2005","8.38"
"LTU","","TOTAL","FEMALE","","2006","8.77"
"LTU","","TOTAL","FEMALE","","2007","7.78"
"LTU","","TOTAL","FEMALE","","2008","8.38"
"LTU","","TOTAL","FEMALE","","2009","8.9"
"LTU","","TOTAL","FEMALE","","2010","7.07"
"LTU","","TOTAL","FEMALE","","2011","7.43"
"LTU","","TOTAL","FEMALE","","2012","9.35"
"LTU","","TOTAL","FEMALE","","2013","9.38"
"LTU","","TOTAL","FEMALE","","2014","9.39"
"LTU","","TOTAL","FEMALE","","2015","8.6"
"LTU","","TOTAL","FEMALE","","2016","9.26"
"LTU","","TOTAL","FEMALE","","2017","9.75"
"LTU","","TOTAL","FEMALE","","2018","9.07"
"LTU","","TOTAL","FEMALE","","2019","9.88"
"LTU","","TOTAL","FEMALE","","2020","9.64"
"LTU","","TOTAL","FEMALE","","2021","8.32"
"LTU","","TOTAL","FEMALE","","2022","8.91"
"LUX","","TOTAL","FEMALE","","1971","5.51"
"LUX","","TOTAL","FEMALE","","1972","11.22"
"LUX","","TOTAL","FEMALE","","1973","5.62"
"LUX","","TOTAL","FEMALE","","1974","5.52"
"LUX","","TOTAL","FEMALE","","1975","7.85"
"LUX","","TOTAL","FEMALE","","1976","8.3"
"LUX","","TOTAL","FEMALE","","1977","6.85"
"LUX","","TOTAL","FEMALE","","1978","8.42"
"LUX","","TOTAL","FEMALE","","1979","10.4"
"LUX","","TOTAL","FEMALE","","1980","11.78"
"LUX","","TOTAL","FEMALE","","1981","7.74"
"LUX","","TOTAL","FEMALE","","1982","5.59"
"LUX","","TOTAL","FEMALE","","1983","9.93"
"LUX","","TOTAL","FEMALE","","1984","14.99"
"LUX","","TOTAL","FEMALE","","1985","14.64"
"LUX","","TOTAL","FEMALE","","1986","8.67"
"LUX","","TOTAL","FEMALE","","1987","12.52"
"LUX","","TOTAL","FEMALE","","1988","11.4"
"LUX","","TOTAL","FEMALE","","1989","14.18"
"LUX","","TOTAL","FEMALE","","1990","12.5"
"LUX","","TOTAL","FEMALE","","1991","13.02"
"LUX","","TOTAL","FEMALE","","1992","14.11"
"LUX","","TOTAL","FEMALE","","1993","12.04"
"LUX","","TOTAL","FEMALE","","1994","16.15"
"LUX","","TOTAL","FEMALE","","1995","13.8"
"LUX","","TOTAL","FEMALE","","1996","13.84"
"LUX","","TOTAL","FEMALE","","1997","20.59"
"LUX","","TOTAL","FEMALE","","1998","16.67"
"LUX","","TOTAL","FEMALE","","1999","18.93"
"LUX","","TOTAL","FEMALE","","2000","15.62"
"LUX","","TOTAL","FEMALE","","2001","15.11"
"LUX","","TOTAL","FEMALE","","2002","11.65"
"LUX","","TOTAL","FEMALE","","2003","21.53"
"LUX","","TOTAL","FEMALE","","2004","14.75"
"LUX","","TOTAL","FEMALE","","2005","18.69"
"LUX","","TOTAL","FEMALE","","2006","15.65"
"LUX","","TOTAL","FEMALE","","2007","26.83"
"LUX","","TOTAL","FEMALE","","2008","14.18"
"LUX","","TOTAL","FEMALE","","2009","20.15"
"LUX","","TOTAL","FEMALE","","2010","17.19"
"LUX","","TOTAL","FEMALE","","2011","19.01"
"LUX","","TOTAL","FEMALE","","2012","23.63"
"LUX","","TOTAL","FEMALE","","2013","17.45"
"LUX","","TOTAL","FEMALE","","2014","21.48"
"LUX","","TOTAL","FEMALE","","2015","19.21"
"LUX","","TOTAL","FEMALE","","2016","18.75"
"LUX","","TOTAL","FEMALE","","2017","24.5"
"LUX","","TOTAL","FEMALE","","2018","14.09"
"LUX","","TOTAL","FEMALE","","2019","18.48"
"LUX","","TOTAL","FEMALE","","2020","20"
"LUX","","TOTAL","FEMALE","","2021","15.66"
"LUX","","TOTAL","FEMALE","","2022","17.67"
"LVA","","TOTAL","FEMALE","","1980","8.17"
"LVA","","TOTAL","FEMALE","","1981","8.14"
"LVA","","TOTAL","FEMALE","","1982","8.66"
"LVA","","TOTAL","FEMALE","","1983","8.63"
"LVA","","TOTAL","FEMALE","","1984","8.92"
"LVA","","TOTAL","FEMALE","","1985","9.39"
"LVA","","TOTAL","FEMALE","","1986","10.89"
"LVA","","TOTAL","FEMALE","","1987","10.54"
"LVA","","TOTAL","FEMALE","","1988","9.18"
"LVA","","TOTAL","FEMALE","","1989","10.5"
"LVA","","TOTAL","FEMALE","","1990","9.65"
"LVA","","TOTAL","FEMALE","","1991","9.69"
"LVA","","TOTAL","FEMALE","","1992","9.04"
"LVA","","TOTAL","FEMALE","","1993","9.44"
"LVA","","TOTAL","FEMALE","","1994","8.51"
"LVA","","TOTAL","FEMALE","","1995","9.01"
"LVA","","TOTAL","FEMALE","","1996","9.37"
"LVA","","TOTAL","FEMALE","","1997","8.92"
"LVA","","TOTAL","FEMALE","","1998","9.1"
"LVA","","TOTAL","FEMALE","","1999","9.14"
"LVA","","TOTAL","FEMALE","","2000","8.86"
"LVA","","TOTAL","FEMALE","","2001","9.32"
"LVA","","TOTAL","FEMALE","","2002","9.19"
"LVA","","TOTAL","FEMALE","","2003","9.83"
"LVA","","TOTAL","FEMALE","","2004","8.59"
"LVA","","TOTAL","FEMALE","","2005","10.46"
"LVA","","TOTAL","FEMALE","","2006","10.68"
"LVA","","TOTAL","FEMALE","","2007","11.02"
"LVA","","TOTAL","FEMALE","","2008","7.87"
"LVA","","TOTAL","FEMALE","","2009","9.27"
"LVA","","TOTAL","FEMALE","","2010","9.51"
"LVA","","TOTAL","FEMALE","","2011","10.35"
"LVA","","TOTAL","FEMALE","","2012","10.58"
"LVA","","TOTAL","FEMALE","","2013","10.55"
"LVA","","TOTAL","FEMALE","","2014","9.5"
"LVA","","TOTAL","FEMALE","","2015","11.3"
"LVA","","TOTAL","FEMALE","","2016","9.53"
"LVA","","TOTAL","FEMALE","","2017","10.51"
"LVA","","TOTAL","FEMALE","","2018","11.51"
"LVA","","TOTAL","FEMALE","","2019","9.87"
"LVA","","TOTAL","FEMALE","","2020","11.28"
"LVA","","TOTAL","FEMALE","","2021","12.3"
"MDA","","TOTAL","FEMALE","","1981","8.64"
"MDA","","TOTAL","FEMALE","","1982","6.82"
"MDA","","TOTAL","FEMALE","","1985","8.44"
"MDA","","TOTAL","FEMALE","","1986","8.55"
"MDA","","TOTAL","FEMALE","","1987","10.76"
"MDA","","TOTAL","FEMALE","","1988","9.57"
"MDA","","TOTAL","FEMALE","","1989","11.4"
"MDA","","TOTAL","FEMALE","","1990","9.17"
"MDA","","TOTAL","FEMALE","","1991","10.06"
"MDA","","TOTAL","FEMALE","","1992","7.32"
"MDA","","TOTAL","FEMALE","","1993","9.61"
"MDA","","TOTAL","FEMALE","","1994","8.75"
"MDA","","TOTAL","FEMALE","","1995","7.97"
"MDA","","TOTAL","FEMALE","","1996","8.26"
"MDA","","TOTAL","FEMALE","","1997","10.19"
"MDA","","TOTAL","FEMALE","","1998","8.98"
"MDA","","TOTAL","FEMALE","","1999","8.85"
"MDA","","TOTAL","FEMALE","","2000","7.66"
"MDA","","TOTAL","FEMALE","","2001","9.2"
"MDA","","TOTAL","FEMALE","","2002","8.2"
"MDA","","TOTAL","FEMALE","","2003","9.44"
"MDA","","TOTAL","FEMALE","","2004","8.81"
"MDA","","TOTAL","FEMALE","","2005","8"
"MDA","","TOTAL","FEMALE","","2006","8.16"
"MDA","","TOTAL","FEMALE","","2007","9.29"
"MDA","","TOTAL","FEMALE","","2008","8.97"
"MDA","","TOTAL","FEMALE","","2009","9.05"
"MDA","","TOTAL","FEMALE","","2010","9.07"
"MDA","","TOTAL","FEMALE","","2011","8.6"
"MDA","","TOTAL","FEMALE","","2012","9.12"
"MDA","","TOTAL","FEMALE","","2013","9.08"
"MDA","","TOTAL","FEMALE","","2014","9.45"
"MDA","","TOTAL","FEMALE","","2015","8.54"
"MDA","","TOTAL","FEMALE","","2016","8.18"
"MDA","","TOTAL","FEMALE","","2017","7.93"
"MDA","","TOTAL","FEMALE","","2018","8.62"
"MKD","","TOTAL","FEMALE","","1991","7.09"
"MKD","","TOTAL","FEMALE","","1992","6.58"
"MKD","","TOTAL","FEMALE","","1993","7.39"
"MKD","","TOTAL","FEMALE","","1994","10.3"
"MKD","","TOTAL","FEMALE","","1995","8.56"
"MKD","","TOTAL","FEMALE","","1996","9.92"
"MKD","","TOTAL","FEMALE","","1997","9.14"
"MKD","","TOTAL","FEMALE","","1998","9.93"
"MKD","","TOTAL","FEMALE","","1999","10.45"
"MKD","","TOTAL","FEMALE","","2000","10.89"
"MKD","","TOTAL","FEMALE","","2001","10.02"
"MKD","","TOTAL","FEMALE","","2002","8.01"
"MKD","","TOTAL","FEMALE","","2003","8.49"
"MKD","","TOTAL","FEMALE","","2004","9.64"
"MKD","","TOTAL","FEMALE","","2005","11.45"
"MKD","","TOTAL","FEMALE","","2006","11.13"
"MKD","","TOTAL","FEMALE","","2007","11.45"
"MKD","","TOTAL","FEMALE","","2008","12.44"
"MKD","","TOTAL","FEMALE","","2009","12.18"
"MKD","","TOTAL","FEMALE","","2010","12.12"
"MKD","","TOTAL","FEMALE","","2011","10.99"
"MKD","","TOTAL","FEMALE","","2012","12.84"
"MKD","","TOTAL","FEMALE","","2013","13.34"
"MKD","","TOTAL","FEMALE","","2015","13.65"
"MKD","","TOTAL","FEMALE","","2016","16.26"
"MKD","","TOTAL","FEMALE","","2017","14.88"
"MKD","","TOTAL","FEMALE","","2018","15.06"
"MKD","","TOTAL","FEMALE","","2019","15.27"
"MKD","","TOTAL","FEMALE","","2020","13.65"
"MKD","","TOTAL","FEMALE","","2021","14.68"
"MLT","","TOTAL","FEMALE","","1968","4.07"
"MLT","","TOTAL","FEMALE","","1969","6.41"
"MLT","","TOTAL","FEMALE","","1970","2.59"
"MLT","","TOTAL","FEMALE","","1971","4.76"
"MLT","","TOTAL","FEMALE","","1972","0.43"
"MLT","","TOTAL","FEMALE","","1973","1.12"
"MLT","","TOTAL","FEMALE","","1974","3.58"
"MLT","","TOTAL","FEMALE","","1975","1.79"
"MLT","","TOTAL","FEMALE","","1976","7.96"
"MLT","","TOTAL","FEMALE","","1977","5.31"
"MLT","","TOTAL","FEMALE","","1978","2.86"
"MLT","","TOTAL","FEMALE","","1979","6.5"
"MLT","","TOTAL","FEMALE","","1980","6.37"
"MLT","","TOTAL","FEMALE","","1981","8.96"
"MLT","","TOTAL","FEMALE","","1982","8.05"
"MLT","","TOTAL","FEMALE","","1983","9.97"
"MLT","","TOTAL","FEMALE","","1984","7.39"
"MLT","","TOTAL","FEMALE","","1985","3.97"
"MLT","","TOTAL","FEMALE","","1986","7.6"
"MLT","","TOTAL","FEMALE","","1987","3.24"
"MLT","","TOTAL","FEMALE","","1988","7.25"
"MLT","","TOTAL","FEMALE","","1989","6.3"
"MLT","","TOTAL","FEMALE","","1990","4.61"
"MLT","","TOTAL","FEMALE","","1991","3.53"
"MLT","","TOTAL","FEMALE","","1992","7.12"
"MLT","","TOTAL","FEMALE","","1993","8.84"
"MLT","","TOTAL","FEMALE","","1994","9.21"
"MLT","","TOTAL","FEMALE","","1995","4.07"
"MLT","","TOTAL","FEMALE","","1996","9.72"
"MLT","","TOTAL","FEMALE","","1997","6.23"
"MLT","","TOTAL","FEMALE","","1998","9.15"
"MLT","","TOTAL","FEMALE","","1999","6.95"
"MLT","","TOTAL","FEMALE","","2000","11.5"
"MLT","","TOTAL","FEMALE","","2001","8.71"
"MLT","","TOTAL","FEMALE","","2002","6.27"
"MLT","","TOTAL","FEMALE","","2003","8.06"
"MLT","","TOTAL","FEMALE","","2004","6.16"
"MLT","","TOTAL","FEMALE","","2005","6.69"
"MLT","","TOTAL","FEMALE","","2006","6.8"
"MLT","","TOTAL","FEMALE","","2007","8.7"
"MLT","","TOTAL","FEMALE","","2008","7.31"
"MLT","","TOTAL","FEMALE","","2009","9.4"
"MLT","","TOTAL","FEMALE","","2010","12.55"
"MLT","","TOTAL","FEMALE","","2011","10.96"
"MLT","","TOTAL","FEMALE","","2012","11.79"
"MLT","","TOTAL","FEMALE","","2013","11.37"
"MLT","","TOTAL","FEMALE","","2014","7.82"
"MLT","","TOTAL","FEMALE","","2015","12.2"
"MLT","","TOTAL","FEMALE","","2016","14.41"
"MLT","","TOTAL","FEMALE","","2017","14.15"
"MNE","","TOTAL","FEMALE","","2000","18.95"
"MNE","","TOTAL","FEMALE","","2001","17.46"
"MNE","","TOTAL","FEMALE","","2002","18.91"
"MNE","","TOTAL","FEMALE","","2003","21.29"
"MNE","","TOTAL","FEMALE","","2004","21.92"
"MNE","","TOTAL","FEMALE","","2005","22.67"
"MNE","","TOTAL","FEMALE","","2006","19.67"
"MNE","","TOTAL","FEMALE","","2007","16.76"
"MNE","","TOTAL","FEMALE","","2008","19.1"
"MNE","","TOTAL","FEMALE","","2009","18.64"
"MNE","","TOTAL","FEMALE","","2017","19.86"
"MNE","","TOTAL","FEMALE","","2019","18.66"
"NLD","","TOTAL","FEMALE","","1969","4.85"
"NLD","","TOTAL","FEMALE","","1970","5.41"
"NLD","","TOTAL","FEMALE","","1971","5.72"
"NLD","","TOTAL","FEMALE","","1972","6.1"
"NLD","","TOTAL","FEMALE","","1973","5.7"
"NLD","","TOTAL","FEMALE","","1974","6.48"
"NLD","","TOTAL","FEMALE","","1975","6.41"
"NLD","","TOTAL","FEMALE","","1976","6.83"
"NLD","","TOTAL","FEMALE","","1977","7.36"
"NLD","","TOTAL","FEMALE","","1978","7.92"
"NLD","","TOTAL","FEMALE","","1979","7.82"
"NLD","","TOTAL","FEMALE","","1980","8.81"
"NLD","","TOTAL","FEMALE","","1981","9.5"
"NLD","","TOTAL","FEMALE","","1982","10.02"
"NLD","","TOTAL","FEMALE","","1983","10.36"
"NLD","","TOTAL","FEMALE","","1984","11.69"
"NLD","","TOTAL","FEMALE","","1985","11.83"
"NLD","","TOTAL","FEMALE","","1986","12.63"
"NLD","","TOTAL","FEMALE","","1987","12.67"
"NLD","","TOTAL","FEMALE","","1988","14.04"
"NLD","","TOTAL","FEMALE","","1989","14.9"
"NLD","","TOTAL","FEMALE","","1990","14.67"
"NLD","","TOTAL","FEMALE","","1991","15.21"
"NLD","","TOTAL","FEMALE","","1992","16.62"
"NLD","","TOTAL","FEMALE","","1993","17.81"
"NLD","","TOTAL","FEMALE","","1994","18.9"
"NLD","","TOTAL","FEMALE","","1995","19.55"
"NLD","","TOTAL","FEMALE","","2000","23.92"
"NLD","","TOTAL","FEMALE","","2001","24.37"
"NLD","","TOTAL","FEMALE","","2002","25.84"
"NLD","","TOTAL","FEMALE","","2003","27"
"NLD","","TOTAL","FEMALE","","2004","28.24"
"NLD","","TOTAL","FEMALE","","2005","29.51"
"NLD","","TOTAL","FEMALE","","2006","29.93"
"NLD","","TOTAL","FEMALE","","2007","31.5"
"NLD","","TOTAL","FEMALE","","2008","32.27"
"NLD","","TOTAL","FEMALE","","2009","31.54"
"NLD","","TOTAL","FEMALE","","2010","31.9"
"NLD","","TOTAL","FEMALE","","2011","33.78"
"NLD","","TOTAL","FEMALE","","2012","33.45"
"NLD","","TOTAL","FEMALE","","2013","33.05"
"NLD","","TOTAL","FEMALE","","2014","33.41"
"NLD","","TOTAL","FEMALE","","2015","33.33"
"NLD","","TOTAL","FEMALE","","2016","33.26"
"NLD","","TOTAL","FEMALE","","2017","31.37"
"NLD","","TOTAL","FEMALE","","2018","31.39"
"NLD","","TOTAL","FEMALE","","2019","29.99"
"NLD","","TOTAL","FEMALE","","2020","29.81"
"NLD","","TOTAL","FEMALE","","2021","30.65"
"NLD","","TOTAL","FEMALE","","2022","29.91"
"NOR","","TOTAL","FEMALE","","1969","5.57"
"NOR","","TOTAL","FEMALE","","1970","5.03"
"NOR","","TOTAL","FEMALE","","1971","5.67"
"NOR","","TOTAL","FEMALE","","1972","5.54"
"NOR","","TOTAL","FEMALE","","1973","6.06"
"NOR","","TOTAL","FEMALE","","1974","5.83"
"NOR","","TOTAL","FEMALE","","1975","6.58"
"NOR","","TOTAL","FEMALE","","1976","6.54"
"NOR","","TOTAL","FEMALE","","1977","7.02"
"NOR","","TOTAL","FEMALE","","1978","6.96"
"NOR","","TOTAL","FEMALE","","1979","7.68"
"NOR","","TOTAL","FEMALE","","1980","8.31"
"NOR","","TOTAL","FEMALE","","1981","8.13"
"NOR","","TOTAL","FEMALE","","1982","9.79"
"NOR","","TOTAL","FEMALE","","1983","9.65"
"NOR","","TOTAL","FEMALE","","1984","11.03"
"NOR","","TOTAL","FEMALE","","1985","12.35"
"NOR","","TOTAL","FEMALE","","1986","12.58"
"NOR","","TOTAL","FEMALE","","1987","12.34"
"NOR","","TOTAL","FEMALE","","1988","14.62"
"NOR","","TOTAL","FEMALE","","1989","14.37"
"NOR","","TOTAL","FEMALE","","1990","15.16"
"NOR","","TOTAL","FEMALE","","1991","15.79"
"NOR","","TOTAL","FEMALE","","1992","15.22"
"NOR","","TOTAL","FEMALE","","1993","16.12"
"NOR","","TOTAL","FEMALE","","1994","19.16"
"NOR","","TOTAL","FEMALE","","1995","18.6"
"NOR","","TOTAL","FEMALE","","1996","20.54"
"NOR","","TOTAL","FEMALE","","1997","23.38"
"NOR","","TOTAL","FEMALE","","1998","20.58"
"NOR","","TOTAL","FEMALE","","1999","20"
"NOR","","TOTAL","FEMALE","","2000","23.05"
"NOR","","TOTAL","FEMALE","","2001","24.02"
"NOR","","TOTAL","FEMALE","","2002","23.4"
"NOR","","TOTAL","FEMALE","","2003","24.12"
"NOR","","TOTAL","FEMALE","","2004","25.2"
"NOR","","TOTAL","FEMALE","","2005","25.69"
"NOR","","TOTAL","FEMALE","","2006","25.18"
"NOR","","TOTAL","FEMALE","","2007","27.3"
"NOR","","TOTAL","FEMALE","","2008","28.13"
"NOR","","TOTAL","FEMALE","","2009","24.96"
"NOR","","TOTAL","FEMALE","","2010","27.43"
"NOR","","TOTAL","FEMALE","","2011","27.03"
"NOR","","TOTAL","FEMALE","","2012","26.44"
"NOR","","TOTAL","FEMALE","","2013","26.74"
"NOR","","TOTAL","FEMALE","","2014","26.48"
"NOR","","TOTAL","FEMALE","","2015","26.12"
"NOR","","TOTAL","FEMALE","","2016","26.44"
"","NORDIC","TOTAL","FEMALE","","1969","7.56"
"","NORDIC","TOTAL","FEMALE","","1970","7.74"
"","NORDIC","TOTAL","FEMALE","","1971","8.48"
"","NORDIC","TOTAL","FEMALE","","1972","8.85"
"","NORDIC","TOTAL","FEMALE","","1973","8.45"
"","NORDIC","TOTAL","FEMALE","","1974","9.02"
"","NORDIC","TOTAL","FEMALE","","1975","9.64"
"","NORDIC","TOTAL","FEMALE","","1976","10.4"
"","NORDIC","TOTAL","FEMALE","","1977","10.38"
"","NORDIC","TOTAL","FEMALE","","1978","10.94"
"","NORDIC","TOTAL","FEMALE","","1979","11.6"
"","NORDIC","TOTAL","FEMALE","","1980","12.41"
"","NORDIC","TOTAL","FEMALE","","1981","13.08"
"","NORDIC","TOTAL","FEMALE","","1982","13.25"
"","NORDIC","TOTAL","FEMALE","","1983","14.29"
"","NORDIC","TOTAL","FEMALE","","1984","15.37"
"","NORDIC","TOTAL","FEMALE","","1985","15.37"
"","NORDIC","TOTAL","FEMALE","","1986","15.69"
"","NORDIC","TOTAL","FEMALE","","1987","16.99"
"","NORDIC","TOTAL","FEMALE","","1988","18.01"
"","NORDIC","TOTAL","FEMALE","","1989","17.22"
"","NORDIC","TOTAL","FEMALE","","1990","18.03"
"","NORDIC","TOTAL","FEMALE","","1991","19.38"
"","NORDIC","TOTAL","FEMALE","","1992","19.17"
"","NORDIC","TOTAL","FEMALE","","1993","19.13"
"","NORDIC","TOTAL","FEMALE","","1994","20.86"
"","NORDIC","TOTAL","FEMALE","","1995","21.36"
"","NORDIC","TOTAL","FEMALE","","1996","21.91"
"","NORDIC","TOTAL","FEMALE","","1999","22.17"
"","NORDIC","TOTAL","FEMALE","","2000","23.11"
"","NORDIC","TOTAL","FEMALE","","2001","24.21"
"","NORDIC","TOTAL","FEMALE","","2002","23.69"
"","NORDIC","TOTAL","FEMALE","","2003","24.2"
"","NORDIC","TOTAL","FEMALE","","2004","25.48"
"","NORDIC","TOTAL","FEMALE","","2005","26.26"
"","NORDIC","TOTAL","FEMALE","","2006","25.86"
"","NORDIC","TOTAL","FEMALE","","2007","25.68"
"","NORDIC","TOTAL","FEMALE","","2008","26.55"
"","NORDIC","TOTAL","FEMALE","","2009","25.7"
"","NORDIC","TOTAL","FEMALE","","2010","26.23"
"","NORDIC","TOTAL","FEMALE","","2011","25.66"
"","NORDIC","TOTAL","FEMALE","","2012","25.58"
"","NORDIC","TOTAL","FEMALE","","2013","25.52"
"","NORDIC","TOTAL","FEMALE","","2014","25.51"
"","NORDIC","TOTAL","FEMALE","","2015","25.12"
"","NORDIC","TOTAL","FEMALE","","2016","24.81"
"","NORDIC","TOTAL","FEMALE","","2017","24.39"
"","NORDIC","TOTAL","FEMALE","","2018","23.43"
"","NORDIC","TOTAL","FEMALE","","2019","23.77"
"","NORDIC","TOTAL","FEMALE","","2020","22.63"
"","NORDIC","TOTAL","FEMALE","","2021","22.34"
"POL","","TOTAL","FEMALE","","1969","7.29"
"POL","","TOTAL","FEMALE","","1970","6.87"
"POL","","TOTAL","FEMALE","","1971","7.46"
"POL","","TOTAL","FEMALE","","1972","7.34"
"POL","","TOTAL","FEMALE","","1973","7.32"
"POL","","TOTAL","FEMALE","","1974","7.76"
"POL","","TOTAL","FEMALE","","1975","8.24"
"POL","","TOTAL","FEMALE","","1976","8.16"
"POL","","TOTAL","FEMALE","","1977","9.01"
"POL","","TOTAL","FEMALE","","1978","9.1"
"POL","","TOTAL","FEMALE","","1979","9.02"
"POL","","TOTAL","FEMALE","","1980","10.29"
"POL","","TOTAL","FEMALE","","1981","9.98"
"POL","","TOTAL","FEMALE","","1982","10.47"
"POL","","TOTAL","FEMALE","","1983","10.93"
"POL","","TOTAL","FEMALE","","1984","11.59"
"POL","","TOTAL","FEMALE","","1985","11.78"
"POL","","TOTAL","FEMALE","","1986","12.17"
"POL","","TOTAL","FEMALE","","1987","12.49"
"POL","","TOTAL","FEMALE","","1988","13.25"
"POL","","TOTAL","FEMALE","","1989","13.4"
"POL","","TOTAL","FEMALE","","1990","14.22"
"POL","","TOTAL","FEMALE","","1991","14.51"
"POL","","TOTAL","FEMALE","","1992","14.23"
"POL","","TOTAL","FEMALE","","1993","15.19"
"POL","","TOTAL","FEMALE","","1994","15.28"
"POL","","TOTAL","FEMALE","","1995","16.15"
"POL","","TOTAL","FEMALE","","1996","16.18"
"POL","","TOTAL","FEMALE","","1999","16.63"
"POL","","TOTAL","FEMALE","","2000","18.07"
"POL","","TOTAL","FEMALE","","2001","18.59"
"POL","","TOTAL","FEMALE","","2002","19.69"
"POL","","TOTAL","FEMALE","","2003","20.13"
"POL","","TOTAL","FEMALE","","2004","19.47"
"POL","","TOTAL","FEMALE","","2005","20.61"
"POL","","TOTAL","FEMALE","","2006","20.99"
"POL","","TOTAL","FEMALE","","2007","22.36"
"POL","","TOTAL","FEMALE","","2008","22.35"
"POL","","TOTAL","FEMALE","","2009","23.15"
"POL","","TOTAL","FEMALE","","2010","23.63"
"POL","","TOTAL","FEMALE","","2011","23.54"
"POL","","TOTAL","FEMALE","","2012","23.73"
"POL","","TOTAL","FEMALE","","2013","24.1"
"POL","","TOTAL","FEMALE","","2014","26.08"
"POL","","TOTAL","FEMALE","","2015","25.92"
"POL","","TOTAL","FEMALE","","2016","25.85"
"POL","","TOTAL","FEMALE","","2017","26.03"
"POL","","TOTAL","FEMALE","","2018","25.79"
"POL","","TOTAL","FEMALE","","2019","25.96"
"POL","","TOTAL","FEMALE","","2020","24.71"
"POL","","TOTAL","FEMALE","","2021","23.65"
"PRT","","TOTAL","FEMALE","","1971","4.63"
"PRT","","TOTAL","FEMALE","","1972","4.43"
"PRT","","TOTAL","FEMALE","","1973","4.51"
"PRT","","TOTAL","FEMALE","","1974","4.92"
"PRT","","TOTAL","FEMALE","","1975","4.77"
"PRT","","TOTAL","FEMALE","","1976","4.54"
"PRT","","TOTAL","FEMALE","","1977","4.7"
"PRT","","TOTAL","FEMALE","","1978","4.39"
"PRT","","TOTAL","FEMALE","","1979","4.95"
"PRT","","TOTAL","FEMALE","","1980","5.29"
"PRT","","TOTAL","FEMALE","","1981","5.39"
"PRT","","TOTAL","FEMALE","","1982","5.97"
"PRT","","TOTAL","FEMALE","","1983","5.32"
"PRT","","TOTAL","FEMALE","","1984","5.21"
"PRT","","TOTAL","FEMALE","","1985","5.66"
"PRT","","TOTAL","FEMALE","","1986","6.08"
"PRT","","TOTAL","FEMALE","","1987","5.78"
"PRT","","TOTAL","FEMALE","","1988","6.07"
"PRT","","TOTAL","FEMALE","","1989","6.17"
"PRT","","TOTAL","FEMALE","","1990","6.42"
"PRT","","TOTAL","FEMALE","","1991","6.85"
"PRT","","TOTAL","FEMALE","","1992","6.34"
"PRT","","TOTAL","FEMALE","","1993","6.96"
"PRT","","TOTAL","FEMALE","","1994","6.67"
"PRT","","TOTAL","FEMALE","","1995","6.87"
"PRT","","TOTAL","FEMALE","","1996","6.02"
"PRT","","TOTAL","FEMALE","","1997","6.48"
"PRT","","TOTAL","FEMALE","","1998","6.8"
"PRT","","TOTAL","FEMALE","","1999","6.89"
"PRT","","TOTAL","FEMALE","","2000","7.32"
"PRT","","TOTAL","FEMALE","","2001","6.47"
"PRT","","TOTAL","FEMALE","","2002","7.69"
"PRT","","TOTAL","FEMALE","","2003","7.5"
"PRT","","TOTAL","FEMALE","","2007","8.09"
"PRT","","TOTAL","FEMALE","","2008","8.07"
"PRT","","TOTAL","FEMALE","","2009","8.83"
"PRT","","TOTAL","FEMALE","","2010","8.32"
"PRT","","TOTAL","FEMALE","","2011","9.15"
"PRT","","TOTAL","FEMALE","","2012","8.99"
"PRT","","TOTAL","FEMALE","","2013","9.39"
"PRT","","TOTAL","FEMALE","","2014","9.35"
"PRT","","TOTAL","FEMALE","","2015","10.6"
"PRT","","TOTAL","FEMALE","","2016","10.12"
"PRT","","TOTAL","FEMALE","","2017","10.3"
"PRT","","TOTAL","FEMALE","","2018","10.42"
"ROU","","TOTAL","FEMALE","","1969","7.72"
"ROU","","TOTAL","FEMALE","","1970","7.75"
"ROU","","TOTAL","FEMALE","","1971","7.48"
"ROU","","TOTAL","FEMALE","","1972","7.68"
"ROU","","TOTAL","FEMALE","","1973","7.62"
"ROU","","TOTAL","FEMALE","","1974","7.69"
"ROU","","TOTAL","FEMALE","","1975","7.75"
"ROU","","TOTAL","FEMALE","","1976","8.18"
"ROU","","TOTAL","FEMALE","","1977","8.43"
"ROU","","TOTAL","FEMALE","","1978","8.17"
"ROU","","TOTAL","FEMALE","","1980","9.22"
"ROU","","TOTAL","FEMALE","","1981","8.24"
"ROU","","TOTAL","FEMALE","","1982","7.98"
"ROU","","TOTAL","FEMALE","","1983","8.23"
"ROU","","TOTAL","FEMALE","","1984","8.14"
"ROU","","TOTAL","FEMALE","","1985","8.28"
"ROU","","TOTAL","FEMALE","","1986","8.52"
"ROU","","TOTAL","FEMALE","","1987","8.5"
"ROU","","TOTAL","FEMALE","","1988","8.54"
"ROU","","TOTAL","FEMALE","","1989","8.98"
"ROU","","TOTAL","FEMALE","","1990","9.24"
"ROU","","TOTAL","FEMALE","","1991","8.98"
"ROU","","TOTAL","FEMALE","","1992","8.82"
"ROU","","TOTAL","FEMALE","","1993","10.23"
"ROU","","TOTAL","FEMALE","","1994","9.99"
"ROU","","TOTAL","FEMALE","","1995","10.2"
"ROU","","TOTAL","FEMALE","","1996","10.21"
"ROU","","TOTAL","FEMALE","","1997","10.71"
"ROU","","TOTAL","FEMALE","","1998","10.67"
"ROU","","TOTAL","FEMALE","","1999","10.69"
"ROU","","TOTAL","FEMALE","","2000","11.3"
"ROU","","TOTAL","FEMALE","","2001","11.33"
"ROU","","TOTAL","FEMALE","","2002","11.23"
"ROU","","TOTAL","FEMALE","","2003","11.97"
"ROU","","TOTAL","FEMALE","","2004","11.07"
"ROU","","TOTAL","FEMALE","","2005","12.22"
"ROU","","TOTAL","FEMALE","","2006","12.84"
"ROU","","TOTAL","FEMALE","","2007","12.47"
"ROU","","TOTAL","FEMALE","","2008","12.4"
"ROU","","TOTAL","FEMALE","","2009","12.63"
"ROU","","TOTAL","FEMALE","","2010","13.09"
"ROU","","TOTAL","FEMALE","","2011","13.75"
"ROU","","TOTAL","FEMALE","","2012","14.27"
"ROU","","TOTAL","FEMALE","","2013","14.64"
"ROU","","TOTAL","FEMALE","","2014","14.65"
"ROU","","TOTAL","FEMALE","","2015","15"
"ROU","","TOTAL","FEMALE","","2016","15.07"
"ROU","","TOTAL","FEMALE","","2017","15.51"
"ROU","","TOTAL","FEMALE","","2018","15.79"
"ROU","","TOTAL","FEMALE","","2019","15.69"
"RUS","","TOTAL","FEMALE","","1980","9.36"
"RUS","","TOTAL","FEMALE","","1981","9.31"
"RUS","","TOTAL","FEMALE","","1982","9.4"
"RUS","","TOTAL","FEMALE","","1983","9.84"
"RUS","","TOTAL","FEMALE","","1984","9.7"
"RUS","","TOTAL","FEMALE","","1985","9.92"
"RUS","","TOTAL","FEMALE","","1986","10.25"
"RUS","","TOTAL","FEMALE","","1987","10.43"
"RUS","","TOTAL","FEMALE","","1988","10.61"
"RUS","","TOTAL","FEMALE","","1989","10.65"
"RUS","","TOTAL","FEMALE","","1990","10.71"
"RUS","","TOTAL","FEMALE","","1991","10.45"
"RUS","","TOTAL","FEMALE","","1992","10.58"
"RUS","","TOTAL","FEMALE","","1993","10.57"
"RUS","","TOTAL","FEMALE","","1994","10.44"
"RUS","","TOTAL","FEMALE","","1995","9.83"
"RUS","","TOTAL","FEMALE","","1996","9.42"
"RUS","","TOTAL","FEMALE","","1997","9.44"
"RUS","","TOTAL","FEMALE","","1998","9.09"
"RUS","","TOTAL","FEMALE","","1999","8.74"
"RUS","","TOTAL","FEMALE","","2000","8.74"
"RUS","","TOTAL","FEMALE","","2001","8.73"
"RUS","","TOTAL","FEMALE","","2002","8.52"
"RUS","","TOTAL","FEMALE","","2003","8.16"
"RUS","","TOTAL","FEMALE","","2004","8.39"
"RUS","","TOTAL","FEMALE","","2005","8.18"
"RUS","","TOTAL","FEMALE","","2006","8.03"
"RUS","","TOTAL","FEMALE","","2007","8.16"
"RUS","","TOTAL","FEMALE","","2008","8.24"
"RUS","","TOTAL","FEMALE","","2009","8.32"
"RUS","","TOTAL","FEMALE","","2010","8.23"
"RUS","","TOTAL","FEMALE","","2011","8.07"
"RUS","","TOTAL","FEMALE","","2012","8.07"
"RUS","","TOTAL","FEMALE","","2013","8.16"
"RUS","","TOTAL","FEMALE","","2014","8.39"
"RUS","","TOTAL","FEMALE","","2015","8.26"
"RUS","","TOTAL","FEMALE","","2019","8.09"
"","SEEHN","TOTAL","FEMALE","","1985","9.89"
"","SEEHN","TOTAL","FEMALE","","1986","9.91"
"","SEEHN","TOTAL","FEMALE","","1987","10.19"
"","SEEHN","TOTAL","FEMALE","","1988","9.87"
"","SEEHN","TOTAL","FEMALE","","1989","10.02"
"","SEEHN","TOTAL","FEMALE","","1990","9.98"
"","SEEHN","TOTAL","FEMALE","","1991","10.27"
"","SEEHN","TOTAL","FEMALE","","1992","9.94"
"","SEEHN","TOTAL","FEMALE","","1993","10.93"
"","SEEHN","TOTAL","FEMALE","","1994","10.84"
"","SEEHN","TOTAL","FEMALE","","1995","11.11"
"","SEEHN","TOTAL","FEMALE","","1996","10.95"
"","SEEHN","TOTAL","FEMALE","","1997","11.26"
"","SEEHN","TOTAL","FEMALE","","1998","11.1"
"","SEEHN","TOTAL","FEMALE","","1999","11.42"
"","SEEHN","TOTAL","FEMALE","","2000","11.97"
"","SEEHN","TOTAL","FEMALE","","2001","11.78"
"","SEEHN","TOTAL","FEMALE","","2002","11.98"
"","SEEHN","TOTAL","FEMALE","","2003","12.48"
"","SEEHN","TOTAL","FEMALE","","2004","12.26"
"","SEEHN","TOTAL","FEMALE","","2005","12.86"
"","SEEHN","TOTAL","FEMALE","","2006","13.37"
"","SEEHN","TOTAL","FEMALE","","2007","13.1"
"","SEEHN","TOTAL","FEMALE","","2008","13.29"
"","SEEHN","TOTAL","FEMALE","","2009","13.67"
"","SEEHN","TOTAL","FEMALE","","2010","13.92"
"","SEEHN","TOTAL","FEMALE","","2011","14.47"
"","SEEHN","TOTAL","FEMALE","","2012","14.73"
"","SEEHN","TOTAL","FEMALE","","2013","14.84"
"","SEEHN","TOTAL","FEMALE","","2014","15.23"
"","SEEHN","TOTAL","FEMALE","","2015","15.34"
"","SEEHN","TOTAL","FEMALE","","2016","15.43"
"","SEEHN","TOTAL","FEMALE","","2017","15.47"
"","SEEHN","TOTAL","FEMALE","","2018","15.91"
"","SEEHN","TOTAL","FEMALE","","2019","15.88"
"","SEEHN","TOTAL","FEMALE","","2021","15.44"
"","SMALL","TOTAL","FEMALE","","1995","13.21"
"","SMALL","TOTAL","FEMALE","","1996","14.86"
"","SMALL","TOTAL","FEMALE","","1997","15.66"
"","SMALL","TOTAL","FEMALE","","1998","14.87"
"","SMALL","TOTAL","FEMALE","","1999","15.13"
"","SMALL","TOTAL","FEMALE","","2000","15.52"
"","SMALL","TOTAL","FEMALE","","2001","14.14"
"","SMALL","TOTAL","FEMALE","","2002","13.36"
"","SMALL","TOTAL","FEMALE","","2003","16.62"
"","SMALL","TOTAL","FEMALE","","2004","15.52"
"","SMALL","TOTAL","FEMALE","","2005","17.93"
"","SMALL","TOTAL","FEMALE","","2006","15.71"
"","SMALL","TOTAL","FEMALE","","2007","17.32"
"","SMALL","TOTAL","FEMALE","","2008","15.6"
"","SMALL","TOTAL","FEMALE","","2009","17.1"
"","SMALL","TOTAL","FEMALE","","2010","16.53"
"","SMALL","TOTAL","FEMALE","","2011","16.86"
"","SMALL","TOTAL","FEMALE","","2012","18.13"
"","SMALL","TOTAL","FEMALE","","2013","15.18"
"","SMALL","TOTAL","FEMALE","","2014","16.42"
"","SMALL","TOTAL","FEMALE","","2015","17.01"
"","SMALL","TOTAL","FEMALE","","2016","17.97"
"","SMALL","TOTAL","FEMALE","","2017","17.55"
"","SMALL","TOTAL","FEMALE","","2019","16.16"
"SMR","","TOTAL","FEMALE","","1995","9.54"
"SMR","","TOTAL","FEMALE","","1996","3.17"
"SMR","","TOTAL","FEMALE","","1997","12.5"
"SMR","","TOTAL","FEMALE","","1998","0"
"SMR","","TOTAL","FEMALE","","1999","5.24"
"SMR","","TOTAL","FEMALE","","2000","12.59"
"SMR","","TOTAL","FEMALE","","2005","29.86"
"SRB","","TOTAL","FEMALE","","1998","13.73"
"SRB","","TOTAL","FEMALE","","1999","14.92"
"SRB","","TOTAL","FEMALE","","2000","16.68"
"SRB","","TOTAL","FEMALE","","2001","16.48"
"SRB","","TOTAL","FEMALE","","2002","17.31"
"SRB","","TOTAL","FEMALE","","2003","17.9"
"SRB","","TOTAL","FEMALE","","2004","18.75"
"SRB","","TOTAL","FEMALE","","2005","19.1"
"SRB","","TOTAL","FEMALE","","2006","21.59"
"SRB","","TOTAL","FEMALE","","2007","20.63"
"SRB","","TOTAL","FEMALE","","2008","22.17"
"SRB","","TOTAL","FEMALE","","2009","24.2"
"SRB","","TOTAL","FEMALE","","2010","24.4"
"SRB","","TOTAL","FEMALE","","2011","24.23"
"SRB","","TOTAL","FEMALE","","2012","24.92"
"SRB","","TOTAL","FEMALE","","2013","25.64"
"SRB","","TOTAL","FEMALE","","2014","25.55"
"SRB","","TOTAL","FEMALE","","2015","25.85"
"SRB","","TOTAL","FEMALE","","2016","27.07"
"SRB","","TOTAL","FEMALE","","2017","27.66"
"SRB","","TOTAL","FEMALE","","2018","28.26"
"SRB","","TOTAL","FEMALE","","2019","27.92"
"SRB","","TOTAL","FEMALE","","2020","27.53"
"SRB","","TOTAL","FEMALE","","2021","26.18"
"SRB","","TOTAL","FEMALE","","2022","25"
"SVK","","TOTAL","FEMALE","","1992","10.96"
"SVK","","TOTAL","FEMALE","","1993","10.38"
"SVK","","TOTAL","FEMALE","","1994","10.76"
"SVK","","TOTAL","FEMALE","","1995","10"
"SVK","","TOTAL","FEMALE","","1996","9.66"
"SVK","","TOTAL","FEMALE","","1997","10.94"
"SVK","","TOTAL","FEMALE","","1998","10.78"
"SVK","","TOTAL","FEMALE","","1999","11.59"
"SVK","","TOTAL","FEMALE","","2000","11.69"
"SVK","","TOTAL","FEMALE","","2001","10.89"
"SVK","","TOTAL","FEMALE","","2002","10.71"
"SVK","","TOTAL","FEMALE","","2003","11.45"
"SVK","","TOTAL","FEMALE","","2004","12.09"
"SVK","","TOTAL","FEMALE","","2005","11.5"
"SVK","","TOTAL","FEMALE","","2006","11.9"
"SVK","","TOTAL","FEMALE","","2007","11.87"
"SVK","","TOTAL","FEMALE","","2008","13.11"
"SVK","","TOTAL","FEMALE","","2009","13.53"
"SVK","","TOTAL","FEMALE","","2010","14.71"
"SVK","","TOTAL","FEMALE","","2012","14.08"
"SVK","","TOTAL","FEMALE","","2013","14.45"
"SVK","","TOTAL","FEMALE","","2014","14.79"
"SVK","","TOTAL","FEMALE","","2016","16.4"
"SVK","","TOTAL","FEMALE","","2017","15.5"
"SVK","","TOTAL","FEMALE","","2018","14.39"
"SVK","","TOTAL","FEMALE","","2019","14.22"
"SVK","","TOTAL","FEMALE","","2020","15.85"
"SVK","","TOTAL","FEMALE","","2021","13.92"
"SVN","","TOTAL","FEMALE","","1985","10.38"
"SVN","","TOTAL","FEMALE","","1986","11.49"
"SVN","","TOTAL","FEMALE","","1987","9.43"
"SVN","","TOTAL","FEMALE","","1988","10.73"
"SVN","","TOTAL","FEMALE","","1989","12.66"
"SVN","","TOTAL","FEMALE","","1990","12.19"
"SVN","","TOTAL","FEMALE","","1991","11.7"
"SVN","","TOTAL","FEMALE","","1992","12.31"
"SVN","","TOTAL","FEMALE","","1993","13.5"
"SVN","","TOTAL","FEMALE","","1994","12.52"
"SVN","","TOTAL","FEMALE","","1995","13.88"
"SVN","","TOTAL","FEMALE","","1996","13.21"
"SVN","","TOTAL","FEMALE","","1997","14.43"
"SVN","","TOTAL","FEMALE","","1998","13.04"
"SVN","","TOTAL","FEMALE","","1999","16.57"
"SVN","","TOTAL","FEMALE","","2000","14.87"
"SVN","","TOTAL","FEMALE","","2001","15.83"
"SVN","","TOTAL","FEMALE","","2002","16.99"
"SVN","","TOTAL","FEMALE","","2003","18.1"
"SVN","","TOTAL","FEMALE","","2004","16.5"
"SVN","","TOTAL","FEMALE","","2005","18.91"
"SVN","","TOTAL","FEMALE","","2006","17.66"
"SVN","","TOTAL","FEMALE","","2007","19.14"
"SVN","","TOTAL","FEMALE","","2008","19.37"
"SVN","","TOTAL","FEMALE","","2009","18.65"
"SVN","","TOTAL","FEMALE","","2010","19.4"
"SVN","","TOTAL","FEMALE","","2011","20.63"
"SVN","","TOTAL","FEMALE","","2012","21.22"
"SVN","","TOTAL","FEMALE","","2013","20.94"
"SVN","","TOTAL","FEMALE","","2014","23.22"
"SVN","","TOTAL","FEMALE","","2015","20.87"
"SVN","","TOTAL","FEMALE","","2016","22.45"
"SVN","","TOTAL","FEMALE","","2017","25.96"
"SVN","","TOTAL","FEMALE","","2018","25.78"
"SVN","","TOTAL","FEMALE","","2019","22.44"
"SVN","","TOTAL","FEMALE","","2020","23"
"SWE","","TOTAL","FEMALE","","1969","6.59"
"SWE","","TOTAL","FEMALE","","1970","7.03"
"SWE","","TOTAL","FEMALE","","1971","7.69"
"SWE","","TOTAL","FEMALE","","1972","7.63"
"SWE","","TOTAL","FEMALE","","1973","8.36"
"SWE","","TOTAL","FEMALE","","1974","8.87"
"SWE","","TOTAL","FEMALE","","1975","9.04"
"SWE","","TOTAL","FEMALE","","1976","8.62"
"SWE","","TOTAL","FEMALE","","1977","9.23"
"SWE","","TOTAL","FEMALE","","1978","9.79"
"SWE","","TOTAL","FEMALE","","1979","9.75"
"SWE","","TOTAL","FEMALE","","1980","10.68"
"SWE","","TOTAL","FEMALE","","1981","11.54"
"SWE","","TOTAL","FEMALE","","1982","11.3"
"SWE","","TOTAL","FEMALE","","1983","11.28"
"SWE","","TOTAL","FEMALE","","1984","12.05"
"SWE","","TOTAL","FEMALE","","1985","11.85"
"SWE","","TOTAL","FEMALE","","1986","12.9"
"SWE","","TOTAL","FEMALE","","1987","13.61"
"SWE","","TOTAL","FEMALE","","1988","14.18"
"SWE","","TOTAL","FEMALE","","1989","14.26"
"SWE","","TOTAL","FEMALE","","1990","14"
"SWE","","TOTAL","FEMALE","","1991","15.79"
"SWE","","TOTAL","FEMALE","","1992","15.94"
"SWE","","TOTAL","FEMALE","","1993","15.25"
"SWE","","TOTAL","FEMALE","","1994","15.87"
"SWE","","TOTAL","FEMALE","","1995","17.59"
"SWE","","TOTAL","FEMALE","","1996","18.41"
"SWE","","TOTAL","FEMALE","","1999","18.43"
"SWE","","TOTAL","FEMALE","","2000","19.29"
"SWE","","TOTAL","FEMALE","","2001","20.91"
"SWE","","TOTAL","FEMALE","","2002","20.54"
"SWE","","TOTAL","FEMALE","","2003","20.19"
"SWE","","TOTAL","FEMALE","","2004","22.51"
"SWE","","TOTAL","FEMALE","","2005","23.25"
"SWE","","TOTAL","FEMALE","","2006","22.59"
"SWE","","TOTAL","FEMALE","","2007","23.3"
"SWE","","TOTAL","FEMALE","","2008","23.06"
"SWE","","TOTAL","FEMALE","","2009","22.74"
"SWE","","TOTAL","FEMALE","","2010","22.33"
"SWE","","TOTAL","FEMALE","","2011","22.09"
"SWE","","TOTAL","FEMALE","","2012","21.62"
"SWE","","TOTAL","FEMALE","","2013","22.61"
"SWE","","TOTAL","FEMALE","","2014","22.76"
"SWE","","TOTAL","FEMALE","","2015","21.94"
"SWE","","TOTAL","FEMALE","","2016","21.55"
"SWE","","TOTAL","FEMALE","","2017","21.92"
"SWE","","TOTAL","FEMALE","","2018","20.57"
"SWE","","TOTAL","FEMALE","","2019","20.39"
"SWE","","TOTAL","FEMALE","","2020","19.13"
"SWE","","TOTAL","FEMALE","","2021","19.15"
"SWE","","TOTAL","FEMALE","","2022","18.51"
"TJK","","TOTAL","FEMALE","","1981","6.33"
"TJK","","TOTAL","FEMALE","","1982","6.66"
"TJK","","TOTAL","FEMALE","","1985","8.66"
"TJK","","TOTAL","FEMALE","","1986","9.21"
"TJK","","TOTAL","FEMALE","","1987","8.54"
"TJK","","TOTAL","FEMALE","","1988","11.53"
"TJK","","TOTAL","FEMALE","","1989","9.62"
"TJK","","TOTAL","FEMALE","","1990","6.25"
"TJK","","TOTAL","FEMALE","","1991","6.27"
"TJK","","TOTAL","FEMALE","","1992","5.49"
"TJK","","TOTAL","FEMALE","","1993","3.75"
"TJK","","TOTAL","FEMALE","","1994","3.41"
"TJK","","TOTAL","FEMALE","","1995","2.87"
"TJK","","TOTAL","FEMALE","","1996","2.14"
"TJK","","TOTAL","FEMALE","","1997","3.38"
"TJK","","TOTAL","FEMALE","","1998","3.96"
"TJK","","TOTAL","FEMALE","","1999","3.38"
"TJK","","TOTAL","FEMALE","","2000","3.01"
"TJK","","TOTAL","FEMALE","","2001","3.31"
"TJK","","TOTAL","FEMALE","","2002","3.71"
"TJK","","TOTAL","FEMALE","","2003","4.47"
"TJK","","TOTAL","FEMALE","","2004","4.13"
"TJK","","TOTAL","FEMALE","","2005","3.99"
"TJK","","TOTAL","FEMALE","","2017","3.73"
"TKM","","TOTAL","FEMALE","","1981","7.98"
"TKM","","TOTAL","FEMALE","","1982","7.53"
"TKM","","TOTAL","FEMALE","","1985","7.72"
"TKM","","TOTAL","FEMALE","","1986","5.91"
"TKM","","TOTAL","FEMALE","","1987","6.8"
"TKM","","TOTAL","FEMALE","","1988","7.6"
"TKM","","TOTAL","FEMALE","","1989","5.41"
"TKM","","TOTAL","FEMALE","","1990","4.89"
"TKM","","TOTAL","FEMALE","","1991","4.87"
"TKM","","TOTAL","FEMALE","","1992","6.09"
"TKM","","TOTAL","FEMALE","","1993","7.26"
"TKM","","TOTAL","FEMALE","","1994","5.3"
"TKM","","TOTAL","FEMALE","","1995","5.11"
"TKM","","TOTAL","FEMALE","","1996","6.28"
"TKM","","TOTAL","FEMALE","","1997","4.6"
"TKM","","TOTAL","FEMALE","","1998","4.38"
"TKM","","TOTAL","FEMALE","","1999","3.74"
"TKM","","TOTAL","FEMALE","","2000","4.51"
"TKM","","TOTAL","FEMALE","","2001","6.22"
"TKM","","TOTAL","FEMALE","","2002","4.03"
"TKM","","TOTAL","FEMALE","","2003","2.91"
"TKM","","TOTAL","FEMALE","","2004","2.98"
"TKM","","TOTAL","FEMALE","","2005","3.46"
"TKM","","TOTAL","FEMALE","","2006","3.45"
"TKM","","TOTAL","FEMALE","","2007","3.71"
"TKM","","TOTAL","FEMALE","","2008","4.33"
"TKM","","TOTAL","FEMALE","","2009","3.54"
"TKM","","TOTAL","FEMALE","","2010","4.7"
"TKM","","TOTAL","FEMALE","","2011","4.79"
"TKM","","TOTAL","FEMALE","","2012","3.6"
"TKM","","TOTAL","FEMALE","","2013","3.4"
"TUR","","TOTAL","FEMALE","","2009","9.48"
"TUR","","TOTAL","FEMALE","","2010","9.33"
"TUR","","TOTAL","FEMALE","","2011","9.71"
"TUR","","TOTAL","FEMALE","","2012","10.32"
"TUR","","TOTAL","FEMALE","","2013","10.34"
"TUR","","TOTAL","FEMALE","","2014","10.53"
"TUR","","TOTAL","FEMALE","","2015","10.69"
"TUR","","TOTAL","FEMALE","","2016","10.78"
"TUR","","TOTAL","FEMALE","","2017","10.33"
"TUR","","TOTAL","FEMALE","","2018","10.64"
"TUR","","TOTAL","FEMALE","","2019","9.77"
"UKR","","TOTAL","FEMALE","","1981","9.18"
"UKR","","TOTAL","FEMALE","","1982","9.22"
"UKR","","TOTAL","FEMALE","","1985","9.26"
"UKR","","TOTAL","FEMALE","","1986","9.67"
"UKR","","TOTAL","FEMALE","","1987","9.96"
"UKR","","TOTAL","FEMALE","","1988","10.31"
"UKR","","TOTAL","FEMALE","","1989","10.47"
"UKR","","TOTAL","FEMALE","","1990","10.55"
"UKR","","TOTAL","FEMALE","","1991","10.58"
"UKR","","TOTAL","FEMALE","","1992","9.85"
"UKR","","TOTAL","FEMALE","","1993","9.63"
"UKR","","TOTAL","FEMALE","","1994","9.24"
"UKR","","TOTAL","FEMALE","","1995","9.24"
"UKR","","TOTAL","FEMALE","","1996","8.47"
"UKR","","TOTAL","FEMALE","","1997","8.45"
"UKR","","TOTAL","FEMALE","","1998","8.36"
"UKR","","TOTAL","FEMALE","","1999","8.35"
"UKR","","TOTAL","FEMALE","","2000","8.14"
"UKR","","TOTAL","FEMALE","","2001","7.58"
"UKR","","TOTAL","FEMALE","","2002","7.18"
"UKR","","TOTAL","FEMALE","","2003","6.94"
"UKR","","TOTAL","FEMALE","","2004","7.17"
"UKR","","TOTAL","FEMALE","","2005","6.79"
"UKR","","TOTAL","FEMALE","","2006","6.75"
"UKR","","TOTAL","FEMALE","","2007","6.43"
"UKR","","TOTAL","FEMALE","","2008","6.5"
"UKR","","TOTAL","FEMALE","","2009","6.59"
"UKR","","TOTAL","FEMALE","","2010","6.46"
"UKR","","TOTAL","FEMALE","","2011","6.52"
"UKR","","TOTAL","FEMALE","","2012","7.05"
"UKR","","TOTAL","FEMALE","","2014","6.67"
"UKR","","TOTAL","FEMALE","","2015","6.11"
"UKR","","TOTAL","FEMALE","","2017","6.28"
"UKR","","TOTAL","FEMALE","","2018","6.21"
"UKR","","TOTAL","FEMALE","","2019","6.52"
"UZB","","TOTAL","FEMALE","","1981","6.51"
"UZB","","TOTAL","FEMALE","","1982","6.83"
"UZB","","TOTAL","FEMALE","","1985","7.05"
"UZB","","TOTAL","FEMALE","","1986","7.16"
"UZB","","TOTAL","FEMALE","","1987","8.53"
"UZB","","TOTAL","FEMALE","","1988","7.72"
"UZB","","TOTAL","FEMALE","","1989","6.89"
"UZB","","TOTAL","FEMALE","","1990","7.78"
"UZB","","TOTAL","FEMALE","","1991","6.97"
"UZB","","TOTAL","FEMALE","","1992","6.64"
"UZB","","TOTAL","FEMALE","","1993","6.82"
"UZB","","TOTAL","FEMALE","","1994","5.82"
"UZB","","TOTAL","FEMALE","","1995","5.61"
"UZB","","TOTAL","FEMALE","","1996","5.29"
"UZB","","TOTAL","FEMALE","","1997","5.26"
"UZB","","TOTAL","FEMALE","","1998","5.45"
"UZB","","TOTAL","FEMALE","","1999","4.65"
"UZB","","TOTAL","FEMALE","","2000","4.73"
"UZB","","TOTAL","FEMALE","","2001","4.22"
"UZB","","TOTAL","FEMALE","","2002","4.47"
"UZB","","TOTAL","FEMALE","","2003","4.56"
"UZB","","TOTAL","FEMALE","","2004","3.32"
"UZB","","TOTAL","FEMALE","","2005","4.33"
"UZB","","TOTAL","FEMALE","","2009","3.35"
"UZB","","TOTAL","FEMALE","","2010","3.58"
"UZB","","TOTAL","FEMALE","","2011","3.37"
"UZB","","TOTAL","FEMALE","","2012","4.44"
"UZB","","TOTAL","FEMALE","","2013","4.18"
"UZB","","TOTAL","FEMALE","","2014","3.83"
"UZB","","TOTAL","FEMALE","","2015","3.73"
"UZB","","TOTAL","FEMALE","","2016","4.5"
"","WESTERN_BALKANS","TOTAL","FEMALE","","1998","12.96"
"","WESTERN_BALKANS","TOTAL","FEMALE","","1999","13.51"
"","WESTERN_BALKANS","TOTAL","FEMALE","","2000","14.42"
"","WESTERN_BALKANS","TOTAL","FEMALE","","2001","13.76"
"","WESTERN_BALKANS","TOTAL","FEMALE","","2002","14.55"
"","WESTERN_BALKANS","TOTAL","FEMALE","","2003","15"
"","WESTERN_BALKANS","TOTAL","FEMALE","","2004","15.4"
"","WESTERN_BALKANS","TOTAL","FEMALE","","2005","15.21"
"","WESTERN_BALKANS","TOTAL","FEMALE","","2006","16.37"
"","WESTERN_BALKANS","TOTAL","FEMALE","","2007","15.48"
"","WESTERN_BALKANS","TOTAL","FEMALE","","2008","16.62"
"","WESTERN_BALKANS","TOTAL","FEMALE","","2009","17.53"
"","WESTERN_BALKANS","TOTAL","FEMALE","","2011","17.39"
"","WESTERN_BALKANS","TOTAL","FEMALE","","2016","20.12"
"","WESTERN_BALKANS","TOTAL","FEMALE","","2017","20.17"
"","WESTERN_BALKANS","TOTAL","FEMALE","","2019","20.08"
"","WESTERN_BALKANS","TOTAL","FEMALE","","2021","19.09"
"","WHO_EURO","TOTAL","FEMALE","","1981","10.36"
"","WHO_EURO","TOTAL","FEMALE","","1982","10.57"
"","WHO_EURO","TOTAL","FEMALE","","1985","11.11"
"","WHO_EURO","TOTAL","FEMALE","","1986","11.37"
"","WHO_EURO","TOTAL","FEMALE","","1987","11.61"
"","WHO_EURO","TOTAL","FEMALE","","1988","11.87"
"","WHO_EURO","TOTAL","FEMALE","","1989","11.89"
"","WHO_EURO","TOTAL","FEMALE","","1990","11.98"
"","WHO_EURO","TOTAL","FEMALE","","1991","12.14"
"","WHO_EURO","TOTAL","FEMALE","","1992","12.17"
"","WHO_EURO","TOTAL","FEMALE","","1993","12.34"
"","WHO_EURO","TOTAL","FEMALE","","1994","12.41"
"","WHO_EURO","TOTAL","FEMALE","","1995","12.42"
"","WHO_EURO","TOTAL","FEMALE","","2000","12.96"
"","WHO_EURO","TOTAL","FEMALE","","2001","12.94"
"","WHO_EURO","TOTAL","FEMALE","","2002","13.2"
"","WHO_EURO","TOTAL","FEMALE","","2003","13.32"
"","WHO_EURO","TOTAL","FEMALE","","2004","13.46"
"","WHO_EURO","TOTAL","FEMALE","","2005","13.75"
"","WHO_EURO","TOTAL","FEMALE","","2006","13.96"
"","WHO_EURO","TOTAL","FEMALE","","2007","14.15"
"","WHO_EURO","TOTAL","FEMALE","","2008","14.48"
"","WHO_EURO","TOTAL","FEMALE","","2009","14.54"
"","WHO_EURO","TOTAL","FEMALE","","2010","14.72"
"","WHO_EURO","TOTAL","FEMALE","","2011","14.97"
"","WHO_EURO","TOTAL","FEMALE","","2012","15.25"
"","WHO_EURO","TOTAL","FEMALE","","2013","15.25"
"","WHO_EURO","TOTAL","FEMALE","","2014","15.57"
"","WHO_EURO","TOTAL","FEMALE","","2015","15.57"
"","WHO_EURO","TOTAL","FEMALE","","2016","15.62"
"","WHO_EURO","TOTAL","FEMALE","","2017","15.49"
"","WHO_EURO","TOTAL","FEMALE","","2018","15.38"
"","WHO_EURO","TOTAL","FEMALE","","2019","15.21"
"","WHO_EURO","TOTAL","FEMALE","","2020","15.09"
"ALB","","TOTAL","MALE","","1987","51.64"
"ALB","","TOTAL","MALE","","1988","54.3"
"ALB","","TOTAL","MALE","","1989","47.91"
"ALB","","TOTAL","MALE","","1992","39.09"
"ALB","","TOTAL","MALE","","1993","36.31"
"ALB","","TOTAL","MALE","","1994","31.17"
"ALB","","TOTAL","MALE","","1995","48.3"
"ALB","","TOTAL","MALE","","1996","51.42"
"ALB","","TOTAL","MALE","","1997","54.12"
"ALB","","TOTAL","MALE","","1998","52.59"
"ALB","","TOTAL","MALE","","1999","54.11"
"ALB","","TOTAL","MALE","","2000","51.82"
"ALB","","TOTAL","MALE","","2001","40.31"
"ALB","","TOTAL","MALE","","2002","44.45"
"ALB","","TOTAL","MALE","","2003","48.84"
"ALB","","TOTAL","MALE","","2004","42.71"
"ALB","","TOTAL","MALE","","2005","37.64"
"ALB","","TOTAL","MALE","","2006","36.49"
"ALB","","TOTAL","MALE","","2007","34.01"
"ALB","","TOTAL","MALE","","2008","39.36"
"ALB","","TOTAL","MALE","","2009","36.66"
"ARM","","TOTAL","MALE","","1981","47.08"
"ARM","","TOTAL","MALE","","1982","46.83"
"ARM","","TOTAL","MALE","","1985","53.67"
"ARM","","TOTAL","MALE","","1986","53.31"
"ARM","","TOTAL","MALE","","1987","51.95"
"ARM","","TOTAL","MALE","","1988","62.26"
"ARM","","TOTAL","MALE","","1989","60.39"
"ARM","","TOTAL","MALE","","1990","67.26"
"ARM","","TOTAL","MALE","","1991","65.18"
"ARM","","TOTAL","MALE","","1992","59.1"
"ARM","","TOTAL","MALE","","1993","53.07"
"ARM","","TOTAL","MALE","","1994","48.06"
"ARM","","TOTAL","MALE","","1995","49.4"
"ARM","","TOTAL","MALE","","1996","50.49"
"ARM","","TOTAL","MALE","","1997","53.27"
"ARM","","TOTAL","MALE","","1998","49.82"
"ARM","","TOTAL","MALE","","1999","53.72"
"ARM","","TOTAL","MALE","","2000","53.41"
"ARM","","TOTAL","MALE","","2001","55.06"
"ARM","","TOTAL","MALE","","2002","63.23"
"ARM","","TOTAL","MALE","","2003","64.58"
"ARM","","TOTAL","MALE","","2008","84.81"
"ARM","","TOTAL","MALE","","2012","73.97"
"ARM","","TOTAL","MALE","","2013","69.55"
"ARM","","TOTAL","MALE","","2014","75.75"
"ARM","","TOTAL","MALE","","2015","77.85"
"ARM","","TOTAL","MALE","","2016","75.61"
"ARM","","TOTAL","MALE","","2017","67.37"
"ARM","","TOTAL","MALE","","2018","63.58"
"ARM","","TOTAL","MALE","","2019","72.07"
"ARM","","TOTAL","MALE","","2022","67.51"
"AUT","","TOTAL","MALE","","1969","75.39"
"AUT","","TOTAL","MALE","","1970","74.05"
"AUT","","TOTAL","MALE","","1971","74.23"
"AUT","","TOTAL","MALE","","1972","76.06"
"AUT","","TOTAL","MALE","","1973","77.42"
"AUT","","TOTAL","MALE","","1974","75.44"
"AUT","","TOTAL","MALE","","1975","75.88"
"AUT","","TOTAL","MALE","","1976","75.4"
"AUT","","TOTAL","MALE","","1977","76.22"
"AUT","","TOTAL","MALE","","1978","73.91"
"AUT","","TOTAL","MALE","","1979","76.58"
"AUT","","TOTAL","MALE","","1980","75.36"
"AUT","","TOTAL","MALE","","1981","73.05"
"AUT","","TOTAL","MALE","","1982","71.21"
"AUT","","TOTAL","MALE","","1983","72.95"
"AUT","","TOTAL","MALE","","1984","75.62"
"AUT","","TOTAL","MALE","","1985","71.58"
"AUT","","TOTAL","MALE","","1986","70.41"
"AUT","","TOTAL","MALE","","1987","69.83"
"AUT","","TOTAL","MALE","","1988","68.71"
"AUT","","TOTAL","MALE","","1989","68.4"
"AUT","","TOTAL","MALE","","1990","68.34"
"AUT","","TOTAL","MALE","","1991","68.62"
"AUT","","TOTAL","MALE","","1992","65.63"
"AUT","","TOTAL","MALE","","1993","68.16"
"AUT","","TOTAL","MALE","","1994","62.75"
"AUT","","TOTAL","MALE","","1995","61.87"
"AUT","","TOTAL","MALE","","1996","62.11"
"AUT","","TOTAL","MALE","","1997","59.89"
"AUT","","TOTAL","MALE","","1998","60.75"
"AUT","","TOTAL","MALE","","1999","56.89"
"AUT","","TOTAL","MALE","","2000","55.5"
"AUT","","TOTAL","MALE","","2001","53.67"
"AUT","","TOTAL","MALE","","2002","55.32"
"AUT","","TOTAL","MALE","","2003","52.67"
"AUT","","TOTAL","MALE","","2004","51.34"
"AUT","","TOTAL","MALE","","2005","50.32"
"AUT","","TOTAL","MALE","","2006","49.89"
"AUT","","TOTAL","MALE","","2007","46.72"
"AUT","","TOTAL","MALE","","2008","48.56"
"AUT","","TOTAL","MALE","","2009","47.39"
"AUT","","TOTAL","MALE","","2010","46.4"
"AUT","","TOTAL","MALE","","2011","44.1"
"AUT","","TOTAL","MALE","","2012","43.55"
"AUT","","TOTAL","MALE","","2013","43.87"
"AUT","","TOTAL","MALE","","2014","43.35"
"AUT","","TOTAL","MALE","","2015","41.41"
"AUT","","TOTAL","MALE","","2016","40.9"
"AUT","","TOTAL","MALE","","2017","39.85"
"AUT","","TOTAL","MALE","","2018","40.3"
"AUT","","TOTAL","MALE","","2019","36.89"
"AUT","","TOTAL","MALE","","2020","37.1"
"AUT","","TOTAL","MALE","","2021","35.43"
"AZE","","TOTAL","MALE","","1981","50.18"
"AZE","","TOTAL","MALE","","1982","49.31"
"AZE","","TOTAL","MALE","","1985","46.04"
"AZE","","TOTAL","MALE","","1986","51.65"
"AZE","","TOTAL","MALE","","1987","52.99"
"AZE","","TOTAL","MALE","","1988","48.95"
"AZE","","TOTAL","MALE","","1989","45.56"
"AZE","","TOTAL","MALE","","1990","37.28"
"AZE","","TOTAL","MALE","","1991","39.42"
"AZE","","TOTAL","MALE","","1992","40.17"
"AZE","","TOTAL","MALE","","1993","36.45"
"AZE","","TOTAL","MALE","","1994","31.26"
"AZE","","TOTAL","MALE","","1995","29.99"
"AZE","","TOTAL","MALE","","1996","31.49"
"AZE","","TOTAL","MALE","","1997","32.93"
"AZE","","TOTAL","MALE","","1998","29.18"
"AZE","","TOTAL","MALE","","1999","32.14"
"AZE","","TOTAL","MALE","","2000","28.53"
"AZE","","TOTAL","MALE","","2001","29.67"
"AZE","","TOTAL","MALE","","2002","30.15"
"AZE","","TOTAL","MALE","","2003","33.41"
"AZE","","TOTAL","MALE","","2004","30.89"
"AZE","","TOTAL","MALE","","2007","16.95"
"BEL","","TOTAL","MALE","","1968","77.98"
"BEL","","TOTAL","MALE","","1969","79.61"
"BEL","","TOTAL","MALE","","1970","84.57"
"BEL","","TOTAL","MALE","","1971","92.43"
"BEL","","TOTAL","MALE","","1972","96.12"
"BEL","","TOTAL","MALE","","1973","97.82"
"BEL","","TOTAL","MALE","","1974","97"
"BEL","","TOTAL","MALE","","1975","100.06"
"BEL","","TOTAL","MALE","","1976","103.18"
"BEL","","TOTAL","MALE","","1977","111.75"
"BEL","","TOTAL","MALE","","1978","114.61"
"BEL","","TOTAL","MALE","","1979","113.89"
"BEL","","TOTAL","MALE","","1980","116.46"
"BEL","","TOTAL","MALE","","1981","117.68"
"BEL","","TOTAL","MALE","","1982","114.79"
"BEL","","TOTAL","MALE","","1983","121.02"
"BEL","","TOTAL","MALE","","1984","118.87"
"BEL","","TOTAL","MALE","","1985","119.82"
"BEL","","TOTAL","MALE","","1986","115.74"
"BEL","","TOTAL","MALE","","1987","114.64"
"BEL","","TOTAL","MALE","","1988","116.55"
"BEL","","TOTAL","MALE","","1989","109.43"
"BEL","","TOTAL","MALE","","1990","109.04"
"BEL","","TOTAL","MALE","","1991","107.3"
"BEL","","TOTAL","MALE","","1992","108.09"
"BEL","","TOTAL","MALE","","1993","108.33"
"BEL","","TOTAL","MALE","","1994","104.55"
"BEL","","TOTAL","MALE","","1995","106.16"
"BEL","","TOTAL","MALE","","1996","99.52"
"BEL","","TOTAL","MALE","","1997","101.97"
"BEL","","TOTAL","MALE","","1998","93.47"
"BEL","","TOTAL","MALE","","1999","87.88"
"BEL","","TOTAL","MALE","","2000","86.87"
"BEL","","TOTAL","MALE","","2001","86.45"
"BEL","","TOTAL","MALE","","2002","83.12"
"BEL","","TOTAL","MALE","","2003","80.08"
"BEL","","TOTAL","MALE","","2004","76.43"
"BEL","","TOTAL","MALE","","2005","78.73"
"BEL","","TOTAL","MALE","","2006","76.27"
"BEL","","TOTAL","MALE","","2007","73.59"
"BEL","","TOTAL","MALE","","2008","73.94"
"BEL","","TOTAL","MALE","","2009","71.19"
"BEL","","TOTAL","MALE","","2010","71.19"
"BEL","","TOTAL","MALE","","2011","68.28"
"BEL","","TOTAL","MALE","","2012","63.26"
"BEL","","TOTAL","MALE","","2013","61.79"
"BEL","","TOTAL","MALE","","2014","60.87"
"BEL","","TOTAL","MALE","","2015","56.2"
"BEL","","TOTAL","MALE","","2016","55.09"
"BEL","","TOTAL","MALE","","2017","49.36"
"BEL","","TOTAL","MALE","","2018","47.94"
"BEL","","TOTAL","MALE","","2019","45.47"
"BEL","","TOTAL","MALE","","2020","42.88"
"BGR","","TOTAL","MALE","","1968","52.1"
"BGR","","TOTAL","MALE","","1969","50.76"
"BGR","","TOTAL","MALE","","1970","47.83"
"BGR","","TOTAL","MALE","","1971","52.84"
"BGR","","TOTAL","MALE","","1972","51.21"
"BGR","","TOTAL","MALE","","1973","53.8"
"BGR","","TOTAL","MALE","","1974","51.72"
"BGR","","TOTAL","MALE","","1975","49.23"
"BGR","","TOTAL","MALE","","1976","50.53"
"BGR","","TOTAL","MALE","","1977","50.62"
"BGR","","TOTAL","MALE","","1978","49.45"
"BGR","","TOTAL","MALE","","1979","51.86"
"BGR","","TOTAL","MALE","","1980","47.69"
"BGR","","TOTAL","MALE","","1981","52.13"
"BGR","","TOTAL","MALE","","1982","53.89"
"BGR","","TOTAL","MALE","","1983","56.09"
"BGR","","TOTAL","MALE","","1984","56.09"
"BGR","","TOTAL","MALE","","1985","53.51"
"BGR","","TOTAL","MALE","","1986","55.66"
"BGR","","TOTAL","MALE","","1987","57.3"
"BGR","","TOTAL","MALE","","1988","56.05"
"BGR","","TOTAL","MALE","","1989","57.42"
"BGR","","TOTAL","MALE","","1990","56.16"
"BGR","","TOTAL","MALE","","1991","55.21"
"BGR","","TOTAL","MALE","","1992","59.74"
"BGR","","TOTAL","MALE","","1993","59.03"
"BGR","","TOTAL","MALE","","1994","60.65"
"BGR","","TOTAL","MALE","","1995","59.37"
"BGR","","TOTAL","MALE","","1996","58.57"
"BGR","","TOTAL","MALE","","1997","56.51"
"BGR","","TOTAL","MALE","","1998","54.52"
"BGR","","TOTAL","MALE","","1999","55.86"
"BGR","","TOTAL","MALE","","2000","52.44"
"BGR","","TOTAL","MALE","","2001","53.46"
"BGR","","TOTAL","MALE","","2002","55.54"
"BGR","","TOTAL","MALE","","2003","57.72"
"BGR","","TOTAL","MALE","","2004","57.38"
"BGR","","TOTAL","MALE","","2005","62.84"
"BGR","","TOTAL","MALE","","2006","61.79"
"BGR","","TOTAL","MALE","","2007","62.1"
"BGR","","TOTAL","MALE","","2008","63.98"
"BGR","","TOTAL","MALE","","2009","59.81"
"BGR","","TOTAL","MALE","","2010","60.49"
"BGR","","TOTAL","MALE","","2011","59.29"
"BGR","","TOTAL","MALE","","2012","62.19"
"BGR","","TOTAL","MALE","","2013","63.06"
"BGR","","TOTAL","MALE","","2014","58.24"
"BGR","","TOTAL","MALE","","2015","57.77"
"BGR","","TOTAL","MALE","","2016","55.76"
"BGR","","TOTAL","MALE","","2017","54.79"
"BGR","","TOTAL","MALE","","2018","53.11"
"BGR","","TOTAL","MALE","","2019","55.05"
"BGR","","TOTAL","MALE","","2020","52.7"
"BGR","","TOTAL","MALE","","2021","50.19"
"BIH","","TOTAL","MALE","","1985","76.73"
"BIH","","TOTAL","MALE","","1986","72.38"
"BIH","","TOTAL","MALE","","1987","75.25"
"BIH","","TOTAL","MALE","","1988","82.33"
"BIH","","TOTAL","MALE","","1989","84.99"
"BIH","","TOTAL","MALE","","1990","80.45"
"BIH","","TOTAL","MALE","","1991","84.7"
"BIH","","TOTAL","MALE","","2011","70.38"
"BIH","","TOTAL","MALE","","2014","66.57"
"BIH","","TOTAL","MALE","","2016","66.97"
"BIH","","TOTAL","MALE","","2021","53.92"
"BIH","","TOTAL","MALE","","2022","51.46"
"BLR","","TOTAL","MALE","","1981","52.59"
"BLR","","TOTAL","MALE","","1982","56.67"
"BLR","","TOTAL","MALE","","1985","67.21"
"BLR","","TOTAL","MALE","","1986","68.64"
"BLR","","TOTAL","MALE","","1987","72.11"
"BLR","","TOTAL","MALE","","1988","73.91"
"BLR","","TOTAL","MALE","","1989","80.08"
"BLR","","TOTAL","MALE","","1990","79.5"
"BLR","","TOTAL","MALE","","1991","80.45"
"BLR","","TOTAL","MALE","","1992","84.91"
"BLR","","TOTAL","MALE","","1993","86.35"
"BLR","","TOTAL","MALE","","1994","85.94"
"BLR","","TOTAL","MALE","","1995","87.85"
"BLR","","TOTAL","MALE","","1996","84.71"
"BLR","","TOTAL","MALE","","1997","86"
"BLR","","TOTAL","MALE","","1998","84.33"
"BLR","","TOTAL","MALE","","1999","82.12"
"BLR","","TOTAL","MALE","","2000","79.93"
"BLR","","TOTAL","MALE","","2001","79.29"
"BLR","","TOTAL","MALE","","2002","78.91"
"BLR","","TOTAL","MALE","","2003","77.76"
"BLR","","TOTAL","MALE","","2004","77.82"
"BLR","","TOTAL","MALE","","2005","75.03"
"BLR","","TOTAL","MALE","","2007","69.43"
"BLR","","TOTAL","MALE","","2008","69.69"
"BLR","","TOTAL","MALE","","2009","67.55"
"BLR","","TOTAL","MALE","","2010","68.18"
"BLR","","TOTAL","MALE","","2011","65.44"
"BLR","","TOTAL","MALE","","2013","57.36"
"BLR","","TOTAL","MALE","","2014","57.74"
"BLR","","TOTAL","MALE","","2018","58.84"
"","CARINFONET","TOTAL","MALE","","1981","45.18"
"","CARINFONET","TOTAL","MALE","","1982","45.21"
"","CARINFONET","TOTAL","MALE","","1985","48.35"
"","CARINFONET","TOTAL","MALE","","1986","51.45"
"","CARINFONET","TOTAL","MALE","","1987","53.35"
"","CARINFONET","TOTAL","MALE","","1988","52.54"
"","CARINFONET","TOTAL","MALE","","1989","54.05"
"","CARINFONET","TOTAL","MALE","","1990","52.89"
"","CARINFONET","TOTAL","MALE","","1991","52.18"
"","CARINFONET","TOTAL","MALE","","1992","51.12"
"","CARINFONET","TOTAL","MALE","","1993","47.98"
"","CARINFONET","TOTAL","MALE","","1994","42.68"
"","CARINFONET","TOTAL","MALE","","1995","41.99"
"","CARINFONET","TOTAL","MALE","","1996","39.61"
"","CARINFONET","TOTAL","MALE","","1997","38.07"
"","CARINFONET","TOTAL","MALE","","1998","36.89"
"","CARINFONET","TOTAL","MALE","","1999","34.32"
"","CARINFONET","TOTAL","MALE","","2000","33.22"
"","CARINFONET","TOTAL","MALE","","2001","30.63"
"","CARINFONET","TOTAL","MALE","","2002","31.64"
"","CARINFONET","TOTAL","MALE","","2003","30.44"
"","CARINFONET","TOTAL","MALE","","2004","28.42"
"","CARINFONET","TOTAL","MALE","","2005","28.6"
"","CARINFONET","TOTAL","MALE","","2006","26.95"
"","CARINFONET","TOTAL","MALE","","2007","26.53"
"","CARINFONET","TOTAL","MALE","","2008","24.77"
"","CARINFONET","TOTAL","MALE","","2009","25.07"
"","CARINFONET","TOTAL","MALE","","2010","24.59"
"","CARINFONET","TOTAL","MALE","","2011","24.23"
"","CARINFONET","TOTAL","MALE","","2012","23.01"
"","CARINFONET","TOTAL","MALE","","2013","23.86"
"","CARINFONET","TOTAL","MALE","","2014","22.04"
"","CARINFONET","TOTAL","MALE","","2015","21.34"
"","CARINFONET","TOTAL","MALE","","2016","20.18"
"CHE","","TOTAL","MALE","","1969","59.7"
"CHE","","TOTAL","MALE","","1970","59.57"
"CHE","","TOTAL","MALE","","1971","62.53"
"CHE","","TOTAL","MALE","","1972","62.45"
"CHE","","TOTAL","MALE","","1973","65.6"
"CHE","","TOTAL","MALE","","1974","67.06"
"CHE","","TOTAL","MALE","","1975","70.53"
"CHE","","TOTAL","MALE","","1976","69.65"
"CHE","","TOTAL","MALE","","1977","71.27"
"CHE","","TOTAL","MALE","","1978","71.19"
"CHE","","TOTAL","MALE","","1979","72.52"
"CHE","","TOTAL","MALE","","1980","70.43"
"CHE","","TOTAL","MALE","","1981","71.16"
"CHE","","TOTAL","MALE","","1982","72.67"
"CHE","","TOTAL","MALE","","1983","74.31"
"CHE","","TOTAL","MALE","","1984","70.92"
"CHE","","TOTAL","MALE","","1985","72.93"
"CHE","","TOTAL","MALE","","1986","72.17"
"CHE","","TOTAL","MALE","","1987","67.82"
"CHE","","TOTAL","MALE","","1988","68.29"
"CHE","","TOTAL","MALE","","1989","66.16"
"CHE","","TOTAL","MALE","","1990","66.7"
"CHE","","TOTAL","MALE","","1991","65.54"
"CHE","","TOTAL","MALE","","1992","64.7"
"CHE","","TOTAL","MALE","","1993","62.91"
"CHE","","TOTAL","MALE","","1994","59.7"
"CHE","","TOTAL","MALE","","1995","53.73"
"CHE","","TOTAL","MALE","","1996","53.78"
"CHE","","TOTAL","MALE","","1997","53.25"
"CHE","","TOTAL","MALE","","1998","53.36"
"CHE","","TOTAL","MALE","","1999","49.36"
"CHE","","TOTAL","MALE","","2000","52"
"CHE","","TOTAL","MALE","","2001","51.11"
"CHE","","TOTAL","MALE","","2002","46.42"
"CHE","","TOTAL","MALE","","2003","47.13"
"CHE","","TOTAL","MALE","","2004","45.4"
"CHE","","TOTAL","MALE","","2005","47.01"
"CHE","","TOTAL","MALE","","2006","43.21"
"CHE","","TOTAL","MALE","","2007","43.96"
"CHE","","TOTAL","MALE","","2008","43.97"
"CHE","","TOTAL","MALE","","2009","39.64"
"CHE","","TOTAL","MALE","","2010","41.23"
"CHE","","TOTAL","MALE","","2011","39.93"
"CHE","","TOTAL","MALE","","2012","37.23"
"CHE","","TOTAL","MALE","","2013","36.48"
"CHE","","TOTAL","MALE","","2015","36.29"
"CHE","","TOTAL","MALE","","2016","33.28"
"CHE","","TOTAL","MALE","","2017","33.71"
"CHE","","TOTAL","MALE","","2018","32.67"
"CHE","","TOTAL","MALE","","2019","29.19"
"","CIS","TOTAL","MALE","","1981","72.06"
"","CIS","TOTAL","MALE","","1982","73.69"
"","CIS","TOTAL","MALE","","1985","79.21"
"","CIS","TOTAL","MALE","","1986","82.46"
"","CIS","TOTAL","MALE","","1987","84.24"
"","CIS","TOTAL","MALE","","1988","86.31"
"","CIS","TOTAL","MALE","","1989","87.85"
"","CIS","TOTAL","MALE","","1990","87.72"
"","CIS","TOTAL","MALE","","1991","87.45"
"","CIS","TOTAL","MALE","","1992","86.54"
"","CIS","TOTAL","MALE","","1993","85.68"
"","CIS","TOTAL","MALE","","1994","83.08"
"","CIS","TOTAL","MALE","","1995","80.16"
"","CIS","TOTAL","MALE","","1996","76.17"
"","CIS","TOTAL","MALE","","1997","74.88"
"","CIS","TOTAL","MALE","","1998","73.05"
"","CIS","TOTAL","MALE","","1999","71.46"
"","CIS","TOTAL","MALE","","2000","70.23"
"","CIS","TOTAL","MALE","","2001","67.02"
"","CIS","TOTAL","MALE","","2002","66.06"
"","CIS","TOTAL","MALE","","2003","64.02"
"","CIS","TOTAL","MALE","","2004","62.69"
"","CIS","TOTAL","MALE","","2005","61.45"
"","CIS","TOTAL","MALE","","2006","59.52"
"","CIS","TOTAL","MALE","","2007","58.27"
"","CIS","TOTAL","MALE","","2008","56.69"
"","CIS","TOTAL","MALE","","2009","56.23"
"","CIS","TOTAL","MALE","","2010","54.88"
"","CIS","TOTAL","MALE","","2011","53.47"
"","CIS","TOTAL","MALE","","2012","52.01"
"","CIS","TOTAL","MALE","","2013","51.03"
"","CIS","TOTAL","MALE","","2014","50.07"
"","CIS","TOTAL","MALE","","2015","48.49"
"CYP","","TOTAL","MALE","","2004","38.97"
"CYP","","TOTAL","MALE","","2005","34.2"
"CYP","","TOTAL","MALE","","2006","31.37"
"CYP","","TOTAL","MALE","","2007","31.34"
"CYP","","TOTAL","MALE","","2008","34.04"
"CYP","","TOTAL","MALE","","2009","39.75"
"CYP","","TOTAL","MALE","","2010","34.2"
"CYP","","TOTAL","MALE","","2011","40.87"
"CYP","","TOTAL","MALE","","2012","42.9"
"CYP","","TOTAL","MALE","","2013","41.87"
"CYP","","TOTAL","MALE","","2014","40.13"
"CYP","","TOTAL","MALE","","2015","36.45"
"CYP","","TOTAL","MALE","","2016","37.37"
"CYP","","TOTAL","MALE","","2017","45.65"
"CYP","","TOTAL","MALE","","2018","37.9"
"CYP","","TOTAL","MALE","","2019","32.83"
"CYP","","TOTAL","MALE","","2020","45.03"
"CYP","","TOTAL","MALE","","2021","40.96"
"CZE","","TOTAL","MALE","","1986","115.66"
"CZE","","TOTAL","MALE","","1987","112.5"
"CZE","","TOTAL","MALE","","1988","113.16"
"CZE","","TOTAL","MALE","","1989","109.81"
"CZE","","TOTAL","MALE","","1990","112.45"
"CZE","","TOTAL","MALE","","1991","108.56"
"CZE","","TOTAL","MALE","","1992","108.56"
"CZE","","TOTAL","MALE","","1993","105.46"
"CZE","","TOTAL","MALE","","1994","98.2"
"CZE","","TOTAL","MALE","","1995","101.57"
"CZE","","TOTAL","MALE","","1996","95.28"
"CZE","","TOTAL","MALE","","1997","94.74"
"CZE","","TOTAL","MALE","","1998","89.1"
"CZE","","TOTAL","MALE","","1999","89.08"
"CZE","","TOTAL","MALE","","2000","90.17"
"CZE","","TOTAL","MALE","","2001","85.38"
"CZE","","TOTAL","MALE","","2002","84.14"
"CZE","","TOTAL","MALE","","2003","81"
"CZE","","TOTAL","MALE","","2004","82.06"
"CZE","","TOTAL","MALE","","2005","77.18"
"CZE","","TOTAL","MALE","","2006","73.79"
"CZE","","TOTAL","MALE","","2007","71.26"
"CZE","","TOTAL","MALE","","2008","67.63"
"CZE","","TOTAL","MALE","","2009","67.04"
"CZE","","TOTAL","MALE","","2010","66.16"
"CZE","","TOTAL","MALE","","2011","62.98"
"CZE","","TOTAL","MALE","","2012","60.3"
"CZE","","TOTAL","MALE","","2013","57.09"
"CZE","","TOTAL","MALE","","2014","53.93"
"CZE","","TOTAL","MALE","","2015","52.23"
"CZE","","TOTAL","MALE","","2016","51.64"
"CZE","","TOTAL","MALE","","2017","50.86"
"CZE","","TOTAL","MALE","","2018","46.22"
"CZE","","TOTAL","MALE","","2019","46.36"
"CZE","","TOTAL","MALE","","2020","44.6"
"CZE","","TOTAL","MALE","","2021","40.14"
"DEU","","TOTAL","MALE","","1990","71.89"
"DEU","","TOTAL","MALE","","1991","71.9"
"DEU","","TOTAL","MALE","","1992","70.98"
"DEU","","TOTAL","MALE","","1993","71.23"
"DEU","","TOTAL","MALE","","1994","68.95"
"DEU","","TOTAL","MALE","","1995","69.45"
"DEU","","TOTAL","MALE","","1996","66.63"
"DEU","","TOTAL","MALE","","1997","65.55"
"DEU","","TOTAL","MALE","","1998","64.68"
"DEU","","TOTAL","MALE","","1999","62.29"
"DEU","","TOTAL","MALE","","2000","62.63"
"DEU","","TOTAL","MALE","","2001","59.75"
"DEU","","TOTAL","MALE","","2002","58.74"
"DEU","","TOTAL","MALE","","2003","57.24"
"DEU","","TOTAL","MALE","","2004","55.92"
"DEU","","TOTAL","MALE","","2005","54.73"
"DEU","","TOTAL","MALE","","2006","53.72"
"DEU","","TOTAL","MALE","","2007","52.73"
"DEU","","TOTAL","MALE","","2008","52.33"
"DEU","","TOTAL","MALE","","2009","50.6"
"DEU","","TOTAL","MALE","","2010","49.86"
"DEU","","TOTAL","MALE","","2011","49.3"
"DEU","","TOTAL","MALE","","2012","48.44"
"DEU","","TOTAL","MALE","","2013","48.88"
"DEU","","TOTAL","MALE","","2014","47.7"
"DEU","","TOTAL","MALE","","2015","46.55"
"DEU","","TOTAL","MALE","","2016","45.69"
"DEU","","TOTAL","MALE","","2017","43.92"
"DEU","","TOTAL","MALE","","2018","42.83"
"DEU","","TOTAL","MALE","","2019","41.11"
"DEU","","TOTAL","MALE","","2020","40.46"
"DNK","","TOTAL","MALE","","1969","60.25"
"DNK","","TOTAL","MALE","","1970","58.72"
"DNK","","TOTAL","MALE","","1971","64.93"
"DNK","","TOTAL","MALE","","1972","71.24"
"DNK","","TOTAL","MALE","","1973","66.44"
"DNK","","TOTAL","MALE","","1974","68.95"
"DNK","","TOTAL","MALE","","1975","67.95"
"DNK","","TOTAL","MALE","","1976","69.69"
"DNK","","TOTAL","MALE","","1977","71"
"DNK","","TOTAL","MALE","","1978","76.85"
"DNK","","TOTAL","MALE","","1979","78.64"
"DNK","","TOTAL","MALE","","1980","78.61"
"DNK","","TOTAL","MALE","","1981","81.21"
"DNK","","TOTAL","MALE","","1982","80.93"
"DNK","","TOTAL","MALE","","1983","81.81"
"DNK","","TOTAL","MALE","","1984","81.97"
"DNK","","TOTAL","MALE","","1985","83.61"
"DNK","","TOTAL","MALE","","1986","81.33"
"DNK","","TOTAL","MALE","","1987","80.6"
"DNK","","TOTAL","MALE","","1988","79.4"
"DNK","","TOTAL","MALE","","1989","80.7"
"DNK","","TOTAL","MALE","","1990","78.42"
"DNK","","TOTAL","MALE","","1991","72.25"
"DNK","","TOTAL","MALE","","1992","73.03"
"DNK","","TOTAL","MALE","","1993","77.88"
"DNK","","TOTAL","MALE","","1994","74.14"
"DNK","","TOTAL","MALE","","1995","75.25"
"DNK","","TOTAL","MALE","","1996","73.1"
"DNK","","TOTAL","MALE","","1997","69.87"
"DNK","","TOTAL","MALE","","1998","65.55"
"DNK","","TOTAL","MALE","","1999","66.27"
"DNK","","TOTAL","MALE","","2000","67.02"
"DNK","","TOTAL","MALE","","2001","64.68"
"DNK","","TOTAL","MALE","","2002","61.07"
"DNK","","TOTAL","MALE","","2003","62.11"
"DNK","","TOTAL","MALE","","2004","63.19"
"DNK","","TOTAL","MALE","","2005","60.41"
"DNK","","TOTAL","MALE","","2006","63.24"
"DNK","","TOTAL","MALE","","2007","54.98"
"DNK","","TOTAL","MALE","","2008","57.26"
"DNK","","TOTAL","MALE","","2009","53.43"
"DNK","","TOTAL","MALE","","2010","53.65"
"DNK","","TOTAL","MALE","","2011","49.35"
"DNK","","TOTAL","MALE","","2012","51.78"
"DNK","","TOTAL","MALE","","2013","49.74"
"DNK","","TOTAL","MALE","","2014","49.62"
"DNK","","TOTAL","MALE","","2015","46.31"
"DNK","","TOTAL","MALE","","2016","44.73"
"DNK","","TOTAL","MALE","","2017","44.23"
"DNK","","TOTAL","MALE","","2018","38.95"
"DNK","","TOTAL","MALE","","2019","39.17"
"DNK","","TOTAL","MALE","","2020","36.4"
"DNK","","TOTAL","MALE","","2021","35.31"
"ESP","","TOTAL","MALE","","1968","30.98"
"ESP","","TOTAL","MALE","","1969","31.02"
"ESP","","TOTAL","MALE","","1971","33.76"
"ESP","","TOTAL","MALE","","1972","35.02"
"ESP","","TOTAL","MALE","","1973","37.11"
"ESP","","TOTAL","MALE","","1974","39.4"
"ESP","","TOTAL","MALE","","1975","43.6"
"ESP","","TOTAL","MALE","","1976","42.58"
"ESP","","TOTAL","MALE","","1977","44.59"
"ESP","","TOTAL","MALE","","1978","47.24"
"ESP","","TOTAL","MALE","","1979","49.63"
"ESP","","TOTAL","MALE","","1980","48.82"
"ESP","","TOTAL","MALE","","1981","52.45"
"ESP","","TOTAL","MALE","","1982","53.32"
"ESP","","TOTAL","MALE","","1983","54.91"
"ESP","","TOTAL","MALE","","1984","57.94"
"ESP","","TOTAL","MALE","","1985","58.86"
"ESP","","TOTAL","MALE","","1986","59.45"
"ESP","","TOTAL","MALE","","1987","62.79"
"ESP","","TOTAL","MALE","","1988","65.88"
"ESP","","TOTAL","MALE","","1989","67.05"
"ESP","","TOTAL","MALE","","1990","67.61"
"ESP","","TOTAL","MALE","","1991","68.78"
"ESP","","TOTAL","MALE","","1992","70.38"
"ESP","","TOTAL","MALE","","1993","70.76"
"ESP","","TOTAL","MALE","","1994","71.67"
"ESP","","TOTAL","MALE","","1995","72.41"
"ESP","","TOTAL","MALE","","1996","70.17"
"ESP","","TOTAL","MALE","","1997","69.92"
"ESP","","TOTAL","MALE","","1998","71.31"
"ESP","","TOTAL","MALE","","1999","70.9"
"ESP","","TOTAL","MALE","","2000","68.09"
"ESP","","TOTAL","MALE","","2001","69.72"
"ESP","","TOTAL","MALE","","2002","67.38"
"ESP","","TOTAL","MALE","","2003","67.94"
"ESP","","TOTAL","MALE","","2004","67.1"
"ESP","","TOTAL","MALE","","2005","65.45"
"ESP","","TOTAL","MALE","","2006","65.1"
"ESP","","TOTAL","MALE","","2007","64.56"
"ESP","","TOTAL","MALE","","2008","63.13"
"ESP","","TOTAL","MALE","","2009","62.57"
"ESP","","TOTAL","MALE","","2010","61.44"
"ESP","","TOTAL","MALE","","2011","60.9"
"ESP","","TOTAL","MALE","","2012","59.59"
"ESP","","TOTAL","MALE","","2013","57.9"
"ESP","","TOTAL","MALE","","2014","55.79"
"ESP","","TOTAL","MALE","","2015","54.87"
"ESP","","TOTAL","MALE","","2016","54.83"
"ESP","","TOTAL","MALE","","2017","52.52"
"ESP","","TOTAL","MALE","","2018","51.52"
"ESP","","TOTAL","MALE","","2019","49.45"
"ESP","","TOTAL","MALE","","2020","47.55"
"ESP","","TOTAL","MALE","","2021","46.99"
"EST","","TOTAL","MALE","","1981","87.36"
"EST","","TOTAL","MALE","","1982","91.58"
"EST","","TOTAL","MALE","","1985","85.92"
"EST","","TOTAL","MALE","","1986","86.6"
"EST","","TOTAL","MALE","","1987","87.1"
"EST","","TOTAL","MALE","","1988","98.3"
"EST","","TOTAL","MALE","","1989","95.67"
"EST","","TOTAL","MALE","","1990","92.44"
"EST","","TOTAL","MALE","","1991","110.81"
"EST","","TOTAL","MALE","","1992","99.72"
"EST","","TOTAL","MALE","","1993","95.55"
"EST","","TOTAL","MALE","","1994","94.07"
"EST","","TOTAL","MALE","","1995","100.82"
"EST","","TOTAL","MALE","","1996","91.52"
"EST","","TOTAL","MALE","","1997","93.86"
"EST","","TOTAL","MALE","","1998","93.99"
"EST","","TOTAL","MALE","","1999","87.4"
"EST","","TOTAL","MALE","","2000","87.71"
"EST","","TOTAL","MALE","","2001","86.86"
"EST","","TOTAL","MALE","","2002","86.54"
"EST","","TOTAL","MALE","","2003","89.41"
"EST","","TOTAL","MALE","","2004","78.48"
"EST","","TOTAL","MALE","","2005","76.15"
"EST","","TOTAL","MALE","","2006","84.21"
"EST","","TOTAL","MALE","","2007","84.65"
"EST","","TOTAL","MALE","","2008","82.02"
"EST","","TOTAL","MALE","","2009","69.77"
"EST","","TOTAL","MALE","","2010","73.22"
"EST","","TOTAL","MALE","","2011","70.17"
"EST","","TOTAL","MALE","","2012","72.76"
"EST","","TOTAL","MALE","","2013","66.18"
"EST","","TOTAL","MALE","","2014","71.94"
"EST","","TOTAL","MALE","","2015","67.56"
"EST","","TOTAL","MALE","","2016","61.6"
"","EU_AFTER_MAY2004","TOTAL","MALE","","1981","75.22"
"","EU_AFTER_MAY2004","TOTAL","MALE","","1982","76.14"
"","EU_AFTER_MAY2004","TOTAL","MALE","","1985","81.23"
"","EU_AFTER_MAY2004","TOTAL","MALE","","1986","83.38"
"","EU_AFTER_MAY2004","TOTAL","MALE","","1987","84.24"
"","EU_AFTER_MAY2004","TOTAL","MALE","","1988","86.06"
"","EU_AFTER_MAY2004","TOTAL","MALE","","1989","85.42"
"","EU_AFTER_MAY2004","TOTAL","MALE","","1990","87.28"
"","EU_AFTER_MAY2004","TOTAL","MALE","","1991","87.99"
"","EU_AFTER_MAY2004","TOTAL","MALE","","1992","88.71"
"","EU_AFTER_MAY2004","TOTAL","MALE","","1993","89.46"
"","EU_AFTER_MAY2004","TOTAL","MALE","","1994","89.45"
"","EU_AFTER_MAY2004","TOTAL","MALE","","1995","90.3"
"","EU_AFTER_MAY2004","TOTAL","MALE","","1996","88.77"
"","EU_AFTER_MAY2004","TOTAL","MALE","","1997","87.95"
"","EU_AFTER_MAY2004","TOTAL","MALE","","1998","87.74"
"","EU_AFTER_MAY2004","TOTAL","MALE","","1999","86.65"
"","EU_AFTER_MAY2004","TOTAL","MALE","","2000","87.44"
"","EU_AFTER_MAY2004","TOTAL","MALE","","2001","86.47"
"","EU_AFTER_MAY2004","TOTAL","MALE","","2002","85.82"
"","EU_AFTER_MAY2004","TOTAL","MALE","","2003","84.2"
"","EU_AFTER_MAY2004","TOTAL","MALE","","2004","83.8"
"","EU_AFTER_MAY2004","TOTAL","MALE","","2005","82.55"
"","EU_AFTER_MAY2004","TOTAL","MALE","","2006","81.75"
"","EU_AFTER_MAY2004","TOTAL","MALE","","2007","80.63"
"","EU_AFTER_MAY2004","TOTAL","MALE","","2008","80.23"
"","EU_AFTER_MAY2004","TOTAL","MALE","","2009","78.23"
"","EU_AFTER_MAY2004","TOTAL","MALE","","2010","76.69"
"","EU_AFTER_MAY2004","TOTAL","MALE","","2011","74.8"
"","EU_AFTER_MAY2004","TOTAL","MALE","","2012","74.39"
"","EU_AFTER_MAY2004","TOTAL","MALE","","2013","71.89"
"","EU_AFTER_MAY2004","TOTAL","MALE","","2014","70.29"
"","EU_AFTER_MAY2004","TOTAL","MALE","","2015","69.94"
"","EU_AFTER_MAY2004","TOTAL","MALE","","2016","68.37"
"","EU_AFTER_MAY2004","TOTAL","MALE","","2017","65.8"
"","EU_AFTER_MAY2004","TOTAL","MALE","","2018","63.33"
"","EU_AFTER_MAY2004","TOTAL","MALE","","2019","60.61"
"","EU_AFTER_MAY2004","TOTAL","MALE","","2020","58.68"
"","EU_AFTER_MAY2004","TOTAL","MALE","","2021","55.55"
"","EU_BEFORE_FEB2020","TOTAL","MALE","","1969","63.75"
"","EU_BEFORE_FEB2020","TOTAL","MALE","","1970","63.99"
"","EU_BEFORE_FEB2020","TOTAL","MALE","","1971","65.83"
"","EU_BEFORE_FEB2020","TOTAL","MALE","","1972","66.77"
"","EU_BEFORE_FEB2020","TOTAL","MALE","","1973","68.3"
"","EU_BEFORE_FEB2020","TOTAL","MALE","","1974","69.13"
"","EU_BEFORE_FEB2020","TOTAL","MALE","","1975","69.61"
"","EU_BEFORE_FEB2020","TOTAL","MALE","","1976","71.38"
"","EU_BEFORE_FEB2020","TOTAL","MALE","","1977","72.03"
"","EU_BEFORE_FEB2020","TOTAL","MALE","","1978","73.87"
"","EU_BEFORE_FEB2020","TOTAL","MALE","","1979","74.8"
"","EU_BEFORE_FEB2020","TOTAL","MALE","","1980","75.29"
"","EU_BEFORE_FEB2020","TOTAL","MALE","","1981","75.45"
"","EU_BEFORE_FEB2020","TOTAL","MALE","","1982","76.01"
"","EU_BEFORE_FEB2020","TOTAL","MALE","","1983","77.4"
"","EU_BEFORE_FEB2020","TOTAL","MALE","","1984","78.07"
"","EU_BEFORE_FEB2020","TOTAL","MALE","","1985","78.66"
"","EU_BEFORE_FEB2020","TOTAL","MALE","","1986","78.62"
"","EU_BEFORE_FEB2020","TOTAL","MALE","","1987","79.04"
"","EU_BEFORE_FEB2020","TOTAL","MALE","","1988","79.72"
"","EU_BEFORE_FEB2020","TOTAL","MALE","","1989","78.7"
"","EU_BEFORE_FEB2020","TOTAL","MALE","","1990","78.48"
"","EU_BEFORE_FEB2020","TOTAL","MALE","","1991","78.46"
"","EU_BEFORE_FEB2020","TOTAL","MALE","","1992","78.1"
"","EU_BEFORE_FEB2020","TOTAL","MALE","","1993","77.91"
"","EU_BEFORE_FEB2020","TOTAL","MALE","","1994","76.47"
"","EU_BEFORE_FEB2020","TOTAL","MALE","","1995","76.14"
"","EU_BEFORE_FEB2020","TOTAL","MALE","","2000","69.87"
"","EU_BEFORE_FEB2020","TOTAL","MALE","","2001","68.77"
"","EU_BEFORE_FEB2020","TOTAL","MALE","","2002","67.52"
"","EU_BEFORE_FEB2020","TOTAL","MALE","","2003","66.12"
"","EU_BEFORE_FEB2020","TOTAL","MALE","","2004","65.19"
"","EU_BEFORE_FEB2020","TOTAL","MALE","","2005","64.21"
"","EU_BEFORE_FEB2020","TOTAL","MALE","","2006","63.28"
"","EU_BEFORE_FEB2020","TOTAL","MALE","","2007","62.15"
"","EU_BEFORE_FEB2020","TOTAL","MALE","","2008","61.31"
"","EU_BEFORE_FEB2020","TOTAL","MALE","","2009","60.02"
"","EU_BEFORE_FEB2020","TOTAL","MALE","","2010","58.84"
"","EU_BEFORE_FEB2020","TOTAL","MALE","","2011","57.79"
"","EU_BEFORE_FEB2020","TOTAL","MALE","","2012","56.44"
"","EU_BEFORE_FEB2020","TOTAL","MALE","","2013","55.32"
"","EU_BEFORE_FEB2020","TOTAL","MALE","","2014","53.93"
"","EU_BEFORE_FEB2020","TOTAL","MALE","","2015","52.69"
"","EU_BEFORE_FEB2020","TOTAL","MALE","","2016","51.56"
"","EU_BEFORE_FEB2020","TOTAL","MALE","","2017","49.58"
"","EU_BEFORE_FEB2020","TOTAL","MALE","","2018","48.11"
"","EU_BEFORE_FEB2020","TOTAL","MALE","","2019","46.17"
"","EU_BEFORE_FEB2020","TOTAL","MALE","","2020","44.88"
"","EU_BEFORE_FEB2020","TOTAL","MALE","","2021","44.09"
"","EU_BEFORE_MAY2004","TOTAL","MALE","","1969","64.76"
"","EU_BEFORE_MAY2004","TOTAL","MALE","","1970","64.91"
"","EU_BEFORE_MAY2004","TOTAL","MALE","","1971","66.52"
"","EU_BEFORE_MAY2004","TOTAL","MALE","","1972","67.74"
"","EU_BEFORE_MAY2004","TOTAL","MALE","","1973","69.15"
"","EU_BEFORE_MAY2004","TOTAL","MALE","","1974","69.97"
"","EU_BEFORE_MAY2004","TOTAL","MALE","","1975","70.44"
"","EU_BEFORE_MAY2004","TOTAL","MALE","","1976","72.08"
"","EU_BEFORE_MAY2004","TOTAL","MALE","","1977","72.86"
"","EU_BEFORE_MAY2004","TOTAL","MALE","","1978","74.62"
"","EU_BEFORE_MAY2004","TOTAL","MALE","","1979","75.5"
"","EU_BEFORE_MAY2004","TOTAL","MALE","","1980","75.76"
"","EU_BEFORE_MAY2004","TOTAL","MALE","","1981","75.51"
"","EU_BEFORE_MAY2004","TOTAL","MALE","","1982","75.97"
"","EU_BEFORE_MAY2004","TOTAL","MALE","","1983","77.01"
"","EU_BEFORE_MAY2004","TOTAL","MALE","","1984","77.39"
"","EU_BEFORE_MAY2004","TOTAL","MALE","","1985","77.88"
"","EU_BEFORE_MAY2004","TOTAL","MALE","","1986","77.16"
"","EU_BEFORE_MAY2004","TOTAL","MALE","","1987","77.44"
"","EU_BEFORE_MAY2004","TOTAL","MALE","","1988","77.77"
"","EU_BEFORE_MAY2004","TOTAL","MALE","","1989","76.64"
"","EU_BEFORE_MAY2004","TOTAL","MALE","","1990","75.78"
"","EU_BEFORE_MAY2004","TOTAL","MALE","","1991","75.55"
"","EU_BEFORE_MAY2004","TOTAL","MALE","","1992","74.9"
"","EU_BEFORE_MAY2004","TOTAL","MALE","","1993","74.45"
"","EU_BEFORE_MAY2004","TOTAL","MALE","","1994","72.59"
"","EU_BEFORE_MAY2004","TOTAL","MALE","","1995","71.93"
"","EU_BEFORE_MAY2004","TOTAL","MALE","","2000","64.83"
"","EU_BEFORE_MAY2004","TOTAL","MALE","","2001","63.69"
"","EU_BEFORE_MAY2004","TOTAL","MALE","","2002","62.35"
"","EU_BEFORE_MAY2004","TOTAL","MALE","","2003","61.06"
"","EU_BEFORE_MAY2004","TOTAL","MALE","","2004","60.02"
"","EU_BEFORE_MAY2004","TOTAL","MALE","","2005","59.15"
"","EU_BEFORE_MAY2004","TOTAL","MALE","","2006","58.23"
"","EU_BEFORE_MAY2004","TOTAL","MALE","","2007","57.13"
"","EU_BEFORE_MAY2004","TOTAL","MALE","","2008","56.2"
"","EU_BEFORE_MAY2004","TOTAL","MALE","","2009","55.13"
"","EU_BEFORE_MAY2004","TOTAL","MALE","","2010","54.07"
"","EU_BEFORE_MAY2004","TOTAL","MALE","","2011","53.26"
"","EU_BEFORE_MAY2004","TOTAL","MALE","","2012","51.76"
"","EU_BEFORE_MAY2004","TOTAL","MALE","","2013","51"
"","EU_BEFORE_MAY2004","TOTAL","MALE","","2014","49.69"
"","EU_BEFORE_MAY2004","TOTAL","MALE","","2015","48.26"
"","EU_BEFORE_MAY2004","TOTAL","MALE","","2016","47.28"
"","EU_BEFORE_MAY2004","TOTAL","MALE","","2017","45.47"
"","EU_BEFORE_MAY2004","TOTAL","MALE","","2018","44.25"
"","EU_BEFORE_MAY2004","TOTAL","MALE","","2019","42.53"
"","EU_BEFORE_MAY2004","TOTAL","MALE","","2020","41.42"
"","EU_MEMBERS","TOTAL","MALE","","1969","57.31"
"","EU_MEMBERS","TOTAL","MALE","","1970","57.56"
"","EU_MEMBERS","TOTAL","MALE","","1971","59.88"
"","EU_MEMBERS","TOTAL","MALE","","1972","60.72"
"","EU_MEMBERS","TOTAL","MALE","","1973","62.35"
"","EU_MEMBERS","TOTAL","MALE","","1974","63.19"
"","EU_MEMBERS","TOTAL","MALE","","1975","64.13"
"","EU_MEMBERS","TOTAL","MALE","","1976","66"
"","EU_MEMBERS","TOTAL","MALE","","1977","66.93"
"","EU_MEMBERS","TOTAL","MALE","","1978","68.97"
"","EU_MEMBERS","TOTAL","MALE","","1979","70.01"
"","EU_MEMBERS","TOTAL","MALE","","1980","70.82"
"","EU_MEMBERS","TOTAL","MALE","","1981","71.62"
"","EU_MEMBERS","TOTAL","MALE","","1982","72.47"
"","EU_MEMBERS","TOTAL","MALE","","1983","73.86"
"","EU_MEMBERS","TOTAL","MALE","","1984","74.92"
"","EU_MEMBERS","TOTAL","MALE","","1985","75.71"
"","EU_MEMBERS","TOTAL","MALE","","1986","76.18"
"","EU_MEMBERS","TOTAL","MALE","","1987","77.02"
"","EU_MEMBERS","TOTAL","MALE","","1988","77.96"
"","EU_MEMBERS","TOTAL","MALE","","1989","77.27"
"","EU_MEMBERS","TOTAL","MALE","","1990","77.26"
"","EU_MEMBERS","TOTAL","MALE","","1991","77.45"
"","EU_MEMBERS","TOTAL","MALE","","1992","77.44"
"","EU_MEMBERS","TOTAL","MALE","","1993","77.76"
"","EU_MEMBERS","TOTAL","MALE","","1994","76.47"
"","EU_MEMBERS","TOTAL","MALE","","1995","76.54"
"","EU_MEMBERS","TOTAL","MALE","","2000","71.13"
"","EU_MEMBERS","TOTAL","MALE","","2001","70.07"
"","EU_MEMBERS","TOTAL","MALE","","2002","68.82"
"","EU_MEMBERS","TOTAL","MALE","","2003","67.59"
"","EU_MEMBERS","TOTAL","MALE","","2004","66.76"
"","EU_MEMBERS","TOTAL","MALE","","2005","65.76"
"","EU_MEMBERS","TOTAL","MALE","","2006","64.77"
"","EU_MEMBERS","TOTAL","MALE","","2007","63.61"
"","EU_MEMBERS","TOTAL","MALE","","2008","62.74"
"","EU_MEMBERS","TOTAL","MALE","","2009","61.47"
"","EU_MEMBERS","TOTAL","MALE","","2010","60.38"
"","EU_MEMBERS","TOTAL","MALE","","2011","59.29"
"","EU_MEMBERS","TOTAL","MALE","","2012","58.03"
"","EU_MEMBERS","TOTAL","MALE","","2013","56.83"
"","EU_MEMBERS","TOTAL","MALE","","2014","55.4"
"","EU_MEMBERS","TOTAL","MALE","","2015","54.25"
"","EU_MEMBERS","TOTAL","MALE","","2016","53.05"
"","EU_MEMBERS","TOTAL","MALE","","2017","51.09"
"","EU_MEMBERS","TOTAL","MALE","","2018","49.42"
"","EU_MEMBERS","TOTAL","MALE","","2019","47.57"
"","EU_MEMBERS","TOTAL","MALE","","2020","46.37"
"","EU_MEMBERS","TOTAL","MALE","","2021","45.46"
"FIN","","TOTAL","MALE","","1969","100.56"
"FIN","","TOTAL","MALE","","1970","98.24"
"FIN","","TOTAL","MALE","","1971","102.39"
"FIN","","TOTAL","MALE","","1972","94.33"
"FIN","","TOTAL","MALE","","1973","96.24"
"FIN","","TOTAL","MALE","","1974","94.9"
"FIN","","TOTAL","MALE","","1975","89.2"
"FIN","","TOTAL","MALE","","1976","101.41"
"FIN","","TOTAL","MALE","","1977","97.54"
"FIN","","TOTAL","MALE","","1978","98.15"
"FIN","","TOTAL","MALE","","1979","99.91"
"FIN","","TOTAL","MALE","","1980","97.85"
"FIN","","TOTAL","MALE","","1981","97.14"
"FIN","","TOTAL","MALE","","1982","87.53"
"FIN","","TOTAL","MALE","","1983","92.27"
"FIN","","TOTAL","MALE","","1984","86.96"
"FIN","","TOTAL","MALE","","1985","87.38"
"FIN","","TOTAL","MALE","","1986","80.18"
"FIN","","TOTAL","MALE","","1987","80.08"
"FIN","","TOTAL","MALE","","1988","76.47"
"FIN","","TOTAL","MALE","","1989","71.56"
"FIN","","TOTAL","MALE","","1990","73.22"
"FIN","","TOTAL","MALE","","1991","66.76"
"FIN","","TOTAL","MALE","","1992","71.6"
"FIN","","TOTAL","MALE","","1993","67.21"
"FIN","","TOTAL","MALE","","1994","62.22"
"FIN","","TOTAL","MALE","","1995","63.27"
"FIN","","TOTAL","MALE","","1996","60.53"
"FIN","","TOTAL","MALE","","1997","58.03"
"FIN","","TOTAL","MALE","","1998","57.28"
"FIN","","TOTAL","MALE","","1999","53.03"
"FIN","","TOTAL","MALE","","2000","51.89"
"FIN","","TOTAL","MALE","","2001","51.34"
"FIN","","TOTAL","MALE","","2002","48.76"
"FIN","","TOTAL","MALE","","2003","48.36"
"FIN","","TOTAL","MALE","","2004","45.88"
"FIN","","TOTAL","MALE","","2005","46.22"
"FIN","","TOTAL","MALE","","2006","46.12"
"FIN","","TOTAL","MALE","","2007","44.73"
"FIN","","TOTAL","MALE","","2008","41.34"
"FIN","","TOTAL","MALE","","2009","41.57"
"FIN","","TOTAL","MALE","","2010","43.6"
"FIN","","TOTAL","MALE","","2011","39.72"
"FIN","","TOTAL","MALE","","2012","38.31"
"FIN","","TOTAL","MALE","","2013","38.98"
"FIN","","TOTAL","MALE","","2014","34.93"
"FIN","","TOTAL","MALE","","2016","35.56"
"FIN","","TOTAL","MALE","","2017","34.71"
"FIN","","TOTAL","MALE","","2018","32.98"
"FIN","","TOTAL","MALE","","2019","33.09"
"FIN","","TOTAL","MALE","","2020","30.38"
"FIN","","TOTAL","MALE","","2021","31.07"
"FRA","","TOTAL","MALE","","1968","43.25"
"FRA","","TOTAL","MALE","","1969","43.66"
"FRA","","TOTAL","MALE","","1970","43.19"
"FRA","","TOTAL","MALE","","1971","45.55"
"FRA","","TOTAL","MALE","","1972","48.43"
"FRA","","TOTAL","MALE","","1973","49.33"
"FRA","","TOTAL","MALE","","1974","51.73"
"FRA","","TOTAL","MALE","","1975","52.22"
"FRA","","TOTAL","MALE","","1976","55.64"
"FRA","","TOTAL","MALE","","1977","56.97"
"FRA","","TOTAL","MALE","","1978","60.04"
"FRA","","TOTAL","MALE","","1979","60.49"
"FRA","","TOTAL","MALE","","1980","61.22"
"FRA","","TOTAL","MALE","","1981","62.41"
"FRA","","TOTAL","MALE","","1982","62.91"
"FRA","","TOTAL","MALE","","1983","63.17"
"FRA","","TOTAL","MALE","","1984","64.83"
"FRA","","TOTAL","MALE","","1985","65.5"
"FRA","","TOTAL","MALE","","1986","68.05"
"FRA","","TOTAL","MALE","","1987","67.72"
"FRA","","TOTAL","MALE","","1988","68.54"
"FRA","","TOTAL","MALE","","1989","68.96"
"FRA","","TOTAL","MALE","","1990","67.9"
"FRA","","TOTAL","MALE","","1991","68.91"
"FRA","","TOTAL","MALE","","1992","69.05"
"FRA","","TOTAL","MALE","","1993","69.23"
"FRA","","TOTAL","MALE","","1994","67.56"
"FRA","","TOTAL","MALE","","1995","68.15"
"FRA","","TOTAL","MALE","","1996","67.72"
"FRA","","TOTAL","MALE","","1997","66.95"
"FRA","","TOTAL","MALE","","1998","68.64"
"FRA","","TOTAL","MALE","","1999","67.81"
"FRA","","TOTAL","MALE","","2000","65.99"
"FRA","","TOTAL","MALE","","2001","65.05"
"FRA","","TOTAL","MALE","","2002","64.48"
"FRA","","TOTAL","MALE","","2003","63.38"
"FRA","","TOTAL","MALE","","2004","63.43"
"FRA","","TOTAL","MALE","","2005","63.81"
"FRA","","TOTAL","MALE","","2006","62.68"
"FRA","","TOTAL","MALE","","2007","61.92"
"FRA","","TOTAL","MALE","","2008","60.31"
"FRA","","TOTAL","MALE","","2009","60.1"
"FRA","","TOTAL","MALE","","2010","58.48"
"FRA","","TOTAL","MALE","","2011","57.86"
"FRA","","TOTAL","MALE","","2012","56.17"
"FRA","","TOTAL","MALE","","2013","55.03"
"FRA","","TOTAL","MALE","","2014","54.5"
"FRA","","TOTAL","MALE","","2017","48.81"
"FRA","","TOTAL","MALE","","2018","47.71"
"GBR","","TOTAL","MALE","","1968","105.84"
"GBR","","TOTAL","MALE","","1969","108.44"
"GBR","","TOTAL","MALE","","1970","108.72"
"GBR","","TOTAL","MALE","","1971","107.57"
"GBR","","TOTAL","MALE","","1972","109.25"
"GBR","","TOTAL","MALE","","1973","110.16"
"GBR","","TOTAL","MALE","","1974","111.19"
"GBR","","TOTAL","MALE","","1975","108.73"
"GBR","","TOTAL","MALE","","1976","110"
"GBR","","TOTAL","MALE","","1977","108.87"
"GBR","","TOTAL","MALE","","1978","109.47"
"GBR","","TOTAL","MALE","","1979","109.68"
"GBR","","TOTAL","MALE","","1980","107.91"
"GBR","","TOTAL","MALE","","1981","103.32"
"GBR","","TOTAL","MALE","","1982","101.88"
"GBR","","TOTAL","MALE","","1983","103.29"
"GBR","","TOTAL","MALE","","1984","101.19"
"GBR","","TOTAL","MALE","","1985","100.3"
"GBR","","TOTAL","MALE","","1986","96.51"
"GBR","","TOTAL","MALE","","1987","93.79"
"GBR","","TOTAL","MALE","","1988","92.63"
"GBR","","TOTAL","MALE","","1989","89.22"
"GBR","","TOTAL","MALE","","1990","87.4"
"GBR","","TOTAL","MALE","","1991","85.8"
"GBR","","TOTAL","MALE","","1992","82.89"
"GBR","","TOTAL","MALE","","1993","79.01"
"GBR","","TOTAL","MALE","","1994","76.49"
"GBR","","TOTAL","MALE","","1995","73.26"
"GBR","","TOTAL","MALE","","1996","70.14"
"GBR","","TOTAL","MALE","","1997","66.98"
"GBR","","TOTAL","MALE","","1998","65.82"
"GBR","","TOTAL","MALE","","1999","62.74"
"GBR","","TOTAL","MALE","","2001","59.33"
"GBR","","TOTAL","MALE","","2002","58.16"
"GBR","","TOTAL","MALE","","2003","55.53"
"GBR","","TOTAL","MALE","","2004","53.95"
"GBR","","TOTAL","MALE","","2005","53.12"
"GBR","","TOTAL","MALE","","2006","52.64"
"GBR","","TOTAL","MALE","","2007","51.68"
"GBR","","TOTAL","MALE","","2008","51.13"
"GBR","","TOTAL","MALE","","2009","49.73"
"GBR","","TOTAL","MALE","","2010","48.03"
"GBR","","TOTAL","MALE","","2011","47.32"
"GBR","","TOTAL","MALE","","2012","45.58"
"GBR","","TOTAL","MALE","","2013","45.01"
"GBR","","TOTAL","MALE","","2014","43.97"
"GBR","","TOTAL","MALE","","2015","42.18"
"GBR","","TOTAL","MALE","","2016","41.59"
"GBR","","TOTAL","MALE","","2017","39.57"
"GBR","","TOTAL","MALE","","2018","39.18"
"GBR","","TOTAL","MALE","","2019","36.9"
"GBR","","TOTAL","MALE","","2020","35.15"
"GEO","","TOTAL","MALE","","1981","38.93"
"GEO","","TOTAL","MALE","","1982","38.36"
"GEO","","TOTAL","MALE","","1985","42.99"
"GEO","","TOTAL","MALE","","1986","43.15"
"GEO","","TOTAL","MALE","","1987","42.78"
"GEO","","TOTAL","MALE","","1988","44.38"
"GEO","","TOTAL","MALE","","1989","43.23"
"GEO","","TOTAL","MALE","","1990","41.26"
"GEO","","TOTAL","MALE","","1991","41.45"
"GEO","","TOTAL","MALE","","1992","33.39"
"GEO","","TOTAL","MALE","","1994","27.05"
"GEO","","TOTAL","MALE","","1995","23.49"
"GEO","","TOTAL","MALE","","1996","25.43"
"GEO","","TOTAL","MALE","","1997","29.32"
"GEO","","TOTAL","MALE","","1998","32.47"
"GEO","","TOTAL","MALE","","1999","32.64"
"GEO","","TOTAL","MALE","","2000","33.94"
"GEO","","TOTAL","MALE","","2001","34.83"
"GEO","","TOTAL","MALE","","2004","37.41"
"GEO","","TOTAL","MALE","","2005","25.36"
"GEO","","TOTAL","MALE","","2006","23.04"
"GEO","","TOTAL","MALE","","2007","20.53"
"GEO","","TOTAL","MALE","","2009","31.8"
"GEO","","TOTAL","MALE","","2010","15.5"
"GEO","","TOTAL","MALE","","2011","30.25"
"GEO","","TOTAL","MALE","","2012","34.12"
"GEO","","TOTAL","MALE","","2013","33.6"
"GEO","","TOTAL","MALE","","2014","43.85"
"GEO","","TOTAL","MALE","","2015","47.36"
"GEO","","TOTAL","MALE","","2016","51.22"
"GEO","","TOTAL","MALE","","2017","49.14"
"GEO","","TOTAL","MALE","","2018","51.91"
"GEO","","TOTAL","MALE","","2019","49.85"
"GEO","","TOTAL","MALE","","2020","49.85"
"GEO","","TOTAL","MALE","","2021","47.35"
"GRC","","TOTAL","MALE","","1968","48.64"
"GRC","","TOTAL","MALE","","1969","50.1"
"GRC","","TOTAL","MALE","","1970","45.69"
"GRC","","TOTAL","MALE","","1971","47.85"
"GRC","","TOTAL","MALE","","1972","49.85"
"GRC","","TOTAL","MALE","","1973","57.11"
"GRC","","TOTAL","MALE","","1974","59.98"
"GRC","","TOTAL","MALE","","1975","57.11"
"GRC","","TOTAL","MALE","","1976","61.97"
"GRC","","TOTAL","MALE","","1977","63.41"
"GRC","","TOTAL","MALE","","1978","66.18"
"GRC","","TOTAL","MALE","","1979","67.05"
"GRC","","TOTAL","MALE","","1980","63.15"
"GRC","","TOTAL","MALE","","1981","65.46"
"GRC","","TOTAL","MALE","","1982","67.29"
"GRC","","TOTAL","MALE","","1983","69.1"
"GRC","","TOTAL","MALE","","1984","69.05"
"GRC","","TOTAL","MALE","","1985","72.27"
"GRC","","TOTAL","MALE","","1986","71.37"
"GRC","","TOTAL","MALE","","1987","71.12"
"GRC","","TOTAL","MALE","","1988","71.36"
"GRC","","TOTAL","MALE","","1989","74.16"
"GRC","","TOTAL","MALE","","1990","72.76"
"GRC","","TOTAL","MALE","","1991","73.81"
"GRC","","TOTAL","MALE","","1992","71.91"
"GRC","","TOTAL","MALE","","1993","74.26"
"GRC","","TOTAL","MALE","","1994","74.42"
"GRC","","TOTAL","MALE","","1995","72.61"
"GRC","","TOTAL","MALE","","1996","73.54"
"GRC","","TOTAL","MALE","","1997","72.54"
"GRC","","TOTAL","MALE","","1998","71.7"
"GRC","","TOTAL","MALE","","1999","72.69"
"GRC","","TOTAL","MALE","","2000","72.52"
"GRC","","TOTAL","MALE","","2001","72.15"
"GRC","","TOTAL","MALE","","2002","69.72"
"GRC","","TOTAL","MALE","","2003","70.43"
"GRC","","TOTAL","MALE","","2004","71.82"
"GRC","","TOTAL","MALE","","2005","70.58"
"GRC","","TOTAL","MALE","","2006","69.4"
"GRC","","TOTAL","MALE","","2007","69.22"
"GRC","","TOTAL","MALE","","2008","69.61"
"GRC","","TOTAL","MALE","","2009","68.58"
"GRC","","TOTAL","MALE","","2010","66.37"
"GRC","","TOTAL","MALE","","2011","66.92"
"GRC","","TOTAL","MALE","","2012","69.15"
"GRC","","TOTAL","MALE","","2014","71.66"
"GRC","","TOTAL","MALE","","2015","70.25"
"GRC","","TOTAL","MALE","","2016","67.99"
"GRC","","TOTAL","MALE","","2017","67.92"
"GRC","","TOTAL","MALE","","2018","65.27"
"GRC","","TOTAL","MALE","","2019","64.15"
"GRC","","TOTAL","MALE","","2020","61.51"
"HRV","","TOTAL","MALE","","1985","83.3"
"HRV","","TOTAL","MALE","","1986","81.55"
"HRV","","TOTAL","MALE","","1987","87.35"
"HRV","","TOTAL","MALE","","1988","90.92"
"HRV","","TOTAL","MALE","","1989","89.23"
"HRV","","TOTAL","MALE","","1990","91.48"
"HRV","","TOTAL","MALE","","1991","88.56"
"HRV","","TOTAL","MALE","","1992","86"
"HRV","","TOTAL","MALE","","1993","88.18"
"HRV","","TOTAL","MALE","","1994","89.74"
"HRV","","TOTAL","MALE","","1995","85.2"
"HRV","","TOTAL","MALE","","1996","99.89"
"HRV","","TOTAL","MALE","","1997","102.46"
"HRV","","TOTAL","MALE","","1998","109.01"
"HRV","","TOTAL","MALE","","1999","106.94"
"HRV","","TOTAL","MALE","","2000","106.13"
"HRV","","TOTAL","MALE","","2001","92.55"
"HRV","","TOTAL","MALE","","2002","87.55"
"HRV","","TOTAL","MALE","","2003","86.84"
"HRV","","TOTAL","MALE","","2004","86.13"
"HRV","","TOTAL","MALE","","2005","83.59"
"HRV","","TOTAL","MALE","","2006","85.67"
"HRV","","TOTAL","MALE","","2007","85.15"
"HRV","","TOTAL","MALE","","2008","82.67"
"HRV","","TOTAL","MALE","","2009","83"
"HRV","","TOTAL","MALE","","2010","79.88"
"HRV","","TOTAL","MALE","","2011","78.89"
"HRV","","TOTAL","MALE","","2012","78.2"
"HRV","","TOTAL","MALE","","2013","76.7"
"HRV","","TOTAL","MALE","","2014","75.24"
"HRV","","TOTAL","MALE","","2015","75.48"
"HRV","","TOTAL","MALE","","2016","75.55"
"HRV","","TOTAL","MALE","","2017","75.61"
"HRV","","TOTAL","MALE","","2019","68.56"
"HRV","","TOTAL","MALE","","2020","64.6"
"HRV","","TOTAL","MALE","","2021","63.92"
"HUN","","TOTAL","MALE","","1969","59.17"
"HUN","","TOTAL","MALE","","1970","58.4"
"HUN","","TOTAL","MALE","","1971","62.91"
"HUN","","TOTAL","MALE","","1972","62.22"
"HUN","","TOTAL","MALE","","1973","63.81"
"HUN","","TOTAL","MALE","","1974","69.92"
"HUN","","TOTAL","MALE","","1975","69.25"
"HUN","","TOTAL","MALE","","1976","72.1"
"HUN","","TOTAL","MALE","","1977","74.6"
"HUN","","TOTAL","MALE","","1978","81.29"
"HUN","","TOTAL","MALE","","1979","83.97"
"HUN","","TOTAL","MALE","","1980","84.08"
"HUN","","TOTAL","MALE","","1981","89.32"
"HUN","","TOTAL","MALE","","1982","92.34"
"HUN","","TOTAL","MALE","","1983","94.14"
"HUN","","TOTAL","MALE","","1984","98.04"
"HUN","","TOTAL","MALE","","1985","96.89"
"HUN","","TOTAL","MALE","","1986","104.9"
"HUN","","TOTAL","MALE","","1987","107.78"
"HUN","","TOTAL","MALE","","1988","105.35"
"HUN","","TOTAL","MALE","","1989","106.29"
"HUN","","TOTAL","MALE","","1990","113.46"
"HUN","","TOTAL","MALE","","1991","114.53"
"HUN","","TOTAL","MALE","","1992","118.58"
"HUN","","TOTAL","MALE","","1993","119.07"
"HUN","","TOTAL","MALE","","1994","120.43"
"HUN","","TOTAL","MALE","","1995","118.36"
"HUN","","TOTAL","MALE","","1996","120.22"
"HUN","","TOTAL","MALE","","1997","118.94"
"HUN","","TOTAL","MALE","","1998","120.35"
"HUN","","TOTAL","MALE","","1999","121.23"
"HUN","","TOTAL","MALE","","2000","119.35"
"HUN","","TOTAL","MALE","","2001","113.67"
"HUN","","TOTAL","MALE","","2002","111.68"
"HUN","","TOTAL","MALE","","2003","114.58"
"HUN","","TOTAL","MALE","","2004","113.58"
"HUN","","TOTAL","MALE","","2005","102.75"
"HUN","","TOTAL","MALE","","2006","103.29"
"HUN","","TOTAL","MALE","","2007","105.84"
"HUN","","TOTAL","MALE","","2008","105.61"
"HUN","","TOTAL","MALE","","2009","106.32"
"HUN","","TOTAL","MALE","","2010","106.18"
"HUN","","TOTAL","MALE","","2011","101.77"
"HUN","","TOTAL","MALE","","2012","102.56"
"HUN","","TOTAL","MALE","","2013","95.4"
"HUN","","TOTAL","MALE","","2014","94.6"
"HUN","","TOTAL","MALE","","2015","93.72"
"HUN","","TOTAL","MALE","","2016","93.8"
"HUN","","TOTAL","MALE","","2017","89.79"
"HUN","","TOTAL","MALE","","2018","88.48"
"HUN","","TOTAL","MALE","","2019","81.47"
"IRL","","TOTAL","MALE","","1968","54.61"
"IRL","","TOTAL","MALE","","1969","51.5"
"IRL","","TOTAL","MALE","","1970","57.3"
"IRL","","TOTAL","MALE","","1971","57.49"
"IRL","","TOTAL","MALE","","1972","56.93"
"IRL","","TOTAL","MALE","","1973","61.74"
"IRL","","TOTAL","MALE","","1974","63.72"
"IRL","","TOTAL","MALE","","1975","64.96"
"IRL","","TOTAL","MALE","","1976","70.36"
"IRL","","TOTAL","MALE","","1977","67.65"
"IRL","","TOTAL","MALE","","1978","68.59"
"IRL","","TOTAL","MALE","","1979","69.02"
"IRL","","TOTAL","MALE","","1980","66.14"
"IRL","","TOTAL","MALE","","1981","74.47"
"IRL","","TOTAL","MALE","","1982","67.84"
"IRL","","TOTAL","MALE","","1983","74.13"
"IRL","","TOTAL","MALE","","1984","76.59"
"IRL","","TOTAL","MALE","","1985","77.37"
"IRL","","TOTAL","MALE","","1986","77.72"
"IRL","","TOTAL","MALE","","1987","70.17"
"IRL","","TOTAL","MALE","","1988","74.15"
"IRL","","TOTAL","MALE","","1989","71.65"
"IRL","","TOTAL","MALE","","1990","71.3"
"IRL","","TOTAL","MALE","","1991","67.84"
"IRL","","TOTAL","MALE","","1992","69.8"
"IRL","","TOTAL","MALE","","1993","71.88"
"IRL","","TOTAL","MALE","","1994","68.04"
"IRL","","TOTAL","MALE","","1995","66.89"
"IRL","","TOTAL","MALE","","1996","61.72"
"IRL","","TOTAL","MALE","","1997","56.86"
"IRL","","TOTAL","MALE","","1998","60.64"
"IRL","","TOTAL","MALE","","1999","56.53"
"IRL","","TOTAL","MALE","","2000","59.47"
"IRL","","TOTAL","MALE","","2001","56.15"
"IRL","","TOTAL","MALE","","2002","54.04"
"IRL","","TOTAL","MALE","","2003","55.8"
"IRL","","TOTAL","MALE","","2004","54.88"
"IRL","","TOTAL","MALE","","2005","50.27"
"IRL","","TOTAL","MALE","","2006","50.86"
"IRL","","TOTAL","MALE","","2007","52.56"
"IRL","","TOTAL","MALE","","2008","49.61"
"IRL","","TOTAL","MALE","","2009","51.75"
"IRL","","TOTAL","MALE","","2010","47.01"
"IRL","","TOTAL","MALE","","2011","49.69"
"IRL","","TOTAL","MALE","","2012","47.39"
"IRL","","TOTAL","MALE","","2013","46.13"
"IRL","","TOTAL","MALE","","2015","41.96"
"IRL","","TOTAL","MALE","","2018","37.11"
"ISL","","TOTAL","MALE","","1971","13.92"
"ISL","","TOTAL","MALE","","1972","27.93"
"ISL","","TOTAL","MALE","","1973","19.59"
"ISL","","TOTAL","MALE","","1974","21.14"
"ISL","","TOTAL","MALE","","1975","28.89"
"ISL","","TOTAL","MALE","","1976","23.52"
"ISL","","TOTAL","MALE","","1977","33.48"
"ISL","","TOTAL","MALE","","1978","30.33"
"ISL","","TOTAL","MALE","","1979","35.87"
"ISL","","TOTAL","MALE","","1980","23.93"
"ISL","","TOTAL","MALE","","1981","46.5"
"ISL","","TOTAL","MALE","","1982","42.58"
"ISL","","TOTAL","MALE","","1983","38.92"
"ISL","","TOTAL","MALE","","1984","29.84"
"ISL","","TOTAL","MALE","","1985","44.89"
"ISL","","TOTAL","MALE","","1986","35.57"
"ISL","","TOTAL","MALE","","1987","42.9"
"ISL","","TOTAL","MALE","","1988","43.66"
"ISL","","TOTAL","MALE","","1989","40.6"
"ISL","","TOTAL","MALE","","1990","45.4"
"ISL","","TOTAL","MALE","","1991","54.2"
"ISL","","TOTAL","MALE","","1992","40.55"
"ISL","","TOTAL","MALE","","1993","44.19"
"ISL","","TOTAL","MALE","","1994","37.46"
"ISL","","TOTAL","MALE","","1995","43.55"
"ISL","","TOTAL","MALE","","1996","51.71"
"ISL","","TOTAL","MALE","","1997","54.53"
"ISL","","TOTAL","MALE","","1998","45.67"
"ISL","","TOTAL","MALE","","1999","50.09"
"ISL","","TOTAL","MALE","","2000","39.94"
"ISL","","TOTAL","MALE","","2001","45.09"
"ISL","","TOTAL","MALE","","2002","37.46"
"ISL","","TOTAL","MALE","","2003","40.69"
"ISL","","TOTAL","MALE","","2004","36.54"
"ISL","","TOTAL","MALE","","2005","51.1"
"ISL","","TOTAL","MALE","","2006","41.08"
"ISL","","TOTAL","MALE","","2007","47.85"
"ISL","","TOTAL","MALE","","2008","38.33"
"ISL","","TOTAL","MALE","","2009","38.43"
"ISL","","TOTAL","MALE","","2010","42.59"
"ISL","","TOTAL","MALE","","2011","41.55"
"ISL","","TOTAL","MALE","","2012","38.21"
"ISL","","TOTAL","MALE","","2013","36.33"
"ISL","","TOTAL","MALE","","2014","36.09"
"ISL","","TOTAL","MALE","","2015","25.05"
"ISL","","TOTAL","MALE","","2016","36.21"
"ISL","","TOTAL","MALE","","2017","32.4"
"ISL","","TOTAL","MALE","","2018","29.68"
"ISL","","TOTAL","MALE","","2019","22.94"
"ISL","","TOTAL","MALE","","2020","23.22"
"ISL","","TOTAL","MALE","","2021","27.56"
"ISR","","TOTAL","MALE","","1975","37.63"
"ISR","","TOTAL","MALE","","1976","38.21"
"ISR","","TOTAL","MALE","","1977","37.4"
"ISR","","TOTAL","MALE","","1978","36.79"
"ISR","","TOTAL","MALE","","1979","38.47"
"ISR","","TOTAL","MALE","","1980","39.77"
"ISR","","TOTAL","MALE","","1981","34.3"
"ISR","","TOTAL","MALE","","1982","36.96"
"ISR","","TOTAL","MALE","","1983","34.69"
"ISR","","TOTAL","MALE","","1984","35.9"
"ISR","","TOTAL","MALE","","1985","37.68"
"ISR","","TOTAL","MALE","","1986","35.26"
"ISR","","TOTAL","MALE","","1987","34.05"
"ISR","","TOTAL","MALE","","1988","34.45"
"ISR","","TOTAL","MALE","","1989","38.38"
"ISR","","TOTAL","MALE","","1990","40.32"
"ISR","","TOTAL","MALE","","1991","37.59"
"ISR","","TOTAL","MALE","","1992","36.44"
"ISR","","TOTAL","MALE","","1993","42.17"
"ISR","","TOTAL","MALE","","1994","41.58"
"ISR","","TOTAL","MALE","","1995","40.86"
"ISR","","TOTAL","MALE","","1996","39.07"
"ISR","","TOTAL","MALE","","1997","38.69"
"ISR","","TOTAL","MALE","","1998","39.62"
"ISR","","TOTAL","MALE","","1999","39.29"
"ISR","","TOTAL","MALE","","2000","39.03"
"ISR","","TOTAL","MALE","","2001","39.63"
"ISR","","TOTAL","MALE","","2002","40.69"
"ISR","","TOTAL","MALE","","2003","38.52"
"ISR","","TOTAL","MALE","","2004","40.57"
"ISR","","TOTAL","MALE","","2005","37.05"
"ISR","","TOTAL","MALE","","2006","40.17"
"ISR","","TOTAL","MALE","","2007","38.12"
"ISR","","TOTAL","MALE","","2008","37.79"
"ISR","","TOTAL","MALE","","2009","36.57"
"ISR","","TOTAL","MALE","","2010","40.7"
"ISR","","TOTAL","MALE","","2011","37.27"
"ISR","","TOTAL","MALE","","2012","36.17"
"ISR","","TOTAL","MALE","","2013","36.89"
"ISR","","TOTAL","MALE","","2014","37.01"
"ISR","","TOTAL","MALE","","2015","35.47"
"ISR","","TOTAL","MALE","","2016","34.18"
"ISR","","TOTAL","MALE","","2017","31.92"
"ISR","","TOTAL","MALE","","2018","31.43"
"ISR","","TOTAL","MALE","","2019","29.65"
"ISR","","TOTAL","MALE","","2020","28.89"
"ISR","","TOTAL","MALE","","2021","28"
"ITA","","TOTAL","MALE","","1968","49.39"
"ITA","","TOTAL","MALE","","1969","52.2"
"ITA","","TOTAL","MALE","","1970","51.98"
"ITA","","TOTAL","MALE","","1971","56.3"
"ITA","","TOTAL","MALE","","1972","57.89"
"ITA","","TOTAL","MALE","","1973","60.72"
"ITA","","TOTAL","MALE","","1974","61.09"
"ITA","","TOTAL","MALE","","1975","63.17"
"ITA","","TOTAL","MALE","","1976","66.28"
"ITA","","TOTAL","MALE","","1977","68.32"
"ITA","","TOTAL","MALE","","1978","71.19"
"ITA","","TOTAL","MALE","","1979","74.14"
"ITA","","TOTAL","MALE","","1980","77.51"
"ITA","","TOTAL","MALE","","1981","76.68"
"ITA","","TOTAL","MALE","","1982","81.32"
"ITA","","TOTAL","MALE","","1983","83.06"
"ITA","","TOTAL","MALE","","1984","83.3"
"ITA","","TOTAL","MALE","","1985","85.19"
"ITA","","TOTAL","MALE","","1986","83.48"
"ITA","","TOTAL","MALE","","1987","86.95"
"ITA","","TOTAL","MALE","","1988","87.37"
"ITA","","TOTAL","MALE","","1989","85.52"
"ITA","","TOTAL","MALE","","1990","83.92"
"ITA","","TOTAL","MALE","","1991","83.65"
"ITA","","TOTAL","MALE","","1992","83.37"
"ITA","","TOTAL","MALE","","1993","82.37"
"ITA","","TOTAL","MALE","","1994","80.97"
"ITA","","TOTAL","MALE","","1995","78.81"
"ITA","","TOTAL","MALE","","1996","77.54"
"ITA","","TOTAL","MALE","","1997","76.19"
"ITA","","TOTAL","MALE","","1998","75.21"
"ITA","","TOTAL","MALE","","1999","73.93"
"ITA","","TOTAL","MALE","","2000","71.25"
"ITA","","TOTAL","MALE","","2001","70.51"
"ITA","","TOTAL","MALE","","2002","68.45"
"ITA","","TOTAL","MALE","","2003","66.91"
"ITA","","TOTAL","MALE","","2004","64.3"
"ITA","","TOTAL","MALE","","2005","63.02"
"ITA","","TOTAL","MALE","","2006","61.61"
"ITA","","TOTAL","MALE","","2007","60.09"
"ITA","","TOTAL","MALE","","2008","58.5"
"ITA","","TOTAL","MALE","","2009","57.23"
"ITA","","TOTAL","MALE","","2010","56.15"
"ITA","","TOTAL","MALE","","2011","55.47"
"ITA","","TOTAL","MALE","","2012","53.51"
"ITA","","TOTAL","MALE","","2013","51.5"
"ITA","","TOTAL","MALE","","2014","49.44"
"ITA","","TOTAL","MALE","","2015","48.89"
"ITA","","TOTAL","MALE","","2016","47.26"
"ITA","","TOTAL","MALE","","2017","46.05"
"ITA","","TOTAL","MALE","","2018","44.81"
"ITA","","TOTAL","MALE","","2019","42.05"
"ITA","","TOTAL","MALE","","2020","40.84"
"KAZ","","TOTAL","MALE","","1981","77.42"
"KAZ","","TOTAL","MALE","","1982","73.93"
"KAZ","","TOTAL","MALE","","1985","83.65"
"KAZ","","TOTAL","MALE","","1986","88.26"
"KAZ","","TOTAL","MALE","","1987","89.72"
"KAZ","","TOTAL","MALE","","1988","91.89"
"KAZ","","TOTAL","MALE","","1989","95.66"
"KAZ","","TOTAL","MALE","","1990","98.91"
"KAZ","","TOTAL","MALE","","1991","97.26"
"KAZ","","TOTAL","MALE","","1992","98.38"
"KAZ","","TOTAL","MALE","","1993","96.09"
"KAZ","","TOTAL","MALE","","1994","88.59"
"KAZ","","TOTAL","MALE","","1995","89.23"
"KAZ","","TOTAL","MALE","","1996","86.69"
"KAZ","","TOTAL","MALE","","1997","83.38"
"KAZ","","TOTAL","MALE","","1998","87.13"
"KAZ","","TOTAL","MALE","","1999","80.13"
"KAZ","","TOTAL","MALE","","2000","80.27"
"KAZ","","TOTAL","MALE","","2001","73.82"
"KAZ","","TOTAL","MALE","","2002","74.32"
"KAZ","","TOTAL","MALE","","2003","73.49"
"KAZ","","TOTAL","MALE","","2004","69.17"
"KAZ","","TOTAL","MALE","","2005","68.63"
"KAZ","","TOTAL","MALE","","2006","63.94"
"KAZ","","TOTAL","MALE","","2007","64.58"
"KAZ","","TOTAL","MALE","","2008","60.22"
"KAZ","","TOTAL","MALE","","2009","59.98"
"KAZ","","TOTAL","MALE","","2010","57.5"
"KAZ","","TOTAL","MALE","","2011","52.81"
"KAZ","","TOTAL","MALE","","2012","52.74"
"KAZ","","TOTAL","MALE","","2013","52.69"
"KAZ","","TOTAL","MALE","","2014","45.67"
"KAZ","","TOTAL","MALE","","2015","44.12"
"KAZ","","TOTAL","MALE","","2016","40.89"
"KAZ","","TOTAL","MALE","","2017","37.31"
"KAZ","","TOTAL","MALE","","2018","36.22"
"KAZ","","TOTAL","MALE","","2019","33.57"
"KAZ","","TOTAL","MALE","","2020","32.53"
"KAZ","","TOTAL","MALE","","2021","28.25"
"KGZ","","TOTAL","MALE","","1981","39.2"
"KGZ","","TOTAL","MALE","","1982","45.97"
"KGZ","","TOTAL","MALE","","1985","44.01"
"KGZ","","TOTAL","MALE","","1986","46.07"
"KGZ","","TOTAL","MALE","","1987","45.58"
"KGZ","","TOTAL","MALE","","1988","49.37"
"KGZ","","TOTAL","MALE","","1989","55.11"
"KGZ","","TOTAL","MALE","","1990","50.64"
"KGZ","","TOTAL","MALE","","1991","51.99"
"KGZ","","TOTAL","MALE","","1992","50.82"
"KGZ","","TOTAL","MALE","","1993","39.16"
"KGZ","","TOTAL","MALE","","1994","36.34"
"KGZ","","TOTAL","MALE","","1995","36.79"
"KGZ","","TOTAL","MALE","","1996","34.7"
"KGZ","","TOTAL","MALE","","1997","34.31"
"KGZ","","TOTAL","MALE","","1998","32.15"
"KGZ","","TOTAL","MALE","","1999","32.38"
"KGZ","","TOTAL","MALE","","2000","29.46"
"KGZ","","TOTAL","MALE","","2001","28.38"
"KGZ","","TOTAL","MALE","","2002","32.09"
"KGZ","","TOTAL","MALE","","2003","31.94"
"KGZ","","TOTAL","MALE","","2004","29.47"
"KGZ","","TOTAL","MALE","","2005","29.37"
"KGZ","","TOTAL","MALE","","2006","28.48"
"KGZ","","TOTAL","MALE","","2007","25.02"
"KGZ","","TOTAL","MALE","","2008","24.37"
"KGZ","","TOTAL","MALE","","2009","29.89"
"KGZ","","TOTAL","MALE","","2010","30.01"
"KGZ","","TOTAL","MALE","","2011","28.07"
"KGZ","","TOTAL","MALE","","2012","27.56"
"KGZ","","TOTAL","MALE","","2013","30.39"
"KGZ","","TOTAL","MALE","","2014","33.47"
"KGZ","","TOTAL","MALE","","2015","27.09"
"KGZ","","TOTAL","MALE","","2016","27.53"
"LTU","","TOTAL","MALE","","1981","74.22"
"LTU","","TOTAL","MALE","","1982","73.66"
"LTU","","TOTAL","MALE","","1985","77.1"
"LTU","","TOTAL","MALE","","1986","79.42"
"LTU","","TOTAL","MALE","","1987","82.42"
"LTU","","TOTAL","MALE","","1988","84.76"
"LTU","","TOTAL","MALE","","1989","85.34"
"LTU","","TOTAL","MALE","","1990","87.61"
"LTU","","TOTAL","MALE","","1991","92.6"
"LTU","","TOTAL","MALE","","1992","89.6"
"LTU","","TOTAL","MALE","","1993","89.1"
"LTU","","TOTAL","MALE","","1994","91.64"
"LTU","","TOTAL","MALE","","1995","90.57"
"LTU","","TOTAL","MALE","","1996","86.68"
"LTU","","TOTAL","MALE","","1997","83.42"
"LTU","","TOTAL","MALE","","1998","87.08"
"LTU","","TOTAL","MALE","","1999","85.08"
"LTU","","TOTAL","MALE","","2000","78.74"
"LTU","","TOTAL","MALE","","2001","81.08"
"LTU","","TOTAL","MALE","","2002","79.73"
"LTU","","TOTAL","MALE","","2003","78.23"
"LTU","","TOTAL","MALE","","2004","74.76"
"LTU","","TOTAL","MALE","","2005","73.01"
"LTU","","TOTAL","MALE","","2006","78.17"
"LTU","","TOTAL","MALE","","2007","77.96"
"LTU","","TOTAL","MALE","","2008","73.14"
"LTU","","TOTAL","MALE","","2009","72.69"
"LTU","","TOTAL","MALE","","2010","70.11"
"LTU","","TOTAL","MALE","","2011","73.32"
"LTU","","TOTAL","MALE","","2012","68.55"
"LTU","","TOTAL","MALE","","2013","66.12"
"LTU","","TOTAL","MALE","","2014","66.82"
"LTU","","TOTAL","MALE","","2015","67.71"
"LTU","","TOTAL","MALE","","2016","62.97"
"LTU","","TOTAL","MALE","","2017","58.44"
"LTU","","TOTAL","MALE","","2018","56.56"
"LTU","","TOTAL","MALE","","2019","59.4"
"LTU","","TOTAL","MALE","","2020","55.78"
"LTU","","TOTAL","MALE","","2021","47.84"
"LTU","","TOTAL","MALE","","2022","48.12"
"LUX","","TOTAL","MALE","","1971","97.84"
"LUX","","TOTAL","MALE","","1972","90.06"
"LUX","","TOTAL","MALE","","1973","98.03"
"LUX","","TOTAL","MALE","","1974","78.88"
"LUX","","TOTAL","MALE","","1975","95.92"
"LUX","","TOTAL","MALE","","1976","100.38"
"LUX","","TOTAL","MALE","","1977","105.6"
"LUX","","TOTAL","MALE","","1978","97.09"
"LUX","","TOTAL","MALE","","1979","97.65"
"LUX","","TOTAL","MALE","","1980","100.73"
"LUX","","TOTAL","MALE","","1981","106.49"
"LUX","","TOTAL","MALE","","1982","108.09"
"LUX","","TOTAL","MALE","","1983","105.29"
"LUX","","TOTAL","MALE","","1984","101.39"
"LUX","","TOTAL","MALE","","1985","101.48"
"LUX","","TOTAL","MALE","","1986","109.15"
"LUX","","TOTAL","MALE","","1987","101.76"
"LUX","","TOTAL","MALE","","1988","108.08"
"LUX","","TOTAL","MALE","","1989","93.92"
"LUX","","TOTAL","MALE","","1990","92.28"
"LUX","","TOTAL","MALE","","1991","84.16"
"LUX","","TOTAL","MALE","","1992","93.42"
"LUX","","TOTAL","MALE","","1993","92.73"
"LUX","","TOTAL","MALE","","1994","77.66"
"LUX","","TOTAL","MALE","","1995","89.28"
"LUX","","TOTAL","MALE","","1996","82.76"
"LUX","","TOTAL","MALE","","1997","80.64"
"LUX","","TOTAL","MALE","","1998","78.45"
"LUX","","TOTAL","MALE","","1999","69.77"
"LUX","","TOTAL","MALE","","2000","71.69"
"LUX","","TOTAL","MALE","","2001","61.95"
"LUX","","TOTAL","MALE","","2002","67.04"
"LUX","","TOTAL","MALE","","2003","69.13"
"LUX","","TOTAL","MALE","","2004","61.47"
"LUX","","TOTAL","MALE","","2005","57.47"
"LUX","","TOTAL","MALE","","2006","58.83"
"LUX","","TOTAL","MALE","","2007","62.47"
"LUX","","TOTAL","MALE","","2008","43.8"
"LUX","","TOTAL","MALE","","2009","59.12"
"LUX","","TOTAL","MALE","","2010","52.65"
"LUX","","TOTAL","MALE","","2011","50.41"
"LUX","","TOTAL","MALE","","2012","50.42"
"LUX","","TOTAL","MALE","","2013","43.7"
"LUX","","TOTAL","MALE","","2014","53.39"
"LUX","","TOTAL","MALE","","2015","44.39"
"LUX","","TOTAL","MALE","","2016","50.14"
"LUX","","TOTAL","MALE","","2017","38.45"
"LUX","","TOTAL","MALE","","2018","34.49"
"LUX","","TOTAL","MALE","","2019","33.6"
"LUX","","TOTAL","MALE","","2020","29.2"
"LUX","","TOTAL","MALE","","2021","33.2"
"LUX","","TOTAL","MALE","","2022","25.39"
"LVA","","TOTAL","MALE","","1980","73.74"
"LVA","","TOTAL","MALE","","1981","72.16"
"LVA","","TOTAL","MALE","","1982","82.58"
"LVA","","TOTAL","MALE","","1983","81.68"
"LVA","","TOTAL","MALE","","1984","80.41"
"LVA","","TOTAL","MALE","","1985","83.29"
"LVA","","TOTAL","MALE","","1986","88.8"
"LVA","","TOTAL","MALE","","1987","89.91"
"LVA","","TOTAL","MALE","","1988","92.3"
"LVA","","TOTAL","MALE","","1989","90.59"
"LVA","","TOTAL","MALE","","1990","89.46"
"LVA","","TOTAL","MALE","","1991","98.63"
"LVA","","TOTAL","MALE","","1992","93.88"
"LVA","","TOTAL","MALE","","1993","88.35"
"LVA","","TOTAL","MALE","","1994","94.66"
"LVA","","TOTAL","MALE","","1995","87.92"
"LVA","","TOTAL","MALE","","1996","89.59"
"LVA","","TOTAL","MALE","","1997","83.04"
"LVA","","TOTAL","MALE","","1998","83.73"
"LVA","","TOTAL","MALE","","1999","89.6"
"LVA","","TOTAL","MALE","","2000","81.23"
"LVA","","TOTAL","MALE","","2001","88.69"
"LVA","","TOTAL","MALE","","2002","83.1"
"LVA","","TOTAL","MALE","","2003","81.33"
"LVA","","TOTAL","MALE","","2004","81.91"
"LVA","","TOTAL","MALE","","2005","79.77"
"LVA","","TOTAL","MALE","","2006","87.6"
"LVA","","TOTAL","MALE","","2007","78.23"
"LVA","","TOTAL","MALE","","2008","78.44"
"LVA","","TOTAL","MALE","","2009","78.28"
"LVA","","TOTAL","MALE","","2010","75.9"
"LVA","","TOTAL","MALE","","2011","73.99"
"LVA","","TOTAL","MALE","","2012","71.57"
"LVA","","TOTAL","MALE","","2013","70.9"
"LVA","","TOTAL","MALE","","2014","68.23"
"LVA","","TOTAL","MALE","","2015","60.72"
"LVA","","TOTAL","MALE","","2016","65.44"
"LVA","","TOTAL","MALE","","2017","68.81"
"LVA","","TOTAL","MALE","","2018","61.65"
"LVA","","TOTAL","MALE","","2019","61.53"
"LVA","","TOTAL","MALE","","2020","63.46"
"LVA","","TOTAL","MALE","","2021","59.57"
"MDA","","TOTAL","MALE","","1981","43.33"
"MDA","","TOTAL","MALE","","1982","46.3"
"MDA","","TOTAL","MALE","","1985","54.89"
"MDA","","TOTAL","MALE","","1986","56.71"
"MDA","","TOTAL","MALE","","1987","58.07"
"MDA","","TOTAL","MALE","","1988","62.64"
"MDA","","TOTAL","MALE","","1989","65.71"
"MDA","","TOTAL","MALE","","1990","64.37"
"MDA","","TOTAL","MALE","","1991","60.06"
"MDA","","TOTAL","MALE","","1992","59.26"
"MDA","","TOTAL","MALE","","1993","58"
"MDA","","TOTAL","MALE","","1994","62.02"
"MDA","","TOTAL","MALE","","1995","57.35"
"MDA","","TOTAL","MALE","","1996","58.88"
"MDA","","TOTAL","MALE","","1997","58.4"
"MDA","","TOTAL","MALE","","1998","51.95"
"MDA","","TOTAL","MALE","","1999","46.14"
"MDA","","TOTAL","MALE","","2000","46.07"
"MDA","","TOTAL","MALE","","2001","49.53"
"MDA","","TOTAL","MALE","","2002","46.52"
"MDA","","TOTAL","MALE","","2003","50.44"
"MDA","","TOTAL","MALE","","2004","48.22"
"MDA","","TOTAL","MALE","","2005","49.62"
"MDA","","TOTAL","MALE","","2006","50.17"
"MDA","","TOTAL","MALE","","2007","50.28"
"MDA","","TOTAL","MALE","","2008","51.07"
"MDA","","TOTAL","MALE","","2009","48.79"
"MDA","","TOTAL","MALE","","2010","51.84"
"MDA","","TOTAL","MALE","","2011","50.31"
"MDA","","TOTAL","MALE","","2012","50.47"
"MDA","","TOTAL","MALE","","2013","49.23"
"MDA","","TOTAL","MALE","","2014","49.48"
"MDA","","TOTAL","MALE","","2015","50.54"
"MDA","","TOTAL","MALE","","2016","51.94"
"MDA","","TOTAL","MALE","","2017","45.32"
"MDA","","TOTAL","MALE","","2018","48.5"
"MKD","","TOTAL","MALE","","1991","43.39"
"MKD","","TOTAL","MALE","","1992","48.64"
"MKD","","TOTAL","MALE","","1993","52.4"
"MKD","","TOTAL","MALE","","1994","57.77"
"MKD","","TOTAL","MALE","","1995","51.37"
"MKD","","TOTAL","MALE","","1996","57.39"
"MKD","","TOTAL","MALE","","1997","58.69"
"MKD","","TOTAL","MALE","","1998","60.73"
"MKD","","TOTAL","MALE","","1999","56.2"
"MKD","","TOTAL","MALE","","2000","58.54"
"MKD","","TOTAL","MALE","","2001","58.59"
"MKD","","TOTAL","MALE","","2002","59.08"
"MKD","","TOTAL","MALE","","2003","61.04"
"MKD","","TOTAL","MALE","","2004","60.92"
"MKD","","TOTAL","MALE","","2005","63.34"
"MKD","","TOTAL","MALE","","2006","65.27"
"MKD","","TOTAL","MALE","","2007","65.79"
"MKD","","TOTAL","MALE","","2008","64.89"
"MKD","","TOTAL","MALE","","2009","67.52"
"MKD","","TOTAL","MALE","","2010","66.05"
"MKD","","TOTAL","MALE","","2011","62.09"
"MKD","","TOTAL","MALE","","2012","62.32"
"MKD","","TOTAL","MALE","","2013","63.84"
"MKD","","TOTAL","MALE","","2015","60.91"
"MKD","","TOTAL","MALE","","2016","62.05"
"MKD","","TOTAL","MALE","","2017","52.45"
"MKD","","TOTAL","MALE","","2018","59.77"
"MKD","","TOTAL","MALE","","2019","50.54"
"MKD","","TOTAL","MALE","","2020","57.13"
"MKD","","TOTAL","MALE","","2021","47.32"
"MLT","","TOTAL","MALE","","1968","48.33"
"MLT","","TOTAL","MALE","","1969","56.68"
"MLT","","TOTAL","MALE","","1970","47.55"
"MLT","","TOTAL","MALE","","1971","60.04"
"MLT","","TOTAL","MALE","","1972","35.13"
"MLT","","TOTAL","MALE","","1973","49.39"
"MLT","","TOTAL","MALE","","1974","48.52"
"MLT","","TOTAL","MALE","","1975","71.13"
"MLT","","TOTAL","MALE","","1976","64.76"
"MLT","","TOTAL","MALE","","1977","50.94"
"MLT","","TOTAL","MALE","","1978","65.36"
"MLT","","TOTAL","MALE","","1979","67.06"
"MLT","","TOTAL","MALE","","1980","67.24"
"MLT","","TOTAL","MALE","","1981","75.83"
"MLT","","TOTAL","MALE","","1982","62.79"
"MLT","","TOTAL","MALE","","1983","69.31"
"MLT","","TOTAL","MALE","","1984","66.66"
"MLT","","TOTAL","MALE","","1985","78.28"
"MLT","","TOTAL","MALE","","1986","70.99"
"MLT","","TOTAL","MALE","","1987","72.09"
"MLT","","TOTAL","MALE","","1988","52.43"
"MLT","","TOTAL","MALE","","1989","69.29"
"MLT","","TOTAL","MALE","","1990","62.8"
"MLT","","TOTAL","MALE","","1991","64"
"MLT","","TOTAL","MALE","","1992","68.42"
"MLT","","TOTAL","MALE","","1993","67.52"
"MLT","","TOTAL","MALE","","1994","62.4"
"MLT","","TOTAL","MALE","","1995","70.22"
"MLT","","TOTAL","MALE","","1996","76.9"
"MLT","","TOTAL","MALE","","1997","61.58"
"MLT","","TOTAL","MALE","","1998","50.11"
"MLT","","TOTAL","MALE","","1999","59.18"
"MLT","","TOTAL","MALE","","2000","52.44"
"MLT","","TOTAL","MALE","","2001","60.85"
"MLT","","TOTAL","MALE","","2002","62.02"
"MLT","","TOTAL","MALE","","2003","55.69"
"MLT","","TOTAL","MALE","","2004","52.44"
"MLT","","TOTAL","MALE","","2005","49.09"
"MLT","","TOTAL","MALE","","2006","52.52"
"MLT","","TOTAL","MALE","","2007","44.14"
"MLT","","TOTAL","MALE","","2008","54.63"
"MLT","","TOTAL","MALE","","2009","51.52"
"MLT","","TOTAL","MALE","","2010","48.63"
"MLT","","TOTAL","MALE","","2011","47.83"
"MLT","","TOTAL","MALE","","2012","52.03"
"MLT","","TOTAL","MALE","","2013","40.29"
"MLT","","TOTAL","MALE","","2014","49.61"
"MLT","","TOTAL","MALE","","2015","49.13"
"MLT","","TOTAL","MALE","","2016","41.9"
"MLT","","TOTAL","MALE","","2017","40.09"
"MNE","","TOTAL","MALE","","2000","73.7"
"MNE","","TOTAL","MALE","","2001","69.51"
"MNE","","TOTAL","MALE","","2002","71.73"
"MNE","","TOTAL","MALE","","2003","78.52"
"MNE","","TOTAL","MALE","","2004","74.79"
"MNE","","TOTAL","MALE","","2005","79.6"
"MNE","","TOTAL","MALE","","2006","69.88"
"MNE","","TOTAL","MALE","","2007","79.08"
"MNE","","TOTAL","MALE","","2008","69.91"
"MNE","","TOTAL","MALE","","2009","66.99"
"MNE","","TOTAL","MALE","","2017","61.28"
"MNE","","TOTAL","MALE","","2019","53.46"
"NLD","","TOTAL","MALE","","1969","90.62"
"NLD","","TOTAL","MALE","","1970","93.9"
"NLD","","TOTAL","MALE","","1971","99.02"
"NLD","","TOTAL","MALE","","1972","98.61"
"NLD","","TOTAL","MALE","","1973","103"
"NLD","","TOTAL","MALE","","1974","103.99"
"NLD","","TOTAL","MALE","","1975","107.6"
"NLD","","TOTAL","MALE","","1976","111.5"
"NLD","","TOTAL","MALE","","1977","110.14"
"NLD","","TOTAL","MALE","","1978","116.37"
"NLD","","TOTAL","MALE","","1979","113.84"
"NLD","","TOTAL","MALE","","1980","117.1"
"NLD","","TOTAL","MALE","","1981","117.15"
"NLD","","TOTAL","MALE","","1982","117.82"
"NLD","","TOTAL","MALE","","1983","115.3"
"NLD","","TOTAL","MALE","","1984","117.09"
"NLD","","TOTAL","MALE","","1985","116.67"
"NLD","","TOTAL","MALE","","1986","117.43"
"NLD","","TOTAL","MALE","","1987","114.38"
"NLD","","TOTAL","MALE","","1988","114.75"
"NLD","","TOTAL","MALE","","1989","109.81"
"NLD","","TOTAL","MALE","","1990","103.61"
"NLD","","TOTAL","MALE","","1991","103.98"
"NLD","","TOTAL","MALE","","1992","101.36"
"NLD","","TOTAL","MALE","","1993","100.01"
"NLD","","TOTAL","MALE","","1994","96.48"
"NLD","","TOTAL","MALE","","1995","94.33"
"NLD","","TOTAL","MALE","","2000","78.51"
"NLD","","TOTAL","MALE","","2001","78.17"
"NLD","","TOTAL","MALE","","2002","76.41"
"NLD","","TOTAL","MALE","","2003","71.67"
"NLD","","TOTAL","MALE","","2004","73.9"
"NLD","","TOTAL","MALE","","2005","70.98"
"NLD","","TOTAL","MALE","","2006","68.33"
"NLD","","TOTAL","MALE","","2007","67.58"
"NLD","","TOTAL","MALE","","2008","65.86"
"NLD","","TOTAL","MALE","","2009","64.37"
"NLD","","TOTAL","MALE","","2010","63.44"
"NLD","","TOTAL","MALE","","2011","61.94"
"NLD","","TOTAL","MALE","","2012","57.84"
"NLD","","TOTAL","MALE","","2013","55.48"
"NLD","","TOTAL","MALE","","2014","53.42"
"NLD","","TOTAL","MALE","","2015","51.54"
"NLD","","TOTAL","MALE","","2016","51.27"
"NLD","","TOTAL","MALE","","2017","48.74"
"NLD","","TOTAL","MALE","","2018","44.28"
"NLD","","TOTAL","MALE","","2019","41.88"
"NLD","","TOTAL","MALE","","2020","40.38"
"NLD","","TOTAL","MALE","","2021","39.53"
"NLD","","TOTAL","MALE","","2022","38.76"
"NOR","","TOTAL","MALE","","1969","26.23"
"NOR","","TOTAL","MALE","","1970","27.6"
"NOR","","TOTAL","MALE","","1971","28.03"
"NOR","","TOTAL","MALE","","1972","27.94"
"NOR","","TOTAL","MALE","","1973","29.19"
"NOR","","TOTAL","MALE","","1974","28.45"
"NOR","","TOTAL","MALE","","1975","33.09"
"NOR","","TOTAL","MALE","","1976","33.86"
"NOR","","TOTAL","MALE","","1977","35.54"
"NOR","","TOTAL","MALE","","1978","36.17"
"NOR","","TOTAL","MALE","","1979","36.04"
"NOR","","TOTAL","MALE","","1980","35.52"
"NOR","","TOTAL","MALE","","1981","43.22"
"NOR","","TOTAL","MALE","","1982","42.2"
"NOR","","TOTAL","MALE","","1983","40.62"
"NOR","","TOTAL","MALE","","1984","42.56"
"NOR","","TOTAL","MALE","","1985","43.53"
"NOR","","TOTAL","MALE","","1986","45.78"
"NOR","","TOTAL","MALE","","1987","45.45"
"NOR","","TOTAL","MALE","","1988","46.03"
"NOR","","TOTAL","MALE","","1989","43.93"
"NOR","","TOTAL","MALE","","1990","44.41"
"NOR","","TOTAL","MALE","","1991","46.88"
"NOR","","TOTAL","MALE","","1992","46.32"
"NOR","","TOTAL","MALE","","1993","47.57"
"NOR","","TOTAL","MALE","","1994","47.53"
"NOR","","TOTAL","MALE","","1995","46.83"
"NOR","","TOTAL","MALE","","1996","46.47"
"NOR","","TOTAL","MALE","","1997","46.76"
"NOR","","TOTAL","MALE","","1998","45.89"
"NOR","","TOTAL","MALE","","1999","47.85"
"NOR","","TOTAL","MALE","","2000","45.38"
"NOR","","TOTAL","MALE","","2001","45.62"
"NOR","","TOTAL","MALE","","2002","48.87"
"NOR","","TOTAL","MALE","","2003","46.95"
"NOR","","TOTAL","MALE","","2004","45.65"
"NOR","","TOTAL","MALE","","2005","44.48"
"NOR","","TOTAL","MALE","","2006","45.39"
"NOR","","TOTAL","MALE","","2007","44.74"
"NOR","","TOTAL","MALE","","2008","43.11"
"NOR","","TOTAL","MALE","","2009","42.99"
"NOR","","TOTAL","MALE","","2010","42.49"
"NOR","","TOTAL","MALE","","2011","41.79"
"NOR","","TOTAL","MALE","","2012","40.13"
"NOR","","TOTAL","MALE","","2013","37.87"
"NOR","","TOTAL","MALE","","2014","36.92"
"NOR","","TOTAL","MALE","","2015","35.53"
"NOR","","TOTAL","MALE","","2016","34.49"
"","NORDIC","TOTAL","MALE","","1969","50.46"
"","NORDIC","TOTAL","MALE","","1970","49.81"
"","NORDIC","TOTAL","MALE","","1971","53.22"
"","NORDIC","TOTAL","MALE","","1972","53.68"
"","NORDIC","TOTAL","MALE","","1973","53.27"
"","NORDIC","TOTAL","MALE","","1974","53.99"
"","NORDIC","TOTAL","MALE","","1975","53.7"
"","NORDIC","TOTAL","MALE","","1976","56.98"
"","NORDIC","TOTAL","MALE","","1977","57.98"
"","NORDIC","TOTAL","MALE","","1978","59.02"
"","NORDIC","TOTAL","MALE","","1979","60.32"
"","NORDIC","TOTAL","MALE","","1980","58.84"
"","NORDIC","TOTAL","MALE","","1981","60.46"
"","NORDIC","TOTAL","MALE","","1982","58.03"
"","NORDIC","TOTAL","MALE","","1983","59.21"
"","NORDIC","TOTAL","MALE","","1984","58.92"
"","NORDIC","TOTAL","MALE","","1985","59.55"
"","NORDIC","TOTAL","MALE","","1986","56.99"
"","NORDIC","TOTAL","MALE","","1987","57.22"
"","NORDIC","TOTAL","MALE","","1988","56.34"
"","NORDIC","TOTAL","MALE","","1989","54.31"
"","NORDIC","TOTAL","MALE","","1990","54.82"
"","NORDIC","TOTAL","MALE","","1991","52.72"
"","NORDIC","TOTAL","MALE","","1992","53.34"
"","NORDIC","TOTAL","MALE","","1993","53.16"
"","NORDIC","TOTAL","MALE","","1994","51.45"
"","NORDIC","TOTAL","MALE","","1995","51.62"
"","NORDIC","TOTAL","MALE","","1996","50.23"
"","NORDIC","TOTAL","MALE","","1999","47.47"
"","NORDIC","TOTAL","MALE","","2000","46.37"
"","NORDIC","TOTAL","MALE","","2001","45.8"
"","NORDIC","TOTAL","MALE","","2002","44.77"
"","NORDIC","TOTAL","MALE","","2003","44.69"
"","NORDIC","TOTAL","MALE","","2004","43.97"
"","NORDIC","TOTAL","MALE","","2005","43.87"
"","NORDIC","TOTAL","MALE","","2006","43.97"
"","NORDIC","TOTAL","MALE","","2007","41.04"
"","NORDIC","TOTAL","MALE","","2008","40.8"
"","NORDIC","TOTAL","MALE","","2009","39.32"
"","NORDIC","TOTAL","MALE","","2010","40.03"
"","NORDIC","TOTAL","MALE","","2011","37.85"
"","NORDIC","TOTAL","MALE","","2012","37.32"
"","NORDIC","TOTAL","MALE","","2013","36.04"
"","NORDIC","TOTAL","MALE","","2014","34.67"
"","NORDIC","TOTAL","MALE","","2015","33.56"
"","NORDIC","TOTAL","MALE","","2016","32.93"
"","NORDIC","TOTAL","MALE","","2017","32.4"
"","NORDIC","TOTAL","MALE","","2018","30.17"
"","NORDIC","TOTAL","MALE","","2019","29.52"
"","NORDIC","TOTAL","MALE","","2020","28.35"
"","NORDIC","TOTAL","MALE","","2021","27.76"
"POL","","TOTAL","MALE","","1969","48.07"
"POL","","TOTAL","MALE","","1970","51.15"
"POL","","TOTAL","MALE","","1971","55.82"
"POL","","TOTAL","MALE","","1972","56.71"
"POL","","TOTAL","MALE","","1973","61.24"
"POL","","TOTAL","MALE","","1974","62.34"
"POL","","TOTAL","MALE","","1975","64.18"
"POL","","TOTAL","MALE","","1976","68.72"
"POL","","TOTAL","MALE","","1977","68.87"
"POL","","TOTAL","MALE","","1978","72.59"
"POL","","TOTAL","MALE","","1979","74.25"
"POL","","TOTAL","MALE","","1980","78.76"
"POL","","TOTAL","MALE","","1981","81.39"
"POL","","TOTAL","MALE","","1982","81.91"
"POL","","TOTAL","MALE","","1983","88.13"
"POL","","TOTAL","MALE","","1984","90.93"
"POL","","TOTAL","MALE","","1985","93.04"
"POL","","TOTAL","MALE","","1986","94.71"
"POL","","TOTAL","MALE","","1987","95.72"
"POL","","TOTAL","MALE","","1988","99.06"
"POL","","TOTAL","MALE","","1989","98.85"
"POL","","TOTAL","MALE","","1990","101.66"
"POL","","TOTAL","MALE","","1991","102.52"
"POL","","TOTAL","MALE","","1992","100.44"
"POL","","TOTAL","MALE","","1993","102.99"
"POL","","TOTAL","MALE","","1994","102.17"
"POL","","TOTAL","MALE","","1995","103.79"
"POL","","TOTAL","MALE","","1996","101.12"
"POL","","TOTAL","MALE","","1999","97.67"
"POL","","TOTAL","MALE","","2000","99.92"
"POL","","TOTAL","MALE","","2001","100.8"
"POL","","TOTAL","MALE","","2002","100.57"
"POL","","TOTAL","MALE","","2003","96.97"
"POL","","TOTAL","MALE","","2004","96.37"
"POL","","TOTAL","MALE","","2005","95.06"
"POL","","TOTAL","MALE","","2006","93.83"
"POL","","TOTAL","MALE","","2007","91.45"
"POL","","TOTAL","MALE","","2008","91.27"
"POL","","TOTAL","MALE","","2009","86.83"
"POL","","TOTAL","MALE","","2010","83.75"
"POL","","TOTAL","MALE","","2011","80.73"
"POL","","TOTAL","MALE","","2012","80.03"
"POL","","TOTAL","MALE","","2013","77.37"
"POL","","TOTAL","MALE","","2014","74.72"
"POL","","TOTAL","MALE","","2015","75.17"
"POL","","TOTAL","MALE","","2016","72.95"
"POL","","TOTAL","MALE","","2017","68.45"
"POL","","TOTAL","MALE","","2018","66.05"
"POL","","TOTAL","MALE","","2019","63.01"
"POL","","TOTAL","MALE","","2020","58.85"
"POL","","TOTAL","MALE","","2021","53.82"
"PRT","","TOTAL","MALE","","1971","20.84"
"PRT","","TOTAL","MALE","","1972","20.05"
"PRT","","TOTAL","MALE","","1973","21.37"
"PRT","","TOTAL","MALE","","1974","20.14"
"PRT","","TOTAL","MALE","","1975","22.03"
"PRT","","TOTAL","MALE","","1976","23.27"
"PRT","","TOTAL","MALE","","1977","24.24"
"PRT","","TOTAL","MALE","","1978","28.13"
"PRT","","TOTAL","MALE","","1979","29.53"
"PRT","","TOTAL","MALE","","1980","30.8"
"PRT","","TOTAL","MALE","","1981","27.71"
"PRT","","TOTAL","MALE","","1982","29.8"
"PRT","","TOTAL","MALE","","1983","31.11"
"PRT","","TOTAL","MALE","","1984","33.04"
"PRT","","TOTAL","MALE","","1985","36.08"
"PRT","","TOTAL","MALE","","1986","35.92"
"PRT","","TOTAL","MALE","","1987","38.81"
"PRT","","TOTAL","MALE","","1988","36.83"
"PRT","","TOTAL","MALE","","1989","35.43"
"PRT","","TOTAL","MALE","","1990","38.06"
"PRT","","TOTAL","MALE","","1991","37.73"
"PRT","","TOTAL","MALE","","1992","37.56"
"PRT","","TOTAL","MALE","","1993","42.49"
"PRT","","TOTAL","MALE","","1994","40.37"
"PRT","","TOTAL","MALE","","1995","40.64"
"PRT","","TOTAL","MALE","","1996","42.04"
"PRT","","TOTAL","MALE","","1997","41.39"
"PRT","","TOTAL","MALE","","1998","43.29"
"PRT","","TOTAL","MALE","","1999","40.17"
"PRT","","TOTAL","MALE","","2000","41.45"
"PRT","","TOTAL","MALE","","2001","41"
"PRT","","TOTAL","MALE","","2002","41.98"
"PRT","","TOTAL","MALE","","2003","43.95"
"PRT","","TOTAL","MALE","","2007","43.01"
"PRT","","TOTAL","MALE","","2008","40.92"
"PRT","","TOTAL","MALE","","2009","41.95"
"PRT","","TOTAL","MALE","","2010","44.02"
"PRT","","TOTAL","MALE","","2011","43.12"
"PRT","","TOTAL","MALE","","2012","42.2"
"PRT","","TOTAL","MALE","","2013","45.98"
"PRT","","TOTAL","MALE","","2014","43.79"
"PRT","","TOTAL","MALE","","2015","42.73"
"PRT","","TOTAL","MALE","","2016","43.54"
"PRT","","TOTAL","MALE","","2017","44.12"
"PRT","","TOTAL","MALE","","2018","43.49"
"ROU","","TOTAL","MALE","","1969","38.57"
"ROU","","TOTAL","MALE","","1970","38.42"
"ROU","","TOTAL","MALE","","1971","39.89"
"ROU","","TOTAL","MALE","","1972","39.95"
"ROU","","TOTAL","MALE","","1973","40.32"
"ROU","","TOTAL","MALE","","1974","41.08"
"ROU","","TOTAL","MALE","","1975","41.74"
"ROU","","TOTAL","MALE","","1976","43.31"
"ROU","","TOTAL","MALE","","1977","43.27"
"ROU","","TOTAL","MALE","","1978","44.76"
"ROU","","TOTAL","MALE","","1980","45.84"
"ROU","","TOTAL","MALE","","1981","44.82"
"ROU","","TOTAL","MALE","","1982","45.19"
"ROU","","TOTAL","MALE","","1983","45.71"
"ROU","","TOTAL","MALE","","1984","47.16"
"ROU","","TOTAL","MALE","","1985","49.21"
"ROU","","TOTAL","MALE","","1986","52.11"
"ROU","","TOTAL","MALE","","1987","52.09"
"ROU","","TOTAL","MALE","","1988","54.59"
"ROU","","TOTAL","MALE","","1989","53.27"
"ROU","","TOTAL","MALE","","1990","52.94"
"ROU","","TOTAL","MALE","","1991","54.78"
"ROU","","TOTAL","MALE","","1992","58.67"
"ROU","","TOTAL","MALE","","1993","59.53"
"ROU","","TOTAL","MALE","","1994","61.85"
"ROU","","TOTAL","MALE","","1995","62.75"
"ROU","","TOTAL","MALE","","1996","61.61"
"ROU","","TOTAL","MALE","","1997","62.63"
"ROU","","TOTAL","MALE","","1998","63.67"
"ROU","","TOTAL","MALE","","1999","61.31"
"ROU","","TOTAL","MALE","","2000","64.88"
"ROU","","TOTAL","MALE","","2001","65.39"
"ROU","","TOTAL","MALE","","2002","66.15"
"ROU","","TOTAL","MALE","","2003","65.19"
"ROU","","TOTAL","MALE","","2004","65.32"
"ROU","","TOTAL","MALE","","2005","67.74"
"ROU","","TOTAL","MALE","","2006","66.64"
"ROU","","TOTAL","MALE","","2007","66.82"
"ROU","","TOTAL","MALE","","2008","68.17"
"ROU","","TOTAL","MALE","","2009","69.47"
"ROU","","TOTAL","MALE","","2010","68.64"
"ROU","","TOTAL","MALE","","2011","68.67"
"ROU","","TOTAL","MALE","","2012","68.44"
"ROU","","TOTAL","MALE","","2013","67.75"
"ROU","","TOTAL","MALE","","2014","69.05"
"ROU","","TOTAL","MALE","","2015","68.72"
"ROU","","TOTAL","MALE","","2016","67.01"
"ROU","","TOTAL","MALE","","2017","65.84"
"ROU","","TOTAL","MALE","","2018","63.69"
"ROU","","TOTAL","MALE","","2019","60.6"
"RUS","","TOTAL","MALE","","1980","84.16"
"RUS","","TOTAL","MALE","","1981","85.72"
"RUS","","TOTAL","MALE","","1982","87.82"
"RUS","","TOTAL","MALE","","1983","90.62"
"RUS","","TOTAL","MALE","","1984","91.69"
"RUS","","TOTAL","MALE","","1985","94.22"
"RUS","","TOTAL","MALE","","1986","97.89"
"RUS","","TOTAL","MALE","","1987","99.06"
"RUS","","TOTAL","MALE","","1988","101.79"
"RUS","","TOTAL","MALE","","1989","103.19"
"RUS","","TOTAL","MALE","","1990","103.71"
"RUS","","TOTAL","MALE","","1991","103.8"
"RUS","","TOTAL","MALE","","1992","103.06"
"RUS","","TOTAL","MALE","","1993","104.01"
"RUS","","TOTAL","MALE","","1994","102.27"
"RUS","","TOTAL","MALE","","1995","98.08"
"RUS","","TOTAL","MALE","","1996","93.26"
"RUS","","TOTAL","MALE","","1997","91.95"
"RUS","","TOTAL","MALE","","1998","89.8"
"RUS","","TOTAL","MALE","","1999","88.54"
"RUS","","TOTAL","MALE","","2000","87.27"
"RUS","","TOTAL","MALE","","2001","83.54"
"RUS","","TOTAL","MALE","","2002","81.96"
"RUS","","TOTAL","MALE","","2003","79.38"
"RUS","","TOTAL","MALE","","2004","78.4"
"RUS","","TOTAL","MALE","","2005","77.08"
"RUS","","TOTAL","MALE","","2006","74.95"
"RUS","","TOTAL","MALE","","2007","74.06"
"RUS","","TOTAL","MALE","","2008","72.58"
"RUS","","TOTAL","MALE","","2009","72.43"
"RUS","","TOTAL","MALE","","2010","70.3"
"RUS","","TOTAL","MALE","","2011","68.15"
"RUS","","TOTAL","MALE","","2012","65.85"
"RUS","","TOTAL","MALE","","2013","64.9"
"RUS","","TOTAL","MALE","","2014","64.78"
"RUS","","TOTAL","MALE","","2015","62.95"
"RUS","","TOTAL","MALE","","2019","56.39"
"","SEEHN","TOTAL","MALE","","1985","54.36"
"","SEEHN","TOTAL","MALE","","1986","55.45"
"","SEEHN","TOTAL","MALE","","1987","55.9"
"","SEEHN","TOTAL","MALE","","1988","57.71"
"","SEEHN","TOTAL","MALE","","1989","57.75"
"","SEEHN","TOTAL","MALE","","1990","56.93"
"","SEEHN","TOTAL","MALE","","1991","57.08"
"","SEEHN","TOTAL","MALE","","1992","59"
"","SEEHN","TOTAL","MALE","","1993","59.49"
"","SEEHN","TOTAL","MALE","","1994","60.6"
"","SEEHN","TOTAL","MALE","","1995","60.94"
"","SEEHN","TOTAL","MALE","","1996","60.56"
"","SEEHN","TOTAL","MALE","","1997","60.66"
"","SEEHN","TOTAL","MALE","","1998","60.31"
"","SEEHN","TOTAL","MALE","","1999","58.95"
"","SEEHN","TOTAL","MALE","","2000","60.09"
"","SEEHN","TOTAL","MALE","","2001","59.8"
"","SEEHN","TOTAL","MALE","","2002","60.91"
"","SEEHN","TOTAL","MALE","","2003","61.08"
"","SEEHN","TOTAL","MALE","","2004","61.11"
"","SEEHN","TOTAL","MALE","","2005","62.51"
"","SEEHN","TOTAL","MALE","","2006","62.66"
"","SEEHN","TOTAL","MALE","","2007","62.32"
"","SEEHN","TOTAL","MALE","","2008","63.37"
"","SEEHN","TOTAL","MALE","","2009","62.68"
"","SEEHN","TOTAL","MALE","","2010","63.19"
"","SEEHN","TOTAL","MALE","","2011","61.36"
"","SEEHN","TOTAL","MALE","","2012","61.33"
"","SEEHN","TOTAL","MALE","","2013","61.18"
"","SEEHN","TOTAL","MALE","","2014","60.75"
"","SEEHN","TOTAL","MALE","","2015","60.21"
"","SEEHN","TOTAL","MALE","","2016","59.18"
"","SEEHN","TOTAL","MALE","","2017","56.72"
"","SEEHN","TOTAL","MALE","","2018","55.94"
"","SEEHN","TOTAL","MALE","","2019","53.71"
"","SEEHN","TOTAL","MALE","","2021","50.87"
"","SMALL","TOTAL","MALE","","1995","62.73"
"","SMALL","TOTAL","MALE","","1996","63.29"
"","SMALL","TOTAL","MALE","","1997","61.03"
"","SMALL","TOTAL","MALE","","1998","57.88"
"","SMALL","TOTAL","MALE","","1999","58.49"
"","SMALL","TOTAL","MALE","","2000","56.1"
"","SMALL","TOTAL","MALE","","2001","55.2"
"","SMALL","TOTAL","MALE","","2002","55.88"
"","SMALL","TOTAL","MALE","","2003","57.28"
"","SMALL","TOTAL","MALE","","2004","53.93"
"","SMALL","TOTAL","MALE","","2005","54.12"
"","SMALL","TOTAL","MALE","","2006","50.47"
"","SMALL","TOTAL","MALE","","2007","52.72"
"","SMALL","TOTAL","MALE","","2008","48.27"
"","SMALL","TOTAL","MALE","","2009","51.57"
"","SMALL","TOTAL","MALE","","2010","48.47"
"","SMALL","TOTAL","MALE","","2011","49.63"
"","SMALL","TOTAL","MALE","","2012","50.29"
"","SMALL","TOTAL","MALE","","2013","46.5"
"","SMALL","TOTAL","MALE","","2014","49.15"
"","SMALL","TOTAL","MALE","","2015","44.73"
"","SMALL","TOTAL","MALE","","2016","46.17"
"","SMALL","TOTAL","MALE","","2017","45.17"
"","SMALL","TOTAL","MALE","","2019","37.51"
"SMR","","TOTAL","MALE","","1995","66.28"
"SMR","","TOTAL","MALE","","1996","39.51"
"SMR","","TOTAL","MALE","","1997","58.67"
"SMR","","TOTAL","MALE","","1998","61.71"
"SMR","","TOTAL","MALE","","1999","81.75"
"SMR","","TOTAL","MALE","","2000","61.43"
"SMR","","TOTAL","MALE","","2005","62.36"
"SRB","","TOTAL","MALE","","1998","69.81"
"SRB","","TOTAL","MALE","","1999","69.14"
"SRB","","TOTAL","MALE","","2000","72.33"
"SRB","","TOTAL","MALE","","2001","70.94"
"SRB","","TOTAL","MALE","","2002","74.57"
"SRB","","TOTAL","MALE","","2003","74.31"
"SRB","","TOTAL","MALE","","2004","77.47"
"SRB","","TOTAL","MALE","","2005","79.68"
"SRB","","TOTAL","MALE","","2006","83.37"
"SRB","","TOTAL","MALE","","2007","82.78"
"SRB","","TOTAL","MALE","","2008","84.6"
"SRB","","TOTAL","MALE","","2009","83.66"
"SRB","","TOTAL","MALE","","2010","84.97"
"SRB","","TOTAL","MALE","","2011","78.34"
"SRB","","TOTAL","MALE","","2012","79.51"
"SRB","","TOTAL","MALE","","2013","80.19"
"SRB","","TOTAL","MALE","","2014","79.68"
"SRB","","TOTAL","MALE","","2015","79.3"
"SRB","","TOTAL","MALE","","2016","79.53"
"SRB","","TOTAL","MALE","","2017","75.7"
"SRB","","TOTAL","MALE","","2018","76.48"
"SRB","","TOTAL","MALE","","2019","73.17"
"SRB","","TOTAL","MALE","","2020","68.44"
"SRB","","TOTAL","MALE","","2021","62.35"
"SRB","","TOTAL","MALE","","2022","58.8"
"SVK","","TOTAL","MALE","","1992","89.45"
"SVK","","TOTAL","MALE","","1993","89.34"
"SVK","","TOTAL","MALE","","1994","89.17"
"SVK","","TOTAL","MALE","","1995","95.07"
"SVK","","TOTAL","MALE","","1996","89.58"
"SVK","","TOTAL","MALE","","1997","87.95"
"SVK","","TOTAL","MALE","","1998","90.85"
"SVK","","TOTAL","MALE","","1999","86.02"
"SVK","","TOTAL","MALE","","2000","88.72"
"SVK","","TOTAL","MALE","","2001","82.88"
"SVK","","TOTAL","MALE","","2002","77.59"
"SVK","","TOTAL","MALE","","2003","73.2"
"SVK","","TOTAL","MALE","","2004","73.58"
"SVK","","TOTAL","MALE","","2005","75.28"
"SVK","","TOTAL","MALE","","2006","70.51"
"SVK","","TOTAL","MALE","","2007","68.74"
"SVK","","TOTAL","MALE","","2008","67.53"
"SVK","","TOTAL","MALE","","2009","65.09"
"SVK","","TOTAL","MALE","","2010","63.93"
"SVK","","TOTAL","MALE","","2012","64.29"
"SVK","","TOTAL","MALE","","2013","62.39"
"SVK","","TOTAL","MALE","","2014","58.34"
"SVK","","TOTAL","MALE","","2016","57.02"
"SVK","","TOTAL","MALE","","2017","54.84"
"SVK","","TOTAL","MALE","","2018","54.64"
"SVK","","TOTAL","MALE","","2019","47.32"
"SVK","","TOTAL","MALE","","2020","49.34"
"SVK","","TOTAL","MALE","","2021","42.83"
"SVN","","TOTAL","MALE","","1985","83.55"
"SVN","","TOTAL","MALE","","1986","80.09"
"SVN","","TOTAL","MALE","","1987","82.37"
"SVN","","TOTAL","MALE","","1988","86.81"
"SVN","","TOTAL","MALE","","1989","81.93"
"SVN","","TOTAL","MALE","","1990","89.85"
"SVN","","TOTAL","MALE","","1991","82.83"
"SVN","","TOTAL","MALE","","1992","86.89"
"SVN","","TOTAL","MALE","","1993","90.97"
"SVN","","TOTAL","MALE","","1994","88.63"
"SVN","","TOTAL","MALE","","1995","90.77"
"SVN","","TOTAL","MALE","","1996","86.74"
"SVN","","TOTAL","MALE","","1997","81.59"
"SVN","","TOTAL","MALE","","1998","82.62"
"SVN","","TOTAL","MALE","","1999","79.75"
"SVN","","TOTAL","MALE","","2000","77.4"
"SVN","","TOTAL","MALE","","2001","76.36"
"SVN","","TOTAL","MALE","","2002","72.38"
"SVN","","TOTAL","MALE","","2003","73.97"
"SVN","","TOTAL","MALE","","2004","76"
"SVN","","TOTAL","MALE","","2005","74.6"
"SVN","","TOTAL","MALE","","2006","72.84"
"SVN","","TOTAL","MALE","","2007","73.31"
"SVN","","TOTAL","MALE","","2008","69.43"
"SVN","","TOTAL","MALE","","2009","61.8"
"SVN","","TOTAL","MALE","","2010","66.46"
"SVN","","TOTAL","MALE","","2011","62.83"
"SVN","","TOTAL","MALE","","2012","60.47"
"SVN","","TOTAL","MALE","","2013","55.55"
"SVN","","TOTAL","MALE","","2014","57.69"
"SVN","","TOTAL","MALE","","2015","60.31"
"SVN","","TOTAL","MALE","","2016","57.33"
"SVN","","TOTAL","MALE","","2017","54.02"
"SVN","","TOTAL","MALE","","2018","50.54"
"SVN","","TOTAL","MALE","","2019","49.78"
"SVN","","TOTAL","MALE","","2020","47.15"
"SWE","","TOTAL","MALE","","1969","28.97"
"SWE","","TOTAL","MALE","","1970","29.15"
"SWE","","TOTAL","MALE","","1971","32.12"
"SWE","","TOTAL","MALE","","1972","33.59"
"SWE","","TOTAL","MALE","","1973","33.91"
"SWE","","TOTAL","MALE","","1974","35.27"
"SWE","","TOTAL","MALE","","1975","35.83"
"SWE","","TOTAL","MALE","","1976","36.56"
"SWE","","TOTAL","MALE","","1977","39.53"
"SWE","","TOTAL","MALE","","1978","38.15"
"SWE","","TOTAL","MALE","","1979","39.47"
"SWE","","TOTAL","MALE","","1980","37.25"
"SWE","","TOTAL","MALE","","1981","35.96"
"SWE","","TOTAL","MALE","","1982","35.55"
"SWE","","TOTAL","MALE","","1983","36.32"
"SWE","","TOTAL","MALE","","1984","37.73"
"SWE","","TOTAL","MALE","","1985","37.24"
"SWE","","TOTAL","MALE","","1986","34.98"
"SWE","","TOTAL","MALE","","1987","36.09"
"SWE","","TOTAL","MALE","","1988","36.29"
"SWE","","TOTAL","MALE","","1989","34.09"
"SWE","","TOTAL","MALE","","1990","35.61"
"SWE","","TOTAL","MALE","","1991","35.88"
"SWE","","TOTAL","MALE","","1992","35.05"
"SWE","","TOTAL","MALE","","1993","33.48"
"SWE","","TOTAL","MALE","","1994","34.25"
"SWE","","TOTAL","MALE","","1995","33.61"
"SWE","","TOTAL","MALE","","1996","32.55"
"SWE","","TOTAL","MALE","","1999","32.71"
"SWE","","TOTAL","MALE","","2000","31.48"
"SWE","","TOTAL","MALE","","2001","31.36"
"SWE","","TOTAL","MALE","","2002","30.83"
"SWE","","TOTAL","MALE","","2003","31.09"
"SWE","","TOTAL","MALE","","2004","30.73"
"SWE","","TOTAL","MALE","","2005","32.07"
"SWE","","TOTAL","MALE","","2006","30.61"
"SWE","","TOTAL","MALE","","2007","28.49"
"SWE","","TOTAL","MALE","","2008","29.62"
"SWE","","TOTAL","MALE","","2009","27.83"
"SWE","","TOTAL","MALE","","2010","28.63"
"SWE","","TOTAL","MALE","","2011","27.87"
"SWE","","TOTAL","MALE","","2012","26.79"
"SWE","","TOTAL","MALE","","2013","25.46"
"SWE","","TOTAL","MALE","","2014","24.63"
"SWE","","TOTAL","MALE","","2015","24.43"
"SWE","","TOTAL","MALE","","2016","23.8"
"SWE","","TOTAL","MALE","","2017","23.33"
"SWE","","TOTAL","MALE","","2018","21.48"
"SWE","","TOTAL","MALE","","2019","19.87"
"SWE","","TOTAL","MALE","","2020","19.79"
"SWE","","TOTAL","MALE","","2021","18.34"
"SWE","","TOTAL","MALE","","2022","17.26"
"TJK","","TOTAL","MALE","","1981","23.78"
"TJK","","TOTAL","MALE","","1982","23.56"
"TJK","","TOTAL","MALE","","1985","25.54"
"TJK","","TOTAL","MALE","","1986","27.73"
"TJK","","TOTAL","MALE","","1987","29.43"
"TJK","","TOTAL","MALE","","1988","29.59"
"TJK","","TOTAL","MALE","","1989","30.02"
"TJK","","TOTAL","MALE","","1990","21.06"
"TJK","","TOTAL","MALE","","1991","22.1"
"TJK","","TOTAL","MALE","","1992","21.86"
"TJK","","TOTAL","MALE","","1993","16.16"
"TJK","","TOTAL","MALE","","1994","12.89"
"TJK","","TOTAL","MALE","","1995","9.49"
"TJK","","TOTAL","MALE","","1996","9.65"
"TJK","","TOTAL","MALE","","1997","9.81"
"TJK","","TOTAL","MALE","","1998","10.39"
"TJK","","TOTAL","MALE","","1999","10.11"
"TJK","","TOTAL","MALE","","2000","6.67"
"TJK","","TOTAL","MALE","","2001","6.62"
"TJK","","TOTAL","MALE","","2002","8.49"
"TJK","","TOTAL","MALE","","2003","10.14"
"TJK","","TOTAL","MALE","","2004","10.29"
"TJK","","TOTAL","MALE","","2005","8.14"
"TJK","","TOTAL","MALE","","2017","7.09"
"TKM","","TOTAL","MALE","","1981","31.25"
"TKM","","TOTAL","MALE","","1982","30.12"
"TKM","","TOTAL","MALE","","1985","33.22"
"TKM","","TOTAL","MALE","","1986","26.92"
"TKM","","TOTAL","MALE","","1987","31.62"
"TKM","","TOTAL","MALE","","1988","35.83"
"TKM","","TOTAL","MALE","","1989","26.06"
"TKM","","TOTAL","MALE","","1990","30.82"
"TKM","","TOTAL","MALE","","1991","26.49"
"TKM","","TOTAL","MALE","","1992","26.43"
"TKM","","TOTAL","MALE","","1993","27.86"
"TKM","","TOTAL","MALE","","1994","23.99"
"TKM","","TOTAL","MALE","","1995","21.7"
"TKM","","TOTAL","MALE","","1996","21.26"
"TKM","","TOTAL","MALE","","1997","21.67"
"TKM","","TOTAL","MALE","","1998","17.51"
"TKM","","TOTAL","MALE","","1999","18.9"
"TKM","","TOTAL","MALE","","2000","19.32"
"TKM","","TOTAL","MALE","","2001","17.23"
"TKM","","TOTAL","MALE","","2002","18.09"
"TKM","","TOTAL","MALE","","2003","12.66"
"TKM","","TOTAL","MALE","","2004","12.55"
"TKM","","TOTAL","MALE","","2005","13.99"
"TKM","","TOTAL","MALE","","2006","13.31"
"TKM","","TOTAL","MALE","","2007","13.88"
"TKM","","TOTAL","MALE","","2008","10.73"
"TKM","","TOTAL","MALE","","2009","13"
"TKM","","TOTAL","MALE","","2010","15.79"
"TKM","","TOTAL","MALE","","2011","17.02"
"TKM","","TOTAL","MALE","","2012","12.93"
"TKM","","TOTAL","MALE","","2013","13"
"TUR","","TOTAL","MALE","","2009","66.46"
"TUR","","TOTAL","MALE","","2010","68.27"
"TUR","","TOTAL","MALE","","2011","69.1"
"TUR","","TOTAL","MALE","","2012","69.75"
"TUR","","TOTAL","MALE","","2013","74.61"
"TUR","","TOTAL","MALE","","2014","72.75"
"TUR","","TOTAL","MALE","","2015","70.85"
"TUR","","TOTAL","MALE","","2016","70.36"
"TUR","","TOTAL","MALE","","2017","68.5"
"TUR","","TOTAL","MALE","","2018","65.62"
"TUR","","TOTAL","MALE","","2019","61.85"
"UKR","","TOTAL","MALE","","1981","68.68"
"UKR","","TOTAL","MALE","","1982","70.63"
"UKR","","TOTAL","MALE","","1985","76.88"
"UKR","","TOTAL","MALE","","1986","79.89"
"UKR","","TOTAL","MALE","","1987","83.59"
"UKR","","TOTAL","MALE","","1988","87.15"
"UKR","","TOTAL","MALE","","1989","89.37"
"UKR","","TOTAL","MALE","","1990","89.7"
"UKR","","TOTAL","MALE","","1991","89.31"
"UKR","","TOTAL","MALE","","1992","88.37"
"UKR","","TOTAL","MALE","","1993","86.12"
"UKR","","TOTAL","MALE","","1994","84.15"
"UKR","","TOTAL","MALE","","1995","81.56"
"UKR","","TOTAL","MALE","","1996","76.34"
"UKR","","TOTAL","MALE","","1997","74.45"
"UKR","","TOTAL","MALE","","1998","73.96"
"UKR","","TOTAL","MALE","","1999","72.23"
"UKR","","TOTAL","MALE","","2000","72.18"
"UKR","","TOTAL","MALE","","2001","68.63"
"UKR","","TOTAL","MALE","","2002","67.02"
"UKR","","TOTAL","MALE","","2003","64.14"
"UKR","","TOTAL","MALE","","2004","62.79"
"UKR","","TOTAL","MALE","","2005","61.15"
"UKR","","TOTAL","MALE","","2006","60.48"
"UKR","","TOTAL","MALE","","2007","58.4"
"UKR","","TOTAL","MALE","","2008","56.31"
"UKR","","TOTAL","MALE","","2009","55.43"
"UKR","","TOTAL","MALE","","2010","55.05"
"UKR","","TOTAL","MALE","","2011","55.48"
"UKR","","TOTAL","MALE","","2012","57.37"
"UKR","","TOTAL","MALE","","2014","52.5"
"UKR","","TOTAL","MALE","","2015","48.83"
"UKR","","TOTAL","MALE","","2017","46.16"
"UKR","","TOTAL","MALE","","2018","44.92"
"UKR","","TOTAL","MALE","","2019","45.03"
"UZB","","TOTAL","MALE","","1981","25.25"
"UZB","","TOTAL","MALE","","1982","27.61"
"UZB","","TOTAL","MALE","","1985","27.69"
"UZB","","TOTAL","MALE","","1986","32.1"
"UZB","","TOTAL","MALE","","1987","34.86"
"UZB","","TOTAL","MALE","","1988","29.83"
"UZB","","TOTAL","MALE","","1989","31.3"
"UZB","","TOTAL","MALE","","1990","28.65"
"UZB","","TOTAL","MALE","","1991","28.62"
"UZB","","TOTAL","MALE","","1992","26.79"
"UZB","","TOTAL","MALE","","1993","24.65"
"UZB","","TOTAL","MALE","","1994","21.03"
"UZB","","TOTAL","MALE","","1995","21.79"
"UZB","","TOTAL","MALE","","1996","19.96"
"UZB","","TOTAL","MALE","","1997","19.43"
"UZB","","TOTAL","MALE","","1998","17.6"
"UZB","","TOTAL","MALE","","1999","16.33"
"UZB","","TOTAL","MALE","","2000","15.73"
"UZB","","TOTAL","MALE","","2001","14.92"
"UZB","","TOTAL","MALE","","2002","15.9"
"UZB","","TOTAL","MALE","","2003","14.55"
"UZB","","TOTAL","MALE","","2004","13.18"
"UZB","","TOTAL","MALE","","2005","14.24"
"UZB","","TOTAL","MALE","","2009","11.76"
"UZB","","TOTAL","MALE","","2010","11.5"
"UZB","","TOTAL","MALE","","2011","13.71"
"UZB","","TOTAL","MALE","","2012","11.94"
"UZB","","TOTAL","MALE","","2013","13.33"
"UZB","","TOTAL","MALE","","2014","12.64"
"UZB","","TOTAL","MALE","","2015","13.19"
"UZB","","TOTAL","MALE","","2016","12.36"
"","WESTERN_BALKANS","TOTAL","MALE","","1998","67.63"
"","WESTERN_BALKANS","TOTAL","MALE","","1999","66.96"
"","WESTERN_BALKANS","TOTAL","MALE","","2000","68.14"
"","WESTERN_BALKANS","TOTAL","MALE","","2001","65.22"
"","WESTERN_BALKANS","TOTAL","MALE","","2002","67.53"
"","WESTERN_BALKANS","TOTAL","MALE","","2003","68.52"
"","WESTERN_BALKANS","TOTAL","MALE","","2004","68.41"
"","WESTERN_BALKANS","TOTAL","MALE","","2005","68.92"
"","WESTERN_BALKANS","TOTAL","MALE","","2006","70.06"
"","WESTERN_BALKANS","TOTAL","MALE","","2007","69.63"
"","WESTERN_BALKANS","TOTAL","MALE","","2008","70.79"
"","WESTERN_BALKANS","TOTAL","MALE","","2009","69.97"
"","WESTERN_BALKANS","TOTAL","MALE","","2011","66.59"
"","WESTERN_BALKANS","TOTAL","MALE","","2016","66.08"
"","WESTERN_BALKANS","TOTAL","MALE","","2017","62.54"
"","WESTERN_BALKANS","TOTAL","MALE","","2019","59.74"
"","WESTERN_BALKANS","TOTAL","MALE","","2021","53.56"
"","WHO_EURO","TOTAL","MALE","","1981","73.01"
"","WHO_EURO","TOTAL","MALE","","1982","73.84"
"","WHO_EURO","TOTAL","MALE","","1985","77.09"
"","WHO_EURO","TOTAL","MALE","","1986","78.04"
"","WHO_EURO","TOTAL","MALE","","1987","78.8"
"","WHO_EURO","TOTAL","MALE","","1988","79.9"
"","WHO_EURO","TOTAL","MALE","","1989","79.77"
"","WHO_EURO","TOTAL","MALE","","1990","79.57"
"","WHO_EURO","TOTAL","MALE","","1991","79.47"
"","WHO_EURO","TOTAL","MALE","","1992","78.9"
"","WHO_EURO","TOTAL","MALE","","1993","78.51"
"","WHO_EURO","TOTAL","MALE","","1994","76.81"
"","WHO_EURO","TOTAL","MALE","","1995","75.66"
"","WHO_EURO","TOTAL","MALE","","2000","68.99"
"","WHO_EURO","TOTAL","MALE","","2001","67.3"
"","WHO_EURO","TOTAL","MALE","","2002","66.34"
"","WHO_EURO","TOTAL","MALE","","2003","64.92"
"","WHO_EURO","TOTAL","MALE","","2004","63.98"
"","WHO_EURO","TOTAL","MALE","","2005","62.98"
"","WHO_EURO","TOTAL","MALE","","2006","61.87"
"","WHO_EURO","TOTAL","MALE","","2007","60.82"
"","WHO_EURO","TOTAL","MALE","","2008","59.9"
"","WHO_EURO","TOTAL","MALE","","2009","58.99"
"","WHO_EURO","TOTAL","MALE","","2010","58.04"
"","WHO_EURO","TOTAL","MALE","","2011","57.05"
"","WHO_EURO","TOTAL","MALE","","2012","55.88"
"","WHO_EURO","TOTAL","MALE","","2013","55.37"
"","WHO_EURO","TOTAL","MALE","","2014","54.19"
"","WHO_EURO","TOTAL","MALE","","2015","52.82"
"","WHO_EURO","TOTAL","MALE","","2016","51.64"
"","WHO_EURO","TOTAL","MALE","","2017","49.88"
"","WHO_EURO","TOTAL","MALE","","2018","48.45"
"","WHO_EURO","TOTAL","MALE","","2019","46.61"
"","WHO_EURO","TOTAL","MALE","","2020","45.83"
"ALB","","TOTAL","ALL","","1987","27.84"
"ALB","","TOTAL","ALL","","1988","30.27"
"ALB","","TOTAL","ALL","","1989","25.29"
"ALB","","TOTAL","ALL","","1992","22.17"
"ALB","","TOTAL","ALL","","1993","20.86"
"ALB","","TOTAL","ALL","","1994","18.39"
"ALB","","TOTAL","ALL","","1995","26.68"
"ALB","","TOTAL","ALL","","1996","29.48"
"ALB","","TOTAL","ALL","","1997","30.34"
"ALB","","TOTAL","ALL","","1998","30.03"
"ALB","","TOTAL","ALL","","1999","30.42"
"ALB","","TOTAL","ALL","","2000","30.42"
"ALB","","TOTAL","ALL","","2001","23.73"
"ALB","","TOTAL","ALL","","2002","27.47"
"ALB","","TOTAL","ALL","","2003","29.41"
"ALB","","TOTAL","ALL","","2004","26.31"
"ALB","","TOTAL","ALL","","2005","22.39"
"ALB","","TOTAL","ALL","","2006","22.53"
"ALB","","TOTAL","ALL","","2007","20.01"
"ALB","","TOTAL","ALL","","2008","23.41"
"ALB","","TOTAL","ALL","","2009","22.17"
"ARM","","TOTAL","ALL","","1981","22.7"
"ARM","","TOTAL","ALL","","1982","23.53"
"ARM","","TOTAL","ALL","","1985","27.23"
"ARM","","TOTAL","ALL","","1986","28.23"
"ARM","","TOTAL","ALL","","1987","27.11"
"ARM","","TOTAL","ALL","","1988","32.18"
"ARM","","TOTAL","ALL","","1989","31.2"
"ARM","","TOTAL","ALL","","1990","34.41"
"ARM","","TOTAL","ALL","","1991","32.7"
"ARM","","TOTAL","ALL","","1992","31.28"
"ARM","","TOTAL","ALL","","1993","28.22"
"ARM","","TOTAL","ALL","","1994","25.54"
"ARM","","TOTAL","ALL","","1995","25.08"
"ARM","","TOTAL","ALL","","1996","25.58"
"ARM","","TOTAL","ALL","","1997","27.1"
"ARM","","TOTAL","ALL","","1998","25.99"
"ARM","","TOTAL","ALL","","1999","27.14"
"ARM","","TOTAL","ALL","","2000","27.81"
"ARM","","TOTAL","ALL","","2001","28.31"
"ARM","","TOTAL","ALL","","2002","32.19"
"ARM","","TOTAL","ALL","","2003","32.25"
"ARM","","TOTAL","ALL","","2008","42.9"
"ARM","","TOTAL","ALL","","2012","38.15"
"ARM","","TOTAL","ALL","","2013","35.51"
"ARM","","TOTAL","ALL","","2014","38"
"ARM","","TOTAL","ALL","","2015","39.62"
"ARM","","TOTAL","ALL","","2016","37.3"
"ARM","","TOTAL","ALL","","2017","34.94"
"ARM","","TOTAL","ALL","","2018","31.86"
"ARM","","TOTAL","ALL","","2019","36.78"
"ARM","","TOTAL","ALL","","2022","33.39"
"AUT","","TOTAL","ALL","","1969","35.58"
"AUT","","TOTAL","ALL","","1970","34.55"
"AUT","","TOTAL","ALL","","1971","34.99"
"AUT","","TOTAL","ALL","","1972","35.55"
"AUT","","TOTAL","ALL","","1973","36.15"
"AUT","","TOTAL","ALL","","1974","35.66"
"AUT","","TOTAL","ALL","","1975","35.57"
"AUT","","TOTAL","ALL","","1976","35.12"
"AUT","","TOTAL","ALL","","1977","35.58"
"AUT","","TOTAL","ALL","","1978","34.91"
"AUT","","TOTAL","ALL","","1979","36"
"AUT","","TOTAL","ALL","","1980","35.62"
"AUT","","TOTAL","ALL","","1981","34.85"
"AUT","","TOTAL","ALL","","1982","34.55"
"AUT","","TOTAL","ALL","","1983","35.14"
"AUT","","TOTAL","ALL","","1984","37.23"
"AUT","","TOTAL","ALL","","1985","34.91"
"AUT","","TOTAL","ALL","","1986","34.52"
"AUT","","TOTAL","ALL","","1987","35.13"
"AUT","","TOTAL","ALL","","1988","35.11"
"AUT","","TOTAL","ALL","","1989","34.68"
"AUT","","TOTAL","ALL","","1990","34.75"
"AUT","","TOTAL","ALL","","1991","35.82"
"AUT","","TOTAL","ALL","","1992","34.45"
"AUT","","TOTAL","ALL","","1993","35.75"
"AUT","","TOTAL","ALL","","1994","34.34"
"AUT","","TOTAL","ALL","","1995","33.59"
"AUT","","TOTAL","ALL","","1996","34.38"
"AUT","","TOTAL","ALL","","1997","34.08"
"AUT","","TOTAL","ALL","","1998","34.41"
"AUT","","TOTAL","ALL","","1999","33.26"
"AUT","","TOTAL","ALL","","2000","33.19"
"AUT","","TOTAL","ALL","","2001","31.89"
"AUT","","TOTAL","ALL","","2002","33.37"
"AUT","","TOTAL","ALL","","2003","31.91"
"AUT","","TOTAL","ALL","","2004","32.3"
"AUT","","TOTAL","ALL","","2005","31.34"
"AUT","","TOTAL","ALL","","2006","31.39"
"AUT","","TOTAL","ALL","","2007","31.19"
"AUT","","TOTAL","ALL","","2008","32.04"
"AUT","","TOTAL","ALL","","2009","31.47"
"AUT","","TOTAL","ALL","","2010","31.54"
"AUT","","TOTAL","ALL","","2011","30.73"
"AUT","","TOTAL","ALL","","2012","30.85"
"AUT","","TOTAL","ALL","","2013","30.38"
"AUT","","TOTAL","ALL","","2014","31.37"
"AUT","","TOTAL","ALL","","2015","30.53"
"AUT","","TOTAL","ALL","","2016","30.54"
"AUT","","TOTAL","ALL","","2017","29.25"
"AUT","","TOTAL","ALL","","2018","30.03"
"AUT","","TOTAL","ALL","","2019","28.9"
"AUT","","TOTAL","ALL","","2020","28.43"
"AUT","","TOTAL","ALL","","2021","28.17"
"AZE","","TOTAL","ALL","","1981","23.29"
"AZE","","TOTAL","ALL","","1982","24.03"
"AZE","","TOTAL","ALL","","1985","22.27"
"AZE","","TOTAL","ALL","","1986","25.01"
"AZE","","TOTAL","ALL","","1987","26.05"
"AZE","","TOTAL","ALL","","1988","24.64"
"AZE","","TOTAL","ALL","","1989","22.77"
"AZE","","TOTAL","ALL","","1990","19.08"
"AZE","","TOTAL","ALL","","1991","20.21"
"AZE","","TOTAL","ALL","","1992","20.98"
"AZE","","TOTAL","ALL","","1993","18.95"
"AZE","","TOTAL","ALL","","1994","17.03"
"AZE","","TOTAL","ALL","","1995","15.53"
"AZE","","TOTAL","ALL","","1996","16.58"
"AZE","","TOTAL","ALL","","1997","17.22"
"AZE","","TOTAL","ALL","","1998","15.27"
"AZE","","TOTAL","ALL","","1999","16.7"
"AZE","","TOTAL","ALL","","2000","15.67"
"AZE","","TOTAL","ALL","","2001","16.39"
"AZE","","TOTAL","ALL","","2002","17.05"
"AZE","","TOTAL","ALL","","2003","18.29"
"AZE","","TOTAL","ALL","","2004","17.45"
"AZE","","TOTAL","ALL","","2007","9.76"
"BEL","","TOTAL","ALL","","1968","38.47"
"BEL","","TOTAL","ALL","","1969","39.11"
"BEL","","TOTAL","ALL","","1970","41.04"
"BEL","","TOTAL","ALL","","1971","44.48"
"BEL","","TOTAL","ALL","","1972","46.38"
"BEL","","TOTAL","ALL","","1973","47.51"
"BEL","","TOTAL","ALL","","1974","46.91"
"BEL","","TOTAL","ALL","","1975","48.17"
"BEL","","TOTAL","ALL","","1976","49.44"
"BEL","","TOTAL","ALL","","1977","53.26"
"BEL","","TOTAL","ALL","","1978","54.06"
"BEL","","TOTAL","ALL","","1979","53.69"
"BEL","","TOTAL","ALL","","1980","55.06"
"BEL","","TOTAL","ALL","","1981","55.68"
"BEL","","TOTAL","ALL","","1982","54.17"
"BEL","","TOTAL","ALL","","1983","56.49"
"BEL","","TOTAL","ALL","","1984","55.91"
"BEL","","TOTAL","ALL","","1985","56.98"
"BEL","","TOTAL","ALL","","1986","55.47"
"BEL","","TOTAL","ALL","","1987","54.74"
"BEL","","TOTAL","ALL","","1988","55.35"
"BEL","","TOTAL","ALL","","1989","52.71"
"BEL","","TOTAL","ALL","","1990","52.94"
"BEL","","TOTAL","ALL","","1991","52.29"
"BEL","","TOTAL","ALL","","1992","53.41"
"BEL","","TOTAL","ALL","","1993","53.39"
"BEL","","TOTAL","ALL","","1994","52.39"
"BEL","","TOTAL","ALL","","1995","53.25"
"BEL","","TOTAL","ALL","","1996","50.36"
"BEL","","TOTAL","ALL","","1997","52.39"
"BEL","","TOTAL","ALL","","1998","48.42"
"BEL","","TOTAL","ALL","","1999","45.85"
"BEL","","TOTAL","ALL","","2000","46.11"
"BEL","","TOTAL","ALL","","2001","46.02"
"BEL","","TOTAL","ALL","","2002","44.74"
"BEL","","TOTAL","ALL","","2003","43.96"
"BEL","","TOTAL","ALL","","2004","42.64"
"BEL","","TOTAL","ALL","","2005","44.52"
"BEL","","TOTAL","ALL","","2006","44.01"
"BEL","","TOTAL","ALL","","2007","43.05"
"BEL","","TOTAL","ALL","","2008","43.81"
"BEL","","TOTAL","ALL","","2009","42.42"
"BEL","","TOTAL","ALL","","2010","43.48"
"BEL","","TOTAL","ALL","","2011","42.71"
"BEL","","TOTAL","ALL","","2012","39.75"
"BEL","","TOTAL","ALL","","2013","40.07"
"BEL","","TOTAL","ALL","","2014","39.59"
"BEL","","TOTAL","ALL","","2015","37.6"
"BEL","","TOTAL","ALL","","2016","36.76"
"BEL","","TOTAL","ALL","","2017","33.43"
"BEL","","TOTAL","ALL","","2018","32.98"
"BEL","","TOTAL","ALL","","2019","32.24"
"BEL","","TOTAL","ALL","","2020","30.83"
"BGR","","TOTAL","ALL","","1968","29.56"
"BGR","","TOTAL","ALL","","1969","28.74"
"BGR","","TOTAL","ALL","","1970","27.21"
"BGR","","TOTAL","ALL","","1971","29.41"
"BGR","","TOTAL","ALL","","1972","29.1"
"BGR","","TOTAL","ALL","","1973","30.51"
"BGR","","TOTAL","ALL","","1974","29.41"
"BGR","","TOTAL","ALL","","1975","27.78"
"BGR","","TOTAL","ALL","","1976","28.44"
"BGR","","TOTAL","ALL","","1977","28.75"
"BGR","","TOTAL","ALL","","1978","27.6"
"BGR","","TOTAL","ALL","","1979","29.48"
"BGR","","TOTAL","ALL","","1980","27.02"
"BGR","","TOTAL","ALL","","1981","29.18"
"BGR","","TOTAL","ALL","","1982","29.55"
"BGR","","TOTAL","ALL","","1983","31.27"
"BGR","","TOTAL","ALL","","1984","31.64"
"BGR","","TOTAL","ALL","","1985","30.63"
"BGR","","TOTAL","ALL","","1986","31.29"
"BGR","","TOTAL","ALL","","1987","32.02"
"BGR","","TOTAL","ALL","","1988","31.11"
"BGR","","TOTAL","ALL","","1989","31.55"
"BGR","","TOTAL","ALL","","1990","30.7"
"BGR","","TOTAL","ALL","","1991","31.2"
"BGR","","TOTAL","ALL","","1992","32.84"
"BGR","","TOTAL","ALL","","1993","32.76"
"BGR","","TOTAL","ALL","","1994","33.46"
"BGR","","TOTAL","ALL","","1995","33.15"
"BGR","","TOTAL","ALL","","1996","32.49"
"BGR","","TOTAL","ALL","","1997","30.95"
"BGR","","TOTAL","ALL","","1998","29.98"
"BGR","","TOTAL","ALL","","1999","30.94"
"BGR","","TOTAL","ALL","","2000","28.99"
"BGR","","TOTAL","ALL","","2001","29.26"
"BGR","","TOTAL","ALL","","2002","30.35"
"BGR","","TOTAL","ALL","","2003","31.21"
"BGR","","TOTAL","ALL","","2004","31.22"
"BGR","","TOTAL","ALL","","2005","34.56"
"BGR","","TOTAL","ALL","","2006","33.3"
"BGR","","TOTAL","ALL","","2007","33.89"
"BGR","","TOTAL","ALL","","2008","34.52"
"BGR","","TOTAL","ALL","","2009","32.48"
"BGR","","TOTAL","ALL","","2010","32.45"
"BGR","","TOTAL","ALL","","2011","32.8"
"BGR","","TOTAL","ALL","","2012","34.54"
"BGR","","TOTAL","ALL","","2013","34.37"
"BGR","","TOTAL","ALL","","2014","33.01"
"BGR","","TOTAL","ALL","","2015","32.89"
"BGR","","TOTAL","ALL","","2016","31.44"
"BGR","","TOTAL","ALL","","2017","31.32"
"BGR","","TOTAL","ALL","","2018","31.14"
"BGR","","TOTAL","ALL","","2019","31.96"
"BGR","","TOTAL","ALL","","2020","31.39"
"BGR","","TOTAL","ALL","","2021","29.93"
"BIH","","TOTAL","ALL","","1985","40.3"
"BIH","","TOTAL","ALL","","1986","38.17"
"BIH","","TOTAL","ALL","","1987","40.21"
"BIH","","TOTAL","ALL","","1988","41.71"
"BIH","","TOTAL","ALL","","1989","42.89"
"BIH","","TOTAL","ALL","","1990","40.91"
"BIH","","TOTAL","ALL","","1991","44.58"
"BIH","","TOTAL","ALL","","2011","39.13"
"BIH","","TOTAL","ALL","","2014","37.56"
"BIH","","TOTAL","ALL","","2016","39.37"
"BIH","","TOTAL","ALL","","2021","32.77"
"BIH","","TOTAL","ALL","","2022","31.75"
"BLR","","TOTAL","ALL","","1981","22.7"
"BLR","","TOTAL","ALL","","1982","24.21"
"BLR","","TOTAL","ALL","","1985","29.19"
"BLR","","TOTAL","ALL","","1986","29.64"
"BLR","","TOTAL","ALL","","1987","32.05"
"BLR","","TOTAL","ALL","","1988","32.05"
"BLR","","TOTAL","ALL","","1989","34.86"
"BLR","","TOTAL","ALL","","1990","34.72"
"BLR","","TOTAL","ALL","","1991","35.72"
"BLR","","TOTAL","ALL","","1992","37.47"
"BLR","","TOTAL","ALL","","1993","38.33"
"BLR","","TOTAL","ALL","","1994","37.52"
"BLR","","TOTAL","ALL","","1995","38.3"
"BLR","","TOTAL","ALL","","1996","36.9"
"BLR","","TOTAL","ALL","","1997","37.71"
"BLR","","TOTAL","ALL","","1998","36.34"
"BLR","","TOTAL","ALL","","1999","35.29"
"BLR","","TOTAL","ALL","","2000","34.76"
"BLR","","TOTAL","ALL","","2001","34.3"
"BLR","","TOTAL","ALL","","2002","34.06"
"BLR","","TOTAL","ALL","","2003","33.23"
"BLR","","TOTAL","ALL","","2004","33.07"
"BLR","","TOTAL","ALL","","2005","32.52"
"BLR","","TOTAL","ALL","","2007","29.88"
"BLR","","TOTAL","ALL","","2008","29.96"
"BLR","","TOTAL","ALL","","2009","29.19"
"BLR","","TOTAL","ALL","","2010","29.57"
"BLR","","TOTAL","ALL","","2011","28.42"
"BLR","","TOTAL","ALL","","2013","25.02"
"BLR","","TOTAL","ALL","","2014","25.33"
"BLR","","TOTAL","ALL","","2018","25.81"
"","CARINFONET","TOTAL","ALL","","1981","22.5"
"","CARINFONET","TOTAL","ALL","","1982","22.69"
"","CARINFONET","TOTAL","ALL","","1985","24.41"
"","CARINFONET","TOTAL","ALL","","1986","25.82"
"","CARINFONET","TOTAL","ALL","","1987","26.78"
"","CARINFONET","TOTAL","ALL","","1988","26.96"
"","CARINFONET","TOTAL","ALL","","1989","27.22"
"","CARINFONET","TOTAL","ALL","","1990","26.95"
"","CARINFONET","TOTAL","ALL","","1991","26.54"
"","CARINFONET","TOTAL","ALL","","1992","25.68"
"","CARINFONET","TOTAL","ALL","","1993","24.58"
"","CARINFONET","TOTAL","ALL","","1994","21.98"
"","CARINFONET","TOTAL","ALL","","1995","21.65"
"","CARINFONET","TOTAL","ALL","","1996","20.69"
"","CARINFONET","TOTAL","ALL","","1997","20"
"","CARINFONET","TOTAL","ALL","","1998","19.43"
"","CARINFONET","TOTAL","ALL","","1999","18.15"
"","CARINFONET","TOTAL","ALL","","2000","17.64"
"","CARINFONET","TOTAL","ALL","","2001","16.6"
"","CARINFONET","TOTAL","ALL","","2002","16.99"
"","CARINFONET","TOTAL","ALL","","2003","16.49"
"","CARINFONET","TOTAL","ALL","","2004","15.09"
"","CARINFONET","TOTAL","ALL","","2005","15.46"
"","CARINFONET","TOTAL","ALL","","2006","14.62"
"","CARINFONET","TOTAL","ALL","","2007","14.15"
"","CARINFONET","TOTAL","ALL","","2008","13.5"
"","CARINFONET","TOTAL","ALL","","2009","13.5"
"","CARINFONET","TOTAL","ALL","","2010","13.34"
"","CARINFONET","TOTAL","ALL","","2011","13.21"
"","CARINFONET","TOTAL","ALL","","2012","12.86"
"","CARINFONET","TOTAL","ALL","","2013","13.09"
"","CARINFONET","TOTAL","ALL","","2014","12.21"
"","CARINFONET","TOTAL","ALL","","2015","11.8"
"","CARINFONET","TOTAL","ALL","","2016","11.53"
"CHE","","TOTAL","ALL","","1969","28.79"
"CHE","","TOTAL","ALL","","1970","28.86"
"CHE","","TOTAL","ALL","","1971","30.47"
"CHE","","TOTAL","ALL","","1972","30.8"
"CHE","","TOTAL","ALL","","1973","32.25"
"CHE","","TOTAL","ALL","","1974","32.44"
"CHE","","TOTAL","ALL","","1975","34.32"
"CHE","","TOTAL","ALL","","1976","34.27"
"CHE","","TOTAL","ALL","","1977","34.81"
"CHE","","TOTAL","ALL","","1978","34.81"
"CHE","","TOTAL","ALL","","1979","35.19"
"CHE","","TOTAL","ALL","","1980","34.97"
"CHE","","TOTAL","ALL","","1981","35.26"
"CHE","","TOTAL","ALL","","1982","36.62"
"CHE","","TOTAL","ALL","","1983","37.16"
"CHE","","TOTAL","ALL","","1984","35.31"
"CHE","","TOTAL","ALL","","1985","36.74"
"CHE","","TOTAL","ALL","","1986","36.57"
"CHE","","TOTAL","ALL","","1987","34.96"
"CHE","","TOTAL","ALL","","1988","35.03"
"CHE","","TOTAL","ALL","","1989","34.2"
"CHE","","TOTAL","ALL","","1990","35.07"
"CHE","","TOTAL","ALL","","1991","34.16"
"CHE","","TOTAL","ALL","","1992","35.04"
"CHE","","TOTAL","ALL","","1993","34.86"
"CHE","","TOTAL","ALL","","1994","33.72"
"CHE","","TOTAL","ALL","","1995","30.68"
"CHE","","TOTAL","ALL","","1996","30.22"
"CHE","","TOTAL","ALL","","1997","30.22"
"CHE","","TOTAL","ALL","","1998","31.07"
"CHE","","TOTAL","ALL","","1999","29.69"
"CHE","","TOTAL","ALL","","2000","31.57"
"CHE","","TOTAL","ALL","","2001","30.6"
"CHE","","TOTAL","ALL","","2002","28.93"
"CHE","","TOTAL","ALL","","2003","29.7"
"CHE","","TOTAL","ALL","","2004","29.26"
"CHE","","TOTAL","ALL","","2005","29.9"
"CHE","","TOTAL","ALL","","2006","29.17"
"CHE","","TOTAL","ALL","","2007","29.69"
"CHE","","TOTAL","ALL","","2008","29.28"
"CHE","","TOTAL","ALL","","2009","27.75"
"CHE","","TOTAL","ALL","","2010","28.66"
"CHE","","TOTAL","ALL","","2011","28.49"
"CHE","","TOTAL","ALL","","2012","27.07"
"CHE","","TOTAL","ALL","","2013","26.95"
"CHE","","TOTAL","ALL","","2015","26.4"
"CHE","","TOTAL","ALL","","2016","25.66"
"CHE","","TOTAL","ALL","","2017","25.68"
"CHE","","TOTAL","ALL","","2018","25.17"
"CHE","","TOTAL","ALL","","2019","23.78"
"","CIS","TOTAL","ALL","","1981","31.11"
"","CIS","TOTAL","ALL","","1982","31.9"
"","CIS","TOTAL","ALL","","1985","34.62"
"","CIS","TOTAL","ALL","","1986","36.15"
"","CIS","TOTAL","ALL","","1987","37.16"
"","CIS","TOTAL","ALL","","1988","38.27"
"","CIS","TOTAL","ALL","","1989","39.02"
"","CIS","TOTAL","ALL","","1990","39.28"
"","CIS","TOTAL","ALL","","1991","39.32"
"","CIS","TOTAL","ALL","","1992","39.09"
"","CIS","TOTAL","ALL","","1993","38.94"
"","CIS","TOTAL","ALL","","1994","37.87"
"","CIS","TOTAL","ALL","","1995","36.58"
"","CIS","TOTAL","ALL","","1996","34.86"
"","CIS","TOTAL","ALL","","1997","34.34"
"","CIS","TOTAL","ALL","","1998","33.53"
"","CIS","TOTAL","ALL","","1999","32.72"
"","CIS","TOTAL","ALL","","2000","32.33"
"","CIS","TOTAL","ALL","","2001","31"
"","CIS","TOTAL","ALL","","2002","30.52"
"","CIS","TOTAL","ALL","","2003","29.48"
"","CIS","TOTAL","ALL","","2004","28.89"
"","CIS","TOTAL","ALL","","2005","28.34"
"","CIS","TOTAL","ALL","","2006","27.5"
"","CIS","TOTAL","ALL","","2007","26.97"
"","CIS","TOTAL","ALL","","2008","26.37"
"","CIS","TOTAL","ALL","","2009","26.17"
"","CIS","TOTAL","ALL","","2010","25.68"
"","CIS","TOTAL","ALL","","2011","25.07"
"","CIS","TOTAL","ALL","","2012","24.63"
"","CIS","TOTAL","ALL","","2013","24.28"
"","CIS","TOTAL","ALL","","2014","23.94"
"","CIS","TOTAL","ALL","","2015","23.23"
"CYP","","TOTAL","ALL","","2004","20.84"
"CYP","","TOTAL","ALL","","2005","21.86"
"CYP","","TOTAL","ALL","","2006","18.42"
"CYP","","TOTAL","ALL","","2007","19.04"
"CYP","","TOTAL","ALL","","2008","19.74"
"CYP","","TOTAL","ALL","","2009","23.96"
"CYP","","TOTAL","ALL","","2010","19.95"
"CYP","","TOTAL","ALL","","2011","24.09"
"CYP","","TOTAL","ALL","","2012","24.91"
"CYP","","TOTAL","ALL","","2013","22.79"
"CYP","","TOTAL","ALL","","2014","23.34"
"CYP","","TOTAL","ALL","","2015","22.18"
"CYP","","TOTAL","ALL","","2016","22.98"
"CYP","","TOTAL","ALL","","2017","26.29"
"CYP","","TOTAL","ALL","","2018","23.26"
"CYP","","TOTAL","ALL","","2019","19.81"
"CYP","","TOTAL","ALL","","2020","26.41"
"CYP","","TOTAL","ALL","","2021","25.58"
"CZE","","TOTAL","ALL","","1986","56.09"
"CZE","","TOTAL","ALL","","1987","54.91"
"CZE","","TOTAL","ALL","","1988","55.02"
"CZE","","TOTAL","ALL","","1989","53.98"
"CZE","","TOTAL","ALL","","1990","55.48"
"CZE","","TOTAL","ALL","","1991","54.77"
"CZE","","TOTAL","ALL","","1992","54.72"
"CZE","","TOTAL","ALL","","1993","53.13"
"CZE","","TOTAL","ALL","","1994","51.26"
"CZE","","TOTAL","ALL","","1995","52.63"
"CZE","","TOTAL","ALL","","1996","50.29"
"CZE","","TOTAL","ALL","","1997","49.65"
"CZE","","TOTAL","ALL","","1998","47.57"
"CZE","","TOTAL","ALL","","1999","48.78"
"CZE","","TOTAL","ALL","","2000","48.91"
"CZE","","TOTAL","ALL","","2001","47.37"
"CZE","","TOTAL","ALL","","2002","46.14"
"CZE","","TOTAL","ALL","","2003","45.27"
"CZE","","TOTAL","ALL","","2004","45.66"
"CZE","","TOTAL","ALL","","2005","43.79"
"CZE","","TOTAL","ALL","","2006","42.85"
"CZE","","TOTAL","ALL","","2007","41.62"
"CZE","","TOTAL","ALL","","2008","40.12"
"CZE","","TOTAL","ALL","","2009","39.63"
"CZE","","TOTAL","ALL","","2010","39.68"
"CZE","","TOTAL","ALL","","2011","38.96"
"CZE","","TOTAL","ALL","","2012","38.12"
"CZE","","TOTAL","ALL","","2013","36.04"
"CZE","","TOTAL","ALL","","2014","34.4"
"CZE","","TOTAL","ALL","","2015","33.58"
"CZE","","TOTAL","ALL","","2016","33.31"
"CZE","","TOTAL","ALL","","2017","33.38"
"CZE","","TOTAL","ALL","","2018","31.51"
"CZE","","TOTAL","ALL","","2019","31.15"
"CZE","","TOTAL","ALL","","2020","30.3"
"CZE","","TOTAL","ALL","","2021","27.77"
"DEU","","TOTAL","ALL","","1990","35.41"
"DEU","","TOTAL","ALL","","1991","35.88"
"DEU","","TOTAL","ALL","","1992","35.71"
"DEU","","TOTAL","ALL","","1993","36.27"
"DEU","","TOTAL","ALL","","1994","35.85"
"DEU","","TOTAL","ALL","","1995","36.25"
"DEU","","TOTAL","ALL","","1996","35.5"
"DEU","","TOTAL","ALL","","1997","35.45"
"DEU","","TOTAL","ALL","","1998","35.57"
"DEU","","TOTAL","ALL","","1999","34.76"
"DEU","","TOTAL","ALL","","2000","35.49"
"DEU","","TOTAL","ALL","","2001","34.39"
"DEU","","TOTAL","ALL","","2002","34.44"
"DEU","","TOTAL","ALL","","2003","34.08"
"DEU","","TOTAL","ALL","","2004","33.89"
"DEU","","TOTAL","ALL","","2005","33.91"
"DEU","","TOTAL","ALL","","2006","33.65"
"DEU","","TOTAL","ALL","","2007","33.54"
"DEU","","TOTAL","ALL","","2008","33.8"
"DEU","","TOTAL","ALL","","2009","33.2"
"DEU","","TOTAL","ALL","","2010","33.16"
"DEU","","TOTAL","ALL","","2011","33.43"
"DEU","","TOTAL","ALL","","2012","33.31"
"DEU","","TOTAL","ALL","","2013","33.76"
"DEU","","TOTAL","ALL","","2014","33.31"
"DEU","","TOTAL","ALL","","2015","33.03"
"DEU","","TOTAL","ALL","","2016","32.91"
"DEU","","TOTAL","ALL","","2017","31.91"
"DEU","","TOTAL","ALL","","2018","31.41"
"DEU","","TOTAL","ALL","","2019","30.71"
"DEU","","TOTAL","ALL","","2020","30.31"
"DNK","","TOTAL","ALL","","1969","34.18"
"DNK","","TOTAL","ALL","","1970","33.83"
"DNK","","TOTAL","ALL","","1971","37.03"
"DNK","","TOTAL","ALL","","1972","40.56"
"DNK","","TOTAL","ALL","","1973","37.38"
"DNK","","TOTAL","ALL","","1974","39"
"DNK","","TOTAL","ALL","","1975","39.36"
"DNK","","TOTAL","ALL","","1976","41.4"
"DNK","","TOTAL","ALL","","1977","40.98"
"DNK","","TOTAL","ALL","","1978","44.87"
"DNK","","TOTAL","ALL","","1979","46.5"
"DNK","","TOTAL","ALL","","1980","46.21"
"DNK","","TOTAL","ALL","","1981","48.5"
"DNK","","TOTAL","ALL","","1982","48.36"
"DNK","","TOTAL","ALL","","1983","51.59"
"DNK","","TOTAL","ALL","","1984","52.47"
"DNK","","TOTAL","ALL","","1985","52.25"
"DNK","","TOTAL","ALL","","1986","51.45"
"DNK","","TOTAL","ALL","","1987","53.43"
"DNK","","TOTAL","ALL","","1988","53.65"
"DNK","","TOTAL","ALL","","1989","52.49"
"DNK","","TOTAL","ALL","","1990","53.25"
"DNK","","TOTAL","ALL","","1991","51.94"
"DNK","","TOTAL","ALL","","1992","51.14"
"DNK","","TOTAL","ALL","","1993","54.06"
"DNK","","TOTAL","ALL","","1994","54.37"
"DNK","","TOTAL","ALL","","1995","55.12"
"DNK","","TOTAL","ALL","","1996","53.4"
"DNK","","TOTAL","ALL","","1997","53.81"
"DNK","","TOTAL","ALL","","1998","50.19"
"DNK","","TOTAL","ALL","","1999","51.56"
"DNK","","TOTAL","ALL","","2000","51.69"
"DNK","","TOTAL","ALL","","2001","50.95"
"DNK","","TOTAL","ALL","","2002","48.92"
"DNK","","TOTAL","ALL","","2003","50.03"
"DNK","","TOTAL","ALL","","2004","51.47"
"DNK","","TOTAL","ALL","","2005","50.93"
"DNK","","TOTAL","ALL","","2006","52.27"
"DNK","","TOTAL","ALL","","2007","46.08"
"DNK","","TOTAL","ALL","","2008","48.69"
"DNK","","TOTAL","ALL","","2009","46.96"
"DNK","","TOTAL","ALL","","2010","47.1"
"DNK","","TOTAL","ALL","","2011","44.36"
"DNK","","TOTAL","ALL","","2012","45.38"
"DNK","","TOTAL","ALL","","2013","43.74"
"DNK","","TOTAL","ALL","","2014","43.45"
"DNK","","TOTAL","ALL","","2015","41.68"
"DNK","","TOTAL","ALL","","2016","40.51"
"DNK","","TOTAL","ALL","","2017","39.67"
"DNK","","TOTAL","ALL","","2018","35.77"
"DNK","","TOTAL","ALL","","2019","36.96"
"DNK","","TOTAL","ALL","","2020","33.82"
"DNK","","TOTAL","ALL","","2021","32.83"
"ESP","","TOTAL","ALL","","1968","16.94"
"ESP","","TOTAL","ALL","","1969","16.7"
"ESP","","TOTAL","ALL","","1971","18.06"
"ESP","","TOTAL","ALL","","1972","18.44"
"ESP","","TOTAL","ALL","","1973","19.49"
"ESP","","TOTAL","ALL","","1974","20.55"
"ESP","","TOTAL","ALL","","1975","22.3"
"ESP","","TOTAL","ALL","","1976","21.56"
"ESP","","TOTAL","ALL","","1977","22.82"
"ESP","","TOTAL","ALL","","1978","23.82"
"ESP","","TOTAL","ALL","","1979","24.91"
"ESP","","TOTAL","ALL","","1980","24.43"
"ESP","","TOTAL","ALL","","1981","25.96"
"ESP","","TOTAL","ALL","","1982","26.36"
"ESP","","TOTAL","ALL","","1983","27.17"
"ESP","","TOTAL","ALL","","1984","28.25"
"ESP","","TOTAL","ALL","","1985","28.84"
"ESP","","TOTAL","ALL","","1986","29.14"
"ESP","","TOTAL","ALL","","1987","30.64"
"ESP","","TOTAL","ALL","","1988","31.79"
"ESP","","TOTAL","ALL","","1989","32.4"
"ESP","","TOTAL","ALL","","1990","32.74"
"ESP","","TOTAL","ALL","","1991","33.43"
"ESP","","TOTAL","ALL","","1992","34.07"
"ESP","","TOTAL","ALL","","1993","34.37"
"ESP","","TOTAL","ALL","","1994","34.83"
"ESP","","TOTAL","ALL","","1995","35.31"
"ESP","","TOTAL","ALL","","1996","34.34"
"ESP","","TOTAL","ALL","","1997","34.37"
"ESP","","TOTAL","ALL","","1998","35.15"
"ESP","","TOTAL","ALL","","1999","35.14"
"ESP","","TOTAL","ALL","","2000","34.23"
"ESP","","TOTAL","ALL","","2001","35.02"
"ESP","","TOTAL","ALL","","2002","34.25"
"ESP","","TOTAL","ALL","","2003","34.67"
"ESP","","TOTAL","ALL","","2004","34.77"
"ESP","","TOTAL","ALL","","2005","33.86"
"ESP","","TOTAL","ALL","","2006","34.11"
"ESP","","TOTAL","ALL","","2007","34.02"
"ESP","","TOTAL","ALL","","2008","33.75"
"ESP","","TOTAL","ALL","","2009","33.6"
"ESP","","TOTAL","ALL","","2010","33.59"
"ESP","","TOTAL","ALL","","2011","33.4"
"ESP","","TOTAL","ALL","","2012","33.3"
"ESP","","TOTAL","ALL","","2013","32.83"
"ESP","","TOTAL","ALL","","2014","31.75"
"ESP","","TOTAL","ALL","","2015","31.76"
"ESP","","TOTAL","ALL","","2016","31.92"
"ESP","","TOTAL","ALL","","2017","31.14"
"ESP","","TOTAL","ALL","","2018","30.72"
"ESP","","TOTAL","ALL","","2019","29.84"
"ESP","","TOTAL","ALL","","2020","29.08"
"ESP","","TOTAL","ALL","","2021","29.11"
"EST","","TOTAL","ALL","","1981","38.37"
"EST","","TOTAL","ALL","","1982","38.71"
"EST","","TOTAL","ALL","","1985","37.08"
"EST","","TOTAL","ALL","","1986","38.36"
"EST","","TOTAL","ALL","","1987","39.41"
"EST","","TOTAL","ALL","","1988","43.92"
"EST","","TOTAL","ALL","","1989","43.83"
"EST","","TOTAL","ALL","","1990","41.83"
"EST","","TOTAL","ALL","","1991","49.17"
"EST","","TOTAL","ALL","","1992","44.64"
"EST","","TOTAL","ALL","","1993","43.21"
"EST","","TOTAL","ALL","","1994","42.65"
"EST","","TOTAL","ALL","","1995","44.36"
"EST","","TOTAL","ALL","","1996","41.11"
"EST","","TOTAL","ALL","","1997","44.1"
"EST","","TOTAL","ALL","","1998","42.97"
"EST","","TOTAL","ALL","","1999","39.24"
"EST","","TOTAL","ALL","","2000","40.09"
"EST","","TOTAL","ALL","","2001","39.56"
"EST","","TOTAL","ALL","","2002","39.66"
"EST","","TOTAL","ALL","","2003","40.43"
"EST","","TOTAL","ALL","","2004","37.37"
"EST","","TOTAL","ALL","","2005","35.96"
"EST","","TOTAL","ALL","","2006","39.58"
"EST","","TOTAL","ALL","","2007","38.32"
"EST","","TOTAL","ALL","","2008","37.74"
"EST","","TOTAL","ALL","","2009","32.83"
"EST","","TOTAL","ALL","","2010","33.74"
"EST","","TOTAL","ALL","","2011","34"
"EST","","TOTAL","ALL","","2012","35.23"
"EST","","TOTAL","ALL","","2013","33.56"
"EST","","TOTAL","ALL","","2014","35.61"
"EST","","TOTAL","ALL","","2015","33.33"
"EST","","TOTAL","ALL","","2016","32.16"
"","EU_AFTER_MAY2004","TOTAL","ALL","","1981","37.95"
"","EU_AFTER_MAY2004","TOTAL","ALL","","1982","38.43"
"","EU_AFTER_MAY2004","TOTAL","ALL","","1985","41.12"
"","EU_AFTER_MAY2004","TOTAL","ALL","","1986","42.3"
"","EU_AFTER_MAY2004","TOTAL","ALL","","1987","42.74"
"","EU_AFTER_MAY2004","TOTAL","ALL","","1988","43.59"
"","EU_AFTER_MAY2004","TOTAL","ALL","","1989","43.76"
"","EU_AFTER_MAY2004","TOTAL","ALL","","1990","44.77"
"","EU_AFTER_MAY2004","TOTAL","ALL","","1991","45.3"
"","EU_AFTER_MAY2004","TOTAL","ALL","","1992","45.48"
"","EU_AFTER_MAY2004","TOTAL","ALL","","1993","46.2"
"","EU_AFTER_MAY2004","TOTAL","ALL","","1994","46.2"
"","EU_AFTER_MAY2004","TOTAL","ALL","","1995","46.78"
"","EU_AFTER_MAY2004","TOTAL","ALL","","1996","46.27"
"","EU_AFTER_MAY2004","TOTAL","ALL","","1997","45.89"
"","EU_AFTER_MAY2004","TOTAL","ALL","","1998","45.8"
"","EU_AFTER_MAY2004","TOTAL","ALL","","1999","45.58"
"","EU_AFTER_MAY2004","TOTAL","ALL","","2000","46.16"
"","EU_AFTER_MAY2004","TOTAL","ALL","","2001","45.95"
"","EU_AFTER_MAY2004","TOTAL","ALL","","2002","45.87"
"","EU_AFTER_MAY2004","TOTAL","ALL","","2003","45.55"
"","EU_AFTER_MAY2004","TOTAL","ALL","","2004","45.12"
"","EU_AFTER_MAY2004","TOTAL","ALL","","2005","45.02"
"","EU_AFTER_MAY2004","TOTAL","ALL","","2006","44.9"
"","EU_AFTER_MAY2004","TOTAL","ALL","","2007","44.86"
"","EU_AFTER_MAY2004","TOTAL","ALL","","2008","44.79"
"","EU_AFTER_MAY2004","TOTAL","ALL","","2009","44.18"
"","EU_AFTER_MAY2004","TOTAL","ALL","","2010","43.79"
"","EU_AFTER_MAY2004","TOTAL","ALL","","2011","43.34"
"","EU_AFTER_MAY2004","TOTAL","ALL","","2012","43.49"
"","EU_AFTER_MAY2004","TOTAL","ALL","","2013","42.49"
"","EU_AFTER_MAY2004","TOTAL","ALL","","2014","42.35"
"","EU_AFTER_MAY2004","TOTAL","ALL","","2015","42.19"
"","EU_AFTER_MAY2004","TOTAL","ALL","","2016","41.58"
"","EU_AFTER_MAY2004","TOTAL","ALL","","2017","40.76"
"","EU_AFTER_MAY2004","TOTAL","ALL","","2018","39.7"
"","EU_AFTER_MAY2004","TOTAL","ALL","","2019","38.5"
"","EU_AFTER_MAY2004","TOTAL","ALL","","2020","37.54"
"","EU_AFTER_MAY2004","TOTAL","ALL","","2021","35.87"
"","EU_BEFORE_FEB2020","TOTAL","ALL","","1969","32.31"
"","EU_BEFORE_FEB2020","TOTAL","ALL","","1970","32.45"
"","EU_BEFORE_FEB2020","TOTAL","ALL","","1971","33.34"
"","EU_BEFORE_FEB2020","TOTAL","ALL","","1972","33.86"
"","EU_BEFORE_FEB2020","TOTAL","ALL","","1973","34.58"
"","EU_BEFORE_FEB2020","TOTAL","ALL","","1974","35.14"
"","EU_BEFORE_FEB2020","TOTAL","ALL","","1975","35.36"
"","EU_BEFORE_FEB2020","TOTAL","ALL","","1976","36.19"
"","EU_BEFORE_FEB2020","TOTAL","ALL","","1977","36.65"
"","EU_BEFORE_FEB2020","TOTAL","ALL","","1978","37.5"
"","EU_BEFORE_FEB2020","TOTAL","ALL","","1979","38.01"
"","EU_BEFORE_FEB2020","TOTAL","ALL","","1980","38.37"
"","EU_BEFORE_FEB2020","TOTAL","ALL","","1981","38.49"
"","EU_BEFORE_FEB2020","TOTAL","ALL","","1982","38.85"
"","EU_BEFORE_FEB2020","TOTAL","ALL","","1983","39.58"
"","EU_BEFORE_FEB2020","TOTAL","ALL","","1984","40.08"
"","EU_BEFORE_FEB2020","TOTAL","ALL","","1985","40.4"
"","EU_BEFORE_FEB2020","TOTAL","ALL","","1986","40.55"
"","EU_BEFORE_FEB2020","TOTAL","ALL","","1987","40.89"
"","EU_BEFORE_FEB2020","TOTAL","ALL","","1988","41.35"
"","EU_BEFORE_FEB2020","TOTAL","ALL","","1989","41.08"
"","EU_BEFORE_FEB2020","TOTAL","ALL","","1990","41.07"
"","EU_BEFORE_FEB2020","TOTAL","ALL","","1991","41.32"
"","EU_BEFORE_FEB2020","TOTAL","ALL","","1992","41.3"
"","EU_BEFORE_FEB2020","TOTAL","ALL","","1993","41.42"
"","EU_BEFORE_FEB2020","TOTAL","ALL","","1994","41.03"
"","EU_BEFORE_FEB2020","TOTAL","ALL","","1995","41.09"
"","EU_BEFORE_FEB2020","TOTAL","ALL","","2000","39.31"
"","EU_BEFORE_FEB2020","TOTAL","ALL","","2001","38.92"
"","EU_BEFORE_FEB2020","TOTAL","ALL","","2002","38.72"
"","EU_BEFORE_FEB2020","TOTAL","ALL","","2003","38.33"
"","EU_BEFORE_FEB2020","TOTAL","ALL","","2004","38.11"
"","EU_BEFORE_FEB2020","TOTAL","ALL","","2005","38.02"
"","EU_BEFORE_FEB2020","TOTAL","ALL","","2006","37.87"
"","EU_BEFORE_FEB2020","TOTAL","ALL","","2007","37.64"
"","EU_BEFORE_FEB2020","TOTAL","ALL","","2008","37.55"
"","EU_BEFORE_FEB2020","TOTAL","ALL","","2009","37.11"
"","EU_BEFORE_FEB2020","TOTAL","ALL","","2010","36.81"
"","EU_BEFORE_FEB2020","TOTAL","ALL","","2011","36.65"
"","EU_BEFORE_FEB2020","TOTAL","ALL","","2012","36.29"
"","EU_BEFORE_FEB2020","TOTAL","ALL","","2013","35.83"
"","EU_BEFORE_FEB2020","TOTAL","ALL","","2014","35.51"
"","EU_BEFORE_FEB2020","TOTAL","ALL","","2015","35.05"
"","EU_BEFORE_FEB2020","TOTAL","ALL","","2016","34.59"
"","EU_BEFORE_FEB2020","TOTAL","ALL","","2017","33.67"
"","EU_BEFORE_FEB2020","TOTAL","ALL","","2018","32.95"
"","EU_BEFORE_FEB2020","TOTAL","ALL","","2019","31.99"
"","EU_BEFORE_FEB2020","TOTAL","ALL","","2020","31.31"
"","EU_BEFORE_FEB2020","TOTAL","ALL","","2021","30.94"
"","EU_BEFORE_MAY2004","TOTAL","ALL","","1969","32.76"
"","EU_BEFORE_MAY2004","TOTAL","ALL","","1970","32.91"
"","EU_BEFORE_MAY2004","TOTAL","ALL","","1971","33.7"
"","EU_BEFORE_MAY2004","TOTAL","ALL","","1972","34.37"
"","EU_BEFORE_MAY2004","TOTAL","ALL","","1973","35.03"
"","EU_BEFORE_MAY2004","TOTAL","ALL","","1974","35.61"
"","EU_BEFORE_MAY2004","TOTAL","ALL","","1975","35.84"
"","EU_BEFORE_MAY2004","TOTAL","ALL","","1976","36.6"
"","EU_BEFORE_MAY2004","TOTAL","ALL","","1977","37.1"
"","EU_BEFORE_MAY2004","TOTAL","ALL","","1978","37.93"
"","EU_BEFORE_MAY2004","TOTAL","ALL","","1979","38.42"
"","EU_BEFORE_MAY2004","TOTAL","ALL","","1980","38.64"
"","EU_BEFORE_MAY2004","TOTAL","ALL","","1981","38.65"
"","EU_BEFORE_MAY2004","TOTAL","ALL","","1982","38.98"
"","EU_BEFORE_MAY2004","TOTAL","ALL","","1983","39.53"
"","EU_BEFORE_MAY2004","TOTAL","ALL","","1984","39.91"
"","EU_BEFORE_MAY2004","TOTAL","ALL","","1985","40.18"
"","EU_BEFORE_MAY2004","TOTAL","ALL","","1986","40.01"
"","EU_BEFORE_MAY2004","TOTAL","ALL","","1987","40.33"
"","EU_BEFORE_MAY2004","TOTAL","ALL","","1988","40.67"
"","EU_BEFORE_MAY2004","TOTAL","ALL","","1989","40.26"
"","EU_BEFORE_MAY2004","TOTAL","ALL","","1990","39.93"
"","EU_BEFORE_MAY2004","TOTAL","ALL","","1991","40.1"
"","EU_BEFORE_MAY2004","TOTAL","ALL","","1992","40.03"
"","EU_BEFORE_MAY2004","TOTAL","ALL","","1993","39.98"
"","EU_BEFORE_MAY2004","TOTAL","ALL","","1994","39.49"
"","EU_BEFORE_MAY2004","TOTAL","ALL","","1995","39.39"
"","EU_BEFORE_MAY2004","TOTAL","ALL","","2000","37.33"
"","EU_BEFORE_MAY2004","TOTAL","ALL","","2001","36.89"
"","EU_BEFORE_MAY2004","TOTAL","ALL","","2002","36.68"
"","EU_BEFORE_MAY2004","TOTAL","ALL","","2003","36.29"
"","EU_BEFORE_MAY2004","TOTAL","ALL","","2004","36.15"
"","EU_BEFORE_MAY2004","TOTAL","ALL","","2005","36.06"
"","EU_BEFORE_MAY2004","TOTAL","ALL","","2006","35.92"
"","EU_BEFORE_MAY2004","TOTAL","ALL","","2007","35.65"
"","EU_BEFORE_MAY2004","TOTAL","ALL","","2008","35.57"
"","EU_BEFORE_MAY2004","TOTAL","ALL","","2009","35.19"
"","EU_BEFORE_MAY2004","TOTAL","ALL","","2010","34.93"
"","EU_BEFORE_MAY2004","TOTAL","ALL","","2011","34.85"
"","EU_BEFORE_MAY2004","TOTAL","ALL","","2012","34.39"
"","EU_BEFORE_MAY2004","TOTAL","ALL","","2013","34.07"
"","EU_BEFORE_MAY2004","TOTAL","ALL","","2014","33.72"
"","EU_BEFORE_MAY2004","TOTAL","ALL","","2015","33.2"
"","EU_BEFORE_MAY2004","TOTAL","ALL","","2016","32.79"
"","EU_BEFORE_MAY2004","TOTAL","ALL","","2017","31.85"
"","EU_BEFORE_MAY2004","TOTAL","ALL","","2018","31.21"
"","EU_BEFORE_MAY2004","TOTAL","ALL","","2019","30.33"
"","EU_BEFORE_MAY2004","TOTAL","ALL","","2020","29.73"
"","EU_MEMBERS","TOTAL","ALL","","1969","29"
"","EU_MEMBERS","TOTAL","ALL","","1970","29.07"
"","EU_MEMBERS","TOTAL","ALL","","1971","30.12"
"","EU_MEMBERS","TOTAL","ALL","","1972","30.55"
"","EU_MEMBERS","TOTAL","ALL","","1973","31.3"
"","EU_MEMBERS","TOTAL","ALL","","1974","31.79"
"","EU_MEMBERS","TOTAL","ALL","","1975","32.23"
"","EU_MEMBERS","TOTAL","ALL","","1976","33.06"
"","EU_MEMBERS","TOTAL","ALL","","1977","33.6"
"","EU_MEMBERS","TOTAL","ALL","","1978","34.49"
"","EU_MEMBERS","TOTAL","ALL","","1979","35.01"
"","EU_MEMBERS","TOTAL","ALL","","1980","35.49"
"","EU_MEMBERS","TOTAL","ALL","","1981","35.86"
"","EU_MEMBERS","TOTAL","ALL","","1982","36.24"
"","EU_MEMBERS","TOTAL","ALL","","1983","36.98"
"","EU_MEMBERS","TOTAL","ALL","","1984","37.54"
"","EU_MEMBERS","TOTAL","ALL","","1985","37.96"
"","EU_MEMBERS","TOTAL","ALL","","1986","38.31"
"","EU_MEMBERS","TOTAL","ALL","","1987","38.79"
"","EU_MEMBERS","TOTAL","ALL","","1988","39.3"
"","EU_MEMBERS","TOTAL","ALL","","1989","39.17"
"","EU_MEMBERS","TOTAL","ALL","","1990","39.27"
"","EU_MEMBERS","TOTAL","ALL","","1991","39.63"
"","EU_MEMBERS","TOTAL","ALL","","1992","39.77"
"","EU_MEMBERS","TOTAL","ALL","","1993","40.14"
"","EU_MEMBERS","TOTAL","ALL","","1994","39.83"
"","EU_MEMBERS","TOTAL","ALL","","1995","40.06"
"","EU_MEMBERS","TOTAL","ALL","","2000","38.79"
"","EU_MEMBERS","TOTAL","ALL","","2001","38.47"
"","EU_MEMBERS","TOTAL","ALL","","2002","38.26"
"","EU_MEMBERS","TOTAL","ALL","","2003","37.99"
"","EU_MEMBERS","TOTAL","ALL","","2004","37.83"
"","EU_MEMBERS","TOTAL","ALL","","2005","37.72"
"","EU_MEMBERS","TOTAL","ALL","","2006","37.49"
"","EU_MEMBERS","TOTAL","ALL","","2007","37.28"
"","EU_MEMBERS","TOTAL","ALL","","2008","37.16"
"","EU_MEMBERS","TOTAL","ALL","","2009","36.79"
"","EU_MEMBERS","TOTAL","ALL","","2010","36.55"
"","EU_MEMBERS","TOTAL","ALL","","2011","36.43"
"","EU_MEMBERS","TOTAL","ALL","","2012","36.1"
"","EU_MEMBERS","TOTAL","ALL","","2013","35.65"
"","EU_MEMBERS","TOTAL","ALL","","2014","35.34"
"","EU_MEMBERS","TOTAL","ALL","","2015","34.96"
"","EU_MEMBERS","TOTAL","ALL","","2016","34.51"
"","EU_MEMBERS","TOTAL","ALL","","2017","33.65"
"","EU_MEMBERS","TOTAL","ALL","","2018","32.86"
"","EU_MEMBERS","TOTAL","ALL","","2019","32.03"
"","EU_MEMBERS","TOTAL","ALL","","2020","31.41"
"","EU_MEMBERS","TOTAL","ALL","","2021","30.98"
"FIN","","TOTAL","ALL","","1969","44.14"
"FIN","","TOTAL","ALL","","1970","42.55"
"FIN","","TOTAL","ALL","","1971","44.73"
"FIN","","TOTAL","ALL","","1972","41.73"
"FIN","","TOTAL","ALL","","1973","41.49"
"FIN","","TOTAL","ALL","","1974","41.49"
"FIN","","TOTAL","ALL","","1975","38.97"
"FIN","","TOTAL","ALL","","1976","44.36"
"FIN","","TOTAL","ALL","","1977","43.03"
"FIN","","TOTAL","ALL","","1978","42.84"
"FIN","","TOTAL","ALL","","1979","43.49"
"FIN","","TOTAL","ALL","","1980","43.34"
"FIN","","TOTAL","ALL","","1981","43"
"FIN","","TOTAL","ALL","","1982","38.94"
"FIN","","TOTAL","ALL","","1983","40.28"
"FIN","","TOTAL","ALL","","1984","38.97"
"FIN","","TOTAL","ALL","","1985","39.88"
"FIN","","TOTAL","ALL","","1986","36.43"
"FIN","","TOTAL","ALL","","1987","36.9"
"FIN","","TOTAL","ALL","","1988","35.37"
"FIN","","TOTAL","ALL","","1989","33.83"
"FIN","","TOTAL","ALL","","1990","34.6"
"FIN","","TOTAL","ALL","","1991","32.14"
"FIN","","TOTAL","ALL","","1992","34.48"
"FIN","","TOTAL","ALL","","1993","32.48"
"FIN","","TOTAL","ALL","","1994","30.95"
"FIN","","TOTAL","ALL","","1995","31.28"
"FIN","","TOTAL","ALL","","1996","30.41"
"FIN","","TOTAL","ALL","","1997","29.41"
"FIN","","TOTAL","ALL","","1998","30.35"
"FIN","","TOTAL","ALL","","1999","27.89"
"FIN","","TOTAL","ALL","","2000","27.83"
"FIN","","TOTAL","ALL","","2001","27.85"
"FIN","","TOTAL","ALL","","2002","26.86"
"FIN","","TOTAL","ALL","","2003","27.36"
"FIN","","TOTAL","ALL","","2004","26.01"
"FIN","","TOTAL","ALL","","2005","26.54"
"FIN","","TOTAL","ALL","","2006","26.34"
"FIN","","TOTAL","ALL","","2007","26.59"
"FIN","","TOTAL","ALL","","2008","25.47"
"FIN","","TOTAL","ALL","","2009","25.36"
"FIN","","TOTAL","ALL","","2010","26.93"
"FIN","","TOTAL","ALL","","2011","25.38"
"FIN","","TOTAL","ALL","","2012","25.32"
"FIN","","TOTAL","ALL","","2013","25.45"
"FIN","","TOTAL","ALL","","2014","23.85"
"FIN","","TOTAL","ALL","","2016","24.11"
"FIN","","TOTAL","ALL","","2017","23.37"
"FIN","","TOTAL","ALL","","2018","22.97"
"FIN","","TOTAL","ALL","","2019","22.85"
"FIN","","TOTAL","ALL","","2020","22.01"
"FIN","","TOTAL","ALL","","2021","22.16"
"FRA","","TOTAL","ALL","","1968","21.47"
"FRA","","TOTAL","ALL","","1969","21.69"
"FRA","","TOTAL","ALL","","1970","21.41"
"FRA","","TOTAL","ALL","","1971","22.48"
"FRA","","TOTAL","ALL","","1972","23.82"
"FRA","","TOTAL","ALL","","1973","24.26"
"FRA","","TOTAL","ALL","","1974","25.4"
"FRA","","TOTAL","ALL","","1975","25.72"
"FRA","","TOTAL","ALL","","1976","27.22"
"FRA","","TOTAL","ALL","","1977","27.8"
"FRA","","TOTAL","ALL","","1978","29.28"
"FRA","","TOTAL","ALL","","1979","29.41"
"FRA","","TOTAL","ALL","","1980","29.89"
"FRA","","TOTAL","ALL","","1981","30.52"
"FRA","","TOTAL","ALL","","1982","30.74"
"FRA","","TOTAL","ALL","","1983","31.03"
"FRA","","TOTAL","ALL","","1984","31.71"
"FRA","","TOTAL","ALL","","1985","32.2"
"FRA","","TOTAL","ALL","","1986","33.36"
"FRA","","TOTAL","ALL","","1987","33.69"
"FRA","","TOTAL","ALL","","1988","34.2"
"FRA","","TOTAL","ALL","","1989","34.56"
"FRA","","TOTAL","ALL","","1990","34.09"
"FRA","","TOTAL","ALL","","1991","34.87"
"FRA","","TOTAL","ALL","","1992","35.02"
"FRA","","TOTAL","ALL","","1993","35.3"
"FRA","","TOTAL","ALL","","1994","34.77"
"FRA","","TOTAL","ALL","","1995","35.44"
"FRA","","TOTAL","ALL","","1996","35.47"
"FRA","","TOTAL","ALL","","1997","35.12"
"FRA","","TOTAL","ALL","","1998","36.46"
"FRA","","TOTAL","ALL","","1999","36.25"
"FRA","","TOTAL","ALL","","2000","35.38"
"FRA","","TOTAL","ALL","","2001","35.21"
"FRA","","TOTAL","ALL","","2002","35.47"
"FRA","","TOTAL","ALL","","2003","35.47"
"FRA","","TOTAL","ALL","","2004","35.68"
"FRA","","TOTAL","ALL","","2005","36.38"
"FRA","","TOTAL","ALL","","2006","36.03"
"FRA","","TOTAL","ALL","","2007","35.84"
"FRA","","TOTAL","ALL","","2008","35.48"
"FRA","","TOTAL","ALL","","2009","35.9"
"FRA","","TOTAL","ALL","","2010","35.15"
"FRA","","TOTAL","ALL","","2011","35.1"
"FRA","","TOTAL","ALL","","2012","34.85"
"FRA","","TOTAL","ALL","","2013","34.03"
"FRA","","TOTAL","ALL","","2014","34.63"
"FRA","","TOTAL","ALL","","2017","32.13"
"FRA","","TOTAL","ALL","","2018","31.23"
"GBR","","TOTAL","ALL","","1968","54.29"
"GBR","","TOTAL","ALL","","1969","55.31"
"GBR","","TOTAL","ALL","","1970","55.9"
"GBR","","TOTAL","ALL","","1971","55.89"
"GBR","","TOTAL","ALL","","1972","57.04"
"GBR","","TOTAL","ALL","","1973","57.61"
"GBR","","TOTAL","ALL","","1974","58.77"
"GBR","","TOTAL","ALL","","1975","57.7"
"GBR","","TOTAL","ALL","","1976","58.63"
"GBR","","TOTAL","ALL","","1977","58.65"
"GBR","","TOTAL","ALL","","1978","59.31"
"GBR","","TOTAL","ALL","","1979","59.85"
"GBR","","TOTAL","ALL","","1980","59.41"
"GBR","","TOTAL","ALL","","1981","57.64"
"GBR","","TOTAL","ALL","","1982","57.9"
"GBR","","TOTAL","ALL","","1983","58.58"
"GBR","","TOTAL","ALL","","1984","58.68"
"GBR","","TOTAL","ALL","","1985","58.26"
"GBR","","TOTAL","ALL","","1986","56.91"
"GBR","","TOTAL","ALL","","1987","56.26"
"GBR","","TOTAL","ALL","","1988","56.4"
"GBR","","TOTAL","ALL","","1989","55.04"
"GBR","","TOTAL","ALL","","1990","54.22"
"GBR","","TOTAL","ALL","","1991","53.62"
"GBR","","TOTAL","ALL","","1992","52.37"
"GBR","","TOTAL","ALL","","1993","50.71"
"GBR","","TOTAL","ALL","","1994","49.8"
"GBR","","TOTAL","ALL","","1995","48.54"
"GBR","","TOTAL","ALL","","1996","47.24"
"GBR","","TOTAL","ALL","","1997","45.47"
"GBR","","TOTAL","ALL","","1998","45.37"
"GBR","","TOTAL","ALL","","1999","43.92"
"GBR","","TOTAL","ALL","","2001","42.24"
"GBR","","TOTAL","ALL","","2002","42.04"
"GBR","","TOTAL","ALL","","2003","40.81"
"GBR","","TOTAL","ALL","","2004","40.17"
"GBR","","TOTAL","ALL","","2005","40.14"
"GBR","","TOTAL","ALL","","2006","40.55"
"GBR","","TOTAL","ALL","","2007","40.19"
"GBR","","TOTAL","ALL","","2008","40.36"
"GBR","","TOTAL","ALL","","2009","39.36"
"GBR","","TOTAL","ALL","","2010","38.68"
"GBR","","TOTAL","ALL","","2011","38.19"
"GBR","","TOTAL","ALL","","2012","37.62"
"GBR","","TOTAL","ALL","","2013","37.03"
"GBR","","TOTAL","ALL","","2014","36.68"
"GBR","","TOTAL","ALL","","2015","35.65"
"GBR","","TOTAL","ALL","","2016","35.11"
"GBR","","TOTAL","ALL","","2017","33.83"
"GBR","","TOTAL","ALL","","2018","33.56"
"GBR","","TOTAL","ALL","","2019","31.7"
"GBR","","TOTAL","ALL","","2020","30.65"
"GEO","","TOTAL","ALL","","1981","19.55"
"GEO","","TOTAL","ALL","","1982","19.34"
"GEO","","TOTAL","ALL","","1985","21.19"
"GEO","","TOTAL","ALL","","1986","20.91"
"GEO","","TOTAL","ALL","","1987","21.06"
"GEO","","TOTAL","ALL","","1988","21.8"
"GEO","","TOTAL","ALL","","1989","20.77"
"GEO","","TOTAL","ALL","","1990","20.25"
"GEO","","TOTAL","ALL","","1991","20.89"
"GEO","","TOTAL","ALL","","1992","17.17"
"GEO","","TOTAL","ALL","","1994","13.43"
"GEO","","TOTAL","ALL","","1995","12.59"
"GEO","","TOTAL","ALL","","1996","13.2"
"GEO","","TOTAL","ALL","","1997","15.38"
"GEO","","TOTAL","ALL","","1998","16.56"
"GEO","","TOTAL","ALL","","1999","16.84"
"GEO","","TOTAL","ALL","","2000","18.12"
"GEO","","TOTAL","ALL","","2001","18.21"
"GEO","","TOTAL","ALL","","2004","20.03"
"GEO","","TOTAL","ALL","","2005","13.92"
"GEO","","TOTAL","ALL","","2006","11.77"
"GEO","","TOTAL","ALL","","2007","10.43"
"GEO","","TOTAL","ALL","","2009","16.07"
"GEO","","TOTAL","ALL","","2010","7.86"
"GEO","","TOTAL","ALL","","2011","15.05"
"GEO","","TOTAL","ALL","","2012","16.72"
"GEO","","TOTAL","ALL","","2013","15.83"
"GEO","","TOTAL","ALL","","2014","21.42"
"GEO","","TOTAL","ALL","","2015","22.98"
"GEO","","TOTAL","ALL","","2016","24.17"
"GEO","","TOTAL","ALL","","2017","23.77"
"GEO","","TOTAL","ALL","","2018","25.37"
"GEO","","TOTAL","ALL","","2019","23.77"
"GEO","","TOTAL","ALL","","2020","25.12"
"GEO","","TOTAL","ALL","","2021","22.44"
"GRC","","TOTAL","ALL","","1968","26.49"
"GRC","","TOTAL","ALL","","1969","27.36"
"GRC","","TOTAL","ALL","","1970","25.54"
"GRC","","TOTAL","ALL","","1971","25.69"
"GRC","","TOTAL","ALL","","1972","27.19"
"GRC","","TOTAL","ALL","","1973","30.91"
"GRC","","TOTAL","ALL","","1974","31.97"
"GRC","","TOTAL","ALL","","1975","31.3"
"GRC","","TOTAL","ALL","","1976","33.04"
"GRC","","TOTAL","ALL","","1977","34.28"
"GRC","","TOTAL","ALL","","1978","35.66"
"GRC","","TOTAL","ALL","","1979","35.93"
"GRC","","TOTAL","ALL","","1980","33.71"
"GRC","","TOTAL","ALL","","1981","34.66"
"GRC","","TOTAL","ALL","","1982","35.78"
"GRC","","TOTAL","ALL","","1983","36.48"
"GRC","","TOTAL","ALL","","1984","36.46"
"GRC","","TOTAL","ALL","","1985","38.52"
"GRC","","TOTAL","ALL","","1986","37.57"
"GRC","","TOTAL","ALL","","1987","37.82"
"GRC","","TOTAL","ALL","","1988","38.27"
"GRC","","TOTAL","ALL","","1989","39.41"
"GRC","","TOTAL","ALL","","1990","39.31"
"GRC","","TOTAL","ALL","","1991","39.48"
"GRC","","TOTAL","ALL","","1992","38.6"
"GRC","","TOTAL","ALL","","1993","39.6"
"GRC","","TOTAL","ALL","","1994","39.83"
"GRC","","TOTAL","ALL","","1995","39.15"
"GRC","","TOTAL","ALL","","1996","39.54"
"GRC","","TOTAL","ALL","","1997","38.96"
"GRC","","TOTAL","ALL","","1998","38.94"
"GRC","","TOTAL","ALL","","1999","38.95"
"GRC","","TOTAL","ALL","","2000","39.4"
"GRC","","TOTAL","ALL","","2001","38.99"
"GRC","","TOTAL","ALL","","2002","37.9"
"GRC","","TOTAL","ALL","","2003","38.45"
"GRC","","TOTAL","ALL","","2004","38.93"
"GRC","","TOTAL","ALL","","2005","38.29"
"GRC","","TOTAL","ALL","","2006","37.87"
"GRC","","TOTAL","ALL","","2007","38.04"
"GRC","","TOTAL","ALL","","2008","38.65"
"GRC","","TOTAL","ALL","","2009","38.07"
"GRC","","TOTAL","ALL","","2010","37.37"
"GRC","","TOTAL","ALL","","2011","37.79"
"GRC","","TOTAL","ALL","","2012","39.15"
"GRC","","TOTAL","ALL","","2014","40.72"
"GRC","","TOTAL","ALL","","2015","40.29"
"GRC","","TOTAL","ALL","","2016","39.46"
"GRC","","TOTAL","ALL","","2017","38.97"
"GRC","","TOTAL","ALL","","2018","38.26"
"GRC","","TOTAL","ALL","","2019","37.87"
"GRC","","TOTAL","ALL","","2020","36.93"
"HRV","","TOTAL","ALL","","1985","39.76"
"HRV","","TOTAL","ALL","","1986","40.44"
"HRV","","TOTAL","ALL","","1987","42.53"
"HRV","","TOTAL","ALL","","1988","44.18"
"HRV","","TOTAL","ALL","","1989","44.05"
"HRV","","TOTAL","ALL","","1990","45.01"
"HRV","","TOTAL","ALL","","1991","44.01"
"HRV","","TOTAL","ALL","","1992","43.16"
"HRV","","TOTAL","ALL","","1993","43.14"
"HRV","","TOTAL","ALL","","1994","43.85"
"HRV","","TOTAL","ALL","","1995","42.22"
"HRV","","TOTAL","ALL","","1996","49.33"
"HRV","","TOTAL","ALL","","1997","49.88"
"HRV","","TOTAL","ALL","","1998","53.62"
"HRV","","TOTAL","ALL","","1999","51.6"
"HRV","","TOTAL","ALL","","2000","53.14"
"HRV","","TOTAL","ALL","","2001","47.36"
"HRV","","TOTAL","ALL","","2002","45.94"
"HRV","","TOTAL","ALL","","2003","46.22"
"HRV","","TOTAL","ALL","","2004","45.29"
"HRV","","TOTAL","ALL","","2005","44.98"
"HRV","","TOTAL","ALL","","2006","46.42"
"HRV","","TOTAL","ALL","","2007","46.24"
"HRV","","TOTAL","ALL","","2008","45.64"
"HRV","","TOTAL","ALL","","2009","45.84"
"HRV","","TOTAL","ALL","","2010","44.99"
"HRV","","TOTAL","ALL","","2011","45.88"
"HRV","","TOTAL","ALL","","2012","44.47"
"HRV","","TOTAL","ALL","","2013","44.52"
"HRV","","TOTAL","ALL","","2014","44.78"
"HRV","","TOTAL","ALL","","2015","44.27"
"HRV","","TOTAL","ALL","","2016","44.31"
"HRV","","TOTAL","ALL","","2017","46.12"
"HRV","","TOTAL","ALL","","2019","42.98"
"HRV","","TOTAL","ALL","","2020","41.83"
"HRV","","TOTAL","ALL","","2021","41.57"
"HUN","","TOTAL","ALL","","1969","31.72"
"HUN","","TOTAL","ALL","","1970","31.59"
"HUN","","TOTAL","ALL","","1971","33.8"
"HUN","","TOTAL","ALL","","1972","33.36"
"HUN","","TOTAL","ALL","","1973","34.82"
"HUN","","TOTAL","ALL","","1974","37.46"
"HUN","","TOTAL","ALL","","1975","36.57"
"HUN","","TOTAL","ALL","","1976","38.32"
"HUN","","TOTAL","ALL","","1977","39.24"
"HUN","","TOTAL","ALL","","1978","43.1"
"HUN","","TOTAL","ALL","","1979","43.8"
"HUN","","TOTAL","ALL","","1980","44.52"
"HUN","","TOTAL","ALL","","1981","46.33"
"HUN","","TOTAL","ALL","","1982","48.28"
"HUN","","TOTAL","ALL","","1983","49.67"
"HUN","","TOTAL","ALL","","1984","51.2"
"HUN","","TOTAL","ALL","","1985","50.75"
"HUN","","TOTAL","ALL","","1986","54.99"
"HUN","","TOTAL","ALL","","1987","56.88"
"HUN","","TOTAL","ALL","","1988","55.67"
"HUN","","TOTAL","ALL","","1989","57.13"
"HUN","","TOTAL","ALL","","1990","61.15"
"HUN","","TOTAL","ALL","","1991","61.54"
"HUN","","TOTAL","ALL","","1992","63.91"
"HUN","","TOTAL","ALL","","1993","65.04"
"HUN","","TOTAL","ALL","","1994","65.04"
"HUN","","TOTAL","ALL","","1995","64.99"
"HUN","","TOTAL","ALL","","1996","67.01"
"HUN","","TOTAL","ALL","","1997","65.99"
"HUN","","TOTAL","ALL","","1998","66.72"
"HUN","","TOTAL","ALL","","1999","68.1"
"HUN","","TOTAL","ALL","","2000","67.32"
"HUN","","TOTAL","ALL","","2001","64.84"
"HUN","","TOTAL","ALL","","2002","64.92"
"HUN","","TOTAL","ALL","","2003","66.49"
"HUN","","TOTAL","ALL","","2004","66.21"
"HUN","","TOTAL","ALL","","2005","60.77"
"HUN","","TOTAL","ALL","","2006","61.36"
"HUN","","TOTAL","ALL","","2007","64.58"
"HUN","","TOTAL","ALL","","2008","65.41"
"HUN","","TOTAL","ALL","","2009","65.87"
"HUN","","TOTAL","ALL","","2010","66.47"
"HUN","","TOTAL","ALL","","2011","65.11"
"HUN","","TOTAL","ALL","","2012","66.15"
"HUN","","TOTAL","ALL","","2013","63.33"
"HUN","","TOTAL","ALL","","2014","63.37"
"HUN","","TOTAL","ALL","","2015","62.81"
"HUN","","TOTAL","ALL","","2016","62.84"
"HUN","","TOTAL","ALL","","2017","61.67"
"HUN","","TOTAL","ALL","","2018","60.43"
"HUN","","TOTAL","ALL","","2019","57.54"
"IRL","","TOTAL","ALL","","1968","33.64"
"IRL","","TOTAL","ALL","","1969","31.7"
"IRL","","TOTAL","ALL","","1970","35.28"
"IRL","","TOTAL","ALL","","1971","36.3"
"IRL","","TOTAL","ALL","","1972","36.4"
"IRL","","TOTAL","ALL","","1973","37.65"
"IRL","","TOTAL","ALL","","1974","41.17"
"IRL","","TOTAL","ALL","","1975","41.63"
"IRL","","TOTAL","ALL","","1976","43.58"
"IRL","","TOTAL","ALL","","1977","42.43"
"IRL","","TOTAL","ALL","","1978","43.04"
"IRL","","TOTAL","ALL","","1979","44.08"
"IRL","","TOTAL","ALL","","1980","42.29"
"IRL","","TOTAL","ALL","","1981","47.15"
"IRL","","TOTAL","ALL","","1982","44.12"
"IRL","","TOTAL","ALL","","1983","48.82"
"IRL","","TOTAL","ALL","","1984","49.54"
"IRL","","TOTAL","ALL","","1985","48.89"
"IRL","","TOTAL","ALL","","1986","49.14"
"IRL","","TOTAL","ALL","","1987","44.94"
"IRL","","TOTAL","ALL","","1988","48.77"
"IRL","","TOTAL","ALL","","1989","48.45"
"IRL","","TOTAL","ALL","","1990","46.6"
"IRL","","TOTAL","ALL","","1991","44.12"
"IRL","","TOTAL","ALL","","1992","46"
"IRL","","TOTAL","ALL","","1993","46.83"
"IRL","","TOTAL","ALL","","1994","45.82"
"IRL","","TOTAL","ALL","","1995","45.32"
"IRL","","TOTAL","ALL","","1996","41.57"
"IRL","","TOTAL","ALL","","1997","39.02"
"IRL","","TOTAL","ALL","","1998","42.35"
"IRL","","TOTAL","ALL","","1999","39.41"
"IRL","","TOTAL","ALL","","2000","42.18"
"IRL","","TOTAL","ALL","","2001","38.85"
"IRL","","TOTAL","ALL","","2002","38.42"
"IRL","","TOTAL","ALL","","2003","40.05"
"IRL","","TOTAL","ALL","","2004","40.09"
"IRL","","TOTAL","ALL","","2005","38.4"
"IRL","","TOTAL","ALL","","2006","38.5"
"IRL","","TOTAL","ALL","","2007","39.02"
"IRL","","TOTAL","ALL","","2008","38.17"
"IRL","","TOTAL","ALL","","2009","38.68"
"IRL","","TOTAL","ALL","","2010","36.58"
"IRL","","TOTAL","ALL","","2011","38.5"
"IRL","","TOTAL","ALL","","2012","36.45"
"IRL","","TOTAL","ALL","","2013","36.01"
"IRL","","TOTAL","ALL","","2015","33.86"
"IRL","","TOTAL","ALL","","2018","30.66"
"ISL","","TOTAL","ALL","","1971","14.8"
"ISL","","TOTAL","ALL","","1972","21.92"
"ISL","","TOTAL","ALL","","1973","15.93"
"ISL","","TOTAL","ALL","","1974","17.09"
"ISL","","TOTAL","ALL","","1975","23.25"
"ISL","","TOTAL","ALL","","1976","18.55"
"ISL","","TOTAL","ALL","","1977","26.62"
"ISL","","TOTAL","ALL","","1978","22.61"
"ISL","","TOTAL","ALL","","1979","29.05"
"ISL","","TOTAL","ALL","","1980","27.44"
"ISL","","TOTAL","ALL","","1981","38.8"
"ISL","","TOTAL","ALL","","1982","39.17"
"ISL","","TOTAL","ALL","","1983","34.07"
"ISL","","TOTAL","ALL","","1984","27.03"
"ISL","","TOTAL","ALL","","1985","34.48"
"ISL","","TOTAL","ALL","","1986","32.18"
"ISL","","TOTAL","ALL","","1987","36.02"
"ISL","","TOTAL","ALL","","1988","42.67"
"ISL","","TOTAL","ALL","","1989","37.15"
"ISL","","TOTAL","ALL","","1990","38.02"
"ISL","","TOTAL","ALL","","1991","42.22"
"ISL","","TOTAL","ALL","","1992","41.42"
"ISL","","TOTAL","ALL","","1993","39.58"
"ISL","","TOTAL","ALL","","1994","37.95"
"ISL","","TOTAL","ALL","","1995","37"
"ISL","","TOTAL","ALL","","1996","44.66"
"ISL","","TOTAL","ALL","","1997","45.74"
"ISL","","TOTAL","ALL","","1998","40.23"
"ISL","","TOTAL","ALL","","1999","42.71"
"ISL","","TOTAL","ALL","","2000","39.13"
"ISL","","TOTAL","ALL","","2001","39.37"
"ISL","","TOTAL","ALL","","2002","35.1"
"ISL","","TOTAL","ALL","","2003","39.06"
"ISL","","TOTAL","ALL","","2004","38.55"
"ISL","","TOTAL","ALL","","2005","43.49"
"ISL","","TOTAL","ALL","","2006","40.18"
"ISL","","TOTAL","ALL","","2007","42.05"
"ISL","","TOTAL","ALL","","2008","39.24"
"ISL","","TOTAL","ALL","","2009","37.62"
"ISL","","TOTAL","ALL","","2010","40.55"
"ISL","","TOTAL","ALL","","2011","38.07"
"ISL","","TOTAL","ALL","","2012","38.42"
"ISL","","TOTAL","ALL","","2013","33.92"
"ISL","","TOTAL","ALL","","2014","34.14"
"ISL","","TOTAL","ALL","","2015","28.94"
"ISL","","TOTAL","ALL","","2016","36.52"
"ISL","","TOTAL","ALL","","2017","29.69"
"ISL","","TOTAL","ALL","","2018","28.93"
"ISL","","TOTAL","ALL","","2019","26.12"
"ISL","","TOTAL","ALL","","2020","25.07"
"ISL","","TOTAL","ALL","","2021","26.37"
"ISR","","TOTAL","ALL","","1975","23.45"
"ISR","","TOTAL","ALL","","1976","24.11"
"ISR","","TOTAL","ALL","","1977","24.71"
"ISR","","TOTAL","ALL","","1978","23.87"
"ISR","","TOTAL","ALL","","1979","24.5"
"ISR","","TOTAL","ALL","","1980","25.7"
"ISR","","TOTAL","ALL","","1981","22.41"
"ISR","","TOTAL","ALL","","1982","23.48"
"ISR","","TOTAL","ALL","","1983","22.48"
"ISR","","TOTAL","ALL","","1984","22.91"
"ISR","","TOTAL","ALL","","1985","23.59"
"ISR","","TOTAL","ALL","","1986","22.81"
"ISR","","TOTAL","ALL","","1987","22.19"
"ISR","","TOTAL","ALL","","1988","22.25"
"ISR","","TOTAL","ALL","","1989","24.32"
"ISR","","TOTAL","ALL","","1990","25.72"
"ISR","","TOTAL","ALL","","1991","23.34"
"ISR","","TOTAL","ALL","","1992","22.82"
"ISR","","TOTAL","ALL","","1993","26.48"
"ISR","","TOTAL","ALL","","1994","26.02"
"ISR","","TOTAL","ALL","","1995","26.49"
"ISR","","TOTAL","ALL","","1996","23.98"
"ISR","","TOTAL","ALL","","1997","24.34"
"ISR","","TOTAL","ALL","","1998","24.1"
"ISR","","TOTAL","ALL","","1999","24.15"
"ISR","","TOTAL","ALL","","2000","25.04"
"ISR","","TOTAL","ALL","","2001","24.97"
"ISR","","TOTAL","ALL","","2002","25.54"
"ISR","","TOTAL","ALL","","2003","24.56"
"ISR","","TOTAL","ALL","","2004","25.45"
"ISR","","TOTAL","ALL","","2005","23.99"
"ISR","","TOTAL","ALL","","2006","25.96"
"ISR","","TOTAL","ALL","","2007","24.75"
"ISR","","TOTAL","ALL","","2008","24.29"
"ISR","","TOTAL","ALL","","2009","24.02"
"ISR","","TOTAL","ALL","","2010","26.43"
"ISR","","TOTAL","ALL","","2011","25.61"
"ISR","","TOTAL","ALL","","2012","24.14"
"ISR","","TOTAL","ALL","","2013","24.41"
"ISR","","TOTAL","ALL","","2014","25.06"
"ISR","","TOTAL","ALL","","2015","24.11"
"ISR","","TOTAL","ALL","","2016","22.84"
"ISR","","TOTAL","ALL","","2017","21.23"
"ISR","","TOTAL","ALL","","2018","21.43"
"ISR","","TOTAL","ALL","","2019","20.81"
"ISR","","TOTAL","ALL","","2020","19.91"
"ISR","","TOTAL","ALL","","2021","19.66"
"ITA","","TOTAL","ALL","","1968","25.83"
"ITA","","TOTAL","ALL","","1969","27.18"
"ITA","","TOTAL","ALL","","1970","27.01"
"ITA","","TOTAL","ALL","","1971","28.79"
"ITA","","TOTAL","ALL","","1972","29.79"
"ITA","","TOTAL","ALL","","1973","31.15"
"ITA","","TOTAL","ALL","","1974","31.58"
"ITA","","TOTAL","ALL","","1975","32.64"
"ITA","","TOTAL","ALL","","1976","34.17"
"ITA","","TOTAL","ALL","","1977","35.23"
"ITA","","TOTAL","ALL","","1978","36.36"
"ITA","","TOTAL","ALL","","1979","37.81"
"ITA","","TOTAL","ALL","","1980","39.39"
"ITA","","TOTAL","ALL","","1981","39.09"
"ITA","","TOTAL","ALL","","1982","40.93"
"ITA","","TOTAL","ALL","","1983","41.91"
"ITA","","TOTAL","ALL","","1984","42.01"
"ITA","","TOTAL","ALL","","1985","42.86"
"ITA","","TOTAL","ALL","","1986","42.51"
"ITA","","TOTAL","ALL","","1987","43.86"
"ITA","","TOTAL","ALL","","1988","44.13"
"ITA","","TOTAL","ALL","","1989","43.31"
"ITA","","TOTAL","ALL","","1990","42.71"
"ITA","","TOTAL","ALL","","1991","42.67"
"ITA","","TOTAL","ALL","","1992","43.15"
"ITA","","TOTAL","ALL","","1993","42.52"
"ITA","","TOTAL","ALL","","1994","41.88"
"ITA","","TOTAL","ALL","","1995","40.99"
"ITA","","TOTAL","ALL","","1996","40.59"
"ITA","","TOTAL","ALL","","1997","39.9"
"ITA","","TOTAL","ALL","","1998","39.55"
"ITA","","TOTAL","ALL","","1999","38.95"
"ITA","","TOTAL","ALL","","2000","38.06"
"ITA","","TOTAL","ALL","","2001","37.84"
"ITA","","TOTAL","ALL","","2002","37.2"
"ITA","","TOTAL","ALL","","2003","36.27"
"ITA","","TOTAL","ALL","","2004","35.45"
"ITA","","TOTAL","ALL","","2005","34.87"
"ITA","","TOTAL","ALL","","2006","34.48"
"ITA","","TOTAL","ALL","","2007","34.08"
"ITA","","TOTAL","ALL","","2008","33.44"
"ITA","","TOTAL","ALL","","2009","33.13"
"ITA","","TOTAL","ALL","","2010","32.75"
"ITA","","TOTAL","ALL","","2011","32.88"
"ITA","","TOTAL","ALL","","2012","32"
"ITA","","TOTAL","ALL","","2013","31.24"
"ITA","","TOTAL","ALL","","2014","30.51"
"ITA","","TOTAL","ALL","","2015","30.47"
"ITA","","TOTAL","ALL","","2016","29.79"
"ITA","","TOTAL","ALL","","2017","29.45"
"ITA","","TOTAL","ALL","","2018","28.99"
"ITA","","TOTAL","ALL","","2019","27.53"
"ITA","","TOTAL","ALL","","2020","26.99"
"KAZ","","TOTAL","ALL","","1981","35.69"
"KAZ","","TOTAL","ALL","","1982","34.83"
"KAZ","","TOTAL","ALL","","1985","39.25"
"KAZ","","TOTAL","ALL","","1986","41.42"
"KAZ","","TOTAL","ALL","","1987","41.39"
"KAZ","","TOTAL","ALL","","1988","43.48"
"KAZ","","TOTAL","ALL","","1989","45.08"
"KAZ","","TOTAL","ALL","","1990","46.73"
"KAZ","","TOTAL","ALL","","1991","46.46"
"KAZ","","TOTAL","ALL","","1992","46.04"
"KAZ","","TOTAL","ALL","","1993","45.45"
"KAZ","","TOTAL","ALL","","1994","41.99"
"KAZ","","TOTAL","ALL","","1995","42.6"
"KAZ","","TOTAL","ALL","","1996","41.85"
"KAZ","","TOTAL","ALL","","1997","40.22"
"KAZ","","TOTAL","ALL","","1998","41.23"
"KAZ","","TOTAL","ALL","","1999","38.71"
"KAZ","","TOTAL","ALL","","2000","38.3"
"KAZ","","TOTAL","ALL","","2001","35.93"
"KAZ","","TOTAL","ALL","","2002","36.08"
"KAZ","","TOTAL","ALL","","2003","35.58"
"KAZ","","TOTAL","ALL","","2004","32.98"
"KAZ","","TOTAL","ALL","","2005","33.17"
"KAZ","","TOTAL","ALL","","2006","30.76"
"KAZ","","TOTAL","ALL","","2007","30.32"
"KAZ","","TOTAL","ALL","","2008","29.09"
"KAZ","","TOTAL","ALL","","2009","28.63"
"KAZ","","TOTAL","ALL","","2010","27.45"
"KAZ","","TOTAL","ALL","","2011","25.86"
"KAZ","","TOTAL","ALL","","2012","25.86"
"KAZ","","TOTAL","ALL","","2013","25.33"
"KAZ","","TOTAL","ALL","","2014","22.63"
"KAZ","","TOTAL","ALL","","2015","21.51"
"KAZ","","TOTAL","ALL","","2016","20.12"
"KAZ","","TOTAL","ALL","","2017","18.41"
"KAZ","","TOTAL","ALL","","2018","17.72"
"KAZ","","TOTAL","ALL","","2019","16.53"
"KAZ","","TOTAL","ALL","","2020","16.19"
"KAZ","","TOTAL","ALL","","2021","14.24"
"KGZ","","TOTAL","ALL","","1981","18.8"
"KGZ","","TOTAL","ALL","","1982","21.23"
"KGZ","","TOTAL","ALL","","1985","20.37"
"KGZ","","TOTAL","ALL","","1986","22.05"
"KGZ","","TOTAL","ALL","","1987","22.49"
"KGZ","","TOTAL","ALL","","1988","24.97"
"KGZ","","TOTAL","ALL","","1989","26.27"
"KGZ","","TOTAL","ALL","","1990","25.62"
"KGZ","","TOTAL","ALL","","1991","25.48"
"KGZ","","TOTAL","ALL","","1992","25.56"
"KGZ","","TOTAL","ALL","","1993","20.08"
"KGZ","","TOTAL","ALL","","1994","19.41"
"KGZ","","TOTAL","ALL","","1995","19.03"
"KGZ","","TOTAL","ALL","","1996","18.04"
"KGZ","","TOTAL","ALL","","1997","18.2"
"KGZ","","TOTAL","ALL","","1998","17.21"
"KGZ","","TOTAL","ALL","","1999","17.15"
"KGZ","","TOTAL","ALL","","2000","16.95"
"KGZ","","TOTAL","ALL","","2001","16.25"
"KGZ","","TOTAL","ALL","","2002","17.44"
"KGZ","","TOTAL","ALL","","2003","17.84"
"KGZ","","TOTAL","ALL","","2004","16.83"
"KGZ","","TOTAL","ALL","","2005","16.18"
"KGZ","","TOTAL","ALL","","2006","16.18"
"KGZ","","TOTAL","ALL","","2007","14.04"
"KGZ","","TOTAL","ALL","","2008","13.68"
"KGZ","","TOTAL","ALL","","2009","16.68"
"KGZ","","TOTAL","ALL","","2010","16.71"
"KGZ","","TOTAL","ALL","","2011","15.32"
"KGZ","","TOTAL","ALL","","2012","14.95"
"KGZ","","TOTAL","ALL","","2013","16.82"
"KGZ","","TOTAL","ALL","","2014","17.53"
"KGZ","","TOTAL","ALL","","2015","15.22"
"KGZ","","TOTAL","ALL","","2016","16.01"
"LTU","","TOTAL","ALL","","1981","33.73"
"LTU","","TOTAL","ALL","","1982","33.82"
"LTU","","TOTAL","ALL","","1985","35.57"
"LTU","","TOTAL","ALL","","1986","36.16"
"LTU","","TOTAL","ALL","","1987","36.91"
"LTU","","TOTAL","ALL","","1988","38.24"
"LTU","","TOTAL","ALL","","1989","38.72"
"LTU","","TOTAL","ALL","","1990","40"
"LTU","","TOTAL","ALL","","1991","41.95"
"LTU","","TOTAL","ALL","","1992","39.8"
"LTU","","TOTAL","ALL","","1993","40.83"
"LTU","","TOTAL","ALL","","1994","40.77"
"LTU","","TOTAL","ALL","","1995","40.68"
"LTU","","TOTAL","ALL","","1996","38.83"
"LTU","","TOTAL","ALL","","1997","37.62"
"LTU","","TOTAL","ALL","","1998","38.03"
"LTU","","TOTAL","ALL","","1999","38.19"
"LTU","","TOTAL","ALL","","2000","35.29"
"LTU","","TOTAL","ALL","","2001","37.03"
"LTU","","TOTAL","ALL","","2002","35.34"
"LTU","","TOTAL","ALL","","2003","36.01"
"LTU","","TOTAL","ALL","","2004","34.28"
"LTU","","TOTAL","ALL","","2005","33.44"
"LTU","","TOTAL","ALL","","2006","35.9"
"LTU","","TOTAL","ALL","","2007","35.09"
"LTU","","TOTAL","ALL","","2008","33.36"
"LTU","","TOTAL","ALL","","2009","33.43"
"LTU","","TOTAL","ALL","","2010","31.33"
"LTU","","TOTAL","ALL","","2011","32.8"
"LTU","","TOTAL","ALL","","2012","32.13"
"LTU","","TOTAL","ALL","","2013","31.3"
"LTU","","TOTAL","ALL","","2014","31.66"
"LTU","","TOTAL","ALL","","2015","31.43"
"LTU","","TOTAL","ALL","","2016","29.89"
"LTU","","TOTAL","ALL","","2017","28.37"
"LTU","","TOTAL","ALL","","2018","27.44"
"LTU","","TOTAL","ALL","","2019","28.82"
"LTU","","TOTAL","ALL","","2020","27.12"
"LTU","","TOTAL","ALL","","2021","23.81"
"LTU","","TOTAL","ALL","","2022","24.28"
"LUX","","TOTAL","ALL","","1971","46.55"
"LUX","","TOTAL","ALL","","1972","46.3"
"LUX","","TOTAL","ALL","","1973","45.64"
"LUX","","TOTAL","ALL","","1974","37.64"
"LUX","","TOTAL","ALL","","1975","46.63"
"LUX","","TOTAL","ALL","","1976","48.2"
"LUX","","TOTAL","ALL","","1977","49.08"
"LUX","","TOTAL","ALL","","1978","46.61"
"LUX","","TOTAL","ALL","","1979","47.11"
"LUX","","TOTAL","ALL","","1980","49.85"
"LUX","","TOTAL","ALL","","1981","49.43"
"LUX","","TOTAL","ALL","","1982","48.78"
"LUX","","TOTAL","ALL","","1983","49.15"
"LUX","","TOTAL","ALL","","1984","50.92"
"LUX","","TOTAL","ALL","","1985","50.21"
"LUX","","TOTAL","ALL","","1986","50.77"
"LUX","","TOTAL","ALL","","1987","50.23"
"LUX","","TOTAL","ALL","","1988","51.75"
"LUX","","TOTAL","ALL","","1989","47.36"
"LUX","","TOTAL","ALL","","1990","44.93"
"LUX","","TOTAL","ALL","","1991","42.44"
"LUX","","TOTAL","ALL","","1992","47.01"
"LUX","","TOTAL","ALL","","1993","45.46"
"LUX","","TOTAL","ALL","","1994","41.69"
"LUX","","TOTAL","ALL","","1995","45.16"
"LUX","","TOTAL","ALL","","1996","42.57"
"LUX","","TOTAL","ALL","","1997","45.17"
"LUX","","TOTAL","ALL","","1998","42.78"
"LUX","","TOTAL","ALL","","1999","39.75"
"LUX","","TOTAL","ALL","","2000","39.11"
"LUX","","TOTAL","ALL","","2001","35.36"
"LUX","","TOTAL","ALL","","2002","35.25"
"LUX","","TOTAL","ALL","","2003","41.81"
"LUX","","TOTAL","ALL","","2004","34.74"
"LUX","","TOTAL","ALL","","2005","35.69"
"LUX","","TOTAL","ALL","","2006","34.41"
"LUX","","TOTAL","ALL","","2007","41.84"
"LUX","","TOTAL","ALL","","2008","27.33"
"LUX","","TOTAL","ALL","","2009","37.77"
"LUX","","TOTAL","ALL","","2010","32.52"
"LUX","","TOTAL","ALL","","2011","32.16"
"LUX","","TOTAL","ALL","","2012","35.48"
"LUX","","TOTAL","ALL","","2013","28.53"
"LUX","","TOTAL","ALL","","2014","35.98"
"LUX","","TOTAL","ALL","","2015","30.73"
"LUX","","TOTAL","ALL","","2016","33.39"
"LUX","","TOTAL","ALL","","2017","30.71"
"LUX","","TOTAL","ALL","","2018","20.49"
"LUX","","TOTAL","ALL","","2019","25.48"
"LUX","","TOTAL","ALL","","2020","23.96"
"LUX","","TOTAL","ALL","","2021","23.56"
"LUX","","TOTAL","ALL","","2022","21.09"
"LVA","","TOTAL","ALL","","1980","32.3"
"LVA","","TOTAL","ALL","","1981","32.19"
"LVA","","TOTAL","ALL","","1982","35.78"
"LVA","","TOTAL","ALL","","1983","35.73"
"LVA","","TOTAL","ALL","","1984","35.39"
"LVA","","TOTAL","ALL","","1985","36.98"
"LVA","","TOTAL","ALL","","1986","39.96"
"LVA","","TOTAL","ALL","","1987","40.4"
"LVA","","TOTAL","ALL","","1988","40.55"
"LVA","","TOTAL","ALL","","1989","41.06"
"LVA","","TOTAL","ALL","","1990","39.66"
"LVA","","TOTAL","ALL","","1991","43.49"
"LVA","","TOTAL","ALL","","1992","41.58"
"LVA","","TOTAL","ALL","","1993","39.47"
"LVA","","TOTAL","ALL","","1994","41.06"
"LVA","","TOTAL","ALL","","1995","38.24"
"LVA","","TOTAL","ALL","","1996","39.73"
"LVA","","TOTAL","ALL","","1997","36.51"
"LVA","","TOTAL","ALL","","1998","37.57"
"LVA","","TOTAL","ALL","","1999","39.42"
"LVA","","TOTAL","ALL","","2000","35.99"
"LVA","","TOTAL","ALL","","2001","39.16"
"LVA","","TOTAL","ALL","","2002","37.26"
"LVA","","TOTAL","ALL","","2003","36.89"
"LVA","","TOTAL","ALL","","2004","35.82"
"LVA","","TOTAL","ALL","","2005","36.27"
"LVA","","TOTAL","ALL","","2006","39.34"
"LVA","","TOTAL","ALL","","2007","35.94"
"LVA","","TOTAL","ALL","","2008","34.91"
"LVA","","TOTAL","ALL","","2009","34.84"
"LVA","","TOTAL","ALL","","2010","34.18"
"LVA","","TOTAL","ALL","","2011","33.71"
"LVA","","TOTAL","ALL","","2012","33.03"
"LVA","","TOTAL","ALL","","2013","33.12"
"LVA","","TOTAL","ALL","","2014","31.3"
"LVA","","TOTAL","ALL","","2015","29.57"
"LVA","","TOTAL","ALL","","2016","30.39"
"LVA","","TOTAL","ALL","","2017","32.15"
"LVA","","TOTAL","ALL","","2018","30.33"
"LVA","","TOTAL","ALL","","2019","29.27"
"LVA","","TOTAL","ALL","","2020","30.86"
"LVA","","TOTAL","ALL","","2021","30.5"
"MDA","","TOTAL","ALL","","1981","23.08"
"MDA","","TOTAL","ALL","","1982","23.11"
"MDA","","TOTAL","ALL","","1985","27.57"
"MDA","","TOTAL","ALL","","1986","28.6"
"MDA","","TOTAL","ALL","","1987","30.44"
"MDA","","TOTAL","ALL","","1988","31.56"
"MDA","","TOTAL","ALL","","1989","34.11"
"MDA","","TOTAL","ALL","","1990","32.07"
"MDA","","TOTAL","ALL","","1991","30.85"
"MDA","","TOTAL","ALL","","1992","29.02"
"MDA","","TOTAL","ALL","","1993","29.95"
"MDA","","TOTAL","ALL","","1994","31.18"
"MDA","","TOTAL","ALL","","1995","28.81"
"MDA","","TOTAL","ALL","","1996","29.41"
"MDA","","TOTAL","ALL","","1997","30.48"
"MDA","","TOTAL","ALL","","1998","27.17"
"MDA","","TOTAL","ALL","","1999","24.68"
"MDA","","TOTAL","ALL","","2000","23.94"
"MDA","","TOTAL","ALL","","2001","26.31"
"MDA","","TOTAL","ALL","","2002","24.4"
"MDA","","TOTAL","ALL","","2003","26.72"
"MDA","","TOTAL","ALL","","2004","25.22"
"MDA","","TOTAL","ALL","","2005","25.41"
"MDA","","TOTAL","ALL","","2006","26.2"
"MDA","","TOTAL","ALL","","2007","26.43"
"MDA","","TOTAL","ALL","","2008","26.85"
"MDA","","TOTAL","ALL","","2009","26.13"
"MDA","","TOTAL","ALL","","2010","27.32"
"MDA","","TOTAL","ALL","","2011","26.24"
"MDA","","TOTAL","ALL","","2012","26.49"
"MDA","","TOTAL","ALL","","2013","26.03"
"MDA","","TOTAL","ALL","","2014","26.39"
"MDA","","TOTAL","ALL","","2015","26.2"
"MDA","","TOTAL","ALL","","2016","26.61"
"MDA","","TOTAL","ALL","","2017","23.67"
"MDA","","TOTAL","ALL","","2018","25.53"
"MKD","","TOTAL","ALL","","1991","24.45"
"MKD","","TOTAL","ALL","","1992","26.58"
"MKD","","TOTAL","ALL","","1993","28.72"
"MKD","","TOTAL","ALL","","1994","32.74"
"MKD","","TOTAL","ALL","","1995","28.83"
"MKD","","TOTAL","ALL","","1996","32.21"
"MKD","","TOTAL","ALL","","1997","32.37"
"MKD","","TOTAL","ALL","","1998","33.73"
"MKD","","TOTAL","ALL","","1999","31.87"
"MKD","","TOTAL","ALL","","2000","33.13"
"MKD","","TOTAL","ALL","","2001","32.77"
"MKD","","TOTAL","ALL","","2002","32.14"
"MKD","","TOTAL","ALL","","2003","33.33"
"MKD","","TOTAL","ALL","","2004","33.86"
"MKD","","TOTAL","ALL","","2005","35.87"
"MKD","","TOTAL","ALL","","2006","36.69"
"MKD","","TOTAL","ALL","","2007","37.01"
"MKD","","TOTAL","ALL","","2008","36.96"
"MKD","","TOTAL","ALL","","2009","38.05"
"MKD","","TOTAL","ALL","","2010","37.42"
"MKD","","TOTAL","ALL","","2011","35.01"
"MKD","","TOTAL","ALL","","2012","35.96"
"MKD","","TOTAL","ALL","","2013","37.04"
"MKD","","TOTAL","ALL","","2015","35.71"
"MKD","","TOTAL","ALL","","2016","37.59"
"MKD","","TOTAL","ALL","","2017","32.39"
"MKD","","TOTAL","ALL","","2018","35.76"
"MKD","","TOTAL","ALL","","2019","33.89"
"MKD","","TOTAL","ALL","","2020","34.09"
"MKD","","TOTAL","ALL","","2021","29.96"
"MLT","","TOTAL","ALL","","1968","24.77"
"MLT","","TOTAL","ALL","","1969","29.62"
"MLT","","TOTAL","ALL","","1970","23.35"
"MLT","","TOTAL","ALL","","1971","30.09"
"MLT","","TOTAL","ALL","","1972","16.07"
"MLT","","TOTAL","ALL","","1973","22.45"
"MLT","","TOTAL","ALL","","1974","23.68"
"MLT","","TOTAL","ALL","","1975","33.49"
"MLT","","TOTAL","ALL","","1976","33.01"
"MLT","","TOTAL","ALL","","1977","25.53"
"MLT","","TOTAL","ALL","","1978","30.75"
"MLT","","TOTAL","ALL","","1979","33.56"
"MLT","","TOTAL","ALL","","1980","33.14"
"MLT","","TOTAL","ALL","","1981","37.75"
"MLT","","TOTAL","ALL","","1982","32.34"
"MLT","","TOTAL","ALL","","1983","35.46"
"MLT","","TOTAL","ALL","","1984","33.15"
"MLT","","TOTAL","ALL","","1985","36.59"
"MLT","","TOTAL","ALL","","1986","35.87"
"MLT","","TOTAL","ALL","","1987","33.56"
"MLT","","TOTAL","ALL","","1988","27.65"
"MLT","","TOTAL","ALL","","1989","34.19"
"MLT","","TOTAL","ALL","","1990","30.03"
"MLT","","TOTAL","ALL","","1991","30.45"
"MLT","","TOTAL","ALL","","1992","34.02"
"MLT","","TOTAL","ALL","","1993","34.57"
"MLT","","TOTAL","ALL","","1994","32.9"
"MLT","","TOTAL","ALL","","1995","32.69"
"MLT","","TOTAL","ALL","","1996","39"
"MLT","","TOTAL","ALL","","1997","29.88"
"MLT","","TOTAL","ALL","","1998","27.32"
"MLT","","TOTAL","ALL","","1999","29.42"
"MLT","","TOTAL","ALL","","2000","29.19"
"MLT","","TOTAL","ALL","","2001","31.5"
"MLT","","TOTAL","ALL","","2002","30.75"
"MLT","","TOTAL","ALL","","2003","28.52"
"MLT","","TOTAL","ALL","","2004","26.36"
"MLT","","TOTAL","ALL","","2005","24.97"
"MLT","","TOTAL","ALL","","2006","26.63"
"MLT","","TOTAL","ALL","","2007","23.97"
"MLT","","TOTAL","ALL","","2008","28.08"
"MLT","","TOTAL","ALL","","2009","27.34"
"MLT","","TOTAL","ALL","","2010","28.66"
"MLT","","TOTAL","ALL","","2011","26.87"
"MLT","","TOTAL","ALL","","2012","29.12"
"MLT","","TOTAL","ALL","","2013","23.95"
"MLT","","TOTAL","ALL","","2014","26.36"
"MLT","","TOTAL","ALL","","2015","28.68"
"MLT","","TOTAL","ALL","","2016","26.52"
"MLT","","TOTAL","ALL","","2017","25.72"
"MNE","","TOTAL","ALL","","2000","43.34"
"MNE","","TOTAL","ALL","","2001","41.11"
"MNE","","TOTAL","ALL","","2002","42.94"
"MNE","","TOTAL","ALL","","2003","47.15"
"MNE","","TOTAL","ALL","","2004","45.29"
"MNE","","TOTAL","ALL","","2005","48.33"
"MNE","","TOTAL","ALL","","2006","42.12"
"MNE","","TOTAL","ALL","","2007","44.82"
"MNE","","TOTAL","ALL","","2008","41.82"
"MNE","","TOTAL","ALL","","2009","40.05"
"MNE","","TOTAL","ALL","","2017","38.49"
"MNE","","TOTAL","ALL","","2019","34.5"
"NLD","","TOTAL","ALL","","1969","44.15"
"NLD","","TOTAL","ALL","","1970","45.79"
"NLD","","TOTAL","ALL","","1971","48.08"
"NLD","","TOTAL","ALL","","1972","47.83"
"NLD","","TOTAL","ALL","","1973","49.41"
"NLD","","TOTAL","ALL","","1974","50.05"
"NLD","","TOTAL","ALL","","1975","51.37"
"NLD","","TOTAL","ALL","","1976","53.03"
"NLD","","TOTAL","ALL","","1977","52.51"
"NLD","","TOTAL","ALL","","1978","55.22"
"NLD","","TOTAL","ALL","","1979","53.84"
"NLD","","TOTAL","ALL","","1980","55.61"
"NLD","","TOTAL","ALL","","1981","55.76"
"NLD","","TOTAL","ALL","","1982","56.17"
"NLD","","TOTAL","ALL","","1983","54.96"
"NLD","","TOTAL","ALL","","1984","56.51"
"NLD","","TOTAL","ALL","","1985","56.26"
"NLD","","TOTAL","ALL","","1986","56.75"
"NLD","","TOTAL","ALL","","1987","55.48"
"NLD","","TOTAL","ALL","","1988","56.21"
"NLD","","TOTAL","ALL","","1989","54.6"
"NLD","","TOTAL","ALL","","1990","51.69"
"NLD","","TOTAL","ALL","","1991","52.03"
"NLD","","TOTAL","ALL","","1992","51.95"
"NLD","","TOTAL","ALL","","1993","51.99"
"NLD","","TOTAL","ALL","","1994","51.09"
"NLD","","TOTAL","ALL","","1995","50.57"
"NLD","","TOTAL","ALL","","2000","46.5"
"NLD","","TOTAL","ALL","","2001","46.82"
"NLD","","TOTAL","ALL","","2002","47"
"NLD","","TOTAL","ALL","","2003","45.59"
"NLD","","TOTAL","ALL","","2004","47.38"
"NLD","","TOTAL","ALL","","2005","46.8"
"NLD","","TOTAL","ALL","","2006","46.03"
"NLD","","TOTAL","ALL","","2007","46.51"
"NLD","","TOTAL","ALL","","2008","46.25"
"NLD","","TOTAL","ALL","","2009","45.31"
"NLD","","TOTAL","ALL","","2010","45.38"
"NLD","","TOTAL","ALL","","2011","45.7"
"NLD","","TOTAL","ALL","","2012","43.72"
"NLD","","TOTAL","ALL","","2013","42.43"
"NLD","","TOTAL","ALL","","2014","41.81"
"NLD","","TOTAL","ALL","","2015","40.97"
"NLD","","TOTAL","ALL","","2016","40.89"
"NLD","","TOTAL","ALL","","2017","38.81"
"NLD","","TOTAL","ALL","","2018","36.92"
"NLD","","TOTAL","ALL","","2019","35.1"
"NLD","","TOTAL","ALL","","2020","34.37"
"NLD","","TOTAL","ALL","","2021","34.43"
"NLD","","TOTAL","ALL","","2022","33.71"
"NOR","","TOTAL","ALL","","1969","15.17"
"NOR","","TOTAL","ALL","","1970","15.45"
"NOR","","TOTAL","ALL","","1971","16.02"
"NOR","","TOTAL","ALL","","1972","15.86"
"NOR","","TOTAL","ALL","","1973","16.55"
"NOR","","TOTAL","ALL","","1974","16.28"
"NOR","","TOTAL","ALL","","1975","18.69"
"NOR","","TOTAL","ALL","","1976","19"
"NOR","","TOTAL","ALL","","1977","19.87"
"NOR","","TOTAL","ALL","","1978","20.25"
"NOR","","TOTAL","ALL","","1979","20.56"
"NOR","","TOTAL","ALL","","1980","20.59"
"NOR","","TOTAL","ALL","","1981","23.98"
"NOR","","TOTAL","ALL","","1982","24.44"
"NOR","","TOTAL","ALL","","1983","23.49"
"NOR","","TOTAL","ALL","","1984","25.14"
"NOR","","TOTAL","ALL","","1985","26.35"
"NOR","","TOTAL","ALL","","1986","27.3"
"NOR","","TOTAL","ALL","","1987","27.11"
"NOR","","TOTAL","ALL","","1988","28.55"
"NOR","","TOTAL","ALL","","1989","27.5"
"NOR","","TOTAL","ALL","","1990","28.1"
"NOR","","TOTAL","ALL","","1991","29.6"
"NOR","","TOTAL","ALL","","1992","28.94"
"NOR","","TOTAL","ALL","","1993","30.04"
"NOR","","TOTAL","ALL","","1994","31.6"
"NOR","","TOTAL","ALL","","1995","31"
"NOR","","TOTAL","ALL","","1996","31.86"
"NOR","","TOTAL","ALL","","1997","33.53"
"NOR","","TOTAL","ALL","","1998","31.6"
"NOR","","TOTAL","ALL","","1999","32.26"
"NOR","","TOTAL","ALL","","2000","32.8"
"NOR","","TOTAL","ALL","","2001","33.34"
"NOR","","TOTAL","ALL","","2002","34.46"
"NOR","","TOTAL","ALL","","2003","34.05"
"NOR","","TOTAL","ALL","","2004","34.09"
"NOR","","TOTAL","ALL","","2005","33.73"
"NOR","","TOTAL","ALL","","2006","34.02"
"NOR","","TOTAL","ALL","","2007","34.95"
"NOR","","TOTAL","ALL","","2008","34.54"
"NOR","","TOTAL","ALL","","2009","33.03"
"NOR","","TOTAL","ALL","","2010","34.01"
"NOR","","TOTAL","ALL","","2011","33.43"
"NOR","","TOTAL","ALL","","2012","32.45"
"NOR","","TOTAL","ALL","","2013","31.58"
"NOR","","TOTAL","ALL","","2014","31.01"
"NOR","","TOTAL","ALL","","2015","30.23"
"NOR","","TOTAL","ALL","","2016","29.92"
"","NORDIC","TOTAL","ALL","","1969","26.38"
"","NORDIC","TOTAL","ALL","","1970","26.06"
"","NORDIC","TOTAL","ALL","","1971","27.96"
"","NORDIC","TOTAL","ALL","","1972","28.38"
"","NORDIC","TOTAL","ALL","","1973","27.88"
"","NORDIC","TOTAL","ALL","","1974","28.56"
"","NORDIC","TOTAL","ALL","","1975","28.69"
"","NORDIC","TOTAL","ALL","","1976","30.33"
"","NORDIC","TOTAL","ALL","","1977","30.76"
"","NORDIC","TOTAL","ALL","","1978","31.53"
"","NORDIC","TOTAL","ALL","","1979","32.35"
"","NORDIC","TOTAL","ALL","","1980","32.03"
"","NORDIC","TOTAL","ALL","","1981","33.13"
"","NORDIC","TOTAL","ALL","","1982","32.27"
"","NORDIC","TOTAL","ALL","","1983","33.12"
"","NORDIC","TOTAL","ALL","","1984","33.68"
"","NORDIC","TOTAL","ALL","","1985","34.02"
"","NORDIC","TOTAL","ALL","","1986","33"
"","NORDIC","TOTAL","ALL","","1987","33.9"
"","NORDIC","TOTAL","ALL","","1988","34.08"
"","NORDIC","TOTAL","ALL","","1989","32.87"
"","NORDIC","TOTAL","ALL","","1990","33.49"
"","NORDIC","TOTAL","ALL","","1991","33.42"
"","NORDIC","TOTAL","ALL","","1992","33.46"
"","NORDIC","TOTAL","ALL","","1993","33.45"
"","NORDIC","TOTAL","ALL","","1994","33.69"
"","NORDIC","TOTAL","ALL","","1995","34.04"
"","NORDIC","TOTAL","ALL","","1996","33.73"
"","NORDIC","TOTAL","ALL","","1999","32.91"
"","NORDIC","TOTAL","ALL","","2000","32.96"
"","NORDIC","TOTAL","ALL","","2001","33.2"
"","NORDIC","TOTAL","ALL","","2002","32.55"
"","NORDIC","TOTAL","ALL","","2003","32.88"
"","NORDIC","TOTAL","ALL","","2004","33.26"
"","NORDIC","TOTAL","ALL","","2005","33.6"
"","NORDIC","TOTAL","ALL","","2006","33.51"
"","NORDIC","TOTAL","ALL","","2007","32.22"
"","NORDIC","TOTAL","ALL","","2008","32.57"
"","NORDIC","TOTAL","ALL","","2009","31.47"
"","NORDIC","TOTAL","ALL","","2010","32.12"
"","NORDIC","TOTAL","ALL","","2011","30.9"
"","NORDIC","TOTAL","ALL","","2012","30.64"
"","NORDIC","TOTAL","ALL","","2013","30.04"
"","NORDIC","TOTAL","ALL","","2014","29.44"
"","NORDIC","TOTAL","ALL","","2015","28.68"
"","NORDIC","TOTAL","ALL","","2016","28.28"
"","NORDIC","TOTAL","ALL","","2017","27.84"
"","NORDIC","TOTAL","ALL","","2018","26.33"
"","NORDIC","TOTAL","ALL","","2019","26.21"
"","NORDIC","TOTAL","ALL","","2020","25.1"
"","NORDIC","TOTAL","ALL","","2021","24.65"
"POL","","TOTAL","ALL","","1969","24.59"
"POL","","TOTAL","ALL","","1970","25.51"
"POL","","TOTAL","ALL","","1971","27.83"
"POL","","TOTAL","ALL","","1972","28.09"
"POL","","TOTAL","ALL","","1973","30.03"
"POL","","TOTAL","ALL","","1974","30.77"
"POL","","TOTAL","ALL","","1975","31.85"
"POL","","TOTAL","ALL","","1976","33.78"
"POL","","TOTAL","ALL","","1977","34.32"
"POL","","TOTAL","ALL","","1978","36.01"
"POL","","TOTAL","ALL","","1979","36.75"
"POL","","TOTAL","ALL","","1980","39.34"
"POL","","TOTAL","ALL","","1981","40.24"
"POL","","TOTAL","ALL","","1982","40.74"
"POL","","TOTAL","ALL","","1983","43.58"
"POL","","TOTAL","ALL","","1984","45.26"
"POL","","TOTAL","ALL","","1985","46.27"
"POL","","TOTAL","ALL","","1986","47.18"
"POL","","TOTAL","ALL","","1987","47.74"
"POL","","TOTAL","ALL","","1988","49.49"
"POL","","TOTAL","ALL","","1989","49.88"
"POL","","TOTAL","ALL","","1990","51.44"
"POL","","TOTAL","ALL","","1991","52.05"
"POL","","TOTAL","ALL","","1992","50.75"
"POL","","TOTAL","ALL","","1993","52.31"
"POL","","TOTAL","ALL","","1994","52.07"
"POL","","TOTAL","ALL","","1995","53.12"
"POL","","TOTAL","ALL","","1996","51.97"
"POL","","TOTAL","ALL","","1999","50.55"
"POL","","TOTAL","ALL","","2000","52.01"
"POL","","TOTAL","ALL","","2001","52.79"
"POL","","TOTAL","ALL","","2002","53.22"
"POL","","TOTAL","ALL","","2003","51.96"
"POL","","TOTAL","ALL","","2004","51.39"
"POL","","TOTAL","ALL","","2005","51.39"
"POL","","TOTAL","ALL","","2006","51.2"
"POL","","TOTAL","ALL","","2007","50.92"
"POL","","TOTAL","ALL","","2008","50.81"
"POL","","TOTAL","ALL","","2009","49.45"
"POL","","TOTAL","ALL","","2010","48.51"
"POL","","TOTAL","ALL","","2011","47.28"
"POL","","TOTAL","ALL","","2012","47.15"
"POL","","TOTAL","ALL","","2013","46.24"
"POL","","TOTAL","ALL","","2014","46.24"
"POL","","TOTAL","ALL","","2015","46.38"
"POL","","TOTAL","ALL","","2016","45.53"
"POL","","TOTAL","ALL","","2017","43.66"
"POL","","TOTAL","ALL","","2018","42.63"
"POL","","TOTAL","ALL","","2019","41.5"
"POL","","TOTAL","ALL","","2020","39.05"
"POL","","TOTAL","ALL","","2021","36.3"
"PRT","","TOTAL","ALL","","1971","11.56"
"PRT","","TOTAL","ALL","","1972","11.08"
"PRT","","TOTAL","ALL","","1973","11.73"
"PRT","","TOTAL","ALL","","1974","11.49"
"PRT","","TOTAL","ALL","","1975","12.09"
"PRT","","TOTAL","ALL","","1976","12.48"
"PRT","","TOTAL","ALL","","1977","12.86"
"PRT","","TOTAL","ALL","","1978","14.26"
"PRT","","TOTAL","ALL","","1979","15.34"
"PRT","","TOTAL","ALL","","1980","16.18"
"PRT","","TOTAL","ALL","","1981","15.11"
"PRT","","TOTAL","ALL","","1982","16.21"
"PRT","","TOTAL","ALL","","1983","16.4"
"PRT","","TOTAL","ALL","","1984","17.08"
"PRT","","TOTAL","ALL","","1985","18.65"
"PRT","","TOTAL","ALL","","1986","19.03"
"PRT","","TOTAL","ALL","","1987","19.91"
"PRT","","TOTAL","ALL","","1988","19.26"
"PRT","","TOTAL","ALL","","1989","18.92"
"PRT","","TOTAL","ALL","","1990","20.38"
"PRT","","TOTAL","ALL","","1991","20.32"
"PRT","","TOTAL","ALL","","1992","20.14"
"PRT","","TOTAL","ALL","","1993","22.56"
"PRT","","TOTAL","ALL","","1994","21.5"
"PRT","","TOTAL","ALL","","1995","21.67"
"PRT","","TOTAL","ALL","","1996","21.94"
"PRT","","TOTAL","ALL","","1997","21.78"
"PRT","","TOTAL","ALL","","1998","22.88"
"PRT","","TOTAL","ALL","","1999","21.54"
"PRT","","TOTAL","ALL","","2000","22.41"
"PRT","","TOTAL","ALL","","2001","21.76"
"PRT","","TOTAL","ALL","","2002","22.89"
"PRT","","TOTAL","ALL","","2003","23.66"
"PRT","","TOTAL","ALL","","2007","23.6"
"PRT","","TOTAL","ALL","","2008","22.61"
"PRT","","TOTAL","ALL","","2009","23.57"
"PRT","","TOTAL","ALL","","2010","24.18"
"PRT","","TOTAL","ALL","","2011","24.23"
"PRT","","TOTAL","ALL","","2012","23.76"
"PRT","","TOTAL","ALL","","2013","25.68"
"PRT","","TOTAL","ALL","","2014","24.56"
"PRT","","TOTAL","ALL","","2015","24.81"
"PRT","","TOTAL","ALL","","2016","24.89"
"PRT","","TOTAL","ALL","","2017","25.27"
"PRT","","TOTAL","ALL","","2018","24.99"
"ROU","","TOTAL","ALL","","1969","21.55"
"ROU","","TOTAL","ALL","","1970","21.46"
"ROU","","TOTAL","ALL","","1971","21.98"
"ROU","","TOTAL","ALL","","1972","22.12"
"ROU","","TOTAL","ALL","","1973","22.26"
"ROU","","TOTAL","ALL","","1974","22.66"
"ROU","","TOTAL","ALL","","1975","23.01"
"ROU","","TOTAL","ALL","","1976","23.99"
"ROU","","TOTAL","ALL","","1977","24.31"
"ROU","","TOTAL","ALL","","1978","24.7"
"ROU","","TOTAL","ALL","","1980","25.88"
"ROU","","TOTAL","ALL","","1981","24.9"
"ROU","","TOTAL","ALL","","1982","24.98"
"ROU","","TOTAL","ALL","","1983","25.38"
"ROU","","TOTAL","ALL","","1984","26.03"
"ROU","","TOTAL","ALL","","1985","27.13"
"ROU","","TOTAL","ALL","","1986","28.57"
"ROU","","TOTAL","ALL","","1987","28.6"
"ROU","","TOTAL","ALL","","1988","29.83"
"ROU","","TOTAL","ALL","","1989","29.49"
"ROU","","TOTAL","ALL","","1990","29.47"
"ROU","","TOTAL","ALL","","1991","30.21"
"ROU","","TOTAL","ALL","","1992","31.85"
"ROU","","TOTAL","ALL","","1993","33.01"
"ROU","","TOTAL","ALL","","1994","33.89"
"ROU","","TOTAL","ALL","","1995","34.35"
"ROU","","TOTAL","ALL","","1996","33.82"
"ROU","","TOTAL","ALL","","1997","34.49"
"ROU","","TOTAL","ALL","","1998","34.83"
"ROU","","TOTAL","ALL","","1999","33.77"
"ROU","","TOTAL","ALL","","2000","35.69"
"ROU","","TOTAL","ALL","","2001","35.89"
"ROU","","TOTAL","ALL","","2002","36.03"
"ROU","","TOTAL","ALL","","2003","36"
"ROU","","TOTAL","ALL","","2004","35.5"
"ROU","","TOTAL","ALL","","2005","37.25"
"ROU","","TOTAL","ALL","","2006","37.01"
"ROU","","TOTAL","ALL","","2007","36.84"
"ROU","","TOTAL","ALL","","2008","37.34"
"ROU","","TOTAL","ALL","","2009","38.06"
"ROU","","TOTAL","ALL","","2010","37.85"
"ROU","","TOTAL","ALL","","2011","38.15"
"ROU","","TOTAL","ALL","","2012","38.49"
"ROU","","TOTAL","ALL","","2013","38.31"
"ROU","","TOTAL","ALL","","2014","38.92"
"ROU","","TOTAL","ALL","","2015","38.98"
"ROU","","TOTAL","ALL","","2016","38.26"
"ROU","","TOTAL","ALL","","2017","38"
"ROU","","TOTAL","ALL","","2018","37.17"
"ROU","","TOTAL","ALL","","2019","35.73"
"RUS","","TOTAL","ALL","","1980","34.51"
"RUS","","TOTAL","ALL","","1981","35.23"
"RUS","","TOTAL","ALL","","1982","36.22"
"RUS","","TOTAL","ALL","","1983","37.56"
"RUS","","TOTAL","ALL","","1984","38.07"
"RUS","","TOTAL","ALL","","1985","39.36"
"RUS","","TOTAL","ALL","","1986","41.02"
"RUS","","TOTAL","ALL","","1987","41.76"
"RUS","","TOTAL","ALL","","1988","43.12"
"RUS","","TOTAL","ALL","","1989","43.93"
"RUS","","TOTAL","ALL","","1990","44.54"
"RUS","","TOTAL","ALL","","1991","44.75"
"RUS","","TOTAL","ALL","","1992","44.88"
"RUS","","TOTAL","ALL","","1993","45.52"
"RUS","","TOTAL","ALL","","1994","44.97"
"RUS","","TOTAL","ALL","","1995","43.14"
"RUS","","TOTAL","ALL","","1996","41.1"
"RUS","","TOTAL","ALL","","1997","40.56"
"RUS","","TOTAL","ALL","","1998","39.68"
"RUS","","TOTAL","ALL","","1999","38.99"
"RUS","","TOTAL","ALL","","2000","38.66"
"RUS","","TOTAL","ALL","","2001","37.14"
"RUS","","TOTAL","ALL","","2002","36.44"
"RUS","","TOTAL","ALL","","2003","35.01"
"RUS","","TOTAL","ALL","","2004","34.72"
"RUS","","TOTAL","ALL","","2005","34.03"
"RUS","","TOTAL","ALL","","2006","33.16"
"RUS","","TOTAL","ALL","","2007","32.94"
"RUS","","TOTAL","ALL","","2008","32.38"
"RUS","","TOTAL","ALL","","2009","32.31"
"RUS","","TOTAL","ALL","","2010","31.58"
"RUS","","TOTAL","ALL","","2011","30.65"
"RUS","","TOTAL","ALL","","2012","29.87"
"RUS","","TOTAL","ALL","","2013","29.67"
"RUS","","TOTAL","ALL","","2014","29.76"
"RUS","","TOTAL","ALL","","2015","29.04"
"RUS","","TOTAL","ALL","","2019","26.51"
"","SEEHN","TOTAL","ALL","","1985","30.14"
"","SEEHN","TOTAL","ALL","","1986","30.66"
"","SEEHN","TOTAL","ALL","","1987","31.01"
"","SEEHN","TOTAL","ALL","","1988","31.67"
"","SEEHN","TOTAL","ALL","","1989","31.76"
"","SEEHN","TOTAL","ALL","","1990","31.36"
"","SEEHN","TOTAL","ALL","","1991","31.65"
"","SEEHN","TOTAL","ALL","","1992","32.29"
"","SEEHN","TOTAL","ALL","","1993","33.05"
"","SEEHN","TOTAL","ALL","","1994","33.47"
"","SEEHN","TOTAL","ALL","","1995","33.72"
"","SEEHN","TOTAL","ALL","","1996","33.42"
"","SEEHN","TOTAL","ALL","","1997","33.66"
"","SEEHN","TOTAL","ALL","","1998","33.39"
"","SEEHN","TOTAL","ALL","","1999","32.95"
"","SEEHN","TOTAL","ALL","","2000","33.78"
"","SEEHN","TOTAL","ALL","","2001","33.53"
"","SEEHN","TOTAL","ALL","","2002","34.09"
"","SEEHN","TOTAL","ALL","","2003","34.43"
"","SEEHN","TOTAL","ALL","","2004","34.28"
"","SEEHN","TOTAL","ALL","","2005","35.27"
"","SEEHN","TOTAL","ALL","","2006","35.62"
"","SEEHN","TOTAL","ALL","","2007","35.25"
"","SEEHN","TOTAL","ALL","","2008","35.82"
"","SEEHN","TOTAL","ALL","","2009","35.73"
"","SEEHN","TOTAL","ALL","","2010","36.06"
"","SEEHN","TOTAL","ALL","","2011","35.5"
"","SEEHN","TOTAL","ALL","","2012","35.68"
"","SEEHN","TOTAL","ALL","","2013","35.65"
"","SEEHN","TOTAL","ALL","","2014","35.67"
"","SEEHN","TOTAL","ALL","","2015","35.52"
"","SEEHN","TOTAL","ALL","","2016","35.05"
"","SEEHN","TOTAL","ALL","","2017","33.98"
"","SEEHN","TOTAL","ALL","","2018","33.88"
"","SEEHN","TOTAL","ALL","","2019","32.92"
"","SEEHN","TOTAL","ALL","","2021","31.32"
"","SMALL","TOTAL","ALL","","1995","34.93"
"","SMALL","TOTAL","ALL","","1996","36.18"
"","SMALL","TOTAL","ALL","","1997","35.45"
"","SMALL","TOTAL","ALL","","1998","33.95"
"","SMALL","TOTAL","ALL","","1999","34.15"
"","SMALL","TOTAL","ALL","","2000","33.39"
"","SMALL","TOTAL","ALL","","2001","32.53"
"","SMALL","TOTAL","ALL","","2002","32.32"
"","SMALL","TOTAL","ALL","","2003","34.64"
"","SMALL","TOTAL","ALL","","2004","32.49"
"","SMALL","TOTAL","ALL","","2005","34.04"
"","SMALL","TOTAL","ALL","","2006","31.16"
"","SMALL","TOTAL","ALL","","2007","33.12"
"","SMALL","TOTAL","ALL","","2008","30.2"
"","SMALL","TOTAL","ALL","","2009","32.59"
"","SMALL","TOTAL","ALL","","2010","30.8"
"","SMALL","TOTAL","ALL","","2011","31.36"
"","SMALL","TOTAL","ALL","","2012","32.55"
"","SMALL","TOTAL","ALL","","2013","29.23"
"","SMALL","TOTAL","ALL","","2014","31.23"
"","SMALL","TOTAL","ALL","","2015","29.58"
"","SMALL","TOTAL","ALL","","2016","30.84"
"","SMALL","TOTAL","ALL","","2017","30.27"
"","SMALL","TOTAL","ALL","","2019","25.99"
"SMR","","TOTAL","ALL","","1995","31.02"
"SMR","","TOTAL","ALL","","1996","19.7"
"SMR","","TOTAL","ALL","","1997","33"
"SMR","","TOTAL","ALL","","1998","27.82"
"SMR","","TOTAL","ALL","","1999","40.33"
"SMR","","TOTAL","ALL","","2000","34.64"
"SMR","","TOTAL","ALL","","2005","41.98"
"SRB","","TOTAL","ALL","","1998","39.24"
"SRB","","TOTAL","ALL","","1999","39.65"
"SRB","","TOTAL","ALL","","2000","41.97"
"SRB","","TOTAL","ALL","","2001","41.25"
"SRB","","TOTAL","ALL","","2002","43.29"
"SRB","","TOTAL","ALL","","2003","43.59"
"SRB","","TOTAL","ALL","","2004","45.46"
"SRB","","TOTAL","ALL","","2005","46.67"
"SRB","","TOTAL","ALL","","2006","49.69"
"SRB","","TOTAL","ALL","","2007","48.84"
"SRB","","TOTAL","ALL","","2008","50.54"
"SRB","","TOTAL","ALL","","2009","51.26"
"SRB","","TOTAL","ALL","","2010","51.94"
"SRB","","TOTAL","ALL","","2011","48.83"
"SRB","","TOTAL","ALL","","2012","49.72"
"SRB","","TOTAL","ALL","","2013","50.36"
"SRB","","TOTAL","ALL","","2014","50.12"
"SRB","","TOTAL","ALL","","2015","50.14"
"SRB","","TOTAL","ALL","","2016","50.82"
"SRB","","TOTAL","ALL","","2017","49.39"
"SRB","","TOTAL","ALL","","2018","50.13"
"SRB","","TOTAL","ALL","","2019","48.41"
"SRB","","TOTAL","ALL","","2020","45.96"
"SRB","","TOTAL","ALL","","2021","42.37"
"SRB","","TOTAL","ALL","","2022","40.12"
"SVK","","TOTAL","ALL","","1992","45.06"
"SVK","","TOTAL","ALL","","1993","44.58"
"SVK","","TOTAL","ALL","","1994","44.18"
"SVK","","TOTAL","ALL","","1995","46.18"
"SVK","","TOTAL","ALL","","1996","43.32"
"SVK","","TOTAL","ALL","","1997","43.43"
"SVK","","TOTAL","ALL","","1998","44.3"
"SVK","","TOTAL","ALL","","1999","42.78"
"SVK","","TOTAL","ALL","","2000","43.7"
"SVK","","TOTAL","ALL","","2001","40.76"
"SVK","","TOTAL","ALL","","2002","38.34"
"SVK","","TOTAL","ALL","","2003","37.23"
"SVK","","TOTAL","ALL","","2004","37.45"
"SVK","","TOTAL","ALL","","2005","37.64"
"SVK","","TOTAL","ALL","","2006","35.99"
"SVK","","TOTAL","ALL","","2007","35.16"
"SVK","","TOTAL","ALL","","2008","35.42"
"SVK","","TOTAL","ALL","","2009","34.7"
"SVK","","TOTAL","ALL","","2010","34.9"
"SVK","","TOTAL","ALL","","2012","34.64"
"SVK","","TOTAL","ALL","","2013","34.21"
"SVK","","TOTAL","ALL","","2014","32.61"
"SVK","","TOTAL","ALL","","2016","32.9"
"SVK","","TOTAL","ALL","","2017","31.62"
"SVK","","TOTAL","ALL","","2018","31.04"
"SVK","","TOTAL","ALL","","2019","28.05"
"SVK","","TOTAL","ALL","","2020","29.67"
"SVK","","TOTAL","ALL","","2021","25.9"
"SVN","","TOTAL","ALL","","1985","40.23"
"SVN","","TOTAL","ALL","","1986","39.49"
"SVN","","TOTAL","ALL","","1987","39.28"
"SVN","","TOTAL","ALL","","1988","40.83"
"SVN","","TOTAL","ALL","","1989","41.05"
"SVN","","TOTAL","ALL","","1990","44.34"
"SVN","","TOTAL","ALL","","1991","40.56"
"SVN","","TOTAL","ALL","","1992","42.82"
"SVN","","TOTAL","ALL","","1993","44.79"
"SVN","","TOTAL","ALL","","1994","43.56"
"SVN","","TOTAL","ALL","","1995","45.55"
"SVN","","TOTAL","ALL","","1996","43.01"
"SVN","","TOTAL","ALL","","1997","41.89"
"SVN","","TOTAL","ALL","","1998","41.35"
"SVN","","TOTAL","ALL","","1999","42.79"
"SVN","","TOTAL","ALL","","2000","40.38"
"SVN","","TOTAL","ALL","","2001","40.64"
"SVN","","TOTAL","ALL","","2002","39.96"
"SVN","","TOTAL","ALL","","2003","41.23"
"SVN","","TOTAL","ALL","","2004","41.37"
"SVN","","TOTAL","ALL","","2005","42.57"
"SVN","","TOTAL","ALL","","2006","41.18"
"SVN","","TOTAL","ALL","","2007","42.47"
"SVN","","TOTAL","ALL","","2008","40.87"
"SVN","","TOTAL","ALL","","2009","37.12"
"SVN","","TOTAL","ALL","","2010","39.47"
"SVN","","TOTAL","ALL","","2011","38.83"
"SVN","","TOTAL","ALL","","2012","38.48"
"SVN","","TOTAL","ALL","","2013","35.97"
"SVN","","TOTAL","ALL","","2014","38.27"
"SVN","","TOTAL","ALL","","2015","38.23"
"SVN","","TOTAL","ALL","","2016","38.04"
"SVN","","TOTAL","ALL","","2017","38.23"
"SVN","","TOTAL","ALL","","2018","36.48"
"SVN","","TOTAL","ALL","","2019","34.71"
"SVN","","TOTAL","ALL","","2020","34"
"SWE","","TOTAL","ALL","","1969","16.99"
"SWE","","TOTAL","ALL","","1970","17.26"
"SWE","","TOTAL","ALL","","1971","18.96"
"SWE","","TOTAL","ALL","","1972","19.53"
"SWE","","TOTAL","ALL","","1973","20.06"
"SWE","","TOTAL","ALL","","1974","20.96"
"SWE","","TOTAL","ALL","","1975","21.24"
"SWE","","TOTAL","ALL","","1976","21.29"
"SWE","","TOTAL","ALL","","1977","22.87"
"SWE","","TOTAL","ALL","","1978","22.57"
"SWE","","TOTAL","ALL","","1979","23.09"
"SWE","","TOTAL","ALL","","1980","22.54"
"SWE","","TOTAL","ALL","","1981","22.34"
"SWE","","TOTAL","ALL","","1982","22.18"
"SWE","","TOTAL","ALL","","1983","22.34"
"SWE","","TOTAL","ALL","","1984","23.48"
"SWE","","TOTAL","ALL","","1985","23.21"
"SWE","","TOTAL","ALL","","1986","22.55"
"SWE","","TOTAL","ALL","","1987","23.54"
"SWE","","TOTAL","ALL","","1988","23.93"
"SWE","","TOTAL","ALL","","1989","23.01"
"SWE","","TOTAL","ALL","","1990","23.52"
"SWE","","TOTAL","ALL","","1991","24.7"
"SWE","","TOTAL","ALL","","1992","24.33"
"SWE","","TOTAL","ALL","","1993","23.24"
"SWE","","TOTAL","ALL","","1994","23.92"
"SWE","","TOTAL","ALL","","1995","24.56"
"SWE","","TOTAL","ALL","","1996","24.53"
"SWE","","TOTAL","ALL","","1999","24.65"
"SWE","","TOTAL","ALL","","2000","24.57"
"SWE","","TOTAL","ALL","","2001","25.37"
"SWE","","TOTAL","ALL","","2002","24.95"
"SWE","","TOTAL","ALL","","2003","24.98"
"SWE","","TOTAL","ALL","","2004","25.94"
"SWE","","TOTAL","ALL","","2005","26.93"
"SWE","","TOTAL","ALL","","2006","25.96"
"SWE","","TOTAL","ALL","","2007","25.46"
"SWE","","TOTAL","ALL","","2008","25.82"
"SWE","","TOTAL","ALL","","2009","24.76"
"SWE","","TOTAL","ALL","","2010","24.96"
"SWE","","TOTAL","ALL","","2011","24.55"
"SWE","","TOTAL","ALL","","2012","23.81"
"SWE","","TOTAL","ALL","","2013","23.69"
"SWE","","TOTAL","ALL","","2014","23.45"
"SWE","","TOTAL","ALL","","2015","22.9"
"SWE","","TOTAL","ALL","","2016","22.39"
"SWE","","TOTAL","ALL","","2017","22.37"
"SWE","","TOTAL","ALL","","2018","20.82"
"SWE","","TOTAL","ALL","","2019","20"
"SWE","","TOTAL","ALL","","2020","19.33"
"SWE","","TOTAL","ALL","","2021","18.58"
"SWE","","TOTAL","ALL","","2022","17.79"
"TJK","","TOTAL","ALL","","1981","13.92"
"TJK","","TOTAL","ALL","","1982","13.93"
"TJK","","TOTAL","ALL","","1985","15.94"
"TJK","","TOTAL","ALL","","1986","17.31"
"TJK","","TOTAL","ALL","","1987","17.79"
"TJK","","TOTAL","ALL","","1988","19.6"
"TJK","","TOTAL","ALL","","1989","18.71"
"TJK","","TOTAL","ALL","","1990","12.89"
"TJK","","TOTAL","ALL","","1991","13.07"
"TJK","","TOTAL","ALL","","1992","12.9"
"TJK","","TOTAL","ALL","","1993","9.36"
"TJK","","TOTAL","ALL","","1994","7.91"
"TJK","","TOTAL","ALL","","1995","5.74"
"TJK","","TOTAL","ALL","","1996","5.73"
"TJK","","TOTAL","ALL","","1997","6.45"
"TJK","","TOTAL","ALL","","1998","6.97"
"TJK","","TOTAL","ALL","","1999","6.6"
"TJK","","TOTAL","ALL","","2000","4.78"
"TJK","","TOTAL","ALL","","2001","4.88"
"TJK","","TOTAL","ALL","","2002","6.06"
"TJK","","TOTAL","ALL","","2003","7.19"
"TJK","","TOTAL","ALL","","2004","7.17"
"TJK","","TOTAL","ALL","","2005","6"
"TJK","","TOTAL","ALL","","2017","5.39"
"TKM","","TOTAL","ALL","","1981","17.79"
"TKM","","TOTAL","ALL","","1982","16.93"
"TKM","","TOTAL","ALL","","1985","18.34"
"TKM","","TOTAL","ALL","","1986","14.64"
"TKM","","TOTAL","ALL","","1987","17.18"
"TKM","","TOTAL","ALL","","1988","19.25"
"TKM","","TOTAL","ALL","","1989","14.44"
"TKM","","TOTAL","ALL","","1990","15.9"
"TKM","","TOTAL","ALL","","1991","14.41"
"TKM","","TOTAL","ALL","","1992","14.63"
"TKM","","TOTAL","ALL","","1993","16.55"
"TKM","","TOTAL","ALL","","1994","14.01"
"TKM","","TOTAL","ALL","","1995","12.52"
"TKM","","TOTAL","ALL","","1996","13.16"
"TKM","","TOTAL","ALL","","1997","12.43"
"TKM","","TOTAL","ALL","","1998","10.32"
"TKM","","TOTAL","ALL","","1999","10.57"
"TKM","","TOTAL","ALL","","2000","11.2"
"TKM","","TOTAL","ALL","","2001","11.22"
"TKM","","TOTAL","ALL","","2002","10.6"
"TKM","","TOTAL","ALL","","2003","7.49"
"TKM","","TOTAL","ALL","","2004","7.38"
"TKM","","TOTAL","ALL","","2005","8.17"
"TKM","","TOTAL","ALL","","2006","7.99"
"TKM","","TOTAL","ALL","","2007","8.4"
"TKM","","TOTAL","ALL","","2008","7.32"
"TKM","","TOTAL","ALL","","2009","7.88"
"TKM","","TOTAL","ALL","","2010","9.73"
"TKM","","TOTAL","ALL","","2011","10.36"
"TKM","","TOTAL","ALL","","2012","7.88"
"TKM","","TOTAL","ALL","","2013","7.7"
"TUR","","TOTAL","ALL","","2009","35.78"
"TUR","","TOTAL","ALL","","2010","36.6"
"TUR","","TOTAL","ALL","","2011","37.07"
"TUR","","TOTAL","ALL","","2012","37.7"
"TUR","","TOTAL","ALL","","2013","39.96"
"TUR","","TOTAL","ALL","","2014","39.19"
"TUR","","TOTAL","ALL","","2015","38.37"
"TUR","","TOTAL","ALL","","2016","38.22"
"TUR","","TOTAL","ALL","","2017","37.16"
"TUR","","TOTAL","ALL","","2018","36.01"
"TUR","","TOTAL","ALL","","2019","33.75"
"UKR","","TOTAL","ALL","","1981","30.66"
"UKR","","TOTAL","ALL","","1982","31.46"
"UKR","","TOTAL","ALL","","1985","34.18"
"UKR","","TOTAL","ALL","","1986","35.71"
"UKR","","TOTAL","ALL","","1987","37.45"
"UKR","","TOTAL","ALL","","1988","39.2"
"UKR","","TOTAL","ALL","","1989","40.28"
"UKR","","TOTAL","ALL","","1990","40.82"
"UKR","","TOTAL","ALL","","1991","40.91"
"UKR","","TOTAL","ALL","","1992","40.36"
"UKR","","TOTAL","ALL","","1993","39.47"
"UKR","","TOTAL","ALL","","1994","38.67"
"UKR","","TOTAL","ALL","","1995","37.76"
"UKR","","TOTAL","ALL","","1996","35.32"
"UKR","","TOTAL","ALL","","1997","34.48"
"UKR","","TOTAL","ALL","","1998","34.27"
"UKR","","TOTAL","ALL","","1999","33.46"
"UKR","","TOTAL","ALL","","2000","33.36"
"UKR","","TOTAL","ALL","","2001","31.71"
"UKR","","TOTAL","ALL","","2002","30.7"
"UKR","","TOTAL","ALL","","2003","29.51"
"UKR","","TOTAL","ALL","","2004","29.02"
"UKR","","TOTAL","ALL","","2005","28.14"
"UKR","","TOTAL","ALL","","2006","27.84"
"UKR","","TOTAL","ALL","","2007","26.86"
"UKR","","TOTAL","ALL","","2008","26.02"
"UKR","","TOTAL","ALL","","2009","25.74"
"UKR","","TOTAL","ALL","","2010","25.39"
"UKR","","TOTAL","ALL","","2011","25.58"
"UKR","","TOTAL","ALL","","2012","26.6"
"UKR","","TOTAL","ALL","","2014","24.58"
"UKR","","TOTAL","ALL","","2015","22.81"
"UKR","","TOTAL","ALL","","2017","21.86"
"UKR","","TOTAL","ALL","","2018","21.37"
"UKR","","TOTAL","ALL","","2019","21.55"
"UZB","","TOTAL","ALL","","1981","14.14"
"UZB","","TOTAL","ALL","","1982","15.19"
"UZB","","TOTAL","ALL","","1985","15.58"
"UZB","","TOTAL","ALL","","1986","17.4"
"UZB","","TOTAL","ALL","","1987","19.34"
"UZB","","TOTAL","ALL","","1988","16.83"
"UZB","","TOTAL","ALL","","1989","17.14"
"UZB","","TOTAL","ALL","","1990","16.67"
"UZB","","TOTAL","ALL","","1991","16.21"
"UZB","","TOTAL","ALL","","1992","15.03"
"UZB","","TOTAL","ALL","","1993","14.5"
"UZB","","TOTAL","ALL","","1994","12.43"
"UZB","","TOTAL","ALL","","1995","12.82"
"UZB","","TOTAL","ALL","","1996","11.85"
"UZB","","TOTAL","ALL","","1997","11.68"
"UZB","","TOTAL","ALL","","1998","11.02"
"UZB","","TOTAL","ALL","","1999","9.97"
"UZB","","TOTAL","ALL","","2000","9.7"
"UZB","","TOTAL","ALL","","2001","9.17"
"UZB","","TOTAL","ALL","","2002","9.71"
"UZB","","TOTAL","ALL","","2003","9.19"
"UZB","","TOTAL","ALL","","2004","7.9"
"UZB","","TOTAL","ALL","","2005","8.92"
"UZB","","TOTAL","ALL","","2009","7.3"
"UZB","","TOTAL","ALL","","2010","7.28"
"UZB","","TOTAL","ALL","","2011","8.18"
"UZB","","TOTAL","ALL","","2012","7.94"
"UZB","","TOTAL","ALL","","2013","8.45"
"UZB","","TOTAL","ALL","","2014","7.93"
"UZB","","TOTAL","ALL","","2015","8.12"
"UZB","","TOTAL","ALL","","2016","8.15"
"","WESTERN_BALKANS","TOTAL","ALL","","1998","37.69"
"","WESTERN_BALKANS","TOTAL","ALL","","1999","37.68"
"","WESTERN_BALKANS","TOTAL","ALL","","2000","38.89"
"","WESTERN_BALKANS","TOTAL","ALL","","2001","37.2"
"","WESTERN_BALKANS","TOTAL","ALL","","2002","38.71"
"","WESTERN_BALKANS","TOTAL","ALL","","2003","39.41"
"","WESTERN_BALKANS","TOTAL","ALL","","2004","39.57"
"","WESTERN_BALKANS","TOTAL","ALL","","2005","39.78"
"","WESTERN_BALKANS","TOTAL","ALL","","2006","40.95"
"","WESTERN_BALKANS","TOTAL","ALL","","2007","40.22"
"","WESTERN_BALKANS","TOTAL","ALL","","2008","41.39"
"","WESTERN_BALKANS","TOTAL","ALL","","2009","41.49"
"","WESTERN_BALKANS","TOTAL","ALL","","2011","39.9"
"","WESTERN_BALKANS","TOTAL","ALL","","2016","41.03"
"","WESTERN_BALKANS","TOTAL","ALL","","2017","39.46"
"","WESTERN_BALKANS","TOTAL","ALL","","2019","38.46"
"","WESTERN_BALKANS","TOTAL","ALL","","2021","34.77"
"","WHO_EURO","TOTAL","ALL","","1981","35.65"
"","WHO_EURO","TOTAL","ALL","","1982","36.11"
"","WHO_EURO","TOTAL","ALL","","1985","37.86"
"","WHO_EURO","TOTAL","ALL","","1986","38.41"
"","WHO_EURO","TOTAL","ALL","","1987","38.92"
"","WHO_EURO","TOTAL","ALL","","1988","39.56"
"","WHO_EURO","TOTAL","ALL","","1989","39.62"
"","WHO_EURO","TOTAL","ALL","","1990","39.69"
"","WHO_EURO","TOTAL","ALL","","1991","39.85"
"","WHO_EURO","TOTAL","ALL","","1992","39.73"
"","WHO_EURO","TOTAL","ALL","","1993","39.77"
"","WHO_EURO","TOTAL","ALL","","1994","39.18"
"","WHO_EURO","TOTAL","ALL","","1995","38.79"
"","WHO_EURO","TOTAL","ALL","","2000","36.52"
"","WHO_EURO","TOTAL","ALL","","2001","35.84"
"","WHO_EURO","TOTAL","ALL","","2002","35.61"
"","WHO_EURO","TOTAL","ALL","","2003","35.08"
"","WHO_EURO","TOTAL","ALL","","2004","34.79"
"","WHO_EURO","TOTAL","ALL","","2005","34.54"
"","WHO_EURO","TOTAL","ALL","","2006","34.22"
"","WHO_EURO","TOTAL","ALL","","2007","33.92"
"","WHO_EURO","TOTAL","ALL","","2008","33.72"
"","WHO_EURO","TOTAL","ALL","","2009","33.39"
"","WHO_EURO","TOTAL","ALL","","2010","33.13"
"","WHO_EURO","TOTAL","ALL","","2011","32.87"
"","WHO_EURO","TOTAL","ALL","","2012","32.56"
"","WHO_EURO","TOTAL","ALL","","2013","32.38"
"","WHO_EURO","TOTAL","ALL","","2014","32.08"
"","WHO_EURO","TOTAL","ALL","","2015","31.49"
"","WHO_EURO","TOTAL","ALL","","2016","31.04"
"","WHO_EURO","TOTAL","ALL","","2017","30.22"
"","WHO_EURO","TOTAL","ALL","","2018","29.57"
"","WHO_EURO","TOTAL","ALL","","2019","28.68"
"","WHO_EURO","TOTAL","ALL","","2020","28.27"

"Last update","2024.10.08 10:09:28 GMT"

"Copyright"
"© WHO Regional Office for Europe 2026. All rights reserved.","https://www.who.int/about/policies/publishing/copyright"
