"INDICATOR","HFAMDB_275"

"HFAMDB_275","Diseases of the circulatory system, per 100 000 population, by sex (age-standardized death rate)"

"UNIT_TYPE","Unit"
"DTH_100K","deaths per 100 000"

"EXTERNID","ID in the originating data source"

"DATA_SOURCE","Data source"
"HFAMDB","European mortality database (MDB)"

"DATA_TYPE_REPRESENTATION","Data type representation"
"RATE","Rate"

"DATA_SET","Data set"
"HFAMDB","European mortality database (MDB)"

"DATA_MASK","Mask for controlling the output format of values"

"AGE_GRP_LIST","Age group"
"TOTAL","Total"

"SEX","Sex"
"FEMALE","Female"
"MALE","Male"
"ALL","All"

"SUBNATIONAL_MDB","Subnational country codes for HFA-MDB"

"COUNTRY","COUNTRY_GRP","AGE_GRP_LIST","SEX","SUBNATIONAL_MDB","YEAR","VALUE"
"ALB","","TOTAL","FEMALE","","1987","370.82"
"ALB","","TOTAL","FEMALE","","1988","373.28"
"ALB","","TOTAL","FEMALE","","1989","364.66"
"ALB","","TOTAL","FEMALE","","1992","308.02"
"ALB","","TOTAL","FEMALE","","1993","275.04"
"ALB","","TOTAL","FEMALE","","1994","245.09"
"ALB","","TOTAL","FEMALE","","1995","314.68"
"ALB","","TOTAL","FEMALE","","1996","331.83"
"ALB","","TOTAL","FEMALE","","1997","294.46"
"ALB","","TOTAL","FEMALE","","1998","343.27"
"ALB","","TOTAL","FEMALE","","1999","316.35"
"ALB","","TOTAL","FEMALE","","2000","394.21"
"ALB","","TOTAL","FEMALE","","2001","297.8"
"ALB","","TOTAL","FEMALE","","2002","332.02"
"ALB","","TOTAL","FEMALE","","2003","369.12"
"ALB","","TOTAL","FEMALE","","2004","354.76"
"ALB","","TOTAL","FEMALE","","2005","332.81"
"ALB","","TOTAL","FEMALE","","2006","323.97"
"ALB","","TOTAL","FEMALE","","2007","274.31"
"ALB","","TOTAL","FEMALE","","2008","318.34"
"ALB","","TOTAL","FEMALE","","2009","312.29"
"ARM","","TOTAL","FEMALE","","1981","383.37"
"ARM","","TOTAL","FEMALE","","1982","434.69"
"ARM","","TOTAL","FEMALE","","1985","472.16"
"ARM","","TOTAL","FEMALE","","1986","459.9"
"ARM","","TOTAL","FEMALE","","1987","468.49"
"ARM","","TOTAL","FEMALE","","1988","466.42"
"ARM","","TOTAL","FEMALE","","1989","503.64"
"ARM","","TOTAL","FEMALE","","1990","489.43"
"ARM","","TOTAL","FEMALE","","1991","485.97"
"ARM","","TOTAL","FEMALE","","1992","526.1"
"ARM","","TOTAL","FEMALE","","1993","559.67"
"ARM","","TOTAL","FEMALE","","1994","479.43"
"ARM","","TOTAL","FEMALE","","1995","489.81"
"ARM","","TOTAL","FEMALE","","1996","482.7"
"ARM","","TOTAL","FEMALE","","1997","444.79"
"ARM","","TOTAL","FEMALE","","1998","414.28"
"ARM","","TOTAL","FEMALE","","1999","431"
"ARM","","TOTAL","FEMALE","","2000","396.33"
"ARM","","TOTAL","FEMALE","","2001","389.03"
"ARM","","TOTAL","FEMALE","","2002","537.06"
"ARM","","TOTAL","FEMALE","","2003","536.04"
"ARM","","TOTAL","FEMALE","","2008","463.12"
"ARM","","TOTAL","FEMALE","","2012","356.53"
"ARM","","TOTAL","FEMALE","","2013","343.92"
"ARM","","TOTAL","FEMALE","","2014","349.89"
"ARM","","TOTAL","FEMALE","","2015","332.21"
"ARM","","TOTAL","FEMALE","","2016","345.48"
"ARM","","TOTAL","FEMALE","","2017","380.15"
"ARM","","TOTAL","FEMALE","","2018","351.48"
"ARM","","TOTAL","FEMALE","","2019","342.06"
"ARM","","TOTAL","FEMALE","","2022","328.97"
"AUT","","TOTAL","FEMALE","","1969","483.01"
"AUT","","TOTAL","FEMALE","","1970","476.58"
"AUT","","TOTAL","FEMALE","","1971","484.36"
"AUT","","TOTAL","FEMALE","","1972","468.53"
"AUT","","TOTAL","FEMALE","","1973","444.37"
"AUT","","TOTAL","FEMALE","","1974","442.65"
"AUT","","TOTAL","FEMALE","","1975","453.95"
"AUT","","TOTAL","FEMALE","","1976","456.6"
"AUT","","TOTAL","FEMALE","","1977","437.1"
"AUT","","TOTAL","FEMALE","","1978","447.28"
"AUT","","TOTAL","FEMALE","","1979","420.93"
"AUT","","TOTAL","FEMALE","","1980","434.2"
"AUT","","TOTAL","FEMALE","","1981","422.38"
"AUT","","TOTAL","FEMALE","","1982","410.62"
"AUT","","TOTAL","FEMALE","","1983","420.88"
"AUT","","TOTAL","FEMALE","","1984","388.65"
"AUT","","TOTAL","FEMALE","","1985","391.44"
"AUT","","TOTAL","FEMALE","","1986","379.21"
"AUT","","TOTAL","FEMALE","","1987","357.62"
"AUT","","TOTAL","FEMALE","","1988","345.55"
"AUT","","TOTAL","FEMALE","","1989","334.19"
"AUT","","TOTAL","FEMALE","","1990","323.36"
"AUT","","TOTAL","FEMALE","","1991","333.98"
"AUT","","TOTAL","FEMALE","","1992","324.5"
"AUT","","TOTAL","FEMALE","","1993","320.69"
"AUT","","TOTAL","FEMALE","","1994","307.12"
"AUT","","TOTAL","FEMALE","","1995","305.26"
"AUT","","TOTAL","FEMALE","","1996","306.57"
"AUT","","TOTAL","FEMALE","","1997","291.35"
"AUT","","TOTAL","FEMALE","","1998","287.77"
"AUT","","TOTAL","FEMALE","","1999","285.32"
"AUT","","TOTAL","FEMALE","","2000","265.46"
"AUT","","TOTAL","FEMALE","","2001","252.73"
"AUT","","TOTAL","FEMALE","","2002","241.78"
"AUT","","TOTAL","FEMALE","","2003","232.66"
"AUT","","TOTAL","FEMALE","","2004","210.95"
"AUT","","TOTAL","FEMALE","","2005","204.15"
"AUT","","TOTAL","FEMALE","","2006","193.56"
"AUT","","TOTAL","FEMALE","","2007","186.33"
"AUT","","TOTAL","FEMALE","","2008","177.54"
"AUT","","TOTAL","FEMALE","","2009","177.48"
"AUT","","TOTAL","FEMALE","","2010","170.85"
"AUT","","TOTAL","FEMALE","","2011","161"
"AUT","","TOTAL","FEMALE","","2012","168.37"
"AUT","","TOTAL","FEMALE","","2013","164.67"
"AUT","","TOTAL","FEMALE","","2014","156.26"
"AUT","","TOTAL","FEMALE","","2015","164.8"
"AUT","","TOTAL","FEMALE","","2016","151.56"
"AUT","","TOTAL","FEMALE","","2017","150.13"
"AUT","","TOTAL","FEMALE","","2018","145.29"
"AUT","","TOTAL","FEMALE","","2019","140.12"
"AUT","","TOTAL","FEMALE","","2020","139.2"
"AUT","","TOTAL","FEMALE","","2021","133.17"
"AZE","","TOTAL","FEMALE","","1981","475.05"
"AZE","","TOTAL","FEMALE","","1982","478.26"
"AZE","","TOTAL","FEMALE","","1985","509.57"
"AZE","","TOTAL","FEMALE","","1986","498.65"
"AZE","","TOTAL","FEMALE","","1987","518.93"
"AZE","","TOTAL","FEMALE","","1988","543.71"
"AZE","","TOTAL","FEMALE","","1989","476.34"
"AZE","","TOTAL","FEMALE","","1990","462.74"
"AZE","","TOTAL","FEMALE","","1991","467.96"
"AZE","","TOTAL","FEMALE","","1992","510.92"
"AZE","","TOTAL","FEMALE","","1993","529.52"
"AZE","","TOTAL","FEMALE","","1994","511.39"
"AZE","","TOTAL","FEMALE","","1995","527.01"
"AZE","","TOTAL","FEMALE","","1996","503.86"
"AZE","","TOTAL","FEMALE","","1997","489.39"
"AZE","","TOTAL","FEMALE","","1998","489.01"
"AZE","","TOTAL","FEMALE","","1999","506.69"
"AZE","","TOTAL","FEMALE","","2000","564.52"
"AZE","","TOTAL","FEMALE","","2001","529.29"
"AZE","","TOTAL","FEMALE","","2002","541.18"
"AZE","","TOTAL","FEMALE","","2003","563.02"
"AZE","","TOTAL","FEMALE","","2004","552.92"
"AZE","","TOTAL","FEMALE","","2007","488.91"
"BEL","","TOTAL","FEMALE","","1968","446.67"
"BEL","","TOTAL","FEMALE","","1969","411.66"
"BEL","","TOTAL","FEMALE","","1970","404.33"
"BEL","","TOTAL","FEMALE","","1971","395.42"
"BEL","","TOTAL","FEMALE","","1972","378.16"
"BEL","","TOTAL","FEMALE","","1973","368.97"
"BEL","","TOTAL","FEMALE","","1974","367.71"
"BEL","","TOTAL","FEMALE","","1975","366.65"
"BEL","","TOTAL","FEMALE","","1976","350.58"
"BEL","","TOTAL","FEMALE","","1977","326.92"
"BEL","","TOTAL","FEMALE","","1978","331.72"
"BEL","","TOTAL","FEMALE","","1979","323.17"
"BEL","","TOTAL","FEMALE","","1980","330.7"
"BEL","","TOTAL","FEMALE","","1981","327.94"
"BEL","","TOTAL","FEMALE","","1982","322.94"
"BEL","","TOTAL","FEMALE","","1983","322.87"
"BEL","","TOTAL","FEMALE","","1984","298.44"
"BEL","","TOTAL","FEMALE","","1985","284.96"
"BEL","","TOTAL","FEMALE","","1986","273.9"
"BEL","","TOTAL","FEMALE","","1987","256.28"
"BEL","","TOTAL","FEMALE","","1988","244.45"
"BEL","","TOTAL","FEMALE","","1989","239.31"
"BEL","","TOTAL","FEMALE","","1990","227.44"
"BEL","","TOTAL","FEMALE","","1991","222.19"
"BEL","","TOTAL","FEMALE","","1992","212.54"
"BEL","","TOTAL","FEMALE","","1993","222.09"
"BEL","","TOTAL","FEMALE","","1994","211.71"
"BEL","","TOTAL","FEMALE","","1995","206.46"
"BEL","","TOTAL","FEMALE","","1996","202.04"
"BEL","","TOTAL","FEMALE","","1997","197.42"
"BEL","","TOTAL","FEMALE","","1998","192.8"
"BEL","","TOTAL","FEMALE","","1999","188.21"
"BEL","","TOTAL","FEMALE","","2000","188.85"
"BEL","","TOTAL","FEMALE","","2001","180.04"
"BEL","","TOTAL","FEMALE","","2002","182.29"
"BEL","","TOTAL","FEMALE","","2003","181.92"
"BEL","","TOTAL","FEMALE","","2004","168.72"
"BEL","","TOTAL","FEMALE","","2005","162.18"
"BEL","","TOTAL","FEMALE","","2006","148.96"
"BEL","","TOTAL","FEMALE","","2007","144.79"
"BEL","","TOTAL","FEMALE","","2008","139.03"
"BEL","","TOTAL","FEMALE","","2009","132.06"
"BEL","","TOTAL","FEMALE","","2010","129.57"
"BEL","","TOTAL","FEMALE","","2011","121.28"
"BEL","","TOTAL","FEMALE","","2012","118.74"
"BEL","","TOTAL","FEMALE","","2013","114.26"
"BEL","","TOTAL","FEMALE","","2014","107.97"
"BEL","","TOTAL","FEMALE","","2015","111.07"
"BEL","","TOTAL","FEMALE","","2016","103.33"
"BEL","","TOTAL","FEMALE","","2017","100.54"
"BEL","","TOTAL","FEMALE","","2018","96.14"
"BEL","","TOTAL","FEMALE","","2019","89.63"
"BEL","","TOTAL","FEMALE","","2020","84.7"
"BGR","","TOTAL","FEMALE","","1968","510.18"
"BGR","","TOTAL","FEMALE","","1969","549.61"
"BGR","","TOTAL","FEMALE","","1970","536.41"
"BGR","","TOTAL","FEMALE","","1971","551.79"
"BGR","","TOTAL","FEMALE","","1972","571.65"
"BGR","","TOTAL","FEMALE","","1973","557.67"
"BGR","","TOTAL","FEMALE","","1974","574.95"
"BGR","","TOTAL","FEMALE","","1975","565.83"
"BGR","","TOTAL","FEMALE","","1976","554.12"
"BGR","","TOTAL","FEMALE","","1977","584.22"
"BGR","","TOTAL","FEMALE","","1978","577.8"
"BGR","","TOTAL","FEMALE","","1979","577.13"
"BGR","","TOTAL","FEMALE","","1980","567.68"
"BGR","","TOTAL","FEMALE","","1981","558.34"
"BGR","","TOTAL","FEMALE","","1982","580.47"
"BGR","","TOTAL","FEMALE","","1983","575.17"
"BGR","","TOTAL","FEMALE","","1984","576.49"
"BGR","","TOTAL","FEMALE","","1985","636.09"
"BGR","","TOTAL","FEMALE","","1986","639.7"
"BGR","","TOTAL","FEMALE","","1987","612.97"
"BGR","","TOTAL","FEMALE","","1988","601.37"
"BGR","","TOTAL","FEMALE","","1989","595.24"
"BGR","","TOTAL","FEMALE","","1990","586.38"
"BGR","","TOTAL","FEMALE","","1991","597.02"
"BGR","","TOTAL","FEMALE","","1992","569.2"
"BGR","","TOTAL","FEMALE","","1993","582.26"
"BGR","","TOTAL","FEMALE","","1994","586.47"
"BGR","","TOTAL","FEMALE","","1995","601.05"
"BGR","","TOTAL","FEMALE","","1996","628.41"
"BGR","","TOTAL","FEMALE","","1997","683.24"
"BGR","","TOTAL","FEMALE","","1998","681.38"
"BGR","","TOTAL","FEMALE","","1999","607.48"
"BGR","","TOTAL","FEMALE","","2000","620.19"
"BGR","","TOTAL","FEMALE","","2001","591.2"
"BGR","","TOTAL","FEMALE","","2002","600.7"
"BGR","","TOTAL","FEMALE","","2003","586.99"
"BGR","","TOTAL","FEMALE","","2004","559.95"
"BGR","","TOTAL","FEMALE","","2005","551.35"
"BGR","","TOTAL","FEMALE","","2006","540.76"
"BGR","","TOTAL","FEMALE","","2007","526.03"
"BGR","","TOTAL","FEMALE","","2008","499.56"
"BGR","","TOTAL","FEMALE","","2009","492.04"
"BGR","","TOTAL","FEMALE","","2010","503.67"
"BGR","","TOTAL","FEMALE","","2011","481.27"
"BGR","","TOTAL","FEMALE","","2012","469.11"
"BGR","","TOTAL","FEMALE","","2013","432.76"
"BGR","","TOTAL","FEMALE","","2014","455.12"
"BGR","","TOTAL","FEMALE","","2015","449.91"
"BGR","","TOTAL","FEMALE","","2016","435.28"
"BGR","","TOTAL","FEMALE","","2017","441.84"
"BGR","","TOTAL","FEMALE","","2018","424.57"
"BGR","","TOTAL","FEMALE","","2019","410.27"
"BGR","","TOTAL","FEMALE","","2020","436.51"
"BGR","","TOTAL","FEMALE","","2021","476.55"
"BIH","","TOTAL","FEMALE","","1985","437.81"
"BIH","","TOTAL","FEMALE","","1986","422.14"
"BIH","","TOTAL","FEMALE","","1987","479.61"
"BIH","","TOTAL","FEMALE","","1988","497.49"
"BIH","","TOTAL","FEMALE","","1989","528.32"
"BIH","","TOTAL","FEMALE","","1990","490.3"
"BIH","","TOTAL","FEMALE","","1991","488.56"
"BIH","","TOTAL","FEMALE","","2011","385.39"
"BIH","","TOTAL","FEMALE","","2014","335.21"
"BIH","","TOTAL","FEMALE","","2016","392.54"
"BIH","","TOTAL","FEMALE","","2021","263.44"
"BIH","","TOTAL","FEMALE","","2022","262.14"
"BLR","","TOTAL","FEMALE","","1981","482.77"
"BLR","","TOTAL","FEMALE","","1982","487.82"
"BLR","","TOTAL","FEMALE","","1985","560.48"
"BLR","","TOTAL","FEMALE","","1986","513.84"
"BLR","","TOTAL","FEMALE","","1987","521.86"
"BLR","","TOTAL","FEMALE","","1988","519.83"
"BLR","","TOTAL","FEMALE","","1989","475.33"
"BLR","","TOTAL","FEMALE","","1990","447.39"
"BLR","","TOTAL","FEMALE","","1991","433.32"
"BLR","","TOTAL","FEMALE","","1992","428.16"
"BLR","","TOTAL","FEMALE","","1993","480.04"
"BLR","","TOTAL","FEMALE","","1994","479.43"
"BLR","","TOTAL","FEMALE","","1995","476.3"
"BLR","","TOTAL","FEMALE","","1996","608.06"
"BLR","","TOTAL","FEMALE","","1997","487.44"
"BLR","","TOTAL","FEMALE","","1998","499.93"
"BLR","","TOTAL","FEMALE","","1999","538.29"
"BLR","","TOTAL","FEMALE","","2000","509.59"
"BLR","","TOTAL","FEMALE","","2001","532.47"
"BLR","","TOTAL","FEMALE","","2002","531.54"
"BLR","","TOTAL","FEMALE","","2003","514.34"
"BLR","","TOTAL","FEMALE","","2004","494.99"
"BLR","","TOTAL","FEMALE","","2005","508.46"
"BLR","","TOTAL","FEMALE","","2007","427.37"
"BLR","","TOTAL","FEMALE","","2008","417.02"
"BLR","","TOTAL","FEMALE","","2009","427.56"
"BLR","","TOTAL","FEMALE","","2010","425.86"
"BLR","","TOTAL","FEMALE","","2011","394.03"
"BLR","","TOTAL","FEMALE","","2013","366.65"
"BLR","","TOTAL","FEMALE","","2014","368.81"
"BLR","","TOTAL","FEMALE","","2018","353.68"
"","CARINFONET","TOTAL","FEMALE","","1981","483.9"
"","CARINFONET","TOTAL","FEMALE","","1982","492.19"
"","CARINFONET","TOTAL","FEMALE","","1985","517.69"
"","CARINFONET","TOTAL","FEMALE","","1986","499.38"
"","CARINFONET","TOTAL","FEMALE","","1987","505.6"
"","CARINFONET","TOTAL","FEMALE","","1988","529.45"
"","CARINFONET","TOTAL","FEMALE","","1989","518.83"
"","CARINFONET","TOTAL","FEMALE","","1990","501.87"
"","CARINFONET","TOTAL","FEMALE","","1991","533.9"
"","CARINFONET","TOTAL","FEMALE","","1992","555.82"
"","CARINFONET","TOTAL","FEMALE","","1993","622.91"
"","CARINFONET","TOTAL","FEMALE","","1994","684.38"
"","CARINFONET","TOTAL","FEMALE","","1995","658.81"
"","CARINFONET","TOTAL","FEMALE","","1996","659.43"
"","CARINFONET","TOTAL","FEMALE","","1997","628.45"
"","CARINFONET","TOTAL","FEMALE","","1998","650.46"
"","CARINFONET","TOTAL","FEMALE","","1999","625.96"
"","CARINFONET","TOTAL","FEMALE","","2000","641.5"
"","CARINFONET","TOTAL","FEMALE","","2001","638.86"
"","CARINFONET","TOTAL","FEMALE","","2002","665.55"
"","CARINFONET","TOTAL","FEMALE","","2003","656.1"
"","CARINFONET","TOTAL","FEMALE","","2004","617.65"
"","CARINFONET","TOTAL","FEMALE","","2005","646.55"
"","CARINFONET","TOTAL","FEMALE","","2006","627.93"
"","CARINFONET","TOTAL","FEMALE","","2007","611.05"
"","CARINFONET","TOTAL","FEMALE","","2008","587.85"
"","CARINFONET","TOTAL","FEMALE","","2009","544.82"
"","CARINFONET","TOTAL","FEMALE","","2010","548.68"
"","CARINFONET","TOTAL","FEMALE","","2011","515.52"
"","CARINFONET","TOTAL","FEMALE","","2012","486.02"
"","CARINFONET","TOTAL","FEMALE","","2013","474.64"
"","CARINFONET","TOTAL","FEMALE","","2014","461.04"
"","CARINFONET","TOTAL","FEMALE","","2015","443.72"
"","CARINFONET","TOTAL","FEMALE","","2016","431.11"
"CHE","","TOTAL","FEMALE","","1969","397.87"
"CHE","","TOTAL","FEMALE","","1970","389.59"
"CHE","","TOTAL","FEMALE","","1971","381.9"
"CHE","","TOTAL","FEMALE","","1972","359.31"
"CHE","","TOTAL","FEMALE","","1973","351.91"
"CHE","","TOTAL","FEMALE","","1974","334.15"
"CHE","","TOTAL","FEMALE","","1975","334.24"
"CHE","","TOTAL","FEMALE","","1976","337.92"
"CHE","","TOTAL","FEMALE","","1977","321.85"
"CHE","","TOTAL","FEMALE","","1978","321.73"
"CHE","","TOTAL","FEMALE","","1979","311.07"
"CHE","","TOTAL","FEMALE","","1980","308.32"
"CHE","","TOTAL","FEMALE","","1981","297.27"
"CHE","","TOTAL","FEMALE","","1982","289.28"
"CHE","","TOTAL","FEMALE","","1983","274.66"
"CHE","","TOTAL","FEMALE","","1984","260.72"
"CHE","","TOTAL","FEMALE","","1985","247.65"
"CHE","","TOTAL","FEMALE","","1986","242.77"
"CHE","","TOTAL","FEMALE","","1987","228.79"
"CHE","","TOTAL","FEMALE","","1988","231.27"
"CHE","","TOTAL","FEMALE","","1989","222.42"
"CHE","","TOTAL","FEMALE","","1990","224.72"
"CHE","","TOTAL","FEMALE","","1991","214.67"
"CHE","","TOTAL","FEMALE","","1992","207.9"
"CHE","","TOTAL","FEMALE","","1993","202.94"
"CHE","","TOTAL","FEMALE","","1994","197.96"
"CHE","","TOTAL","FEMALE","","1995","187.04"
"CHE","","TOTAL","FEMALE","","1996","183.49"
"CHE","","TOTAL","FEMALE","","1997","182.74"
"CHE","","TOTAL","FEMALE","","1998","173.44"
"CHE","","TOTAL","FEMALE","","1999","174.98"
"CHE","","TOTAL","FEMALE","","2000","167.46"
"CHE","","TOTAL","FEMALE","","2001","158.45"
"CHE","","TOTAL","FEMALE","","2002","152.47"
"CHE","","TOTAL","FEMALE","","2003","151.82"
"CHE","","TOTAL","FEMALE","","2004","141.08"
"CHE","","TOTAL","FEMALE","","2005","137.29"
"CHE","","TOTAL","FEMALE","","2006","130.95"
"CHE","","TOTAL","FEMALE","","2007","129.23"
"CHE","","TOTAL","FEMALE","","2008","125.96"
"CHE","","TOTAL","FEMALE","","2009","122.36"
"CHE","","TOTAL","FEMALE","","2010","115.87"
"CHE","","TOTAL","FEMALE","","2011","110.42"
"CHE","","TOTAL","FEMALE","","2012","111.81"
"CHE","","TOTAL","FEMALE","","2013","108.66"
"CHE","","TOTAL","FEMALE","","2015","103.72"
"CHE","","TOTAL","FEMALE","","2016","98.09"
"CHE","","TOTAL","FEMALE","","2017","96.05"
"CHE","","TOTAL","FEMALE","","2018","92.22"
"CHE","","TOTAL","FEMALE","","2019","87.44"
"","CIS","TOTAL","FEMALE","","1981","574.59"
"","CIS","TOTAL","FEMALE","","1982","563.52"
"","CIS","TOTAL","FEMALE","","1985","613.5"
"","CIS","TOTAL","FEMALE","","1986","568.16"
"","CIS","TOTAL","FEMALE","","1987","574.18"
"","CIS","TOTAL","FEMALE","","1988","579.09"
"","CIS","TOTAL","FEMALE","","1989","545.28"
"","CIS","TOTAL","FEMALE","","1990","530.49"
"","CIS","TOTAL","FEMALE","","1991","531.51"
"","CIS","TOTAL","FEMALE","","1992","541.01"
"","CIS","TOTAL","FEMALE","","1993","613.34"
"","CIS","TOTAL","FEMALE","","1994","649.3"
"","CIS","TOTAL","FEMALE","","1995","629.42"
"","CIS","TOTAL","FEMALE","","1996","619.1"
"","CIS","TOTAL","FEMALE","","1997","603.24"
"","CIS","TOTAL","FEMALE","","1998","597.49"
"","CIS","TOTAL","FEMALE","","1999","617.71"
"","CIS","TOTAL","FEMALE","","2000","626.93"
"","CIS","TOTAL","FEMALE","","2001","625.84"
"","CIS","TOTAL","FEMALE","","2002","644.87"
"","CIS","TOTAL","FEMALE","","2003","658.53"
"","CIS","TOTAL","FEMALE","","2004","627.72"
"","CIS","TOTAL","FEMALE","","2005","635.78"
"","CIS","TOTAL","FEMALE","","2006","607.63"
"","CIS","TOTAL","FEMALE","","2007","580.49"
"","CIS","TOTAL","FEMALE","","2008","566.55"
"","CIS","TOTAL","FEMALE","","2009","535.58"
"","CIS","TOTAL","FEMALE","","2010","532.27"
"","CIS","TOTAL","FEMALE","","2011","491.15"
"","CIS","TOTAL","FEMALE","","2012","470.18"
"","CIS","TOTAL","FEMALE","","2013","450.43"
"","CIS","TOTAL","FEMALE","","2014","433.09"
"","CIS","TOTAL","FEMALE","","2015","409.91"
"CYP","","TOTAL","FEMALE","","2004","183.23"
"CYP","","TOTAL","FEMALE","","2005","198.21"
"CYP","","TOTAL","FEMALE","","2006","184.04"
"CYP","","TOTAL","FEMALE","","2007","171.44"
"CYP","","TOTAL","FEMALE","","2008","167.23"
"CYP","","TOTAL","FEMALE","","2009","149.17"
"CYP","","TOTAL","FEMALE","","2010","146.26"
"CYP","","TOTAL","FEMALE","","2011","168.7"
"CYP","","TOTAL","FEMALE","","2012","155.16"
"CYP","","TOTAL","FEMALE","","2013","126.89"
"CYP","","TOTAL","FEMALE","","2014","135.28"
"CYP","","TOTAL","FEMALE","","2015","148.05"
"CYP","","TOTAL","FEMALE","","2016","119.07"
"CYP","","TOTAL","FEMALE","","2017","124.95"
"CYP","","TOTAL","FEMALE","","2018","108.09"
"CYP","","TOTAL","FEMALE","","2019","99.5"
"CYP","","TOTAL","FEMALE","","2020","111.12"
"CYP","","TOTAL","FEMALE","","2021","104.01"
"CZE","","TOTAL","FEMALE","","1986","549.19"
"CZE","","TOTAL","FEMALE","","1987","529.66"
"CZE","","TOTAL","FEMALE","","1988","509.23"
"CZE","","TOTAL","FEMALE","","1989","523.44"
"CZE","","TOTAL","FEMALE","","1990","512.55"
"CZE","","TOTAL","FEMALE","","1991","492.19"
"CZE","","TOTAL","FEMALE","","1992","468.61"
"CZE","","TOTAL","FEMALE","","1993","468"
"CZE","","TOTAL","FEMALE","","1994","456.86"
"CZE","","TOTAL","FEMALE","","1995","454.88"
"CZE","","TOTAL","FEMALE","","1996","430.64"
"CZE","","TOTAL","FEMALE","","1997","428.26"
"CZE","","TOTAL","FEMALE","","1998","407.41"
"CZE","","TOTAL","FEMALE","","1999","401.45"
"CZE","","TOTAL","FEMALE","","2000","378.98"
"CZE","","TOTAL","FEMALE","","2001","379.17"
"CZE","","TOTAL","FEMALE","","2002","379.49"
"CZE","","TOTAL","FEMALE","","2003","384.4"
"CZE","","TOTAL","FEMALE","","2004","356.93"
"CZE","","TOTAL","FEMALE","","2005","351.08"
"CZE","","TOTAL","FEMALE","","2006","318.18"
"CZE","","TOTAL","FEMALE","","2007","306.82"
"CZE","","TOTAL","FEMALE","","2008","292.28"
"CZE","","TOTAL","FEMALE","","2009","296.18"
"CZE","","TOTAL","FEMALE","","2010","282.38"
"CZE","","TOTAL","FEMALE","","2011","268.14"
"CZE","","TOTAL","FEMALE","","2012","264.03"
"CZE","","TOTAL","FEMALE","","2013","250.96"
"CZE","","TOTAL","FEMALE","","2014","228.1"
"CZE","","TOTAL","FEMALE","","2015","234.92"
"CZE","","TOTAL","FEMALE","","2016","212.78"
"CZE","","TOTAL","FEMALE","","2017","217.99"
"CZE","","TOTAL","FEMALE","","2018","208.35"
"CZE","","TOTAL","FEMALE","","2019","199.22"
"CZE","","TOTAL","FEMALE","","2020","206.99"
"CZE","","TOTAL","FEMALE","","2021","196.72"
"DEU","","TOTAL","FEMALE","","1990","326.93"
"DEU","","TOTAL","FEMALE","","1991","316.51"
"DEU","","TOTAL","FEMALE","","1992","299.71"
"DEU","","TOTAL","FEMALE","","1993","297.08"
"DEU","","TOTAL","FEMALE","","1994","286.05"
"DEU","","TOTAL","FEMALE","","1995","277.71"
"DEU","","TOTAL","FEMALE","","1996","272.01"
"DEU","","TOTAL","FEMALE","","1997","262.76"
"DEU","","TOTAL","FEMALE","","1998","258.09"
"DEU","","TOTAL","FEMALE","","1999","250.31"
"DEU","","TOTAL","FEMALE","","2000","239.26"
"DEU","","TOTAL","FEMALE","","2001","234.43"
"DEU","","TOTAL","FEMALE","","2002","236.58"
"DEU","","TOTAL","FEMALE","","2003","238.76"
"DEU","","TOTAL","FEMALE","","2004","218.6"
"DEU","","TOTAL","FEMALE","","2005","211.18"
"DEU","","TOTAL","FEMALE","","2006","198.49"
"DEU","","TOTAL","FEMALE","","2007","191.54"
"DEU","","TOTAL","FEMALE","","2008","186.38"
"DEU","","TOTAL","FEMALE","","2009","180.17"
"DEU","","TOTAL","FEMALE","","2010","173.15"
"DEU","","TOTAL","FEMALE","","2011","163.94"
"DEU","","TOTAL","FEMALE","","2012","162.4"
"DEU","","TOTAL","FEMALE","","2013","165.19"
"DEU","","TOTAL","FEMALE","","2014","153.38"
"DEU","","TOTAL","FEMALE","","2015","156.91"
"DEU","","TOTAL","FEMALE","","2016","145.23"
"DEU","","TOTAL","FEMALE","","2017","144.65"
"DEU","","TOTAL","FEMALE","","2018","143.84"
"DEU","","TOTAL","FEMALE","","2019","134.01"
"DEU","","TOTAL","FEMALE","","2020","132.26"
"DNK","","TOTAL","FEMALE","","1969","389.62"
"DNK","","TOTAL","FEMALE","","1970","383.35"
"DNK","","TOTAL","FEMALE","","1971","374.7"
"DNK","","TOTAL","FEMALE","","1972","379.05"
"DNK","","TOTAL","FEMALE","","1973","373.15"
"DNK","","TOTAL","FEMALE","","1974","359.05"
"DNK","","TOTAL","FEMALE","","1975","350.3"
"DNK","","TOTAL","FEMALE","","1976","352"
"DNK","","TOTAL","FEMALE","","1977","311.42"
"DNK","","TOTAL","FEMALE","","1978","321.96"
"DNK","","TOTAL","FEMALE","","1979","318.32"
"DNK","","TOTAL","FEMALE","","1980","315.92"
"DNK","","TOTAL","FEMALE","","1981","310.92"
"DNK","","TOTAL","FEMALE","","1982","300.85"
"DNK","","TOTAL","FEMALE","","1983","298.79"
"DNK","","TOTAL","FEMALE","","1984","293.45"
"DNK","","TOTAL","FEMALE","","1985","292.64"
"DNK","","TOTAL","FEMALE","","1986","289.79"
"DNK","","TOTAL","FEMALE","","1987","281.69"
"DNK","","TOTAL","FEMALE","","1988","279.15"
"DNK","","TOTAL","FEMALE","","1989","270.96"
"DNK","","TOTAL","FEMALE","","1990","280.31"
"DNK","","TOTAL","FEMALE","","1991","266.58"
"DNK","","TOTAL","FEMALE","","1992","263.09"
"DNK","","TOTAL","FEMALE","","1993","270.7"
"DNK","","TOTAL","FEMALE","","1994","242.17"
"DNK","","TOTAL","FEMALE","","1995","247.04"
"DNK","","TOTAL","FEMALE","","1996","220.37"
"DNK","","TOTAL","FEMALE","","1997","211.08"
"DNK","","TOTAL","FEMALE","","1998","202.54"
"DNK","","TOTAL","FEMALE","","1999","210.37"
"DNK","","TOTAL","FEMALE","","2000","196.39"
"DNK","","TOTAL","FEMALE","","2001","195"
"DNK","","TOTAL","FEMALE","","2002","192.56"
"DNK","","TOTAL","FEMALE","","2003","183.92"
"DNK","","TOTAL","FEMALE","","2004","171.05"
"DNK","","TOTAL","FEMALE","","2005","160.07"
"DNK","","TOTAL","FEMALE","","2006","154.39"
"DNK","","TOTAL","FEMALE","","2007","142.31"
"DNK","","TOTAL","FEMALE","","2008","131.23"
"DNK","","TOTAL","FEMALE","","2009","127.36"
"DNK","","TOTAL","FEMALE","","2010","122.96"
"DNK","","TOTAL","FEMALE","","2011","110.82"
"DNK","","TOTAL","FEMALE","","2012","107.6"
"DNK","","TOTAL","FEMALE","","2013","101.41"
"DNK","","TOTAL","FEMALE","","2014","95.21"
"DNK","","TOTAL","FEMALE","","2015","97.87"
"DNK","","TOTAL","FEMALE","","2016","95.46"
"DNK","","TOTAL","FEMALE","","2017","90.89"
"DNK","","TOTAL","FEMALE","","2018","87.19"
"DNK","","TOTAL","FEMALE","","2019","80.8"
"DNK","","TOTAL","FEMALE","","2020","77.49"
"DNK","","TOTAL","FEMALE","","2021","76.89"
"ESP","","TOTAL","FEMALE","","1968","414.92"
"ESP","","TOTAL","FEMALE","","1969","434.16"
"ESP","","TOTAL","FEMALE","","1971","403.85"
"ESP","","TOTAL","FEMALE","","1972","379.04"
"ESP","","TOTAL","FEMALE","","1973","390.29"
"ESP","","TOTAL","FEMALE","","1974","380.85"
"ESP","","TOTAL","FEMALE","","1975","380.54"
"ESP","","TOTAL","FEMALE","","1976","374.6"
"ESP","","TOTAL","FEMALE","","1977","359.5"
"ESP","","TOTAL","FEMALE","","1978","355.56"
"ESP","","TOTAL","FEMALE","","1979","351.75"
"ESP","","TOTAL","FEMALE","","1980","325.72"
"ESP","","TOTAL","FEMALE","","1981","321.44"
"ESP","","TOTAL","FEMALE","","1982","301.94"
"ESP","","TOTAL","FEMALE","","1983","308.83"
"ESP","","TOTAL","FEMALE","","1984","287.95"
"ESP","","TOTAL","FEMALE","","1985","292.99"
"ESP","","TOTAL","FEMALE","","1986","278.58"
"ESP","","TOTAL","FEMALE","","1987","260.2"
"ESP","","TOTAL","FEMALE","","1988","258.11"
"ESP","","TOTAL","FEMALE","","1989","250.58"
"ESP","","TOTAL","FEMALE","","1990","246.12"
"ESP","","TOTAL","FEMALE","","1991","241.64"
"ESP","","TOTAL","FEMALE","","1992","221.8"
"ESP","","TOTAL","FEMALE","","1993","218.11"
"ESP","","TOTAL","FEMALE","","1994","206.41"
"ESP","","TOTAL","FEMALE","","1995","200.98"
"ESP","","TOTAL","FEMALE","","1996","198.11"
"ESP","","TOTAL","FEMALE","","1997","188.91"
"ESP","","TOTAL","FEMALE","","1998","187.85"
"ESP","","TOTAL","FEMALE","","1999","177.65"
"ESP","","TOTAL","FEMALE","","2000","161.72"
"ESP","","TOTAL","FEMALE","","2001","156.04"
"ESP","","TOTAL","FEMALE","","2002","152.93"
"ESP","","TOTAL","FEMALE","","2003","153.2"
"ESP","","TOTAL","FEMALE","","2004","140.9"
"ESP","","TOTAL","FEMALE","","2005","139.72"
"ESP","","TOTAL","FEMALE","","2006","127.64"
"ESP","","TOTAL","FEMALE","","2007","126.84"
"ESP","","TOTAL","FEMALE","","2008","122.43"
"ESP","","TOTAL","FEMALE","","2009","115.06"
"ESP","","TOTAL","FEMALE","","2010","110.37"
"ESP","","TOTAL","FEMALE","","2011","106.53"
"ESP","","TOTAL","FEMALE","","2012","104.7"
"ESP","","TOTAL","FEMALE","","2013","97.32"
"ESP","","TOTAL","FEMALE","","2014","94.54"
"ESP","","TOTAL","FEMALE","","2015","97.24"
"ESP","","TOTAL","FEMALE","","2016","90.71"
"ESP","","TOTAL","FEMALE","","2017","91.22"
"ESP","","TOTAL","FEMALE","","2018","87.71"
"ESP","","TOTAL","FEMALE","","2019","82.41"
"ESP","","TOTAL","FEMALE","","2020","83.69"
"ESP","","TOTAL","FEMALE","","2021","81.83"
"EST","","TOTAL","FEMALE","","1981","610.38"
"EST","","TOTAL","FEMALE","","1982","604.61"
"EST","","TOTAL","FEMALE","","1985","647.93"
"EST","","TOTAL","FEMALE","","1986","593.36"
"EST","","TOTAL","FEMALE","","1987","598.36"
"EST","","TOTAL","FEMALE","","1988","595.6"
"EST","","TOTAL","FEMALE","","1989","560.64"
"EST","","TOTAL","FEMALE","","1990","557.63"
"EST","","TOTAL","FEMALE","","1991","538.74"
"EST","","TOTAL","FEMALE","","1992","539.56"
"EST","","TOTAL","FEMALE","","1993","566.7"
"EST","","TOTAL","FEMALE","","1994","570.63"
"EST","","TOTAL","FEMALE","","1995","529.4"
"EST","","TOTAL","FEMALE","","1996","489.96"
"EST","","TOTAL","FEMALE","","1997","466.81"
"EST","","TOTAL","FEMALE","","1998","490.26"
"EST","","TOTAL","FEMALE","","1999","450.01"
"EST","","TOTAL","FEMALE","","2000","440.38"
"EST","","TOTAL","FEMALE","","2001","425.04"
"EST","","TOTAL","FEMALE","","2002","427.77"
"EST","","TOTAL","FEMALE","","2003","421.02"
"EST","","TOTAL","FEMALE","","2004","388.14"
"EST","","TOTAL","FEMALE","","2005","373.58"
"EST","","TOTAL","FEMALE","","2006","357.41"
"EST","","TOTAL","FEMALE","","2007","341.2"
"EST","","TOTAL","FEMALE","","2008","335.51"
"EST","","TOTAL","FEMALE","","2009","318.63"
"EST","","TOTAL","FEMALE","","2010","309.17"
"EST","","TOTAL","FEMALE","","2011","277.53"
"EST","","TOTAL","FEMALE","","2012","269.25"
"EST","","TOTAL","FEMALE","","2013","272.52"
"EST","","TOTAL","FEMALE","","2014","256.44"
"EST","","TOTAL","FEMALE","","2015","246.49"
"EST","","TOTAL","FEMALE","","2016","235.82"
"","EU_AFTER_MAY2004","TOTAL","FEMALE","","1981","526.26"
"","EU_AFTER_MAY2004","TOTAL","FEMALE","","1982","528.27"
"","EU_AFTER_MAY2004","TOTAL","FEMALE","","1985","564.21"
"","EU_AFTER_MAY2004","TOTAL","FEMALE","","1986","544.82"
"","EU_AFTER_MAY2004","TOTAL","FEMALE","","1987","548.67"
"","EU_AFTER_MAY2004","TOTAL","FEMALE","","1988","530.82"
"","EU_AFTER_MAY2004","TOTAL","FEMALE","","1989","524.15"
"","EU_AFTER_MAY2004","TOTAL","FEMALE","","1990","519.32"
"","EU_AFTER_MAY2004","TOTAL","FEMALE","","1991","522.63"
"","EU_AFTER_MAY2004","TOTAL","FEMALE","","1992","509.04"
"","EU_AFTER_MAY2004","TOTAL","FEMALE","","1993","510.28"
"","EU_AFTER_MAY2004","TOTAL","FEMALE","","1994","499.83"
"","EU_AFTER_MAY2004","TOTAL","FEMALE","","1995","493.45"
"","EU_AFTER_MAY2004","TOTAL","FEMALE","","1996","499.23"
"","EU_AFTER_MAY2004","TOTAL","FEMALE","","1997","486.75"
"","EU_AFTER_MAY2004","TOTAL","FEMALE","","1998","478.44"
"","EU_AFTER_MAY2004","TOTAL","FEMALE","","1999","464.68"
"","EU_AFTER_MAY2004","TOTAL","FEMALE","","2000","442.88"
"","EU_AFTER_MAY2004","TOTAL","FEMALE","","2001","429.21"
"","EU_AFTER_MAY2004","TOTAL","FEMALE","","2002","427.78"
"","EU_AFTER_MAY2004","TOTAL","FEMALE","","2003","426.68"
"","EU_AFTER_MAY2004","TOTAL","FEMALE","","2004","403.13"
"","EU_AFTER_MAY2004","TOTAL","FEMALE","","2005","399.8"
"","EU_AFTER_MAY2004","TOTAL","FEMALE","","2006","380.51"
"","EU_AFTER_MAY2004","TOTAL","FEMALE","","2007","365.6"
"","EU_AFTER_MAY2004","TOTAL","FEMALE","","2008","349.7"
"","EU_AFTER_MAY2004","TOTAL","FEMALE","","2009","344.04"
"","EU_AFTER_MAY2004","TOTAL","FEMALE","","2010","334.89"
"","EU_AFTER_MAY2004","TOTAL","FEMALE","","2011","317"
"","EU_AFTER_MAY2004","TOTAL","FEMALE","","2012","310.82"
"","EU_AFTER_MAY2004","TOTAL","FEMALE","","2013","296.63"
"","EU_AFTER_MAY2004","TOTAL","FEMALE","","2014","285.28"
"","EU_AFTER_MAY2004","TOTAL","FEMALE","","2015","288.76"
"","EU_AFTER_MAY2004","TOTAL","FEMALE","","2016","269.6"
"","EU_AFTER_MAY2004","TOTAL","FEMALE","","2017","268.7"
"","EU_AFTER_MAY2004","TOTAL","FEMALE","","2018","259.62"
"","EU_AFTER_MAY2004","TOTAL","FEMALE","","2019","247.51"
"","EU_AFTER_MAY2004","TOTAL","FEMALE","","2020","255.02"
"","EU_AFTER_MAY2004","TOTAL","FEMALE","","2021","262.19"
"","EU_BEFORE_FEB2020","TOTAL","FEMALE","","1969","419.15"
"","EU_BEFORE_FEB2020","TOTAL","FEMALE","","1970","410.31"
"","EU_BEFORE_FEB2020","TOTAL","FEMALE","","1971","406.53"
"","EU_BEFORE_FEB2020","TOTAL","FEMALE","","1972","401.96"
"","EU_BEFORE_FEB2020","TOTAL","FEMALE","","1973","405.82"
"","EU_BEFORE_FEB2020","TOTAL","FEMALE","","1974","395.67"
"","EU_BEFORE_FEB2020","TOTAL","FEMALE","","1975","394.07"
"","EU_BEFORE_FEB2020","TOTAL","FEMALE","","1976","393.34"
"","EU_BEFORE_FEB2020","TOTAL","FEMALE","","1977","388.44"
"","EU_BEFORE_FEB2020","TOTAL","FEMALE","","1978","382.72"
"","EU_BEFORE_FEB2020","TOTAL","FEMALE","","1979","379.38"
"","EU_BEFORE_FEB2020","TOTAL","FEMALE","","1980","379.88"
"","EU_BEFORE_FEB2020","TOTAL","FEMALE","","1981","367.43"
"","EU_BEFORE_FEB2020","TOTAL","FEMALE","","1982","363.38"
"","EU_BEFORE_FEB2020","TOTAL","FEMALE","","1983","368.37"
"","EU_BEFORE_FEB2020","TOTAL","FEMALE","","1984","358.6"
"","EU_BEFORE_FEB2020","TOTAL","FEMALE","","1985","363.16"
"","EU_BEFORE_FEB2020","TOTAL","FEMALE","","1986","352.46"
"","EU_BEFORE_FEB2020","TOTAL","FEMALE","","1987","343.77"
"","EU_BEFORE_FEB2020","TOTAL","FEMALE","","1988","335.36"
"","EU_BEFORE_FEB2020","TOTAL","FEMALE","","1989","328.25"
"","EU_BEFORE_FEB2020","TOTAL","FEMALE","","1990","323.44"
"","EU_BEFORE_FEB2020","TOTAL","FEMALE","","1991","320.46"
"","EU_BEFORE_FEB2020","TOTAL","FEMALE","","1992","308.14"
"","EU_BEFORE_FEB2020","TOTAL","FEMALE","","1993","307.59"
"","EU_BEFORE_FEB2020","TOTAL","FEMALE","","1994","296.07"
"","EU_BEFORE_FEB2020","TOTAL","FEMALE","","1995","290.98"
"","EU_BEFORE_FEB2020","TOTAL","FEMALE","","1996","287.11"
"","EU_BEFORE_FEB2020","TOTAL","FEMALE","","1997","278.2"
"","EU_BEFORE_FEB2020","TOTAL","FEMALE","","1998","274.77"
"","EU_BEFORE_FEB2020","TOTAL","FEMALE","","1999","265.87"
"","EU_BEFORE_FEB2020","TOTAL","FEMALE","","2000","253.42"
"","EU_BEFORE_FEB2020","TOTAL","FEMALE","","2001","245.44"
"","EU_BEFORE_FEB2020","TOTAL","FEMALE","","2002","242.84"
"","EU_BEFORE_FEB2020","TOTAL","FEMALE","","2003","241.65"
"","EU_BEFORE_FEB2020","TOTAL","FEMALE","","2004","223.6"
"","EU_BEFORE_FEB2020","TOTAL","FEMALE","","2005","218.55"
"","EU_BEFORE_FEB2020","TOTAL","FEMALE","","2006","205.07"
"","EU_BEFORE_FEB2020","TOTAL","FEMALE","","2007","197.44"
"","EU_BEFORE_FEB2020","TOTAL","FEMALE","","2008","189.89"
"","EU_BEFORE_FEB2020","TOTAL","FEMALE","","2009","183.18"
"","EU_BEFORE_FEB2020","TOTAL","FEMALE","","2010","176.62"
"","EU_BEFORE_FEB2020","TOTAL","FEMALE","","2011","166.55"
"","EU_BEFORE_FEB2020","TOTAL","FEMALE","","2012","163.92"
"","EU_BEFORE_FEB2020","TOTAL","FEMALE","","2013","157.42"
"","EU_BEFORE_FEB2020","TOTAL","FEMALE","","2014","150.09"
"","EU_BEFORE_FEB2020","TOTAL","FEMALE","","2015","152.58"
"","EU_BEFORE_FEB2020","TOTAL","FEMALE","","2016","142.77"
"","EU_BEFORE_FEB2020","TOTAL","FEMALE","","2017","141.86"
"","EU_BEFORE_FEB2020","TOTAL","FEMALE","","2018","137.52"
"","EU_BEFORE_FEB2020","TOTAL","FEMALE","","2019","130.33"
"","EU_BEFORE_FEB2020","TOTAL","FEMALE","","2020","132.3"
"","EU_BEFORE_FEB2020","TOTAL","FEMALE","","2021","133.38"
"","EU_BEFORE_MAY2004","TOTAL","FEMALE","","1969","390.58"
"","EU_BEFORE_MAY2004","TOTAL","FEMALE","","1970","377.53"
"","EU_BEFORE_MAY2004","TOTAL","FEMALE","","1971","374.2"
"","EU_BEFORE_MAY2004","TOTAL","FEMALE","","1972","370.03"
"","EU_BEFORE_MAY2004","TOTAL","FEMALE","","1973","371.27"
"","EU_BEFORE_MAY2004","TOTAL","FEMALE","","1974","363.5"
"","EU_BEFORE_MAY2004","TOTAL","FEMALE","","1975","360.17"
"","EU_BEFORE_MAY2004","TOTAL","FEMALE","","1976","356.85"
"","EU_BEFORE_MAY2004","TOTAL","FEMALE","","1977","343.51"
"","EU_BEFORE_MAY2004","TOTAL","FEMALE","","1978","340.73"
"","EU_BEFORE_MAY2004","TOTAL","FEMALE","","1979","335.33"
"","EU_BEFORE_MAY2004","TOTAL","FEMALE","","1980","328.65"
"","EU_BEFORE_MAY2004","TOTAL","FEMALE","","1981","319.54"
"","EU_BEFORE_MAY2004","TOTAL","FEMALE","","1982","313.5"
"","EU_BEFORE_MAY2004","TOTAL","FEMALE","","1983","315.05"
"","EU_BEFORE_MAY2004","TOTAL","FEMALE","","1984","301.24"
"","EU_BEFORE_MAY2004","TOTAL","FEMALE","","1985","301.86"
"","EU_BEFORE_MAY2004","TOTAL","FEMALE","","1986","293.68"
"","EU_BEFORE_MAY2004","TOTAL","FEMALE","","1987","281.02"
"","EU_BEFORE_MAY2004","TOTAL","FEMALE","","1988","275.38"
"","EU_BEFORE_MAY2004","TOTAL","FEMALE","","1989","268.09"
"","EU_BEFORE_MAY2004","TOTAL","FEMALE","","1990","263.43"
"","EU_BEFORE_MAY2004","TOTAL","FEMALE","","1991","258.67"
"","EU_BEFORE_MAY2004","TOTAL","FEMALE","","1992","247.23"
"","EU_BEFORE_MAY2004","TOTAL","FEMALE","","1993","246.37"
"","EU_BEFORE_MAY2004","TOTAL","FEMALE","","1994","234.7"
"","EU_BEFORE_MAY2004","TOTAL","FEMALE","","1995","230.19"
"","EU_BEFORE_MAY2004","TOTAL","FEMALE","","1996","223.79"
"","EU_BEFORE_MAY2004","TOTAL","FEMALE","","1997","216.12"
"","EU_BEFORE_MAY2004","TOTAL","FEMALE","","1998","214.36"
"","EU_BEFORE_MAY2004","TOTAL","FEMALE","","1999","207.16"
"","EU_BEFORE_MAY2004","TOTAL","FEMALE","","2000","197.99"
"","EU_BEFORE_MAY2004","TOTAL","FEMALE","","2001","191.88"
"","EU_BEFORE_MAY2004","TOTAL","FEMALE","","2002","189.6"
"","EU_BEFORE_MAY2004","TOTAL","FEMALE","","2003","188.77"
"","EU_BEFORE_MAY2004","TOTAL","FEMALE","","2004","172.59"
"","EU_BEFORE_MAY2004","TOTAL","FEMALE","","2005","167.38"
"","EU_BEFORE_MAY2004","TOTAL","FEMALE","","2006","155.96"
"","EU_BEFORE_MAY2004","TOTAL","FEMALE","","2007","150.66"
"","EU_BEFORE_MAY2004","TOTAL","FEMALE","","2008","145.68"
"","EU_BEFORE_MAY2004","TOTAL","FEMALE","","2009","138.87"
"","EU_BEFORE_MAY2004","TOTAL","FEMALE","","2010","133.31"
"","EU_BEFORE_MAY2004","TOTAL","FEMALE","","2011","125.58"
"","EU_BEFORE_MAY2004","TOTAL","FEMALE","","2012","124.75"
"","EU_BEFORE_MAY2004","TOTAL","FEMALE","","2013","120.44"
"","EU_BEFORE_MAY2004","TOTAL","FEMALE","","2014","114.4"
"","EU_BEFORE_MAY2004","TOTAL","FEMALE","","2015","116.81"
"","EU_BEFORE_MAY2004","TOTAL","FEMALE","","2016","109.67"
"","EU_BEFORE_MAY2004","TOTAL","FEMALE","","2017","108.96"
"","EU_BEFORE_MAY2004","TOTAL","FEMALE","","2018","105.83"
"","EU_BEFORE_MAY2004","TOTAL","FEMALE","","2019","100.15"
"","EU_BEFORE_MAY2004","TOTAL","FEMALE","","2020","100.76"
"","EU_MEMBERS","TOTAL","FEMALE","","1969","413.37"
"","EU_MEMBERS","TOTAL","FEMALE","","1970","405.04"
"","EU_MEMBERS","TOTAL","FEMALE","","1971","402.6"
"","EU_MEMBERS","TOTAL","FEMALE","","1972","395.66"
"","EU_MEMBERS","TOTAL","FEMALE","","1973","401.28"
"","EU_MEMBERS","TOTAL","FEMALE","","1974","390.89"
"","EU_MEMBERS","TOTAL","FEMALE","","1975","390.94"
"","EU_MEMBERS","TOTAL","FEMALE","","1976","390.31"
"","EU_MEMBERS","TOTAL","FEMALE","","1977","387.39"
"","EU_MEMBERS","TOTAL","FEMALE","","1978","380.9"
"","EU_MEMBERS","TOTAL","FEMALE","","1979","377.48"
"","EU_MEMBERS","TOTAL","FEMALE","","1980","380.74"
"","EU_MEMBERS","TOTAL","FEMALE","","1981","369.06"
"","EU_MEMBERS","TOTAL","FEMALE","","1982","365.3"
"","EU_MEMBERS","TOTAL","FEMALE","","1983","372.12"
"","EU_MEMBERS","TOTAL","FEMALE","","1984","362.38"
"","EU_MEMBERS","TOTAL","FEMALE","","1985","367.04"
"","EU_MEMBERS","TOTAL","FEMALE","","1986","357.01"
"","EU_MEMBERS","TOTAL","FEMALE","","1987","348.98"
"","EU_MEMBERS","TOTAL","FEMALE","","1988","340.24"
"","EU_MEMBERS","TOTAL","FEMALE","","1989","333.12"
"","EU_MEMBERS","TOTAL","FEMALE","","1990","329.28"
"","EU_MEMBERS","TOTAL","FEMALE","","1991","326.52"
"","EU_MEMBERS","TOTAL","FEMALE","","1992","314.01"
"","EU_MEMBERS","TOTAL","FEMALE","","1993","313.18"
"","EU_MEMBERS","TOTAL","FEMALE","","1994","302.57"
"","EU_MEMBERS","TOTAL","FEMALE","","1995","297.33"
"","EU_MEMBERS","TOTAL","FEMALE","","1996","294.05"
"","EU_MEMBERS","TOTAL","FEMALE","","1997","285.3"
"","EU_MEMBERS","TOTAL","FEMALE","","1998","281.91"
"","EU_MEMBERS","TOTAL","FEMALE","","1999","273.02"
"","EU_MEMBERS","TOTAL","FEMALE","","2000","259.67"
"","EU_MEMBERS","TOTAL","FEMALE","","2001","251.38"
"","EU_MEMBERS","TOTAL","FEMALE","","2002","248.97"
"","EU_MEMBERS","TOTAL","FEMALE","","2003","248.3"
"","EU_MEMBERS","TOTAL","FEMALE","","2004","229.98"
"","EU_MEMBERS","TOTAL","FEMALE","","2005","225.64"
"","EU_MEMBERS","TOTAL","FEMALE","","2006","211.88"
"","EU_MEMBERS","TOTAL","FEMALE","","2007","204.21"
"","EU_MEMBERS","TOTAL","FEMALE","","2008","196.2"
"","EU_MEMBERS","TOTAL","FEMALE","","2009","190.07"
"","EU_MEMBERS","TOTAL","FEMALE","","2010","183.27"
"","EU_MEMBERS","TOTAL","FEMALE","","2011","174.16"
"","EU_MEMBERS","TOTAL","FEMALE","","2012","171.03"
"","EU_MEMBERS","TOTAL","FEMALE","","2013","164.24"
"","EU_MEMBERS","TOTAL","FEMALE","","2014","156.78"
"","EU_MEMBERS","TOTAL","FEMALE","","2015","159.48"
"","EU_MEMBERS","TOTAL","FEMALE","","2016","149.08"
"","EU_MEMBERS","TOTAL","FEMALE","","2017","148.44"
"","EU_MEMBERS","TOTAL","FEMALE","","2018","143.4"
"","EU_MEMBERS","TOTAL","FEMALE","","2019","136.3"
"","EU_MEMBERS","TOTAL","FEMALE","","2020","138.27"
"","EU_MEMBERS","TOTAL","FEMALE","","2021","139.52"
"FIN","","TOTAL","FEMALE","","1969","605"
"FIN","","TOTAL","FEMALE","","1970","554.52"
"FIN","","TOTAL","FEMALE","","1971","556.76"
"FIN","","TOTAL","FEMALE","","1972","522.36"
"FIN","","TOTAL","FEMALE","","1973","485.24"
"FIN","","TOTAL","FEMALE","","1974","490.07"
"FIN","","TOTAL","FEMALE","","1975","453.55"
"FIN","","TOTAL","FEMALE","","1976","449.71"
"FIN","","TOTAL","FEMALE","","1977","417.12"
"FIN","","TOTAL","FEMALE","","1978","412.94"
"FIN","","TOTAL","FEMALE","","1979","399.52"
"FIN","","TOTAL","FEMALE","","1980","383.29"
"FIN","","TOTAL","FEMALE","","1981","391.17"
"FIN","","TOTAL","FEMALE","","1982","355.8"
"FIN","","TOTAL","FEMALE","","1983","356.1"
"FIN","","TOTAL","FEMALE","","1984","345.43"
"FIN","","TOTAL","FEMALE","","1985","356.44"
"FIN","","TOTAL","FEMALE","","1986","346.24"
"FIN","","TOTAL","FEMALE","","1987","337.41"
"FIN","","TOTAL","FEMALE","","1988","329.2"
"FIN","","TOTAL","FEMALE","","1989","318.03"
"FIN","","TOTAL","FEMALE","","1990","311.83"
"FIN","","TOTAL","FEMALE","","1991","299.25"
"FIN","","TOTAL","FEMALE","","1992","289.5"
"FIN","","TOTAL","FEMALE","","1993","295.16"
"FIN","","TOTAL","FEMALE","","1994","269.14"
"FIN","","TOTAL","FEMALE","","1995","266.96"
"FIN","","TOTAL","FEMALE","","1996","243.9"
"FIN","","TOTAL","FEMALE","","1997","234.54"
"FIN","","TOTAL","FEMALE","","1998","225.69"
"FIN","","TOTAL","FEMALE","","1999","219.43"
"FIN","","TOTAL","FEMALE","","2000","219.75"
"FIN","","TOTAL","FEMALE","","2001","207.33"
"FIN","","TOTAL","FEMALE","","2002","209.23"
"FIN","","TOTAL","FEMALE","","2003","198.02"
"FIN","","TOTAL","FEMALE","","2004","182.45"
"FIN","","TOTAL","FEMALE","","2005","178.04"
"FIN","","TOTAL","FEMALE","","2006","171.28"
"FIN","","TOTAL","FEMALE","","2007","168.08"
"FIN","","TOTAL","FEMALE","","2008","164.12"
"FIN","","TOTAL","FEMALE","","2009","157.86"
"FIN","","TOTAL","FEMALE","","2010","154.35"
"FIN","","TOTAL","FEMALE","","2011","146.1"
"FIN","","TOTAL","FEMALE","","2012","146.58"
"FIN","","TOTAL","FEMALE","","2013","136.34"
"FIN","","TOTAL","FEMALE","","2014","134.27"
"FIN","","TOTAL","FEMALE","","2016","126.05"
"FIN","","TOTAL","FEMALE","","2017","119.94"
"FIN","","TOTAL","FEMALE","","2018","115.45"
"FIN","","TOTAL","FEMALE","","2019","110.55"
"FIN","","TOTAL","FEMALE","","2020","107.72"
"FIN","","TOTAL","FEMALE","","2021","108.71"
"FRA","","TOTAL","FEMALE","","1968","295.98"
"FRA","","TOTAL","FEMALE","","1969","286.74"
"FRA","","TOTAL","FEMALE","","1970","276.88"
"FRA","","TOTAL","FEMALE","","1971","281.06"
"FRA","","TOTAL","FEMALE","","1972","273.66"
"FRA","","TOTAL","FEMALE","","1973","269.93"
"FRA","","TOTAL","FEMALE","","1974","266.37"
"FRA","","TOTAL","FEMALE","","1975","267.8"
"FRA","","TOTAL","FEMALE","","1976","257.66"
"FRA","","TOTAL","FEMALE","","1977","237.96"
"FRA","","TOTAL","FEMALE","","1978","235.82"
"FRA","","TOTAL","FEMALE","","1979","231.8"
"FRA","","TOTAL","FEMALE","","1980","230.42"
"FRA","","TOTAL","FEMALE","","1981","224.45"
"FRA","","TOTAL","FEMALE","","1982","216.19"
"FRA","","TOTAL","FEMALE","","1983","215.34"
"FRA","","TOTAL","FEMALE","","1984","203.67"
"FRA","","TOTAL","FEMALE","","1985","205.71"
"FRA","","TOTAL","FEMALE","","1986","205.44"
"FRA","","TOTAL","FEMALE","","1987","181.65"
"FRA","","TOTAL","FEMALE","","1988","173.53"
"FRA","","TOTAL","FEMALE","","1989","166.84"
"FRA","","TOTAL","FEMALE","","1990","159.33"
"FRA","","TOTAL","FEMALE","","1991","157.38"
"FRA","","TOTAL","FEMALE","","1992","150.55"
"FRA","","TOTAL","FEMALE","","1993","148.73"
"FRA","","TOTAL","FEMALE","","1994","139.87"
"FRA","","TOTAL","FEMALE","","1995","138.96"
"FRA","","TOTAL","FEMALE","","1996","138.11"
"FRA","","TOTAL","FEMALE","","1997","133.17"
"FRA","","TOTAL","FEMALE","","1998","136.24"
"FRA","","TOTAL","FEMALE","","1999","132.06"
"FRA","","TOTAL","FEMALE","","2000","126.58"
"FRA","","TOTAL","FEMALE","","2001","125.52"
"FRA","","TOTAL","FEMALE","","2002","123.2"
"FRA","","TOTAL","FEMALE","","2003","124.51"
"FRA","","TOTAL","FEMALE","","2004","111.45"
"FRA","","TOTAL","FEMALE","","2005","109.88"
"FRA","","TOTAL","FEMALE","","2006","101.49"
"FRA","","TOTAL","FEMALE","","2007","96.61"
"FRA","","TOTAL","FEMALE","","2008","95.21"
"FRA","","TOTAL","FEMALE","","2009","90.79"
"FRA","","TOTAL","FEMALE","","2010","86.69"
"FRA","","TOTAL","FEMALE","","2011","81.03"
"FRA","","TOTAL","FEMALE","","2012","80.43"
"FRA","","TOTAL","FEMALE","","2013","77.49"
"FRA","","TOTAL","FEMALE","","2014","74.39"
"FRA","","TOTAL","FEMALE","","2017","71.79"
"FRA","","TOTAL","FEMALE","","2018","70.34"
"GBR","","TOTAL","FEMALE","","1968","469.48"
"GBR","","TOTAL","FEMALE","","1969","459.24"
"GBR","","TOTAL","FEMALE","","1970","446.84"
"GBR","","TOTAL","FEMALE","","1971","433.95"
"GBR","","TOTAL","FEMALE","","1972","446.04"
"GBR","","TOTAL","FEMALE","","1973","437.71"
"GBR","","TOTAL","FEMALE","","1974","429.45"
"GBR","","TOTAL","FEMALE","","1975","416.35"
"GBR","","TOTAL","FEMALE","","1976","415.09"
"GBR","","TOTAL","FEMALE","","1977","395.99"
"GBR","","TOTAL","FEMALE","","1978","395.88"
"GBR","","TOTAL","FEMALE","","1979","393.14"
"GBR","","TOTAL","FEMALE","","1980","373.56"
"GBR","","TOTAL","FEMALE","","1981","355.55"
"GBR","","TOTAL","FEMALE","","1982","349.34"
"GBR","","TOTAL","FEMALE","","1983","340.98"
"GBR","","TOTAL","FEMALE","","1984","331"
"GBR","","TOTAL","FEMALE","","1985","334.78"
"GBR","","TOTAL","FEMALE","","1986","319.14"
"GBR","","TOTAL","FEMALE","","1987","305.66"
"GBR","","TOTAL","FEMALE","","1988","299.61"
"GBR","","TOTAL","FEMALE","","1989","292.51"
"GBR","","TOTAL","FEMALE","","1990","280.61"
"GBR","","TOTAL","FEMALE","","1991","276.15"
"GBR","","TOTAL","FEMALE","","1992","265.34"
"GBR","","TOTAL","FEMALE","","1993","266.78"
"GBR","","TOTAL","FEMALE","","1994","248.65"
"GBR","","TOTAL","FEMALE","","1995","244.72"
"GBR","","TOTAL","FEMALE","","1996","236.6"
"GBR","","TOTAL","FEMALE","","1997","226.61"
"GBR","","TOTAL","FEMALE","","1998","222.95"
"GBR","","TOTAL","FEMALE","","1999","214.14"
"GBR","","TOTAL","FEMALE","","2001","202.36"
"GBR","","TOTAL","FEMALE","","2002","198.42"
"GBR","","TOTAL","FEMALE","","2003","193.46"
"GBR","","TOTAL","FEMALE","","2004","177.32"
"GBR","","TOTAL","FEMALE","","2005","167.36"
"GBR","","TOTAL","FEMALE","","2006","155.85"
"GBR","","TOTAL","FEMALE","","2007","148.55"
"GBR","","TOTAL","FEMALE","","2008","144.37"
"GBR","","TOTAL","FEMALE","","2009","133.67"
"GBR","","TOTAL","FEMALE","","2010","129.02"
"GBR","","TOTAL","FEMALE","","2011","112.64"
"GBR","","TOTAL","FEMALE","","2012","114.4"
"GBR","","TOTAL","FEMALE","","2013","110.21"
"GBR","","TOTAL","FEMALE","","2014","103.94"
"GBR","","TOTAL","FEMALE","","2015","105.34"
"GBR","","TOTAL","FEMALE","","2016","99.79"
"GBR","","TOTAL","FEMALE","","2017","97.2"
"GBR","","TOTAL","FEMALE","","2018","96.66"
"GBR","","TOTAL","FEMALE","","2019","90.31"
"GBR","","TOTAL","FEMALE","","2020","92.3"
"GEO","","TOTAL","FEMALE","","1981","559.26"
"GEO","","TOTAL","FEMALE","","1982","552.26"
"GEO","","TOTAL","FEMALE","","1985","584.15"
"GEO","","TOTAL","FEMALE","","1986","574.1"
"GEO","","TOTAL","FEMALE","","1987","565.71"
"GEO","","TOTAL","FEMALE","","1988","571.98"
"GEO","","TOTAL","FEMALE","","1989","552.95"
"GEO","","TOTAL","FEMALE","","1990","532.66"
"GEO","","TOTAL","FEMALE","","1991","541.22"
"GEO","","TOTAL","FEMALE","","1992","573.29"
"GEO","","TOTAL","FEMALE","","1994","398.23"
"GEO","","TOTAL","FEMALE","","1995","503.17"
"GEO","","TOTAL","FEMALE","","1996","451.7"
"GEO","","TOTAL","FEMALE","","1997","512.13"
"GEO","","TOTAL","FEMALE","","1998","519.11"
"GEO","","TOTAL","FEMALE","","1999","542.53"
"GEO","","TOTAL","FEMALE","","2000","563.95"
"GEO","","TOTAL","FEMALE","","2001","526.56"
"GEO","","TOTAL","FEMALE","","2004","558.24"
"GEO","","TOTAL","FEMALE","","2005","452.25"
"GEO","","TOTAL","FEMALE","","2006","429.92"
"GEO","","TOTAL","FEMALE","","2007","396.54"
"GEO","","TOTAL","FEMALE","","2009","368.01"
"GEO","","TOTAL","FEMALE","","2010","190.09"
"GEO","","TOTAL","FEMALE","","2011","232.54"
"GEO","","TOTAL","FEMALE","","2012","251"
"GEO","","TOTAL","FEMALE","","2013","226.13"
"GEO","","TOTAL","FEMALE","","2014","302.58"
"GEO","","TOTAL","FEMALE","","2015","334.14"
"GEO","","TOTAL","FEMALE","","2016","282.28"
"GEO","","TOTAL","FEMALE","","2017","308.57"
"GEO","","TOTAL","FEMALE","","2018","331.75"
"GEO","","TOTAL","FEMALE","","2019","330.94"
"GEO","","TOTAL","FEMALE","","2020","334.12"
"GEO","","TOTAL","FEMALE","","2021","338.03"
"GRC","","TOTAL","FEMALE","","1968","310.03"
"GRC","","TOTAL","FEMALE","","1969","312.59"
"GRC","","TOTAL","FEMALE","","1970","278.58"
"GRC","","TOTAL","FEMALE","","1971","290.7"
"GRC","","TOTAL","FEMALE","","1972","290.92"
"GRC","","TOTAL","FEMALE","","1973","291.61"
"GRC","","TOTAL","FEMALE","","1974","291.35"
"GRC","","TOTAL","FEMALE","","1975","294.26"
"GRC","","TOTAL","FEMALE","","1976","302.05"
"GRC","","TOTAL","FEMALE","","1977","302.95"
"GRC","","TOTAL","FEMALE","","1978","294.56"
"GRC","","TOTAL","FEMALE","","1979","312.37"
"GRC","","TOTAL","FEMALE","","1980","327"
"GRC","","TOTAL","FEMALE","","1981","315.99"
"GRC","","TOTAL","FEMALE","","1982","316.08"
"GRC","","TOTAL","FEMALE","","1983","332.2"
"GRC","","TOTAL","FEMALE","","1984","311.55"
"GRC","","TOTAL","FEMALE","","1985","338.39"
"GRC","","TOTAL","FEMALE","","1986","341.57"
"GRC","","TOTAL","FEMALE","","1987","349.29"
"GRC","","TOTAL","FEMALE","","1988","334.85"
"GRC","","TOTAL","FEMALE","","1989","330.89"
"GRC","","TOTAL","FEMALE","","1990","329.86"
"GRC","","TOTAL","FEMALE","","1991","324.84"
"GRC","","TOTAL","FEMALE","","1992","311.87"
"GRC","","TOTAL","FEMALE","","1993","301.9"
"GRC","","TOTAL","FEMALE","","1994","309.78"
"GRC","","TOTAL","FEMALE","","1995","313.54"
"GRC","","TOTAL","FEMALE","","1996","307.02"
"GRC","","TOTAL","FEMALE","","1997","303.09"
"GRC","","TOTAL","FEMALE","","1998","312.28"
"GRC","","TOTAL","FEMALE","","1999","302.7"
"GRC","","TOTAL","FEMALE","","2000","299.28"
"GRC","","TOTAL","FEMALE","","2001","295.52"
"GRC","","TOTAL","FEMALE","","2002","290.25"
"GRC","","TOTAL","FEMALE","","2003","296.95"
"GRC","","TOTAL","FEMALE","","2004","284.82"
"GRC","","TOTAL","FEMALE","","2005","265.69"
"GRC","","TOTAL","FEMALE","","2006","259.33"
"GRC","","TOTAL","FEMALE","","2007","250.88"
"GRC","","TOTAL","FEMALE","","2008","235.99"
"GRC","","TOTAL","FEMALE","","2009","219.24"
"GRC","","TOTAL","FEMALE","","2010","206.63"
"GRC","","TOTAL","FEMALE","","2011","195.35"
"GRC","","TOTAL","FEMALE","","2012","180.6"
"GRC","","TOTAL","FEMALE","","2014","152.04"
"GRC","","TOTAL","FEMALE","","2015","151.06"
"GRC","","TOTAL","FEMALE","","2016","141.51"
"GRC","","TOTAL","FEMALE","","2017","146.37"
"GRC","","TOTAL","FEMALE","","2018","134.72"
"GRC","","TOTAL","FEMALE","","2019","130.75"
"GRC","","TOTAL","FEMALE","","2020","133.42"
"HRV","","TOTAL","FEMALE","","1985","507.68"
"HRV","","TOTAL","FEMALE","","1986","499.26"
"HRV","","TOTAL","FEMALE","","1987","507.32"
"HRV","","TOTAL","FEMALE","","1988","489.29"
"HRV","","TOTAL","FEMALE","","1989","490.98"
"HRV","","TOTAL","FEMALE","","1990","471.9"
"HRV","","TOTAL","FEMALE","","1991","446.01"
"HRV","","TOTAL","FEMALE","","1992","430.03"
"HRV","","TOTAL","FEMALE","","1993","439.76"
"HRV","","TOTAL","FEMALE","","1994","430.32"
"HRV","","TOTAL","FEMALE","","1995","418.72"
"HRV","","TOTAL","FEMALE","","1996","466.81"
"HRV","","TOTAL","FEMALE","","1997","477.17"
"HRV","","TOTAL","FEMALE","","1998","499.15"
"HRV","","TOTAL","FEMALE","","1999","491.27"
"HRV","","TOTAL","FEMALE","","2000","494.83"
"HRV","","TOTAL","FEMALE","","2001","412.72"
"HRV","","TOTAL","FEMALE","","2002","404.22"
"HRV","","TOTAL","FEMALE","","2003","425.12"
"HRV","","TOTAL","FEMALE","","2004","356.47"
"HRV","","TOTAL","FEMALE","","2005","371.67"
"HRV","","TOTAL","FEMALE","","2006","350.4"
"HRV","","TOTAL","FEMALE","","2007","353.19"
"HRV","","TOTAL","FEMALE","","2008","334.98"
"HRV","","TOTAL","FEMALE","","2009","327.22"
"HRV","","TOTAL","FEMALE","","2010","313.26"
"HRV","","TOTAL","FEMALE","","2011","297.51"
"HRV","","TOTAL","FEMALE","","2012","282.95"
"HRV","","TOTAL","FEMALE","","2013","268.96"
"HRV","","TOTAL","FEMALE","","2014","262.78"
"HRV","","TOTAL","FEMALE","","2015","275.2"
"HRV","","TOTAL","FEMALE","","2016","239.08"
"HRV","","TOTAL","FEMALE","","2017","239.76"
"HRV","","TOTAL","FEMALE","","2019","217.37"
"HRV","","TOTAL","FEMALE","","2020","220.23"
"HRV","","TOTAL","FEMALE","","2021","230.69"
"HUN","","TOTAL","FEMALE","","1969","613.78"
"HUN","","TOTAL","FEMALE","","1970","609.59"
"HUN","","TOTAL","FEMALE","","1971","604.33"
"HUN","","TOTAL","FEMALE","","1972","583.17"
"HUN","","TOTAL","FEMALE","","1973","583.31"
"HUN","","TOTAL","FEMALE","","1974","569.17"
"HUN","","TOTAL","FEMALE","","1975","576.08"
"HUN","","TOTAL","FEMALE","","1976","570.28"
"HUN","","TOTAL","FEMALE","","1977","543.5"
"HUN","","TOTAL","FEMALE","","1978","580.03"
"HUN","","TOTAL","FEMALE","","1979","558.11"
"HUN","","TOTAL","FEMALE","","1980","574.04"
"HUN","","TOTAL","FEMALE","","1981","569.11"
"HUN","","TOTAL","FEMALE","","1982","560.41"
"HUN","","TOTAL","FEMALE","","1983","569.61"
"HUN","","TOTAL","FEMALE","","1984","550.81"
"HUN","","TOTAL","FEMALE","","1985","556.96"
"HUN","","TOTAL","FEMALE","","1986","549.17"
"HUN","","TOTAL","FEMALE","","1987","520.77"
"HUN","","TOTAL","FEMALE","","1988","507.81"
"HUN","","TOTAL","FEMALE","","1989","506.27"
"HUN","","TOTAL","FEMALE","","1990","524.48"
"HUN","","TOTAL","FEMALE","","1991","514.43"
"HUN","","TOTAL","FEMALE","","1992","510.96"
"HUN","","TOTAL","FEMALE","","1993","512.32"
"HUN","","TOTAL","FEMALE","","1994","486.2"
"HUN","","TOTAL","FEMALE","","1995","475.57"
"HUN","","TOTAL","FEMALE","","1996","476.97"
"HUN","","TOTAL","FEMALE","","1997","453.39"
"HUN","","TOTAL","FEMALE","","1998","453.97"
"HUN","","TOTAL","FEMALE","","1999","477.02"
"HUN","","TOTAL","FEMALE","","2000","443.14"
"HUN","","TOTAL","FEMALE","","2001","409.34"
"HUN","","TOTAL","FEMALE","","2002","408.12"
"HUN","","TOTAL","FEMALE","","2003","409.53"
"HUN","","TOTAL","FEMALE","","2004","393.64"
"HUN","","TOTAL","FEMALE","","2005","401.39"
"HUN","","TOTAL","FEMALE","","2006","366.41"
"HUN","","TOTAL","FEMALE","","2007","353.97"
"HUN","","TOTAL","FEMALE","","2008","339.28"
"HUN","","TOTAL","FEMALE","","2009","331.01"
"HUN","","TOTAL","FEMALE","","2010","334.59"
"HUN","","TOTAL","FEMALE","","2011","319.3"
"HUN","","TOTAL","FEMALE","","2012","323.42"
"HUN","","TOTAL","FEMALE","","2013","310.69"
"HUN","","TOTAL","FEMALE","","2014","304.08"
"HUN","","TOTAL","FEMALE","","2015","301.79"
"HUN","","TOTAL","FEMALE","","2016","293.13"
"HUN","","TOTAL","FEMALE","","2017","303.72"
"HUN","","TOTAL","FEMALE","","2018","295.62"
"HUN","","TOTAL","FEMALE","","2019","285.89"
"IRL","","TOTAL","FEMALE","","1968","540.51"
"IRL","","TOTAL","FEMALE","","1969","534.68"
"IRL","","TOTAL","FEMALE","","1970","505.93"
"IRL","","TOTAL","FEMALE","","1971","492.49"
"IRL","","TOTAL","FEMALE","","1972","519.4"
"IRL","","TOTAL","FEMALE","","1973","505.46"
"IRL","","TOTAL","FEMALE","","1974","523.71"
"IRL","","TOTAL","FEMALE","","1975","481.74"
"IRL","","TOTAL","FEMALE","","1976","489.64"
"IRL","","TOTAL","FEMALE","","1977","490.31"
"IRL","","TOTAL","FEMALE","","1978","469.09"
"IRL","","TOTAL","FEMALE","","1979","460.63"
"IRL","","TOTAL","FEMALE","","1980","451.72"
"IRL","","TOTAL","FEMALE","","1981","438.13"
"IRL","","TOTAL","FEMALE","","1982","420.76"
"IRL","","TOTAL","FEMALE","","1983","424.32"
"IRL","","TOTAL","FEMALE","","1984","388.61"
"IRL","","TOTAL","FEMALE","","1985","402.14"
"IRL","","TOTAL","FEMALE","","1986","395.29"
"IRL","","TOTAL","FEMALE","","1987","351.93"
"IRL","","TOTAL","FEMALE","","1988","352.86"
"IRL","","TOTAL","FEMALE","","1989","348.95"
"IRL","","TOTAL","FEMALE","","1990","318.64"
"IRL","","TOTAL","FEMALE","","1991","313.3"
"IRL","","TOTAL","FEMALE","","1992","300.71"
"IRL","","TOTAL","FEMALE","","1993","307.61"
"IRL","","TOTAL","FEMALE","","1994","298.57"
"IRL","","TOTAL","FEMALE","","1995","296.54"
"IRL","","TOTAL","FEMALE","","1996","284.45"
"IRL","","TOTAL","FEMALE","","1997","270.45"
"IRL","","TOTAL","FEMALE","","1998","259.72"
"IRL","","TOTAL","FEMALE","","1999","261.65"
"IRL","","TOTAL","FEMALE","","2000","244.4"
"IRL","","TOTAL","FEMALE","","2001","221.37"
"IRL","","TOTAL","FEMALE","","2002","213.46"
"IRL","","TOTAL","FEMALE","","2003","200.32"
"IRL","","TOTAL","FEMALE","","2004","186.17"
"IRL","","TOTAL","FEMALE","","2005","169.27"
"IRL","","TOTAL","FEMALE","","2006","166.87"
"IRL","","TOTAL","FEMALE","","2007","164.12"
"IRL","","TOTAL","FEMALE","","2008","157.81"
"IRL","","TOTAL","FEMALE","","2009","151.39"
"IRL","","TOTAL","FEMALE","","2010","141.72"
"IRL","","TOTAL","FEMALE","","2011","136.62"
"IRL","","TOTAL","FEMALE","","2012","134.85"
"IRL","","TOTAL","FEMALE","","2013","130.75"
"IRL","","TOTAL","FEMALE","","2015","123.8"
"IRL","","TOTAL","FEMALE","","2018","106.1"
"ISL","","TOTAL","FEMALE","","1971","302.94"
"ISL","","TOTAL","FEMALE","","1972","319.2"
"ISL","","TOTAL","FEMALE","","1973","351.77"
"ISL","","TOTAL","FEMALE","","1974","289.88"
"ISL","","TOTAL","FEMALE","","1975","257.52"
"ISL","","TOTAL","FEMALE","","1976","253.55"
"ISL","","TOTAL","FEMALE","","1977","254.23"
"ISL","","TOTAL","FEMALE","","1978","244.08"
"ISL","","TOTAL","FEMALE","","1979","271.49"
"ISL","","TOTAL","FEMALE","","1980","256.14"
"ISL","","TOTAL","FEMALE","","1981","258.64"
"ISL","","TOTAL","FEMALE","","1982","254.39"
"ISL","","TOTAL","FEMALE","","1983","231.57"
"ISL","","TOTAL","FEMALE","","1984","221.61"
"ISL","","TOTAL","FEMALE","","1985","255.08"
"ISL","","TOTAL","FEMALE","","1986","240.57"
"ISL","","TOTAL","FEMALE","","1987","239.13"
"ISL","","TOTAL","FEMALE","","1988","240.22"
"ISL","","TOTAL","FEMALE","","1989","234.83"
"ISL","","TOTAL","FEMALE","","1990","224.58"
"ISL","","TOTAL","FEMALE","","1991","214.12"
"ISL","","TOTAL","FEMALE","","1992","211.28"
"ISL","","TOTAL","FEMALE","","1993","210.32"
"ISL","","TOTAL","FEMALE","","1994","211.14"
"ISL","","TOTAL","FEMALE","","1995","206.68"
"ISL","","TOTAL","FEMALE","","1996","198.32"
"ISL","","TOTAL","FEMALE","","1997","193.11"
"ISL","","TOTAL","FEMALE","","1998","183.43"
"ISL","","TOTAL","FEMALE","","1999","200.53"
"ISL","","TOTAL","FEMALE","","2000","188.28"
"ISL","","TOTAL","FEMALE","","2001","156.1"
"ISL","","TOTAL","FEMALE","","2002","165.85"
"ISL","","TOTAL","FEMALE","","2003","160.6"
"ISL","","TOTAL","FEMALE","","2004","147.59"
"ISL","","TOTAL","FEMALE","","2005","141.63"
"ISL","","TOTAL","FEMALE","","2006","152.09"
"ISL","","TOTAL","FEMALE","","2007","128.26"
"ISL","","TOTAL","FEMALE","","2008","136.47"
"ISL","","TOTAL","FEMALE","","2009","131.88"
"ISL","","TOTAL","FEMALE","","2010","117.18"
"ISL","","TOTAL","FEMALE","","2011","120.84"
"ISL","","TOTAL","FEMALE","","2012","118.98"
"ISL","","TOTAL","FEMALE","","2013","123.62"
"ISL","","TOTAL","FEMALE","","2014","103.55"
"ISL","","TOTAL","FEMALE","","2015","120.26"
"ISL","","TOTAL","FEMALE","","2016","106.48"
"ISL","","TOTAL","FEMALE","","2017","102.66"
"ISL","","TOTAL","FEMALE","","2018","96.32"
"ISL","","TOTAL","FEMALE","","2019","100.63"
"ISL","","TOTAL","FEMALE","","2020","103.18"
"ISL","","TOTAL","FEMALE","","2021","96.68"
"ISR","","TOTAL","FEMALE","","1975","476.27"
"ISR","","TOTAL","FEMALE","","1976","447.97"
"ISR","","TOTAL","FEMALE","","1977","459.38"
"ISR","","TOTAL","FEMALE","","1978","421.02"
"ISR","","TOTAL","FEMALE","","1979","420.88"
"ISR","","TOTAL","FEMALE","","1980","427.35"
"ISR","","TOTAL","FEMALE","","1981","410.19"
"ISR","","TOTAL","FEMALE","","1982","421.08"
"ISR","","TOTAL","FEMALE","","1983","354.43"
"ISR","","TOTAL","FEMALE","","1984","344.64"
"ISR","","TOTAL","FEMALE","","1985","335.77"
"ISR","","TOTAL","FEMALE","","1986","346.65"
"ISR","","TOTAL","FEMALE","","1987","332.57"
"ISR","","TOTAL","FEMALE","","1988","312.88"
"ISR","","TOTAL","FEMALE","","1989","291.36"
"ISR","","TOTAL","FEMALE","","1990","272.97"
"ISR","","TOTAL","FEMALE","","1991","279.33"
"ISR","","TOTAL","FEMALE","","1992","269.61"
"ISR","","TOTAL","FEMALE","","1993","275.68"
"ISR","","TOTAL","FEMALE","","1994","274.49"
"ISR","","TOTAL","FEMALE","","1995","268.01"
"ISR","","TOTAL","FEMALE","","1996","210.36"
"ISR","","TOTAL","FEMALE","","1997","196.74"
"ISR","","TOTAL","FEMALE","","1998","201.71"
"ISR","","TOTAL","FEMALE","","1999","171.2"
"ISR","","TOTAL","FEMALE","","2000","164.84"
"ISR","","TOTAL","FEMALE","","2001","155.59"
"ISR","","TOTAL","FEMALE","","2002","152.88"
"ISR","","TOTAL","FEMALE","","2003","146.46"
"ISR","","TOTAL","FEMALE","","2004","139.41"
"ISR","","TOTAL","FEMALE","","2005","138.77"
"ISR","","TOTAL","FEMALE","","2006","129.74"
"ISR","","TOTAL","FEMALE","","2007","128.17"
"ISR","","TOTAL","FEMALE","","2008","113.27"
"ISR","","TOTAL","FEMALE","","2009","102.47"
"ISR","","TOTAL","FEMALE","","2010","97.78"
"ISR","","TOTAL","FEMALE","","2011","98.71"
"ISR","","TOTAL","FEMALE","","2012","92.15"
"ISR","","TOTAL","FEMALE","","2013","90.28"
"ISR","","TOTAL","FEMALE","","2014","87.51"
"ISR","","TOTAL","FEMALE","","2015","86.1"
"ISR","","TOTAL","FEMALE","","2016","84.58"
"ISR","","TOTAL","FEMALE","","2017","77.13"
"ISR","","TOTAL","FEMALE","","2018","73.45"
"ISR","","TOTAL","FEMALE","","2019","75.97"
"ISR","","TOTAL","FEMALE","","2020","73.01"
"ISR","","TOTAL","FEMALE","","2021","81.16"
"ITA","","TOTAL","FEMALE","","1968","460.96"
"ITA","","TOTAL","FEMALE","","1969","449.28"
"ITA","","TOTAL","FEMALE","","1970","416.79"
"ITA","","TOTAL","FEMALE","","1971","415.85"
"ITA","","TOTAL","FEMALE","","1972","408.99"
"ITA","","TOTAL","FEMALE","","1973","434.36"
"ITA","","TOTAL","FEMALE","","1974","404.61"
"ITA","","TOTAL","FEMALE","","1975","407.58"
"ITA","","TOTAL","FEMALE","","1976","400.68"
"ITA","","TOTAL","FEMALE","","1977","387.17"
"ITA","","TOTAL","FEMALE","","1978","371.7"
"ITA","","TOTAL","FEMALE","","1979","356.05"
"ITA","","TOTAL","FEMALE","","1980","354.44"
"ITA","","TOTAL","FEMALE","","1981","333.76"
"ITA","","TOTAL","FEMALE","","1982","338.35"
"ITA","","TOTAL","FEMALE","","1983","350.41"
"ITA","","TOTAL","FEMALE","","1984","315.65"
"ITA","","TOTAL","FEMALE","","1985","308.75"
"ITA","","TOTAL","FEMALE","","1986","294.4"
"ITA","","TOTAL","FEMALE","","1987","278.96"
"ITA","","TOTAL","FEMALE","","1988","267.5"
"ITA","","TOTAL","FEMALE","","1989","253.42"
"ITA","","TOTAL","FEMALE","","1990","249.47"
"ITA","","TOTAL","FEMALE","","1991","247.74"
"ITA","","TOTAL","FEMALE","","1992","242.23"
"ITA","","TOTAL","FEMALE","","1993","240.07"
"ITA","","TOTAL","FEMALE","","1994","235.05"
"ITA","","TOTAL","FEMALE","","1995","228.16"
"ITA","","TOTAL","FEMALE","","1996","215.72"
"ITA","","TOTAL","FEMALE","","1997","213.81"
"ITA","","TOTAL","FEMALE","","1998","215.27"
"ITA","","TOTAL","FEMALE","","1999","204.76"
"ITA","","TOTAL","FEMALE","","2000","194.68"
"ITA","","TOTAL","FEMALE","","2001","183.98"
"ITA","","TOTAL","FEMALE","","2002","179.29"
"ITA","","TOTAL","FEMALE","","2003","181.54"
"ITA","","TOTAL","FEMALE","","2004","164.15"
"ITA","","TOTAL","FEMALE","","2005","167.16"
"ITA","","TOTAL","FEMALE","","2006","150.99"
"ITA","","TOTAL","FEMALE","","2007","148.25"
"ITA","","TOTAL","FEMALE","","2008","142.42"
"ITA","","TOTAL","FEMALE","","2009","137.95"
"ITA","","TOTAL","FEMALE","","2010","131"
"ITA","","TOTAL","FEMALE","","2011","131"
"ITA","","TOTAL","FEMALE","","2012","131.48"
"ITA","","TOTAL","FEMALE","","2013","122.23"
"ITA","","TOTAL","FEMALE","","2014","118.37"
"ITA","","TOTAL","FEMALE","","2015","126.14"
"ITA","","TOTAL","FEMALE","","2016","114.11"
"ITA","","TOTAL","FEMALE","","2017","117.59"
"ITA","","TOTAL","FEMALE","","2018","110.24"
"ITA","","TOTAL","FEMALE","","2019","104.94"
"ITA","","TOTAL","FEMALE","","2020","109.85"
"KAZ","","TOTAL","FEMALE","","1981","479.37"
"KAZ","","TOTAL","FEMALE","","1982","482.87"
"KAZ","","TOTAL","FEMALE","","1985","523.96"
"KAZ","","TOTAL","FEMALE","","1986","496.11"
"KAZ","","TOTAL","FEMALE","","1987","511.91"
"KAZ","","TOTAL","FEMALE","","1988","532.28"
"KAZ","","TOTAL","FEMALE","","1989","510"
"KAZ","","TOTAL","FEMALE","","1990","498.69"
"KAZ","","TOTAL","FEMALE","","1991","520.56"
"KAZ","","TOTAL","FEMALE","","1992","519.38"
"KAZ","","TOTAL","FEMALE","","1993","579.83"
"KAZ","","TOTAL","FEMALE","","1994","652.66"
"KAZ","","TOTAL","FEMALE","","1995","651.37"
"KAZ","","TOTAL","FEMALE","","1996","658.3"
"KAZ","","TOTAL","FEMALE","","1997","637.94"
"KAZ","","TOTAL","FEMALE","","1998","640.59"
"KAZ","","TOTAL","FEMALE","","1999","630.81"
"KAZ","","TOTAL","FEMALE","","2000","620.63"
"KAZ","","TOTAL","FEMALE","","2001","659.1"
"KAZ","","TOTAL","FEMALE","","2002","666.22"
"KAZ","","TOTAL","FEMALE","","2003","694.76"
"KAZ","","TOTAL","FEMALE","","2004","664.74"
"KAZ","","TOTAL","FEMALE","","2005","677.89"
"KAZ","","TOTAL","FEMALE","","2006","658.11"
"KAZ","","TOTAL","FEMALE","","2007","642.66"
"KAZ","","TOTAL","FEMALE","","2008","594.8"
"KAZ","","TOTAL","FEMALE","","2009","493.3"
"KAZ","","TOTAL","FEMALE","","2010","485.29"
"KAZ","","TOTAL","FEMALE","","2011","338.29"
"KAZ","","TOTAL","FEMALE","","2012","262.86"
"KAZ","","TOTAL","FEMALE","","2013","277.74"
"KAZ","","TOTAL","FEMALE","","2014","232.22"
"KAZ","","TOTAL","FEMALE","","2015","213.15"
"KAZ","","TOTAL","FEMALE","","2016","181.93"
"KAZ","","TOTAL","FEMALE","","2017","176.36"
"KAZ","","TOTAL","FEMALE","","2018","162.69"
"KAZ","","TOTAL","FEMALE","","2019","150.75"
"KAZ","","TOTAL","FEMALE","","2020","176.92"
"KAZ","","TOTAL","FEMALE","","2021","218.28"
"KGZ","","TOTAL","FEMALE","","1981","452.16"
"KGZ","","TOTAL","FEMALE","","1982","458.2"
"KGZ","","TOTAL","FEMALE","","1985","510.11"
"KGZ","","TOTAL","FEMALE","","1986","459.07"
"KGZ","","TOTAL","FEMALE","","1987","468.31"
"KGZ","","TOTAL","FEMALE","","1988","492.17"
"KGZ","","TOTAL","FEMALE","","1989","493.37"
"KGZ","","TOTAL","FEMALE","","1990","457.11"
"KGZ","","TOTAL","FEMALE","","1991","461.04"
"KGZ","","TOTAL","FEMALE","","1992","459.6"
"KGZ","","TOTAL","FEMALE","","1993","502.45"
"KGZ","","TOTAL","FEMALE","","1994","575.22"
"KGZ","","TOTAL","FEMALE","","1995","566.77"
"KGZ","","TOTAL","FEMALE","","1996","531.58"
"KGZ","","TOTAL","FEMALE","","1997","517.42"
"KGZ","","TOTAL","FEMALE","","1998","520.91"
"KGZ","","TOTAL","FEMALE","","1999","531.89"
"KGZ","","TOTAL","FEMALE","","2000","569.46"
"KGZ","","TOTAL","FEMALE","","2001","555.11"
"KGZ","","TOTAL","FEMALE","","2002","619.27"
"KGZ","","TOTAL","FEMALE","","2003","616.11"
"KGZ","","TOTAL","FEMALE","","2004","578.05"
"KGZ","","TOTAL","FEMALE","","2005","608.79"
"KGZ","","TOTAL","FEMALE","","2006","619.79"
"KGZ","","TOTAL","FEMALE","","2007","596.93"
"KGZ","","TOTAL","FEMALE","","2008","593.78"
"KGZ","","TOTAL","FEMALE","","2009","600.13"
"KGZ","","TOTAL","FEMALE","","2010","588.35"
"KGZ","","TOTAL","FEMALE","","2011","596.63"
"KGZ","","TOTAL","FEMALE","","2012","597.45"
"KGZ","","TOTAL","FEMALE","","2013","545.3"
"KGZ","","TOTAL","FEMALE","","2014","542.21"
"KGZ","","TOTAL","FEMALE","","2015","528.55"
"KGZ","","TOTAL","FEMALE","","2016","481.98"
"LTU","","TOTAL","FEMALE","","1981","492.17"
"LTU","","TOTAL","FEMALE","","1982","470.19"
"LTU","","TOTAL","FEMALE","","1985","529.67"
"LTU","","TOTAL","FEMALE","","1986","493.04"
"LTU","","TOTAL","FEMALE","","1987","502.19"
"LTU","","TOTAL","FEMALE","","1988","493.98"
"LTU","","TOTAL","FEMALE","","1989","475.4"
"LTU","","TOTAL","FEMALE","","1990","483.35"
"LTU","","TOTAL","FEMALE","","1991","469.26"
"LTU","","TOTAL","FEMALE","","1992","447.28"
"LTU","","TOTAL","FEMALE","","1993","497.2"
"LTU","","TOTAL","FEMALE","","1994","486.22"
"LTU","","TOTAL","FEMALE","","1995","498.26"
"LTU","","TOTAL","FEMALE","","1996","473.97"
"LTU","","TOTAL","FEMALE","","1997","462.93"
"LTU","","TOTAL","FEMALE","","1998","458.75"
"LTU","","TOTAL","FEMALE","","1999","434.37"
"LTU","","TOTAL","FEMALE","","2000","418.01"
"LTU","","TOTAL","FEMALE","","2001","429.96"
"LTU","","TOTAL","FEMALE","","2002","426.79"
"LTU","","TOTAL","FEMALE","","2003","412.25"
"LTU","","TOTAL","FEMALE","","2004","412.41"
"LTU","","TOTAL","FEMALE","","2005","419.72"
"LTU","","TOTAL","FEMALE","","2006","423.66"
"LTU","","TOTAL","FEMALE","","2007","403.94"
"LTU","","TOTAL","FEMALE","","2008","384.75"
"LTU","","TOTAL","FEMALE","","2009","369.79"
"LTU","","TOTAL","FEMALE","","2010","367.13"
"LTU","","TOTAL","FEMALE","","2011","346.01"
"LTU","","TOTAL","FEMALE","","2012","340.12"
"LTU","","TOTAL","FEMALE","","2013","334.95"
"LTU","","TOTAL","FEMALE","","2014","318.61"
"LTU","","TOTAL","FEMALE","","2015","328.71"
"LTU","","TOTAL","FEMALE","","2016","314.54"
"LTU","","TOTAL","FEMALE","","2017","301.49"
"LTU","","TOTAL","FEMALE","","2018","290.78"
"LTU","","TOTAL","FEMALE","","2019","271.05"
"LTU","","TOTAL","FEMALE","","2020","295.5"
"LTU","","TOTAL","FEMALE","","2021","299.27"
"LTU","","TOTAL","FEMALE","","2022","293.31"
"LUX","","TOTAL","FEMALE","","1971","489.93"
"LUX","","TOTAL","FEMALE","","1972","404.32"
"LUX","","TOTAL","FEMALE","","1973","428.32"
"LUX","","TOTAL","FEMALE","","1974","449.69"
"LUX","","TOTAL","FEMALE","","1975","446.43"
"LUX","","TOTAL","FEMALE","","1976","453.52"
"LUX","","TOTAL","FEMALE","","1977","402.21"
"LUX","","TOTAL","FEMALE","","1978","419.71"
"LUX","","TOTAL","FEMALE","","1979","420.73"
"LUX","","TOTAL","FEMALE","","1980","432.03"
"LUX","","TOTAL","FEMALE","","1981","397.85"
"LUX","","TOTAL","FEMALE","","1982","380.17"
"LUX","","TOTAL","FEMALE","","1983","402.91"
"LUX","","TOTAL","FEMALE","","1984","388.34"
"LUX","","TOTAL","FEMALE","","1985","368.93"
"LUX","","TOTAL","FEMALE","","1986","352.89"
"LUX","","TOTAL","FEMALE","","1987","360.45"
"LUX","","TOTAL","FEMALE","","1988","315.42"
"LUX","","TOTAL","FEMALE","","1989","334.93"
"LUX","","TOTAL","FEMALE","","1990","306.49"
"LUX","","TOTAL","FEMALE","","1991","271.76"
"LUX","","TOTAL","FEMALE","","1992","271.81"
"LUX","","TOTAL","FEMALE","","1993","262.88"
"LUX","","TOTAL","FEMALE","","1994","237.73"
"LUX","","TOTAL","FEMALE","","1995","223.55"
"LUX","","TOTAL","FEMALE","","1996","230.35"
"LUX","","TOTAL","FEMALE","","1997","225.03"
"LUX","","TOTAL","FEMALE","","1998","218.85"
"LUX","","TOTAL","FEMALE","","1999","200.21"
"LUX","","TOTAL","FEMALE","","2000","183.65"
"LUX","","TOTAL","FEMALE","","2001","207.18"
"LUX","","TOTAL","FEMALE","","2002","197.81"
"LUX","","TOTAL","FEMALE","","2003","209.85"
"LUX","","TOTAL","FEMALE","","2004","184.12"
"LUX","","TOTAL","FEMALE","","2005","187.19"
"LUX","","TOTAL","FEMALE","","2006","189.47"
"LUX","","TOTAL","FEMALE","","2007","174.79"
"LUX","","TOTAL","FEMALE","","2008","155.29"
"LUX","","TOTAL","FEMALE","","2009","143.29"
"LUX","","TOTAL","FEMALE","","2010","134.01"
"LUX","","TOTAL","FEMALE","","2011","134.37"
"LUX","","TOTAL","FEMALE","","2012","121.87"
"LUX","","TOTAL","FEMALE","","2013","118.61"
"LUX","","TOTAL","FEMALE","","2014","104.95"
"LUX","","TOTAL","FEMALE","","2015","102.38"
"LUX","","TOTAL","FEMALE","","2016","108.23"
"LUX","","TOTAL","FEMALE","","2017","109.16"
"LUX","","TOTAL","FEMALE","","2018","136.63"
"LUX","","TOTAL","FEMALE","","2019","88.75"
"LUX","","TOTAL","FEMALE","","2020","81.61"
"LUX","","TOTAL","FEMALE","","2021","79.32"
"LUX","","TOTAL","FEMALE","","2022","84.27"
"LVA","","TOTAL","FEMALE","","1980","608.39"
"LVA","","TOTAL","FEMALE","","1981","593.47"
"LVA","","TOTAL","FEMALE","","1982","574.73"
"LVA","","TOTAL","FEMALE","","1983","596.09"
"LVA","","TOTAL","FEMALE","","1984","613.12"
"LVA","","TOTAL","FEMALE","","1985","647.35"
"LVA","","TOTAL","FEMALE","","1986","582.47"
"LVA","","TOTAL","FEMALE","","1987","586.94"
"LVA","","TOTAL","FEMALE","","1988","574.8"
"LVA","","TOTAL","FEMALE","","1989","538.7"
"LVA","","TOTAL","FEMALE","","1990","544.98"
"LVA","","TOTAL","FEMALE","","1991","530.07"
"LVA","","TOTAL","FEMALE","","1992","521.36"
"LVA","","TOTAL","FEMALE","","1993","566.72"
"LVA","","TOTAL","FEMALE","","1994","599.46"
"LVA","","TOTAL","FEMALE","","1995","569.99"
"LVA","","TOTAL","FEMALE","","1996","502.16"
"LVA","","TOTAL","FEMALE","","1997","496.01"
"LVA","","TOTAL","FEMALE","","1998","508.07"
"LVA","","TOTAL","FEMALE","","1999","477.32"
"LVA","","TOTAL","FEMALE","","2000","470.16"
"LVA","","TOTAL","FEMALE","","2001","486.84"
"LVA","","TOTAL","FEMALE","","2002","473.69"
"LVA","","TOTAL","FEMALE","","2003","476.17"
"LVA","","TOTAL","FEMALE","","2004","454.95"
"LVA","","TOTAL","FEMALE","","2005","445.74"
"LVA","","TOTAL","FEMALE","","2006","431.79"
"LVA","","TOTAL","FEMALE","","2007","432.1"
"LVA","","TOTAL","FEMALE","","2008","381.44"
"LVA","","TOTAL","FEMALE","","2009","362.6"
"LVA","","TOTAL","FEMALE","","2010","362.3"
"LVA","","TOTAL","FEMALE","","2011","344.37"
"LVA","","TOTAL","FEMALE","","2012","353.43"
"LVA","","TOTAL","FEMALE","","2013","352.63"
"LVA","","TOTAL","FEMALE","","2014","338.01"
"LVA","","TOTAL","FEMALE","","2015","333.35"
"LVA","","TOTAL","FEMALE","","2016","323.1"
"LVA","","TOTAL","FEMALE","","2017","315.28"
"LVA","","TOTAL","FEMALE","","2018","312.61"
"LVA","","TOTAL","FEMALE","","2019","293.86"
"LVA","","TOTAL","FEMALE","","2020","297.34"
"LVA","","TOTAL","FEMALE","","2021","326.89"
"MDA","","TOTAL","FEMALE","","1981","756.8"
"MDA","","TOTAL","FEMALE","","1982","711"
"MDA","","TOTAL","FEMALE","","1985","780.81"
"MDA","","TOTAL","FEMALE","","1986","679.34"
"MDA","","TOTAL","FEMALE","","1987","668.86"
"MDA","","TOTAL","FEMALE","","1988","665.68"
"MDA","","TOTAL","FEMALE","","1989","587.29"
"MDA","","TOTAL","FEMALE","","1990","519.25"
"MDA","","TOTAL","FEMALE","","1991","531.55"
"MDA","","TOTAL","FEMALE","","1992","475.59"
"MDA","","TOTAL","FEMALE","","1993","513.73"
"MDA","","TOTAL","FEMALE","","1994","589.35"
"MDA","","TOTAL","FEMALE","","1995","658.37"
"MDA","","TOTAL","FEMALE","","1996","697.27"
"MDA","","TOTAL","FEMALE","","1997","726.53"
"MDA","","TOTAL","FEMALE","","1998","682.31"
"MDA","","TOTAL","FEMALE","","1999","719.32"
"MDA","","TOTAL","FEMALE","","2000","730.72"
"MDA","","TOTAL","FEMALE","","2001","715.05"
"MDA","","TOTAL","FEMALE","","2002","748.65"
"MDA","","TOTAL","FEMALE","","2003","758.85"
"MDA","","TOTAL","FEMALE","","2004","700.74"
"MDA","","TOTAL","FEMALE","","2005","750.2"
"MDA","","TOTAL","FEMALE","","2006","682.73"
"MDA","","TOTAL","FEMALE","","2007","656.26"
"MDA","","TOTAL","FEMALE","","2008","628.95"
"MDA","","TOTAL","FEMALE","","2009","613.16"
"MDA","","TOTAL","FEMALE","","2010","627.59"
"MDA","","TOTAL","FEMALE","","2011","570"
"MDA","","TOTAL","FEMALE","","2012","564.22"
"MDA","","TOTAL","FEMALE","","2013","536.56"
"MDA","","TOTAL","FEMALE","","2014","547.37"
"MDA","","TOTAL","FEMALE","","2015","539.26"
"MDA","","TOTAL","FEMALE","","2016","495.25"
"MDA","","TOTAL","FEMALE","","2017","479.55"
"MDA","","TOTAL","FEMALE","","2018","467.5"
"MKD","","TOTAL","FEMALE","","1991","473.5"
"MKD","","TOTAL","FEMALE","","1992","522.51"
"MKD","","TOTAL","FEMALE","","1993","495.02"
"MKD","","TOTAL","FEMALE","","1994","502.19"
"MKD","","TOTAL","FEMALE","","1995","545.92"
"MKD","","TOTAL","FEMALE","","1996","509.96"
"MKD","","TOTAL","FEMALE","","1997","531.91"
"MKD","","TOTAL","FEMALE","","1998","569.91"
"MKD","","TOTAL","FEMALE","","1999","541.93"
"MKD","","TOTAL","FEMALE","","2000","553.31"
"MKD","","TOTAL","FEMALE","","2001","524.03"
"MKD","","TOTAL","FEMALE","","2002","577.01"
"MKD","","TOTAL","FEMALE","","2003","558.3"
"MKD","","TOTAL","FEMALE","","2004","558.46"
"MKD","","TOTAL","FEMALE","","2005","565.46"
"MKD","","TOTAL","FEMALE","","2006","540.09"
"MKD","","TOTAL","FEMALE","","2007","558.66"
"MKD","","TOTAL","FEMALE","","2008","522.88"
"MKD","","TOTAL","FEMALE","","2009","512.86"
"MKD","","TOTAL","FEMALE","","2010","490.64"
"MKD","","TOTAL","FEMALE","","2011","512.29"
"MKD","","TOTAL","FEMALE","","2012","521.42"
"MKD","","TOTAL","FEMALE","","2013","463.5"
"MKD","","TOTAL","FEMALE","","2015","490.59"
"MKD","","TOTAL","FEMALE","","2016","424.79"
"MKD","","TOTAL","FEMALE","","2017","432.65"
"MKD","","TOTAL","FEMALE","","2018","396.63"
"MKD","","TOTAL","FEMALE","","2019","438.89"
"MKD","","TOTAL","FEMALE","","2020","320.3"
"MKD","","TOTAL","FEMALE","","2021","346.29"
"MLT","","TOTAL","FEMALE","","1968","597.92"
"MLT","","TOTAL","FEMALE","","1969","573.44"
"MLT","","TOTAL","FEMALE","","1970","558.02"
"MLT","","TOTAL","FEMALE","","1971","536.08"
"MLT","","TOTAL","FEMALE","","1972","506.02"
"MLT","","TOTAL","FEMALE","","1973","715.46"
"MLT","","TOTAL","FEMALE","","1974","639.43"
"MLT","","TOTAL","FEMALE","","1975","707.13"
"MLT","","TOTAL","FEMALE","","1976","723.01"
"MLT","","TOTAL","FEMALE","","1977","910.15"
"MLT","","TOTAL","FEMALE","","1978","1032.37"
"MLT","","TOTAL","FEMALE","","1979","920.48"
"MLT","","TOTAL","FEMALE","","1980","959.12"
"MLT","","TOTAL","FEMALE","","1981","1212.02"
"MLT","","TOTAL","FEMALE","","1982","525.3"
"MLT","","TOTAL","FEMALE","","1983","580.28"
"MLT","","TOTAL","FEMALE","","1984","457.25"
"MLT","","TOTAL","FEMALE","","1985","461.38"
"MLT","","TOTAL","FEMALE","","1986","536.27"
"MLT","","TOTAL","FEMALE","","1987","522.84"
"MLT","","TOTAL","FEMALE","","1988","424.15"
"MLT","","TOTAL","FEMALE","","1989","389.33"
"MLT","","TOTAL","FEMALE","","1990","382.75"
"MLT","","TOTAL","FEMALE","","1991","387.5"
"MLT","","TOTAL","FEMALE","","1992","343.4"
"MLT","","TOTAL","FEMALE","","1993","304.93"
"MLT","","TOTAL","FEMALE","","1994","294.62"
"MLT","","TOTAL","FEMALE","","1995","291.05"
"MLT","","TOTAL","FEMALE","","1996","282.15"
"MLT","","TOTAL","FEMALE","","1997","269.59"
"MLT","","TOTAL","FEMALE","","1998","271.64"
"MLT","","TOTAL","FEMALE","","1999","323.79"
"MLT","","TOTAL","FEMALE","","2000","271.34"
"MLT","","TOTAL","FEMALE","","2001","247.41"
"MLT","","TOTAL","FEMALE","","2002","244.54"
"MLT","","TOTAL","FEMALE","","2003","239.99"
"MLT","","TOTAL","FEMALE","","2004","221.84"
"MLT","","TOTAL","FEMALE","","2005","231.78"
"MLT","","TOTAL","FEMALE","","2006","216.47"
"MLT","","TOTAL","FEMALE","","2007","195.26"
"MLT","","TOTAL","FEMALE","","2008","186.13"
"MLT","","TOTAL","FEMALE","","2009","171.59"
"MLT","","TOTAL","FEMALE","","2010","167.11"
"MLT","","TOTAL","FEMALE","","2011","184.62"
"MLT","","TOTAL","FEMALE","","2012","194.12"
"MLT","","TOTAL","FEMALE","","2013","153.69"
"MLT","","TOTAL","FEMALE","","2014","147.76"
"MLT","","TOTAL","FEMALE","","2015","149.62"
"MLT","","TOTAL","FEMALE","","2016","136.43"
"MLT","","TOTAL","FEMALE","","2017","127.5"
"MNE","","TOTAL","FEMALE","","2000","454.39"
"MNE","","TOTAL","FEMALE","","2001","459.51"
"MNE","","TOTAL","FEMALE","","2002","416.11"
"MNE","","TOTAL","FEMALE","","2003","446.43"
"MNE","","TOTAL","FEMALE","","2004","432.65"
"MNE","","TOTAL","FEMALE","","2005","433.18"
"MNE","","TOTAL","FEMALE","","2006","474.32"
"MNE","","TOTAL","FEMALE","","2007","469.69"
"MNE","","TOTAL","FEMALE","","2008","409.69"
"MNE","","TOTAL","FEMALE","","2009","415.42"
"MNE","","TOTAL","FEMALE","","2017","217.38"
"MNE","","TOTAL","FEMALE","","2019","147.8"
"NLD","","TOTAL","FEMALE","","1969","360.86"
"NLD","","TOTAL","FEMALE","","1970","359.55"
"NLD","","TOTAL","FEMALE","","1971","349.03"
"NLD","","TOTAL","FEMALE","","1972","357.98"
"NLD","","TOTAL","FEMALE","","1973","332.85"
"NLD","","TOTAL","FEMALE","","1974","321.27"
"NLD","","TOTAL","FEMALE","","1975","315"
"NLD","","TOTAL","FEMALE","","1976","308.07"
"NLD","","TOTAL","FEMALE","","1977","291.2"
"NLD","","TOTAL","FEMALE","","1978","292.68"
"NLD","","TOTAL","FEMALE","","1979","278.35"
"NLD","","TOTAL","FEMALE","","1980","269.83"
"NLD","","TOTAL","FEMALE","","1981","267.62"
"NLD","","TOTAL","FEMALE","","1982","262.98"
"NLD","","TOTAL","FEMALE","","1983","253.54"
"NLD","","TOTAL","FEMALE","","1984","254.45"
"NLD","","TOTAL","FEMALE","","1985","251.17"
"NLD","","TOTAL","FEMALE","","1986","241.97"
"NLD","","TOTAL","FEMALE","","1987","225.47"
"NLD","","TOTAL","FEMALE","","1988","224.32"
"NLD","","TOTAL","FEMALE","","1989","221.11"
"NLD","","TOTAL","FEMALE","","1990","217.13"
"NLD","","TOTAL","FEMALE","","1991","216.83"
"NLD","","TOTAL","FEMALE","","1992","214.23"
"NLD","","TOTAL","FEMALE","","1993","220.46"
"NLD","","TOTAL","FEMALE","","1994","206.95"
"NLD","","TOTAL","FEMALE","","1995","204.91"
"NLD","","TOTAL","FEMALE","","1996","198.11"
"NLD","","TOTAL","FEMALE","","1997","190.37"
"NLD","","TOTAL","FEMALE","","1998","188.02"
"NLD","","TOTAL","FEMALE","","1999","185.45"
"NLD","","TOTAL","FEMALE","","2000","182.04"
"NLD","","TOTAL","FEMALE","","2001","173.67"
"NLD","","TOTAL","FEMALE","","2002","173.11"
"NLD","","TOTAL","FEMALE","","2003","165.24"
"NLD","","TOTAL","FEMALE","","2004","155.8"
"NLD","","TOTAL","FEMALE","","2005","147.72"
"NLD","","TOTAL","FEMALE","","2006","138.56"
"NLD","","TOTAL","FEMALE","","2007","134.05"
"NLD","","TOTAL","FEMALE","","2008","128.66"
"NLD","","TOTAL","FEMALE","","2009","121.34"
"NLD","","TOTAL","FEMALE","","2010","119.2"
"NLD","","TOTAL","FEMALE","","2011","113.37"
"NLD","","TOTAL","FEMALE","","2012","111.93"
"NLD","","TOTAL","FEMALE","","2013","109.14"
"NLD","","TOTAL","FEMALE","","2014","105.85"
"NLD","","TOTAL","FEMALE","","2015","106.39"
"NLD","","TOTAL","FEMALE","","2016","103.21"
"NLD","","TOTAL","FEMALE","","2017","99.19"
"NLD","","TOTAL","FEMALE","","2018","90.69"
"NLD","","TOTAL","FEMALE","","2019","81.68"
"NLD","","TOTAL","FEMALE","","2020","82.19"
"NLD","","TOTAL","FEMALE","","2021","85.99"
"NLD","","TOTAL","FEMALE","","2022","88.26"
"NOR","","TOTAL","FEMALE","","1969","364.99"
"NOR","","TOTAL","FEMALE","","1970","358.86"
"NOR","","TOTAL","FEMALE","","1971","362.69"
"NOR","","TOTAL","FEMALE","","1972","355.67"
"NOR","","TOTAL","FEMALE","","1973","348.18"
"NOR","","TOTAL","FEMALE","","1974","346.69"
"NOR","","TOTAL","FEMALE","","1975","325.87"
"NOR","","TOTAL","FEMALE","","1976","318.64"
"NOR","","TOTAL","FEMALE","","1977","303.9"
"NOR","","TOTAL","FEMALE","","1978","303.26"
"NOR","","TOTAL","FEMALE","","1979","296.43"
"NOR","","TOTAL","FEMALE","","1980","287.5"
"NOR","","TOTAL","FEMALE","","1981","288.19"
"NOR","","TOTAL","FEMALE","","1982","273.94"
"NOR","","TOTAL","FEMALE","","1983","273.1"
"NOR","","TOTAL","FEMALE","","1984","264.39"
"NOR","","TOTAL","FEMALE","","1985","268"
"NOR","","TOTAL","FEMALE","","1986","258.53"
"NOR","","TOTAL","FEMALE","","1987","258.16"
"NOR","","TOTAL","FEMALE","","1988","256.05"
"NOR","","TOTAL","FEMALE","","1989","251.7"
"NOR","","TOTAL","FEMALE","","1990","251.93"
"NOR","","TOTAL","FEMALE","","1991","240.72"
"NOR","","TOTAL","FEMALE","","1992","235.72"
"NOR","","TOTAL","FEMALE","","1993","235.38"
"NOR","","TOTAL","FEMALE","","1994","219.09"
"NOR","","TOTAL","FEMALE","","1995","217.2"
"NOR","","TOTAL","FEMALE","","1996","208.47"
"NOR","","TOTAL","FEMALE","","1997","206.62"
"NOR","","TOTAL","FEMALE","","1998","202.22"
"NOR","","TOTAL","FEMALE","","1999","202.25"
"NOR","","TOTAL","FEMALE","","2000","190.13"
"NOR","","TOTAL","FEMALE","","2001","181.62"
"NOR","","TOTAL","FEMALE","","2002","178.73"
"NOR","","TOTAL","FEMALE","","2003","169.13"
"NOR","","TOTAL","FEMALE","","2004","159.2"
"NOR","","TOTAL","FEMALE","","2005","140.53"
"NOR","","TOTAL","FEMALE","","2006","144.31"
"NOR","","TOTAL","FEMALE","","2007","138.08"
"NOR","","TOTAL","FEMALE","","2008","129.76"
"NOR","","TOTAL","FEMALE","","2009","124.22"
"NOR","","TOTAL","FEMALE","","2010","119.41"
"NOR","","TOTAL","FEMALE","","2011","116.41"
"NOR","","TOTAL","FEMALE","","2012","117.22"
"NOR","","TOTAL","FEMALE","","2013","107.05"
"NOR","","TOTAL","FEMALE","","2014","102.66"
"NOR","","TOTAL","FEMALE","","2015","100.69"
"NOR","","TOTAL","FEMALE","","2016","94.93"
"","NORDIC","TOTAL","FEMALE","","1969","436.22"
"","NORDIC","TOTAL","FEMALE","","1970","412.2"
"","NORDIC","TOTAL","FEMALE","","1971","414.09"
"","NORDIC","TOTAL","FEMALE","","1972","402.82"
"","NORDIC","TOTAL","FEMALE","","1973","388.69"
"","NORDIC","TOTAL","FEMALE","","1974","381.52"
"","NORDIC","TOTAL","FEMALE","","1975","368.66"
"","NORDIC","TOTAL","FEMALE","","1976","364.96"
"","NORDIC","TOTAL","FEMALE","","1977","338.84"
"","NORDIC","TOTAL","FEMALE","","1978","340.07"
"","NORDIC","TOTAL","FEMALE","","1979","334.42"
"","NORDIC","TOTAL","FEMALE","","1980","327.64"
"","NORDIC","TOTAL","FEMALE","","1981","329.23"
"","NORDIC","TOTAL","FEMALE","","1982","312.34"
"","NORDIC","TOTAL","FEMALE","","1983","307.36"
"","NORDIC","TOTAL","FEMALE","","1984","299.5"
"","NORDIC","TOTAL","FEMALE","","1985","302.57"
"","NORDIC","TOTAL","FEMALE","","1986","295.19"
"","NORDIC","TOTAL","FEMALE","","1987","286.51"
"","NORDIC","TOTAL","FEMALE","","1988","283.89"
"","NORDIC","TOTAL","FEMALE","","1989","270.34"
"","NORDIC","TOTAL","FEMALE","","1990","272.41"
"","NORDIC","TOTAL","FEMALE","","1991","261.74"
"","NORDIC","TOTAL","FEMALE","","1992","256.13"
"","NORDIC","TOTAL","FEMALE","","1993","258.28"
"","NORDIC","TOTAL","FEMALE","","1994","236.15"
"","NORDIC","TOTAL","FEMALE","","1995","235.65"
"","NORDIC","TOTAL","FEMALE","","1996","221.96"
"","NORDIC","TOTAL","FEMALE","","1997","214.72"
"","NORDIC","TOTAL","FEMALE","","1998","208.89"
"","NORDIC","TOTAL","FEMALE","","1999","208.8"
"","NORDIC","TOTAL","FEMALE","","2000","200.52"
"","NORDIC","TOTAL","FEMALE","","2001","194.32"
"","NORDIC","TOTAL","FEMALE","","2002","193.17"
"","NORDIC","TOTAL","FEMALE","","2003","183.76"
"","NORDIC","TOTAL","FEMALE","","2004","171.25"
"","NORDIC","TOTAL","FEMALE","","2005","161.28"
"","NORDIC","TOTAL","FEMALE","","2006","159.2"
"","NORDIC","TOTAL","FEMALE","","2007","152.84"
"","NORDIC","TOTAL","FEMALE","","2008","146.55"
"","NORDIC","TOTAL","FEMALE","","2009","140.81"
"","NORDIC","TOTAL","FEMALE","","2010","136.93"
"","NORDIC","TOTAL","FEMALE","","2011","129.95"
"","NORDIC","TOTAL","FEMALE","","2012","129.46"
"","NORDIC","TOTAL","FEMALE","","2013","122.14"
"","NORDIC","TOTAL","FEMALE","","2014","116.7"
"","NORDIC","TOTAL","FEMALE","","2015","115.2"
"","NORDIC","TOTAL","FEMALE","","2016","111.43"
"","NORDIC","TOTAL","FEMALE","","2017","107.59"
"","NORDIC","TOTAL","FEMALE","","2018","104.42"
"","NORDIC","TOTAL","FEMALE","","2019","98.43"
"","NORDIC","TOTAL","FEMALE","","2020","96.39"
"","NORDIC","TOTAL","FEMALE","","2021","94.76"
"POL","","TOTAL","FEMALE","","1969","388.22"
"POL","","TOTAL","FEMALE","","1970","427.02"
"POL","","TOTAL","FEMALE","","1971","410.25"
"POL","","TOTAL","FEMALE","","1972","396.17"
"POL","","TOTAL","FEMALE","","1973","410.88"
"POL","","TOTAL","FEMALE","","1974","401.42"
"POL","","TOTAL","FEMALE","","1975","407.37"
"POL","","TOTAL","FEMALE","","1976","415.94"
"POL","","TOTAL","FEMALE","","1977","415.15"
"POL","","TOTAL","FEMALE","","1978","424.62"
"POL","","TOTAL","FEMALE","","1979","417.16"
"POL","","TOTAL","FEMALE","","1980","463.84"
"POL","","TOTAL","FEMALE","","1981","424.79"
"POL","","TOTAL","FEMALE","","1982","435.05"
"POL","","TOTAL","FEMALE","","1983","451.09"
"POL","","TOTAL","FEMALE","","1984","470.28"
"POL","","TOTAL","FEMALE","","1985","494.17"
"POL","","TOTAL","FEMALE","","1986","477.27"
"POL","","TOTAL","FEMALE","","1987","483.81"
"POL","","TOTAL","FEMALE","","1988","458"
"POL","","TOTAL","FEMALE","","1989","465.29"
"POL","","TOTAL","FEMALE","","1990","462.18"
"POL","","TOTAL","FEMALE","","1991","475.98"
"POL","","TOTAL","FEMALE","","1992","458.87"
"POL","","TOTAL","FEMALE","","1993","451.71"
"POL","","TOTAL","FEMALE","","1994","436.8"
"POL","","TOTAL","FEMALE","","1995","421.16"
"POL","","TOTAL","FEMALE","","1996","419.51"
"POL","","TOTAL","FEMALE","","1999","374.18"
"POL","","TOTAL","FEMALE","","2000","353.41"
"POL","","TOTAL","FEMALE","","2001","343.64"
"POL","","TOTAL","FEMALE","","2002","328.75"
"POL","","TOTAL","FEMALE","","2003","330.93"
"POL","","TOTAL","FEMALE","","2004","314.23"
"POL","","TOTAL","FEMALE","","2005","304.06"
"POL","","TOTAL","FEMALE","","2006","291.87"
"POL","","TOTAL","FEMALE","","2007","285.4"
"POL","","TOTAL","FEMALE","","2008","277.17"
"POL","","TOTAL","FEMALE","","2009","275.88"
"POL","","TOTAL","FEMALE","","2010","258.79"
"POL","","TOTAL","FEMALE","","2011","244.64"
"POL","","TOTAL","FEMALE","","2012","248.05"
"POL","","TOTAL","FEMALE","","2013","242.11"
"POL","","TOTAL","FEMALE","","2014","224.5"
"POL","","TOTAL","FEMALE","","2015","232.49"
"POL","","TOTAL","FEMALE","","2016","209.92"
"POL","","TOTAL","FEMALE","","2017","204.84"
"POL","","TOTAL","FEMALE","","2018","198.77"
"POL","","TOTAL","FEMALE","","2019","188.82"
"POL","","TOTAL","FEMALE","","2020","198.42"
"POL","","TOTAL","FEMALE","","2021","207.64"
"PRT","","TOTAL","FEMALE","","1971","449.37"
"PRT","","TOTAL","FEMALE","","1972","431.27"
"PRT","","TOTAL","FEMALE","","1973","459.11"
"PRT","","TOTAL","FEMALE","","1974","472.98"
"PRT","","TOTAL","FEMALE","","1975","428.74"
"PRT","","TOTAL","FEMALE","","1976","448.74"
"PRT","","TOTAL","FEMALE","","1977","432.79"
"PRT","","TOTAL","FEMALE","","1978","444.69"
"PRT","","TOTAL","FEMALE","","1979","437.78"
"PRT","","TOTAL","FEMALE","","1980","418.48"
"PRT","","TOTAL","FEMALE","","1981","389.19"
"PRT","","TOTAL","FEMALE","","1982","365.67"
"PRT","","TOTAL","FEMALE","","1983","378.71"
"PRT","","TOTAL","FEMALE","","1984","375.42"
"PRT","","TOTAL","FEMALE","","1985","368.13"
"PRT","","TOTAL","FEMALE","","1986","347.92"
"PRT","","TOTAL","FEMALE","","1987","343.93"
"PRT","","TOTAL","FEMALE","","1988","339.34"
"PRT","","TOTAL","FEMALE","","1989","317.59"
"PRT","","TOTAL","FEMALE","","1990","337.73"
"PRT","","TOTAL","FEMALE","","1991","335.09"
"PRT","","TOTAL","FEMALE","","1992","309.65"
"PRT","","TOTAL","FEMALE","","1993","315.04"
"PRT","","TOTAL","FEMALE","","1994","287.35"
"PRT","","TOTAL","FEMALE","","1995","285.33"
"PRT","","TOTAL","FEMALE","","1996","282.33"
"PRT","","TOTAL","FEMALE","","1997","261.85"
"PRT","","TOTAL","FEMALE","","1998","252.8"
"PRT","","TOTAL","FEMALE","","1999","244.86"
"PRT","","TOTAL","FEMALE","","2000","228.01"
"PRT","","TOTAL","FEMALE","","2001","219.97"
"PRT","","TOTAL","FEMALE","","2002","215.61"
"PRT","","TOTAL","FEMALE","","2003","214.44"
"PRT","","TOTAL","FEMALE","","2004","187.77"
"PRT","","TOTAL","FEMALE","","2007","159.45"
"PRT","","TOTAL","FEMALE","","2008","153.83"
"PRT","","TOTAL","FEMALE","","2009","146.86"
"PRT","","TOTAL","FEMALE","","2010","143.28"
"PRT","","TOTAL","FEMALE","","2011","128.62"
"PRT","","TOTAL","FEMALE","","2012","128.57"
"PRT","","TOTAL","FEMALE","","2013","119.77"
"PRT","","TOTAL","FEMALE","","2014","119.37"
"PRT","","TOTAL","FEMALE","","2015","117.34"
"PRT","","TOTAL","FEMALE","","2016","115.1"
"PRT","","TOTAL","FEMALE","","2017","110.79"
"PRT","","TOTAL","FEMALE","","2018","109.21"
"ROU","","TOTAL","FEMALE","","1969","669.24"
"ROU","","TOTAL","FEMALE","","1970","638.89"
"ROU","","TOTAL","FEMALE","","1971","635.31"
"ROU","","TOTAL","FEMALE","","1972","631.12"
"ROU","","TOTAL","FEMALE","","1973","672.53"
"ROU","","TOTAL","FEMALE","","1974","598.15"
"ROU","","TOTAL","FEMALE","","1975","606.58"
"ROU","","TOTAL","FEMALE","","1976","638.78"
"ROU","","TOTAL","FEMALE","","1977","751.83"
"ROU","","TOTAL","FEMALE","","1978","640.53"
"ROU","","TOTAL","FEMALE","","1980","719.3"
"ROU","","TOTAL","FEMALE","","1981","670.68"
"ROU","","TOTAL","FEMALE","","1982","676.28"
"ROU","","TOTAL","FEMALE","","1983","718.86"
"ROU","","TOTAL","FEMALE","","1984","707.91"
"ROU","","TOTAL","FEMALE","","1985","717.56"
"ROU","","TOTAL","FEMALE","","1986","673.43"
"ROU","","TOTAL","FEMALE","","1987","711.31"
"ROU","","TOTAL","FEMALE","","1988","696.75"
"ROU","","TOTAL","FEMALE","","1989","662.23"
"ROU","","TOTAL","FEMALE","","1990","645.14"
"ROU","","TOTAL","FEMALE","","1991","658.79"
"ROU","","TOTAL","FEMALE","","1992","659.63"
"ROU","","TOTAL","FEMALE","","1993","654.33"
"ROU","","TOTAL","FEMALE","","1994","637.73"
"ROU","","TOTAL","FEMALE","","1995","641.07"
"ROU","","TOTAL","FEMALE","","1996","684.29"
"ROU","","TOTAL","FEMALE","","1997","645.1"
"ROU","","TOTAL","FEMALE","","1998","628.87"
"ROU","","TOTAL","FEMALE","","1999","625.16"
"ROU","","TOTAL","FEMALE","","2000","580.96"
"ROU","","TOTAL","FEMALE","","2001","572.5"
"ROU","","TOTAL","FEMALE","","2002","600.97"
"ROU","","TOTAL","FEMALE","","2003","591.96"
"ROU","","TOTAL","FEMALE","","2004","558.08"
"ROU","","TOTAL","FEMALE","","2005","557.11"
"ROU","","TOTAL","FEMALE","","2006","531"
"ROU","","TOTAL","FEMALE","","2007","492.97"
"ROU","","TOTAL","FEMALE","","2008","472.22"
"ROU","","TOTAL","FEMALE","","2009","461.9"
"ROU","","TOTAL","FEMALE","","2010","453.92"
"ROU","","TOTAL","FEMALE","","2011","432.38"
"ROU","","TOTAL","FEMALE","","2012","420.47"
"ROU","","TOTAL","FEMALE","","2013","392"
"ROU","","TOTAL","FEMALE","","2014","385.78"
"ROU","","TOTAL","FEMALE","","2015","387.09"
"ROU","","TOTAL","FEMALE","","2016","367.32"
"ROU","","TOTAL","FEMALE","","2017","364.01"
"ROU","","TOTAL","FEMALE","","2018","355.06"
"ROU","","TOTAL","FEMALE","","2019","337.29"
"RUS","","TOTAL","FEMALE","","1980","610.26"
"RUS","","TOTAL","FEMALE","","1981","595.62"
"RUS","","TOTAL","FEMALE","","1982","577.34"
"RUS","","TOTAL","FEMALE","","1983","597.84"
"RUS","","TOTAL","FEMALE","","1984","634.73"
"RUS","","TOTAL","FEMALE","","1985","633.74"
"RUS","","TOTAL","FEMALE","","1986","588.49"
"RUS","","TOTAL","FEMALE","","1987","593.1"
"RUS","","TOTAL","FEMALE","","1988","592.42"
"RUS","","TOTAL","FEMALE","","1989","562.44"
"RUS","","TOTAL","FEMALE","","1990","560.97"
"RUS","","TOTAL","FEMALE","","1991","548.71"
"RUS","","TOTAL","FEMALE","","1992","555.94"
"RUS","","TOTAL","FEMALE","","1993","634.9"
"RUS","","TOTAL","FEMALE","","1994","670.45"
"RUS","","TOTAL","FEMALE","","1995","633.05"
"RUS","","TOTAL","FEMALE","","1996","605.84"
"RUS","","TOTAL","FEMALE","","1997","597.05"
"RUS","","TOTAL","FEMALE","","1998","585.15"
"RUS","","TOTAL","FEMALE","","1999","621.34"
"RUS","","TOTAL","FEMALE","","2000","628.48"
"RUS","","TOTAL","FEMALE","","2001","632.17"
"RUS","","TOTAL","FEMALE","","2002","649.38"
"RUS","","TOTAL","FEMALE","","2003","672.37"
"RUS","","TOTAL","FEMALE","","2004","639.22"
"RUS","","TOTAL","FEMALE","","2005","639.34"
"RUS","","TOTAL","FEMALE","","2006","605.72"
"RUS","","TOTAL","FEMALE","","2007","570.53"
"RUS","","TOTAL","FEMALE","","2008","557.98"
"RUS","","TOTAL","FEMALE","","2009","524.53"
"RUS","","TOTAL","FEMALE","","2010","516.75"
"RUS","","TOTAL","FEMALE","","2011","469.28"
"RUS","","TOTAL","FEMALE","","2012","448.42"
"RUS","","TOTAL","FEMALE","","2013","417.57"
"RUS","","TOTAL","FEMALE","","2014","390.17"
"RUS","","TOTAL","FEMALE","","2015","364.99"
"RUS","","TOTAL","FEMALE","","2019","306.83"
"","SEEHN","TOTAL","FEMALE","","1985","618.85"
"","SEEHN","TOTAL","FEMALE","","1986","593.39"
"","SEEHN","TOTAL","FEMALE","","1987","606.27"
"","SEEHN","TOTAL","FEMALE","","1988","598.04"
"","SEEHN","TOTAL","FEMALE","","1989","577.29"
"","SEEHN","TOTAL","FEMALE","","1990","557.68"
"","SEEHN","TOTAL","FEMALE","","1991","563.48"
"","SEEHN","TOTAL","FEMALE","","1992","553.33"
"","SEEHN","TOTAL","FEMALE","","1993","552.97"
"","SEEHN","TOTAL","FEMALE","","1994","550.33"
"","SEEHN","TOTAL","FEMALE","","1995","562.41"
"","SEEHN","TOTAL","FEMALE","","1996","578.95"
"","SEEHN","TOTAL","FEMALE","","1997","567.78"
"","SEEHN","TOTAL","FEMALE","","1998","561.7"
"","SEEHN","TOTAL","FEMALE","","1999","544.13"
"","SEEHN","TOTAL","FEMALE","","2000","531.46"
"","SEEHN","TOTAL","FEMALE","","2001","508.17"
"","SEEHN","TOTAL","FEMALE","","2002","525.57"
"","SEEHN","TOTAL","FEMALE","","2003","519.79"
"","SEEHN","TOTAL","FEMALE","","2004","492.48"
"","SEEHN","TOTAL","FEMALE","","2005","494.41"
"","SEEHN","TOTAL","FEMALE","","2006","470.71"
"","SEEHN","TOTAL","FEMALE","","2007","446.63"
"","SEEHN","TOTAL","FEMALE","","2008","428.86"
"","SEEHN","TOTAL","FEMALE","","2009","417.25"
"","SEEHN","TOTAL","FEMALE","","2010","411.98"
"","SEEHN","TOTAL","FEMALE","","2011","395.8"
"","SEEHN","TOTAL","FEMALE","","2012","384.01"
"","SEEHN","TOTAL","FEMALE","","2013","359.18"
"","SEEHN","TOTAL","FEMALE","","2014","357.98"
"","SEEHN","TOTAL","FEMALE","","2015","357.85"
"","SEEHN","TOTAL","FEMALE","","2016","340.61"
"","SEEHN","TOTAL","FEMALE","","2017","336.53"
"","SEEHN","TOTAL","FEMALE","","2018","323.29"
"","SEEHN","TOTAL","FEMALE","","2019","310.47"
"","SEEHN","TOTAL","FEMALE","","2021","313.81"
"","SMALL","TOTAL","FEMALE","","1995","282.47"
"","SMALL","TOTAL","FEMALE","","1996","281.08"
"","SMALL","TOTAL","FEMALE","","1997","277.3"
"","SMALL","TOTAL","FEMALE","","1998","275.27"
"","SMALL","TOTAL","FEMALE","","1999","282.14"
"","SMALL","TOTAL","FEMALE","","2000","266.09"
"","SMALL","TOTAL","FEMALE","","2001","263.63"
"","SMALL","TOTAL","FEMALE","","2002","251.18"
"","SMALL","TOTAL","FEMALE","","2003","259.2"
"","SMALL","TOTAL","FEMALE","","2004","246.44"
"","SMALL","TOTAL","FEMALE","","2005","251.9"
"","SMALL","TOTAL","FEMALE","","2006","256.25"
"","SMALL","TOTAL","FEMALE","","2007","242"
"","SMALL","TOTAL","FEMALE","","2008","221.66"
"","SMALL","TOTAL","FEMALE","","2009","211.93"
"","SMALL","TOTAL","FEMALE","","2010","199.54"
"","SMALL","TOTAL","FEMALE","","2011","203.47"
"","SMALL","TOTAL","FEMALE","","2012","192.01"
"","SMALL","TOTAL","FEMALE","","2013","171.25"
"","SMALL","TOTAL","FEMALE","","2014","162.36"
"","SMALL","TOTAL","FEMALE","","2015","162.26"
"","SMALL","TOTAL","FEMALE","","2016","145.27"
"","SMALL","TOTAL","FEMALE","","2017","139.72"
"","SMALL","TOTAL","FEMALE","","2019","112.54"
"SMR","","TOTAL","FEMALE","","1995","165.2"
"SMR","","TOTAL","FEMALE","","1996","174.89"
"SMR","","TOTAL","FEMALE","","1997","179.47"
"SMR","","TOTAL","FEMALE","","1998","193.52"
"SMR","","TOTAL","FEMALE","","1999","241.7"
"SMR","","TOTAL","FEMALE","","2000","147.33"
"SMR","","TOTAL","FEMALE","","2005","155.55"
"SRB","","TOTAL","FEMALE","","1998","608.88"
"SRB","","TOTAL","FEMALE","","1999","604.72"
"SRB","","TOTAL","FEMALE","","2000","591.98"
"SRB","","TOTAL","FEMALE","","2001","545.5"
"SRB","","TOTAL","FEMALE","","2002","562.32"
"SRB","","TOTAL","FEMALE","","2003","557.3"
"SRB","","TOTAL","FEMALE","","2004","528.03"
"SRB","","TOTAL","FEMALE","","2005","544.75"
"SRB","","TOTAL","FEMALE","","2006","507.31"
"SRB","","TOTAL","FEMALE","","2007","487.41"
"SRB","","TOTAL","FEMALE","","2008","472.97"
"SRB","","TOTAL","FEMALE","","2009","455.19"
"SRB","","TOTAL","FEMALE","","2010","440.56"
"SRB","","TOTAL","FEMALE","","2011","435.69"
"SRB","","TOTAL","FEMALE","","2012","423.07"
"SRB","","TOTAL","FEMALE","","2013","398.3"
"SRB","","TOTAL","FEMALE","","2014","395.18"
"SRB","","TOTAL","FEMALE","","2015","391.62"
"SRB","","TOTAL","FEMALE","","2016","366.69"
"SRB","","TOTAL","FEMALE","","2017","374.53"
"SRB","","TOTAL","FEMALE","","2018","357.75"
"SRB","","TOTAL","FEMALE","","2019","328.2"
"SRB","","TOTAL","FEMALE","","2020","340.82"
"SRB","","TOTAL","FEMALE","","2021","347.38"
"SRB","","TOTAL","FEMALE","","2022","351.45"
"SVK","","TOTAL","FEMALE","","1992","422.51"
"SVK","","TOTAL","FEMALE","","1993","422.63"
"SVK","","TOTAL","FEMALE","","1994","459.74"
"SVK","","TOTAL","FEMALE","","1995","472.62"
"SVK","","TOTAL","FEMALE","","1996","446.72"
"SVK","","TOTAL","FEMALE","","1997","450.65"
"SVK","","TOTAL","FEMALE","","1998","467.86"
"SVK","","TOTAL","FEMALE","","1999","442"
"SVK","","TOTAL","FEMALE","","2000","438.69"
"SVK","","TOTAL","FEMALE","","2001","444.44"
"SVK","","TOTAL","FEMALE","","2002","428.06"
"SVK","","TOTAL","FEMALE","","2003","430.19"
"SVK","","TOTAL","FEMALE","","2004","416.45"
"SVK","","TOTAL","FEMALE","","2005","420.61"
"SVK","","TOTAL","FEMALE","","2006","408.28"
"SVK","","TOTAL","FEMALE","","2007","394.97"
"SVK","","TOTAL","FEMALE","","2008","373.25"
"SVK","","TOTAL","FEMALE","","2009","364.12"
"SVK","","TOTAL","FEMALE","","2010","360.25"
"SVK","","TOTAL","FEMALE","","2012","284.63"
"SVK","","TOTAL","FEMALE","","2013","281.02"
"SVK","","TOTAL","FEMALE","","2014","258.18"
"SVK","","TOTAL","FEMALE","","2016","247.3"
"SVK","","TOTAL","FEMALE","","2017","255.4"
"SVK","","TOTAL","FEMALE","","2018","236.69"
"SVK","","TOTAL","FEMALE","","2019","223.17"
"SVK","","TOTAL","FEMALE","","2020","236.56"
"SVK","","TOTAL","FEMALE","","2021","255.79"
"SVN","","TOTAL","FEMALE","","1985","444.05"
"SVN","","TOTAL","FEMALE","","1986","422.99"
"SVN","","TOTAL","FEMALE","","1987","413.57"
"SVN","","TOTAL","FEMALE","","1988","392.77"
"SVN","","TOTAL","FEMALE","","1989","352.72"
"SVN","","TOTAL","FEMALE","","1990","366.32"
"SVN","","TOTAL","FEMALE","","1991","374.81"
"SVN","","TOTAL","FEMALE","","1992","337.28"
"SVN","","TOTAL","FEMALE","","1993","361.01"
"SVN","","TOTAL","FEMALE","","1994","339.8"
"SVN","","TOTAL","FEMALE","","1995","304.07"
"SVN","","TOTAL","FEMALE","","1996","301.22"
"SVN","","TOTAL","FEMALE","","1997","272.57"
"SVN","","TOTAL","FEMALE","","1998","284.57"
"SVN","","TOTAL","FEMALE","","1999","268.93"
"SVN","","TOTAL","FEMALE","","2000","251.22"
"SVN","","TOTAL","FEMALE","","2001","239.15"
"SVN","","TOTAL","FEMALE","","2002","234.83"
"SVN","","TOTAL","FEMALE","","2003","236.09"
"SVN","","TOTAL","FEMALE","","2004","222.64"
"SVN","","TOTAL","FEMALE","","2005","235.12"
"SVN","","TOTAL","FEMALE","","2006","212.47"
"SVN","","TOTAL","FEMALE","","2007","210.62"
"SVN","","TOTAL","FEMALE","","2008","191.47"
"SVN","","TOTAL","FEMALE","","2009","192.47"
"SVN","","TOTAL","FEMALE","","2010","178.05"
"SVN","","TOTAL","FEMALE","","2011","171.49"
"SVN","","TOTAL","FEMALE","","2012","174.55"
"SVN","","TOTAL","FEMALE","","2013","164"
"SVN","","TOTAL","FEMALE","","2014","167.66"
"SVN","","TOTAL","FEMALE","","2015","167.26"
"SVN","","TOTAL","FEMALE","","2016","156.56"
"SVN","","TOTAL","FEMALE","","2017","153.09"
"SVN","","TOTAL","FEMALE","","2018","145.97"
"SVN","","TOTAL","FEMALE","","2019","144.36"
"SVN","","TOTAL","FEMALE","","2020","138.32"
"SWE","","TOTAL","FEMALE","","1969","401.88"
"SWE","","TOTAL","FEMALE","","1970","374.38"
"SWE","","TOTAL","FEMALE","","1971","382.03"
"SWE","","TOTAL","FEMALE","","1972","372.11"
"SWE","","TOTAL","FEMALE","","1973","362.07"
"SWE","","TOTAL","FEMALE","","1974","350.72"
"SWE","","TOTAL","FEMALE","","1975","353.73"
"SWE","","TOTAL","FEMALE","","1976","348.61"
"SWE","","TOTAL","FEMALE","","1977","329.05"
"SWE","","TOTAL","FEMALE","","1978","329"
"SWE","","TOTAL","FEMALE","","1979","326.41"
"SWE","","TOTAL","FEMALE","","1980","323.79"
"SWE","","TOTAL","FEMALE","","1981","326.14"
"SWE","","TOTAL","FEMALE","","1982","314.24"
"SWE","","TOTAL","FEMALE","","1983","302.73"
"SWE","","TOTAL","FEMALE","","1984","295.41"
"SWE","","TOTAL","FEMALE","","1985","294.96"
"SWE","","TOTAL","FEMALE","","1986","287.72"
"SWE","","TOTAL","FEMALE","","1987","274.51"
"SWE","","TOTAL","FEMALE","","1988","274.87"
"SWE","","TOTAL","FEMALE","","1989","251.91"
"SWE","","TOTAL","FEMALE","","1990","255.82"
"SWE","","TOTAL","FEMALE","","1991","248.45"
"SWE","","TOTAL","FEMALE","","1992","243.67"
"SWE","","TOTAL","FEMALE","","1993","241.86"
"SWE","","TOTAL","FEMALE","","1994","222.35"
"SWE","","TOTAL","FEMALE","","1995","220.5"
"SWE","","TOTAL","FEMALE","","1996","217.4"
"SWE","","TOTAL","FEMALE","","1997","209.9"
"SWE","","TOTAL","FEMALE","","1998","206.89"
"SWE","","TOTAL","FEMALE","","1999","205.14"
"SWE","","TOTAL","FEMALE","","2000","197.26"
"SWE","","TOTAL","FEMALE","","2001","193.88"
"SWE","","TOTAL","FEMALE","","2002","192.28"
"SWE","","TOTAL","FEMALE","","2003","183.45"
"SWE","","TOTAL","FEMALE","","2004","171.7"
"SWE","","TOTAL","FEMALE","","2005","163.4"
"SWE","","TOTAL","FEMALE","","2006","162.87"
"SWE","","TOTAL","FEMALE","","2007","158.6"
"SWE","","TOTAL","FEMALE","","2008","154.43"
"SWE","","TOTAL","FEMALE","","2009","147.79"
"SWE","","TOTAL","FEMALE","","2010","144.88"
"SWE","","TOTAL","FEMALE","","2011","139.3"
"SWE","","TOTAL","FEMALE","","2012","139.23"
"SWE","","TOTAL","FEMALE","","2013","134.04"
"SWE","","TOTAL","FEMALE","","2014","127.06"
"SWE","","TOTAL","FEMALE","","2015","124.32"
"SWE","","TOTAL","FEMALE","","2016","121.31"
"SWE","","TOTAL","FEMALE","","2017","117.13"
"SWE","","TOTAL","FEMALE","","2018","113.45"
"SWE","","TOTAL","FEMALE","","2019","103.61"
"SWE","","TOTAL","FEMALE","","2020","101.5"
"SWE","","TOTAL","FEMALE","","2021","97.2"
"SWE","","TOTAL","FEMALE","","2022","98.71"
"TJK","","TOTAL","FEMALE","","1981","433.39"
"TJK","","TOTAL","FEMALE","","1982","431.78"
"TJK","","TOTAL","FEMALE","","1985","408.9"
"TJK","","TOTAL","FEMALE","","1986","399.75"
"TJK","","TOTAL","FEMALE","","1987","419.07"
"TJK","","TOTAL","FEMALE","","1988","461.04"
"TJK","","TOTAL","FEMALE","","1989","461.14"
"TJK","","TOTAL","FEMALE","","1990","432.18"
"TJK","","TOTAL","FEMALE","","1991","426.16"
"TJK","","TOTAL","FEMALE","","1992","464.48"
"TJK","","TOTAL","FEMALE","","1993","537.85"
"TJK","","TOTAL","FEMALE","","1994","583.65"
"TJK","","TOTAL","FEMALE","","1995","519.31"
"TJK","","TOTAL","FEMALE","","1996","543.13"
"TJK","","TOTAL","FEMALE","","1997","503.98"
"TJK","","TOTAL","FEMALE","","1998","516.03"
"TJK","","TOTAL","FEMALE","","1999","543.2"
"TJK","","TOTAL","FEMALE","","2000","487.6"
"TJK","","TOTAL","FEMALE","","2001","505.22"
"TJK","","TOTAL","FEMALE","","2002","560.06"
"TJK","","TOTAL","FEMALE","","2003","539.45"
"TJK","","TOTAL","FEMALE","","2004","503.86"
"TJK","","TOTAL","FEMALE","","2005","486.42"
"TJK","","TOTAL","FEMALE","","2017","444.03"
"TKM","","TOTAL","FEMALE","","1981","578.95"
"TKM","","TOTAL","FEMALE","","1982","583.72"
"TKM","","TOTAL","FEMALE","","1985","603.07"
"TKM","","TOTAL","FEMALE","","1986","617.02"
"TKM","","TOTAL","FEMALE","","1987","599.31"
"TKM","","TOTAL","FEMALE","","1988","614.2"
"TKM","","TOTAL","FEMALE","","1989","633.64"
"TKM","","TOTAL","FEMALE","","1990","587.7"
"TKM","","TOTAL","FEMALE","","1991","698.98"
"TKM","","TOTAL","FEMALE","","1992","730.11"
"TKM","","TOTAL","FEMALE","","1993","840.24"
"TKM","","TOTAL","FEMALE","","1994","975.89"
"TKM","","TOTAL","FEMALE","","1995","758.46"
"TKM","","TOTAL","FEMALE","","1996","790.16"
"TKM","","TOTAL","FEMALE","","1997","734.6"
"TKM","","TOTAL","FEMALE","","1998","716.95"
"TKM","","TOTAL","FEMALE","","1999","709.82"
"TKM","","TOTAL","FEMALE","","2000","735.3"
"TKM","","TOTAL","FEMALE","","2001","675.95"
"TKM","","TOTAL","FEMALE","","2002","722.06"
"TKM","","TOTAL","FEMALE","","2003","717.85"
"TKM","","TOTAL","FEMALE","","2004","694.18"
"TKM","","TOTAL","FEMALE","","2005","727.39"
"TKM","","TOTAL","FEMALE","","2006","659.49"
"TKM","","TOTAL","FEMALE","","2007","634.21"
"TKM","","TOTAL","FEMALE","","2008","615.78"
"TKM","","TOTAL","FEMALE","","2009","518.66"
"TKM","","TOTAL","FEMALE","","2010","512.31"
"TKM","","TOTAL","FEMALE","","2011","550.08"
"TKM","","TOTAL","FEMALE","","2012","546.35"
"TKM","","TOTAL","FEMALE","","2013","522.59"
"TUR","","TOTAL","FEMALE","","2009","217.95"
"TUR","","TOTAL","FEMALE","","2010","216.04"
"TUR","","TOTAL","FEMALE","","2011","211.04"
"TUR","","TOTAL","FEMALE","","2012","200.65"
"TUR","","TOTAL","FEMALE","","2013","224.79"
"TUR","","TOTAL","FEMALE","","2014","233.02"
"TUR","","TOTAL","FEMALE","","2015","228.95"
"TUR","","TOTAL","FEMALE","","2016","230.16"
"TUR","","TOTAL","FEMALE","","2017","223.22"
"TUR","","TOTAL","FEMALE","","2018","206.66"
"TUR","","TOTAL","FEMALE","","2019","195.64"
"UKR","","TOTAL","FEMALE","","1981","614.58"
"UKR","","TOTAL","FEMALE","","1982","603.38"
"UKR","","TOTAL","FEMALE","","1985","656.5"
"UKR","","TOTAL","FEMALE","","1986","587.51"
"UKR","","TOTAL","FEMALE","","1987","597.27"
"UKR","","TOTAL","FEMALE","","1988","601.81"
"UKR","","TOTAL","FEMALE","","1989","542.46"
"UKR","","TOTAL","FEMALE","","1990","499"
"UKR","","TOTAL","FEMALE","","1991","511.17"
"UKR","","TOTAL","FEMALE","","1992","517.08"
"UKR","","TOTAL","FEMALE","","1993","593.02"
"UKR","","TOTAL","FEMALE","","1994","624.59"
"UKR","","TOTAL","FEMALE","","1995","641.9"
"UKR","","TOTAL","FEMALE","","1996","638.08"
"UKR","","TOTAL","FEMALE","","1997","637.57"
"UKR","","TOTAL","FEMALE","","1998","622.06"
"UKR","","TOTAL","FEMALE","","1999","637.91"
"UKR","","TOTAL","FEMALE","","2000","649.99"
"UKR","","TOTAL","FEMALE","","2001","638.64"
"UKR","","TOTAL","FEMALE","","2002","647.94"
"UKR","","TOTAL","FEMALE","","2003","665.6"
"UKR","","TOTAL","FEMALE","","2004","645.69"
"UKR","","TOTAL","FEMALE","","2005","656.26"
"UKR","","TOTAL","FEMALE","","2006","637.38"
"UKR","","TOTAL","FEMALE","","2007","622.71"
"UKR","","TOTAL","FEMALE","","2008","614.09"
"UKR","","TOTAL","FEMALE","","2009","589.77"
"UKR","","TOTAL","FEMALE","","2010","590.68"
"UKR","","TOTAL","FEMALE","","2011","549.41"
"UKR","","TOTAL","FEMALE","","2012","532.6"
"UKR","","TOTAL","FEMALE","","2014","534.55"
"UKR","","TOTAL","FEMALE","","2015","501.02"
"UKR","","TOTAL","FEMALE","","2017","460.77"
"UKR","","TOTAL","FEMALE","","2018","462.76"
"UKR","","TOTAL","FEMALE","","2019","453.57"
"UZB","","TOTAL","FEMALE","","1981","490.82"
"UZB","","TOTAL","FEMALE","","1982","507.1"
"UZB","","TOTAL","FEMALE","","1985","525.74"
"UZB","","TOTAL","FEMALE","","1986","515.22"
"UZB","","TOTAL","FEMALE","","1987","513.53"
"UZB","","TOTAL","FEMALE","","1988","537.5"
"UZB","","TOTAL","FEMALE","","1989","526.08"
"UZB","","TOTAL","FEMALE","","1990","516.53"
"UZB","","TOTAL","FEMALE","","1991","558.47"
"UZB","","TOTAL","FEMALE","","1992","597.01"
"UZB","","TOTAL","FEMALE","","1993","664.77"
"UZB","","TOTAL","FEMALE","","1994","704.25"
"UZB","","TOTAL","FEMALE","","1995","697.78"
"UZB","","TOTAL","FEMALE","","1996","688.28"
"UZB","","TOTAL","FEMALE","","1997","653.41"
"UZB","","TOTAL","FEMALE","","1998","702.3"
"UZB","","TOTAL","FEMALE","","1999","647.13"
"UZB","","TOTAL","FEMALE","","2000","690.32"
"UZB","","TOTAL","FEMALE","","2001","669.49"
"UZB","","TOTAL","FEMALE","","2002","690.02"
"UZB","","TOTAL","FEMALE","","2003","658.73"
"UZB","","TOTAL","FEMALE","","2004","611.77"
"UZB","","TOTAL","FEMALE","","2005","662.34"
"UZB","","TOTAL","FEMALE","","2009","588.75"
"UZB","","TOTAL","FEMALE","","2010","606.02"
"UZB","","TOTAL","FEMALE","","2011","610.96"
"UZB","","TOTAL","FEMALE","","2012","591.15"
"UZB","","TOTAL","FEMALE","","2013","572.1"
"UZB","","TOTAL","FEMALE","","2014","569.72"
"UZB","","TOTAL","FEMALE","","2015","545.54"
"UZB","","TOTAL","FEMALE","","2016","545.2"
"","WESTERN_BALKANS","TOTAL","FEMALE","","1998","513.97"
"","WESTERN_BALKANS","TOTAL","FEMALE","","1999","502.01"
"","WESTERN_BALKANS","TOTAL","FEMALE","","2000","514.17"
"","WESTERN_BALKANS","TOTAL","FEMALE","","2001","471.67"
"","WESTERN_BALKANS","TOTAL","FEMALE","","2002","488.16"
"","WESTERN_BALKANS","TOTAL","FEMALE","","2003","490.09"
"","WESTERN_BALKANS","TOTAL","FEMALE","","2004","472.71"
"","WESTERN_BALKANS","TOTAL","FEMALE","","2005","476.65"
"","WESTERN_BALKANS","TOTAL","FEMALE","","2006","456.29"
"","WESTERN_BALKANS","TOTAL","FEMALE","","2007","439.81"
"","WESTERN_BALKANS","TOTAL","FEMALE","","2008","433.43"
"","WESTERN_BALKANS","TOTAL","FEMALE","","2009","422.4"
"","WESTERN_BALKANS","TOTAL","FEMALE","","2011","409.6"
"","WESTERN_BALKANS","TOTAL","FEMALE","","2016","365.16"
"","WESTERN_BALKANS","TOTAL","FEMALE","","2017","363.22"
"","WESTERN_BALKANS","TOTAL","FEMALE","","2019","329.76"
"","WESTERN_BALKANS","TOTAL","FEMALE","","2021","314.42"
"","WHO_EURO","TOTAL","FEMALE","","1981","430.46"
"","WHO_EURO","TOTAL","FEMALE","","1982","424.33"
"","WHO_EURO","TOTAL","FEMALE","","1985","439.95"
"","WHO_EURO","TOTAL","FEMALE","","1986","418.82"
"","WHO_EURO","TOTAL","FEMALE","","1987","415.99"
"","WHO_EURO","TOTAL","FEMALE","","1988","412.92"
"","WHO_EURO","TOTAL","FEMALE","","1989","397.44"
"","WHO_EURO","TOTAL","FEMALE","","1990","389.31"
"","WHO_EURO","TOTAL","FEMALE","","1991","387.74"
"","WHO_EURO","TOTAL","FEMALE","","1992","384.14"
"","WHO_EURO","TOTAL","FEMALE","","1993","406.39"
"","WHO_EURO","TOTAL","FEMALE","","1994","410.72"
"","WHO_EURO","TOTAL","FEMALE","","1995","401.82"
"","WHO_EURO","TOTAL","FEMALE","","1996","394.9"
"","WHO_EURO","TOTAL","FEMALE","","1997","384.23"
"","WHO_EURO","TOTAL","FEMALE","","1998","380.25"
"","WHO_EURO","TOTAL","FEMALE","","1999","381.06"
"","WHO_EURO","TOTAL","FEMALE","","2000","376.77"
"","WHO_EURO","TOTAL","FEMALE","","2001","370.33"
"","WHO_EURO","TOTAL","FEMALE","","2002","374.46"
"","WHO_EURO","TOTAL","FEMALE","","2003","378.07"
"","WHO_EURO","TOTAL","FEMALE","","2004","357.45"
"","WHO_EURO","TOTAL","FEMALE","","2005","356.06"
"","WHO_EURO","TOTAL","FEMALE","","2006","338.39"
"","WHO_EURO","TOTAL","FEMALE","","2007","324.49"
"","WHO_EURO","TOTAL","FEMALE","","2008","315.26"
"","WHO_EURO","TOTAL","FEMALE","","2009","301.16"
"","WHO_EURO","TOTAL","FEMALE","","2010","295.33"
"","WHO_EURO","TOTAL","FEMALE","","2011","276.59"
"","WHO_EURO","TOTAL","FEMALE","","2012","267.52"
"","WHO_EURO","TOTAL","FEMALE","","2013","258.84"
"","WHO_EURO","TOTAL","FEMALE","","2014","249.86"
"","WHO_EURO","TOTAL","FEMALE","","2015","244.34"
"","WHO_EURO","TOTAL","FEMALE","","2016","234.16"
"","WHO_EURO","TOTAL","FEMALE","","2017","229.32"
"","WHO_EURO","TOTAL","FEMALE","","2018","222.7"
"","WHO_EURO","TOTAL","FEMALE","","2019","214.32"
"","WHO_EURO","TOTAL","FEMALE","","2020","215.45"
"ALB","","TOTAL","MALE","","1987","539.23"
"ALB","","TOTAL","MALE","","1988","545.07"
"ALB","","TOTAL","MALE","","1989","570"
"ALB","","TOTAL","MALE","","1992","481.17"
"ALB","","TOTAL","MALE","","1993","446.87"
"ALB","","TOTAL","MALE","","1994","412.56"
"ALB","","TOTAL","MALE","","1995","495.22"
"ALB","","TOTAL","MALE","","1996","555.75"
"ALB","","TOTAL","MALE","","1997","504.82"
"ALB","","TOTAL","MALE","","1998","548.3"
"ALB","","TOTAL","MALE","","1999","497.5"
"ALB","","TOTAL","MALE","","2000","576.73"
"ALB","","TOTAL","MALE","","2001","448.85"
"ALB","","TOTAL","MALE","","2002","478.87"
"ALB","","TOTAL","MALE","","2003","524.89"
"ALB","","TOTAL","MALE","","2004","490.75"
"ALB","","TOTAL","MALE","","2005","465.54"
"ALB","","TOTAL","MALE","","2006","432.14"
"ALB","","TOTAL","MALE","","2007","371.84"
"ALB","","TOTAL","MALE","","2008","435.48"
"ALB","","TOTAL","MALE","","2009","397.49"
"ARM","","TOTAL","MALE","","1981","509.9"
"ARM","","TOTAL","MALE","","1982","559.19"
"ARM","","TOTAL","MALE","","1985","579.96"
"ARM","","TOTAL","MALE","","1986","581.96"
"ARM","","TOTAL","MALE","","1987","592.95"
"ARM","","TOTAL","MALE","","1988","633.98"
"ARM","","TOTAL","MALE","","1989","646.52"
"ARM","","TOTAL","MALE","","1990","671.38"
"ARM","","TOTAL","MALE","","1991","659.06"
"ARM","","TOTAL","MALE","","1992","702.75"
"ARM","","TOTAL","MALE","","1993","740.12"
"ARM","","TOTAL","MALE","","1994","632.18"
"ARM","","TOTAL","MALE","","1995","651.25"
"ARM","","TOTAL","MALE","","1996","615.81"
"ARM","","TOTAL","MALE","","1997","569"
"ARM","","TOTAL","MALE","","1998","531.17"
"ARM","","TOTAL","MALE","","1999","531.48"
"ARM","","TOTAL","MALE","","2000","495.27"
"ARM","","TOTAL","MALE","","2001","498.74"
"ARM","","TOTAL","MALE","","2002","730.21"
"ARM","","TOTAL","MALE","","2003","751.1"
"ARM","","TOTAL","MALE","","2008","659"
"ARM","","TOTAL","MALE","","2012","524.55"
"ARM","","TOTAL","MALE","","2013","501.39"
"ARM","","TOTAL","MALE","","2014","511.82"
"ARM","","TOTAL","MALE","","2015","487.75"
"ARM","","TOTAL","MALE","","2016","501.73"
"ARM","","TOTAL","MALE","","2017","548.47"
"ARM","","TOTAL","MALE","","2018","510.83"
"ARM","","TOTAL","MALE","","2019","504.71"
"ARM","","TOTAL","MALE","","2022","506.76"
"AUT","","TOTAL","MALE","","1969","673.24"
"AUT","","TOTAL","MALE","","1970","684.03"
"AUT","","TOTAL","MALE","","1971","676.72"
"AUT","","TOTAL","MALE","","1972","669.79"
"AUT","","TOTAL","MALE","","1973","635.95"
"AUT","","TOTAL","MALE","","1974","659.74"
"AUT","","TOTAL","MALE","","1975","670.38"
"AUT","","TOTAL","MALE","","1976","664.13"
"AUT","","TOTAL","MALE","","1977","639.7"
"AUT","","TOTAL","MALE","","1978","661.17"
"AUT","","TOTAL","MALE","","1979","628.97"
"AUT","","TOTAL","MALE","","1980","638.06"
"AUT","","TOTAL","MALE","","1981","648.29"
"AUT","","TOTAL","MALE","","1982","630.08"
"AUT","","TOTAL","MALE","","1983","647.55"
"AUT","","TOTAL","MALE","","1984","599.32"
"AUT","","TOTAL","MALE","","1985","599.99"
"AUT","","TOTAL","MALE","","1986","574.76"
"AUT","","TOTAL","MALE","","1987","547.26"
"AUT","","TOTAL","MALE","","1988","533.56"
"AUT","","TOTAL","MALE","","1989","523.02"
"AUT","","TOTAL","MALE","","1990","498.37"
"AUT","","TOTAL","MALE","","1991","499.12"
"AUT","","TOTAL","MALE","","1992","500.72"
"AUT","","TOTAL","MALE","","1993","490.65"
"AUT","","TOTAL","MALE","","1994","473.08"
"AUT","","TOTAL","MALE","","1995","473.9"
"AUT","","TOTAL","MALE","","1996","468.06"
"AUT","","TOTAL","MALE","","1997","465.3"
"AUT","","TOTAL","MALE","","1998","449.13"
"AUT","","TOTAL","MALE","","1999","428.61"
"AUT","","TOTAL","MALE","","2000","399.55"
"AUT","","TOTAL","MALE","","2001","374.64"
"AUT","","TOTAL","MALE","","2002","352.07"
"AUT","","TOTAL","MALE","","2003","323.41"
"AUT","","TOTAL","MALE","","2004","300.29"
"AUT","","TOTAL","MALE","","2005","289.24"
"AUT","","TOTAL","MALE","","2006","280.2"
"AUT","","TOTAL","MALE","","2007","273.51"
"AUT","","TOTAL","MALE","","2008","259"
"AUT","","TOTAL","MALE","","2009","259.33"
"AUT","","TOTAL","MALE","","2010","253.18"
"AUT","","TOTAL","MALE","","2011","241.44"
"AUT","","TOTAL","MALE","","2012","237.99"
"AUT","","TOTAL","MALE","","2013","237.64"
"AUT","","TOTAL","MALE","","2014","224.51"
"AUT","","TOTAL","MALE","","2015","234.03"
"AUT","","TOTAL","MALE","","2016","217.06"
"AUT","","TOTAL","MALE","","2017","208.65"
"AUT","","TOTAL","MALE","","2018","207.38"
"AUT","","TOTAL","MALE","","2019","201.24"
"AUT","","TOTAL","MALE","","2020","200.91"
"AUT","","TOTAL","MALE","","2021","191.56"
"AZE","","TOTAL","MALE","","1981","730.09"
"AZE","","TOTAL","MALE","","1982","741.68"
"AZE","","TOTAL","MALE","","1985","774.31"
"AZE","","TOTAL","MALE","","1986","746.75"
"AZE","","TOTAL","MALE","","1987","802.22"
"AZE","","TOTAL","MALE","","1988","825.04"
"AZE","","TOTAL","MALE","","1989","724.63"
"AZE","","TOTAL","MALE","","1990","723.29"
"AZE","","TOTAL","MALE","","1991","775.08"
"AZE","","TOTAL","MALE","","1992","764.56"
"AZE","","TOTAL","MALE","","1993","826.65"
"AZE","","TOTAL","MALE","","1994","804.32"
"AZE","","TOTAL","MALE","","1995","821.85"
"AZE","","TOTAL","MALE","","1996","773.02"
"AZE","","TOTAL","MALE","","1997","754.39"
"AZE","","TOTAL","MALE","","1998","762.85"
"AZE","","TOTAL","MALE","","1999","774.25"
"AZE","","TOTAL","MALE","","2000","775.04"
"AZE","","TOTAL","MALE","","2001","706.68"
"AZE","","TOTAL","MALE","","2002","730.65"
"AZE","","TOTAL","MALE","","2003","737.05"
"AZE","","TOTAL","MALE","","2004","719.75"
"AZE","","TOTAL","MALE","","2007","616.83"
"BEL","","TOTAL","MALE","","1968","667.17"
"BEL","","TOTAL","MALE","","1969","630.28"
"BEL","","TOTAL","MALE","","1970","614.16"
"BEL","","TOTAL","MALE","","1971","620.9"
"BEL","","TOTAL","MALE","","1972","603.92"
"BEL","","TOTAL","MALE","","1973","585.77"
"BEL","","TOTAL","MALE","","1974","574.71"
"BEL","","TOTAL","MALE","","1975","580.52"
"BEL","","TOTAL","MALE","","1976","571.13"
"BEL","","TOTAL","MALE","","1977","524.42"
"BEL","","TOTAL","MALE","","1978","518.47"
"BEL","","TOTAL","MALE","","1979","514.23"
"BEL","","TOTAL","MALE","","1980","525.39"
"BEL","","TOTAL","MALE","","1981","522.48"
"BEL","","TOTAL","MALE","","1982","507.71"
"BEL","","TOTAL","MALE","","1983","509.52"
"BEL","","TOTAL","MALE","","1984","481.59"
"BEL","","TOTAL","MALE","","1985","461.89"
"BEL","","TOTAL","MALE","","1986","432.56"
"BEL","","TOTAL","MALE","","1987","399.08"
"BEL","","TOTAL","MALE","","1988","386.41"
"BEL","","TOTAL","MALE","","1989","379.11"
"BEL","","TOTAL","MALE","","1990","364.36"
"BEL","","TOTAL","MALE","","1991","349.59"
"BEL","","TOTAL","MALE","","1992","345.29"
"BEL","","TOTAL","MALE","","1993","353.29"
"BEL","","TOTAL","MALE","","1994","331.88"
"BEL","","TOTAL","MALE","","1995","327.51"
"BEL","","TOTAL","MALE","","1996","326.01"
"BEL","","TOTAL","MALE","","1997","312.15"
"BEL","","TOTAL","MALE","","1998","299.98"
"BEL","","TOTAL","MALE","","1999","290.94"
"BEL","","TOTAL","MALE","","2000","295.16"
"BEL","","TOTAL","MALE","","2001","278.78"
"BEL","","TOTAL","MALE","","2002","279.21"
"BEL","","TOTAL","MALE","","2003","272.85"
"BEL","","TOTAL","MALE","","2004","257.52"
"BEL","","TOTAL","MALE","","2005","244.08"
"BEL","","TOTAL","MALE","","2006","224.2"
"BEL","","TOTAL","MALE","","2007","219.35"
"BEL","","TOTAL","MALE","","2008","213.99"
"BEL","","TOTAL","MALE","","2009","205.69"
"BEL","","TOTAL","MALE","","2010","197.46"
"BEL","","TOTAL","MALE","","2011","183.46"
"BEL","","TOTAL","MALE","","2012","181.06"
"BEL","","TOTAL","MALE","","2013","176.79"
"BEL","","TOTAL","MALE","","2014","162.99"
"BEL","","TOTAL","MALE","","2015","165.14"
"BEL","","TOTAL","MALE","","2016","155.83"
"BEL","","TOTAL","MALE","","2017","153.33"
"BEL","","TOTAL","MALE","","2018","143.26"
"BEL","","TOTAL","MALE","","2019","131.5"
"BEL","","TOTAL","MALE","","2020","127.42"
"BGR","","TOTAL","MALE","","1968","530.53"
"BGR","","TOTAL","MALE","","1969","577.18"
"BGR","","TOTAL","MALE","","1970","582.8"
"BGR","","TOTAL","MALE","","1971","614.33"
"BGR","","TOTAL","MALE","","1972","648.11"
"BGR","","TOTAL","MALE","","1973","636.81"
"BGR","","TOTAL","MALE","","1974","665.13"
"BGR","","TOTAL","MALE","","1975","657.33"
"BGR","","TOTAL","MALE","","1976","665.96"
"BGR","","TOTAL","MALE","","1977","703.24"
"BGR","","TOTAL","MALE","","1978","695.71"
"BGR","","TOTAL","MALE","","1979","710.64"
"BGR","","TOTAL","MALE","","1980","715.79"
"BGR","","TOTAL","MALE","","1981","707.1"
"BGR","","TOTAL","MALE","","1982","735.07"
"BGR","","TOTAL","MALE","","1983","755.69"
"BGR","","TOTAL","MALE","","1984","765.66"
"BGR","","TOTAL","MALE","","1985","826.2"
"BGR","","TOTAL","MALE","","1986","821.45"
"BGR","","TOTAL","MALE","","1987","832.12"
"BGR","","TOTAL","MALE","","1988","818.77"
"BGR","","TOTAL","MALE","","1989","808.77"
"BGR","","TOTAL","MALE","","1990","812.95"
"BGR","","TOTAL","MALE","","1991","818.15"
"BGR","","TOTAL","MALE","","1992","804.36"
"BGR","","TOTAL","MALE","","1993","849.7"
"BGR","","TOTAL","MALE","","1994","846.18"
"BGR","","TOTAL","MALE","","1995","871.49"
"BGR","","TOTAL","MALE","","1996","890.81"
"BGR","","TOTAL","MALE","","1997","971.39"
"BGR","","TOTAL","MALE","","1998","972.36"
"BGR","","TOTAL","MALE","","1999","852.1"
"BGR","","TOTAL","MALE","","2000","876.73"
"BGR","","TOTAL","MALE","","2001","854.15"
"BGR","","TOTAL","MALE","","2002","872.22"
"BGR","","TOTAL","MALE","","2003","867.99"
"BGR","","TOTAL","MALE","","2004","840.52"
"BGR","","TOTAL","MALE","","2005","833.22"
"BGR","","TOTAL","MALE","","2006","821.75"
"BGR","","TOTAL","MALE","","2007","795.93"
"BGR","","TOTAL","MALE","","2008","751.4"
"BGR","","TOTAL","MALE","","2009","745.06"
"BGR","","TOTAL","MALE","","2010","771.25"
"BGR","","TOTAL","MALE","","2011","738.61"
"BGR","","TOTAL","MALE","","2012","705.48"
"BGR","","TOTAL","MALE","","2013","676.31"
"BGR","","TOTAL","MALE","","2014","701.63"
"BGR","","TOTAL","MALE","","2015","695.23"
"BGR","","TOTAL","MALE","","2016","685.97"
"BGR","","TOTAL","MALE","","2017","692.25"
"BGR","","TOTAL","MALE","","2018","681.97"
"BGR","","TOTAL","MALE","","2019","654.9"
"BGR","","TOTAL","MALE","","2020","720.16"
"BGR","","TOTAL","MALE","","2021","777.11"
"BIH","","TOTAL","MALE","","1985","492.23"
"BIH","","TOTAL","MALE","","1986","511.52"
"BIH","","TOTAL","MALE","","1987","573.84"
"BIH","","TOTAL","MALE","","1988","614.94"
"BIH","","TOTAL","MALE","","1989","621.6"
"BIH","","TOTAL","MALE","","1990","613.35"
"BIH","","TOTAL","MALE","","1991","585.59"
"BIH","","TOTAL","MALE","","2011","474.75"
"BIH","","TOTAL","MALE","","2014","432.04"
"BIH","","TOTAL","MALE","","2016","511"
"BIH","","TOTAL","MALE","","2021","417.41"
"BIH","","TOTAL","MALE","","2022","349.71"
"BLR","","TOTAL","MALE","","1981","734.33"
"BLR","","TOTAL","MALE","","1982","732.56"
"BLR","","TOTAL","MALE","","1985","830.23"
"BLR","","TOTAL","MALE","","1986","747.01"
"BLR","","TOTAL","MALE","","1987","766.76"
"BLR","","TOTAL","MALE","","1988","757.52"
"BLR","","TOTAL","MALE","","1989","720.58"
"BLR","","TOTAL","MALE","","1990","703.68"
"BLR","","TOTAL","MALE","","1991","715.51"
"BLR","","TOTAL","MALE","","1992","704.57"
"BLR","","TOTAL","MALE","","1993","810.83"
"BLR","","TOTAL","MALE","","1994","818.14"
"BLR","","TOTAL","MALE","","1995","855.49"
"BLR","","TOTAL","MALE","","1996","826.57"
"BLR","","TOTAL","MALE","","1997","882.25"
"BLR","","TOTAL","MALE","","1998","905.01"
"BLR","","TOTAL","MALE","","1999","944.64"
"BLR","","TOTAL","MALE","","2000","897.73"
"BLR","","TOTAL","MALE","","2001","950.35"
"BLR","","TOTAL","MALE","","2002","990.67"
"BLR","","TOTAL","MALE","","2003","987.94"
"BLR","","TOTAL","MALE","","2004","966.86"
"BLR","","TOTAL","MALE","","2005","995.65"
"BLR","","TOTAL","MALE","","2007","864"
"BLR","","TOTAL","MALE","","2008","873.06"
"BLR","","TOTAL","MALE","","2009","892.73"
"BLR","","TOTAL","MALE","","2010","900.9"
"BLR","","TOTAL","MALE","","2011","867.95"
"BLR","","TOTAL","MALE","","2013","781"
"BLR","","TOTAL","MALE","","2014","781.81"
"BLR","","TOTAL","MALE","","2018","737.24"
"","CARINFONET","TOTAL","MALE","","1981","691.74"
"","CARINFONET","TOTAL","MALE","","1982","704.31"
"","CARINFONET","TOTAL","MALE","","1985","717.64"
"","CARINFONET","TOTAL","MALE","","1986","684.57"
"","CARINFONET","TOTAL","MALE","","1987","692.45"
"","CARINFONET","TOTAL","MALE","","1988","724.44"
"","CARINFONET","TOTAL","MALE","","1989","721.48"
"","CARINFONET","TOTAL","MALE","","1990","723.86"
"","CARINFONET","TOTAL","MALE","","1991","751.66"
"","CARINFONET","TOTAL","MALE","","1992","772.34"
"","CARINFONET","TOTAL","MALE","","1993","855.43"
"","CARINFONET","TOTAL","MALE","","1994","936.16"
"","CARINFONET","TOTAL","MALE","","1995","923.37"
"","CARINFONET","TOTAL","MALE","","1996","920.8"
"","CARINFONET","TOTAL","MALE","","1997","878.52"
"","CARINFONET","TOTAL","MALE","","1998","911.94"
"","CARINFONET","TOTAL","MALE","","1999","866.48"
"","CARINFONET","TOTAL","MALE","","2000","898.54"
"","CARINFONET","TOTAL","MALE","","2001","874.78"
"","CARINFONET","TOTAL","MALE","","2002","903.71"
"","CARINFONET","TOTAL","MALE","","2003","912.93"
"","CARINFONET","TOTAL","MALE","","2004","863.95"
"","CARINFONET","TOTAL","MALE","","2005","901.84"
"","CARINFONET","TOTAL","MALE","","2006","884.39"
"","CARINFONET","TOTAL","MALE","","2007","869.86"
"","CARINFONET","TOTAL","MALE","","2008","833.29"
"","CARINFONET","TOTAL","MALE","","2009","774.74"
"","CARINFONET","TOTAL","MALE","","2010","781.78"
"","CARINFONET","TOTAL","MALE","","2011","744.33"
"","CARINFONET","TOTAL","MALE","","2012","716.18"
"","CARINFONET","TOTAL","MALE","","2013","687.34"
"","CARINFONET","TOTAL","MALE","","2014","670.27"
"","CARINFONET","TOTAL","MALE","","2015","646.41"
"","CARINFONET","TOTAL","MALE","","2016","630.76"
"CHE","","TOTAL","MALE","","1969","535.57"
"CHE","","TOTAL","MALE","","1970","531.07"
"CHE","","TOTAL","MALE","","1971","530.09"
"CHE","","TOTAL","MALE","","1972","505.49"
"CHE","","TOTAL","MALE","","1973","493.84"
"CHE","","TOTAL","MALE","","1974","494.33"
"CHE","","TOTAL","MALE","","1975","513.65"
"CHE","","TOTAL","MALE","","1976","516.46"
"CHE","","TOTAL","MALE","","1977","504.65"
"CHE","","TOTAL","MALE","","1978","509.23"
"CHE","","TOTAL","MALE","","1979","486.89"
"CHE","","TOTAL","MALE","","1980","485.09"
"CHE","","TOTAL","MALE","","1981","476.73"
"CHE","","TOTAL","MALE","","1982","461.13"
"CHE","","TOTAL","MALE","","1983","452.97"
"CHE","","TOTAL","MALE","","1984","430.67"
"CHE","","TOTAL","MALE","","1985","419.47"
"CHE","","TOTAL","MALE","","1986","402.28"
"CHE","","TOTAL","MALE","","1987","389.93"
"CHE","","TOTAL","MALE","","1988","384.44"
"CHE","","TOTAL","MALE","","1989","369.94"
"CHE","","TOTAL","MALE","","1990","377.35"
"CHE","","TOTAL","MALE","","1991","360.36"
"CHE","","TOTAL","MALE","","1992","344.36"
"CHE","","TOTAL","MALE","","1993","339.41"
"CHE","","TOTAL","MALE","","1994","321.94"
"CHE","","TOTAL","MALE","","1995","317.64"
"CHE","","TOTAL","MALE","","1996","297.73"
"CHE","","TOTAL","MALE","","1997","298.39"
"CHE","","TOTAL","MALE","","1998","289.37"
"CHE","","TOTAL","MALE","","1999","275.98"
"CHE","","TOTAL","MALE","","2000","264.45"
"CHE","","TOTAL","MALE","","2001","253.47"
"CHE","","TOTAL","MALE","","2002","235.32"
"CHE","","TOTAL","MALE","","2003","235.69"
"CHE","","TOTAL","MALE","","2004","215.95"
"CHE","","TOTAL","MALE","","2005","219.46"
"CHE","","TOTAL","MALE","","2006","208.39"
"CHE","","TOTAL","MALE","","2007","202.15"
"CHE","","TOTAL","MALE","","2008","191.27"
"CHE","","TOTAL","MALE","","2009","185.53"
"CHE","","TOTAL","MALE","","2010","181.21"
"CHE","","TOTAL","MALE","","2011","170.4"
"CHE","","TOTAL","MALE","","2012","170.51"
"CHE","","TOTAL","MALE","","2013","164.31"
"CHE","","TOTAL","MALE","","2015","154.46"
"CHE","","TOTAL","MALE","","2016","144.26"
"CHE","","TOTAL","MALE","","2017","143.4"
"CHE","","TOTAL","MALE","","2018","136.57"
"CHE","","TOTAL","MALE","","2019","128.07"
"","CIS","TOTAL","MALE","","1981","859.28"
"","CIS","TOTAL","MALE","","1982","847.79"
"","CIS","TOTAL","MALE","","1985","890.8"
"","CIS","TOTAL","MALE","","1986","816.95"
"","CIS","TOTAL","MALE","","1987","828.06"
"","CIS","TOTAL","MALE","","1988","827.56"
"","CIS","TOTAL","MALE","","1989","800.81"
"","CIS","TOTAL","MALE","","1990","799.5"
"","CIS","TOTAL","MALE","","1991","809.4"
"","CIS","TOTAL","MALE","","1992","830.16"
"","CIS","TOTAL","MALE","","1993","957.6"
"","CIS","TOTAL","MALE","","1994","1028.6"
"","CIS","TOTAL","MALE","","1995","994.53"
"","CIS","TOTAL","MALE","","1996","953.9"
"","CIS","TOTAL","MALE","","1997","926.69"
"","CIS","TOTAL","MALE","","1998","914.65"
"","CIS","TOTAL","MALE","","1999","953.98"
"","CIS","TOTAL","MALE","","2000","986.02"
"","CIS","TOTAL","MALE","","2001","982.29"
"","CIS","TOTAL","MALE","","2002","1024.95"
"","CIS","TOTAL","MALE","","2003","1066.65"
"","CIS","TOTAL","MALE","","2004","1032.27"
"","CIS","TOTAL","MALE","","2005","1046.17"
"","CIS","TOTAL","MALE","","2006","985.47"
"","CIS","TOTAL","MALE","","2007","947.88"
"","CIS","TOTAL","MALE","","2008","929.27"
"","CIS","TOTAL","MALE","","2009","879.43"
"","CIS","TOTAL","MALE","","2010","874.78"
"","CIS","TOTAL","MALE","","2011","812.06"
"","CIS","TOTAL","MALE","","2012","781.67"
"","CIS","TOTAL","MALE","","2013","746.24"
"","CIS","TOTAL","MALE","","2014","728.2"
"","CIS","TOTAL","MALE","","2015","689.88"
"CYP","","TOTAL","MALE","","2004","282.79"
"CYP","","TOTAL","MALE","","2005","278.57"
"CYP","","TOTAL","MALE","","2006","259.14"
"CYP","","TOTAL","MALE","","2007","263.51"
"CYP","","TOTAL","MALE","","2008","239.56"
"CYP","","TOTAL","MALE","","2009","228.15"
"CYP","","TOTAL","MALE","","2010","214.92"
"CYP","","TOTAL","MALE","","2011","218.44"
"CYP","","TOTAL","MALE","","2012","217.26"
"CYP","","TOTAL","MALE","","2013","200.16"
"CYP","","TOTAL","MALE","","2014","200.22"
"CYP","","TOTAL","MALE","","2015","213.78"
"CYP","","TOTAL","MALE","","2016","190.25"
"CYP","","TOTAL","MALE","","2017","198.29"
"CYP","","TOTAL","MALE","","2018","169.56"
"CYP","","TOTAL","MALE","","2019","166.77"
"CYP","","TOTAL","MALE","","2020","160.83"
"CYP","","TOTAL","MALE","","2021","166.39"
"CZE","","TOTAL","MALE","","1986","848.49"
"CZE","","TOTAL","MALE","","1987","833.45"
"CZE","","TOTAL","MALE","","1988","808.22"
"CZE","","TOTAL","MALE","","1989","815.48"
"CZE","","TOTAL","MALE","","1990","834.23"
"CZE","","TOTAL","MALE","","1991","791.68"
"CZE","","TOTAL","MALE","","1992","765.42"
"CZE","","TOTAL","MALE","","1993","729.5"
"CZE","","TOTAL","MALE","","1994","707.27"
"CZE","","TOTAL","MALE","","1995","708.14"
"CZE","","TOTAL","MALE","","1996","666.33"
"CZE","","TOTAL","MALE","","1997","660.92"
"CZE","","TOTAL","MALE","","1998","615.81"
"CZE","","TOTAL","MALE","","1999","602.83"
"CZE","","TOTAL","MALE","","2000","576.89"
"CZE","","TOTAL","MALE","","2001","563.54"
"CZE","","TOTAL","MALE","","2002","560.6"
"CZE","","TOTAL","MALE","","2003","568.54"
"CZE","","TOTAL","MALE","","2004","530.92"
"CZE","","TOTAL","MALE","","2005","508.12"
"CZE","","TOTAL","MALE","","2006","477.84"
"CZE","","TOTAL","MALE","","2007","453.69"
"CZE","","TOTAL","MALE","","2008","437.06"
"CZE","","TOTAL","MALE","","2009","435.99"
"CZE","","TOTAL","MALE","","2010","424.41"
"CZE","","TOTAL","MALE","","2011","412.89"
"CZE","","TOTAL","MALE","","2012","403.12"
"CZE","","TOTAL","MALE","","2013","384.7"
"CZE","","TOTAL","MALE","","2014","355.46"
"CZE","","TOTAL","MALE","","2015","361.03"
"CZE","","TOTAL","MALE","","2016","334.48"
"CZE","","TOTAL","MALE","","2017","334.23"
"CZE","","TOTAL","MALE","","2018","326.54"
"CZE","","TOTAL","MALE","","2019","310.8"
"CZE","","TOTAL","MALE","","2020","327.32"
"CZE","","TOTAL","MALE","","2021","316.76"
"DEU","","TOTAL","MALE","","1990","510.42"
"DEU","","TOTAL","MALE","","1991","500.04"
"DEU","","TOTAL","MALE","","1992","473.07"
"DEU","","TOTAL","MALE","","1993","472.47"
"DEU","","TOTAL","MALE","","1994","451.42"
"DEU","","TOTAL","MALE","","1995","442.73"
"DEU","","TOTAL","MALE","","1996","428.32"
"DEU","","TOTAL","MALE","","1997","412.19"
"DEU","","TOTAL","MALE","","1998","401.43"
"DEU","","TOTAL","MALE","","1999","387.38"
"DEU","","TOTAL","MALE","","2000","365.4"
"DEU","","TOTAL","MALE","","2001","354.59"
"DEU","","TOTAL","MALE","","2002","348.82"
"DEU","","TOTAL","MALE","","2003","345.99"
"DEU","","TOTAL","MALE","","2004","315.19"
"DEU","","TOTAL","MALE","","2005","303.61"
"DEU","","TOTAL","MALE","","2006","285.7"
"DEU","","TOTAL","MALE","","2007","276.75"
"DEU","","TOTAL","MALE","","2008","263.55"
"DEU","","TOTAL","MALE","","2009","257.49"
"DEU","","TOTAL","MALE","","2010","246.49"
"DEU","","TOTAL","MALE","","2011","231.04"
"DEU","","TOTAL","MALE","","2012","229.58"
"DEU","","TOTAL","MALE","","2013","239.2"
"DEU","","TOTAL","MALE","","2014","223.73"
"DEU","","TOTAL","MALE","","2015","229.52"
"DEU","","TOTAL","MALE","","2016","215.83"
"DEU","","TOTAL","MALE","","2017","214.41"
"DEU","","TOTAL","MALE","","2018","211.17"
"DEU","","TOTAL","MALE","","2019","198.92"
"DEU","","TOTAL","MALE","","2020","199.74"
"DNK","","TOTAL","MALE","","1969","591.26"
"DNK","","TOTAL","MALE","","1970","587.42"
"DNK","","TOTAL","MALE","","1971","588.16"
"DNK","","TOTAL","MALE","","1972","585.99"
"DNK","","TOTAL","MALE","","1973","593.59"
"DNK","","TOTAL","MALE","","1974","589.42"
"DNK","","TOTAL","MALE","","1975","578.84"
"DNK","","TOTAL","MALE","","1976","598.76"
"DNK","","TOTAL","MALE","","1977","545.49"
"DNK","","TOTAL","MALE","","1978","558.67"
"DNK","","TOTAL","MALE","","1979","570.72"
"DNK","","TOTAL","MALE","","1980","555.04"
"DNK","","TOTAL","MALE","","1981","557.73"
"DNK","","TOTAL","MALE","","1982","523.35"
"DNK","","TOTAL","MALE","","1983","521.46"
"DNK","","TOTAL","MALE","","1984","510.91"
"DNK","","TOTAL","MALE","","1985","512.78"
"DNK","","TOTAL","MALE","","1986","498.5"
"DNK","","TOTAL","MALE","","1987","494.06"
"DNK","","TOTAL","MALE","","1988","476.66"
"DNK","","TOTAL","MALE","","1989","468.21"
"DNK","","TOTAL","MALE","","1990","472.84"
"DNK","","TOTAL","MALE","","1991","452.46"
"DNK","","TOTAL","MALE","","1992","443.04"
"DNK","","TOTAL","MALE","","1993","439.18"
"DNK","","TOTAL","MALE","","1994","408.6"
"DNK","","TOTAL","MALE","","1995","407.87"
"DNK","","TOTAL","MALE","","1996","373.34"
"DNK","","TOTAL","MALE","","1997","359.64"
"DNK","","TOTAL","MALE","","1998","344.48"
"DNK","","TOTAL","MALE","","1999","336.23"
"DNK","","TOTAL","MALE","","2000","315.98"
"DNK","","TOTAL","MALE","","2001","321.41"
"DNK","","TOTAL","MALE","","2002","307.07"
"DNK","","TOTAL","MALE","","2003","299.54"
"DNK","","TOTAL","MALE","","2004","277.96"
"DNK","","TOTAL","MALE","","2005","258.49"
"DNK","","TOTAL","MALE","","2006","243.82"
"DNK","","TOTAL","MALE","","2007","226.7"
"DNK","","TOTAL","MALE","","2008","210.34"
"DNK","","TOTAL","MALE","","2009","200.29"
"DNK","","TOTAL","MALE","","2010","194.08"
"DNK","","TOTAL","MALE","","2011","173.49"
"DNK","","TOTAL","MALE","","2012","170.13"
"DNK","","TOTAL","MALE","","2013","164.57"
"DNK","","TOTAL","MALE","","2014","153.53"
"DNK","","TOTAL","MALE","","2015","153.94"
"DNK","","TOTAL","MALE","","2016","156.73"
"DNK","","TOTAL","MALE","","2017","148.84"
"DNK","","TOTAL","MALE","","2018","142.87"
"DNK","","TOTAL","MALE","","2019","133.54"
"DNK","","TOTAL","MALE","","2020","129.55"
"DNK","","TOTAL","MALE","","2021","126.72"
"ESP","","TOTAL","MALE","","1968","508.07"
"ESP","","TOTAL","MALE","","1969","522.58"
"ESP","","TOTAL","MALE","","1971","526.57"
"ESP","","TOTAL","MALE","","1972","484.13"
"ESP","","TOTAL","MALE","","1973","500.93"
"ESP","","TOTAL","MALE","","1974","496.31"
"ESP","","TOTAL","MALE","","1975","506.82"
"ESP","","TOTAL","MALE","","1976","502.94"
"ESP","","TOTAL","MALE","","1977","480.99"
"ESP","","TOTAL","MALE","","1978","478.92"
"ESP","","TOTAL","MALE","","1979","473.88"
"ESP","","TOTAL","MALE","","1980","445.07"
"ESP","","TOTAL","MALE","","1981","437.08"
"ESP","","TOTAL","MALE","","1982","412.38"
"ESP","","TOTAL","MALE","","1983","418.57"
"ESP","","TOTAL","MALE","","1984","397.14"
"ESP","","TOTAL","MALE","","1985","401.35"
"ESP","","TOTAL","MALE","","1986","376.76"
"ESP","","TOTAL","MALE","","1987","355.09"
"ESP","","TOTAL","MALE","","1988","354.18"
"ESP","","TOTAL","MALE","","1989","340.1"
"ESP","","TOTAL","MALE","","1990","337.08"
"ESP","","TOTAL","MALE","","1991","335.41"
"ESP","","TOTAL","MALE","","1992","316.33"
"ESP","","TOTAL","MALE","","1993","307.59"
"ESP","","TOTAL","MALE","","1994","292.09"
"ESP","","TOTAL","MALE","","1995","289.32"
"ESP","","TOTAL","MALE","","1996","287.14"
"ESP","","TOTAL","MALE","","1997","276.95"
"ESP","","TOTAL","MALE","","1998","277.34"
"ESP","","TOTAL","MALE","","1999","262.89"
"ESP","","TOTAL","MALE","","2000","239.37"
"ESP","","TOTAL","MALE","","2001","231.43"
"ESP","","TOTAL","MALE","","2002","226.75"
"ESP","","TOTAL","MALE","","2003","226.57"
"ESP","","TOTAL","MALE","","2004","210.77"
"ESP","","TOTAL","MALE","","2005","208.7"
"ESP","","TOTAL","MALE","","2006","194.69"
"ESP","","TOTAL","MALE","","2007","193.26"
"ESP","","TOTAL","MALE","","2008","183.72"
"ESP","","TOTAL","MALE","","2009","174.82"
"ESP","","TOTAL","MALE","","2010","168.71"
"ESP","","TOTAL","MALE","","2011","162.04"
"ESP","","TOTAL","MALE","","2012","159.79"
"ESP","","TOTAL","MALE","","2013","151.02"
"ESP","","TOTAL","MALE","","2014","147.41"
"ESP","","TOTAL","MALE","","2015","151.09"
"ESP","","TOTAL","MALE","","2016","145.13"
"ESP","","TOTAL","MALE","","2017","143.22"
"ESP","","TOTAL","MALE","","2018","140.13"
"ESP","","TOTAL","MALE","","2019","133.69"
"ESP","","TOTAL","MALE","","2020","135.55"
"ESP","","TOTAL","MALE","","2021","133.56"
"EST","","TOTAL","MALE","","1981","987.04"
"EST","","TOTAL","MALE","","1982","907.83"
"EST","","TOTAL","MALE","","1985","1011.65"
"EST","","TOTAL","MALE","","1986","935.29"
"EST","","TOTAL","MALE","","1987","922.43"
"EST","","TOTAL","MALE","","1988","903.18"
"EST","","TOTAL","MALE","","1989","864.34"
"EST","","TOTAL","MALE","","1990","926.31"
"EST","","TOTAL","MALE","","1991","874.44"
"EST","","TOTAL","MALE","","1992","928.27"
"EST","","TOTAL","MALE","","1993","943.81"
"EST","","TOTAL","MALE","","1994","983.51"
"EST","","TOTAL","MALE","","1995","926.09"
"EST","","TOTAL","MALE","","1996","843.27"
"EST","","TOTAL","MALE","","1997","790.41"
"EST","","TOTAL","MALE","","1998","825.23"
"EST","","TOTAL","MALE","","1999","808.86"
"EST","","TOTAL","MALE","","2000","746.55"
"EST","","TOTAL","MALE","","2001","758.69"
"EST","","TOTAL","MALE","","2002","736.28"
"EST","","TOTAL","MALE","","2003","739.15"
"EST","","TOTAL","MALE","","2004","694.3"
"EST","","TOTAL","MALE","","2005","681.97"
"EST","","TOTAL","MALE","","2006","681.54"
"EST","","TOTAL","MALE","","2007","650.73"
"EST","","TOTAL","MALE","","2008","628.18"
"EST","","TOTAL","MALE","","2009","583.53"
"EST","","TOTAL","MALE","","2010","560.63"
"EST","","TOTAL","MALE","","2011","502.86"
"EST","","TOTAL","MALE","","2012","501.03"
"EST","","TOTAL","MALE","","2013","462.28"
"EST","","TOTAL","MALE","","2014","462.45"
"EST","","TOTAL","MALE","","2015","423.75"
"EST","","TOTAL","MALE","","2016","423.08"
"","EU_AFTER_MAY2004","TOTAL","MALE","","1981","747.71"
"","EU_AFTER_MAY2004","TOTAL","MALE","","1982","746.06"
"","EU_AFTER_MAY2004","TOTAL","MALE","","1985","802.68"
"","EU_AFTER_MAY2004","TOTAL","MALE","","1986","781.73"
"","EU_AFTER_MAY2004","TOTAL","MALE","","1987","789.43"
"","EU_AFTER_MAY2004","TOTAL","MALE","","1988","771.66"
"","EU_AFTER_MAY2004","TOTAL","MALE","","1989","759.6"
"","EU_AFTER_MAY2004","TOTAL","MALE","","1990","770.44"
"","EU_AFTER_MAY2004","TOTAL","MALE","","1991","781.31"
"","EU_AFTER_MAY2004","TOTAL","MALE","","1992","774.83"
"","EU_AFTER_MAY2004","TOTAL","MALE","","1993","778.01"
"","EU_AFTER_MAY2004","TOTAL","MALE","","1994","759.23"
"","EU_AFTER_MAY2004","TOTAL","MALE","","1995","751.12"
"","EU_AFTER_MAY2004","TOTAL","MALE","","1996","749.65"
"","EU_AFTER_MAY2004","TOTAL","MALE","","1997","733.5"
"","EU_AFTER_MAY2004","TOTAL","MALE","","1998","716.12"
"","EU_AFTER_MAY2004","TOTAL","MALE","","1999","691.91"
"","EU_AFTER_MAY2004","TOTAL","MALE","","2000","662.5"
"","EU_AFTER_MAY2004","TOTAL","MALE","","2001","645.79"
"","EU_AFTER_MAY2004","TOTAL","MALE","","2002","645.29"
"","EU_AFTER_MAY2004","TOTAL","MALE","","2003","645.09"
"","EU_AFTER_MAY2004","TOTAL","MALE","","2004","611.18"
"","EU_AFTER_MAY2004","TOTAL","MALE","","2005","605.9"
"","EU_AFTER_MAY2004","TOTAL","MALE","","2006","583.9"
"","EU_AFTER_MAY2004","TOTAL","MALE","","2007","565.4"
"","EU_AFTER_MAY2004","TOTAL","MALE","","2008","545.23"
"","EU_AFTER_MAY2004","TOTAL","MALE","","2009","537.56"
"","EU_AFTER_MAY2004","TOTAL","MALE","","2010","523.38"
"","EU_AFTER_MAY2004","TOTAL","MALE","","2011","496.03"
"","EU_AFTER_MAY2004","TOTAL","MALE","","2012","488.26"
"","EU_AFTER_MAY2004","TOTAL","MALE","","2013","469.14"
"","EU_AFTER_MAY2004","TOTAL","MALE","","2014","451.13"
"","EU_AFTER_MAY2004","TOTAL","MALE","","2015","455.69"
"","EU_AFTER_MAY2004","TOTAL","MALE","","2016","430.78"
"","EU_AFTER_MAY2004","TOTAL","MALE","","2017","425.05"
"","EU_AFTER_MAY2004","TOTAL","MALE","","2018","413.69"
"","EU_AFTER_MAY2004","TOTAL","MALE","","2019","399.51"
"","EU_AFTER_MAY2004","TOTAL","MALE","","2020","414.37"
"","EU_AFTER_MAY2004","TOTAL","MALE","","2021","423.06"
"","EU_BEFORE_FEB2020","TOTAL","MALE","","1969","596.61"
"","EU_BEFORE_FEB2020","TOTAL","MALE","","1970","586.64"
"","EU_BEFORE_FEB2020","TOTAL","MALE","","1971","591"
"","EU_BEFORE_FEB2020","TOTAL","MALE","","1972","584.34"
"","EU_BEFORE_FEB2020","TOTAL","MALE","","1973","590.44"
"","EU_BEFORE_FEB2020","TOTAL","MALE","","1974","580.09"
"","EU_BEFORE_FEB2020","TOTAL","MALE","","1975","582.2"
"","EU_BEFORE_FEB2020","TOTAL","MALE","","1976","585.02"
"","EU_BEFORE_FEB2020","TOTAL","MALE","","1977","572.75"
"","EU_BEFORE_FEB2020","TOTAL","MALE","","1978","574.78"
"","EU_BEFORE_FEB2020","TOTAL","MALE","","1979","570.68"
"","EU_BEFORE_FEB2020","TOTAL","MALE","","1980","571.69"
"","EU_BEFORE_FEB2020","TOTAL","MALE","","1981","555.74"
"","EU_BEFORE_FEB2020","TOTAL","MALE","","1982","549.11"
"","EU_BEFORE_FEB2020","TOTAL","MALE","","1983","555.69"
"","EU_BEFORE_FEB2020","TOTAL","MALE","","1984","544.83"
"","EU_BEFORE_FEB2020","TOTAL","MALE","","1985","551.55"
"","EU_BEFORE_FEB2020","TOTAL","MALE","","1986","537.05"
"","EU_BEFORE_FEB2020","TOTAL","MALE","","1987","523.44"
"","EU_BEFORE_FEB2020","TOTAL","MALE","","1988","511.68"
"","EU_BEFORE_FEB2020","TOTAL","MALE","","1989","499.57"
"","EU_BEFORE_FEB2020","TOTAL","MALE","","1990","496.01"
"","EU_BEFORE_FEB2020","TOTAL","MALE","","1991","494.98"
"","EU_BEFORE_FEB2020","TOTAL","MALE","","1992","479.52"
"","EU_BEFORE_FEB2020","TOTAL","MALE","","1993","478.72"
"","EU_BEFORE_FEB2020","TOTAL","MALE","","1994","458.78"
"","EU_BEFORE_FEB2020","TOTAL","MALE","","1995","453.64"
"","EU_BEFORE_FEB2020","TOTAL","MALE","","1996","444.77"
"","EU_BEFORE_FEB2020","TOTAL","MALE","","1997","430.25"
"","EU_BEFORE_FEB2020","TOTAL","MALE","","1998","422.53"
"","EU_BEFORE_FEB2020","TOTAL","MALE","","1999","407.17"
"","EU_BEFORE_FEB2020","TOTAL","MALE","","2000","387.93"
"","EU_BEFORE_FEB2020","TOTAL","MALE","","2001","375.01"
"","EU_BEFORE_FEB2020","TOTAL","MALE","","2002","368.85"
"","EU_BEFORE_FEB2020","TOTAL","MALE","","2003","363.63"
"","EU_BEFORE_FEB2020","TOTAL","MALE","","2004","337.92"
"","EU_BEFORE_FEB2020","TOTAL","MALE","","2005","329.28"
"","EU_BEFORE_FEB2020","TOTAL","MALE","","2006","311.16"
"","EU_BEFORE_FEB2020","TOTAL","MALE","","2007","300.43"
"","EU_BEFORE_FEB2020","TOTAL","MALE","","2008","288.37"
"","EU_BEFORE_FEB2020","TOTAL","MALE","","2009","279.48"
"","EU_BEFORE_FEB2020","TOTAL","MALE","","2010","269.9"
"","EU_BEFORE_FEB2020","TOTAL","MALE","","2011","254.59"
"","EU_BEFORE_FEB2020","TOTAL","MALE","","2012","250.13"
"","EU_BEFORE_FEB2020","TOTAL","MALE","","2013","243.24"
"","EU_BEFORE_FEB2020","TOTAL","MALE","","2014","232.16"
"","EU_BEFORE_FEB2020","TOTAL","MALE","","2015","234.93"
"","EU_BEFORE_FEB2020","TOTAL","MALE","","2016","222.43"
"","EU_BEFORE_FEB2020","TOTAL","MALE","","2017","219.71"
"","EU_BEFORE_FEB2020","TOTAL","MALE","","2018","214.31"
"","EU_BEFORE_FEB2020","TOTAL","MALE","","2019","204.5"
"","EU_BEFORE_FEB2020","TOTAL","MALE","","2020","209.1"
"","EU_BEFORE_FEB2020","TOTAL","MALE","","2021","210.13"
"","EU_BEFORE_MAY2004","TOTAL","MALE","","1969","571.87"
"","EU_BEFORE_MAY2004","TOTAL","MALE","","1970","557.59"
"","EU_BEFORE_MAY2004","TOTAL","MALE","","1971","558.78"
"","EU_BEFORE_MAY2004","TOTAL","MALE","","1972","554.14"
"","EU_BEFORE_MAY2004","TOTAL","MALE","","1973","555.79"
"","EU_BEFORE_MAY2004","TOTAL","MALE","","1974","548.56"
"","EU_BEFORE_MAY2004","TOTAL","MALE","","1975","548.93"
"","EU_BEFORE_MAY2004","TOTAL","MALE","","1976","546.63"
"","EU_BEFORE_MAY2004","TOTAL","MALE","","1977","529.56"
"","EU_BEFORE_MAY2004","TOTAL","MALE","","1978","529.1"
"","EU_BEFORE_MAY2004","TOTAL","MALE","","1979","521.94"
"","EU_BEFORE_MAY2004","TOTAL","MALE","","1980","510.53"
"","EU_BEFORE_MAY2004","TOTAL","MALE","","1981","497.82"
"","EU_BEFORE_MAY2004","TOTAL","MALE","","1982","489.35"
"","EU_BEFORE_MAY2004","TOTAL","MALE","","1983","491.95"
"","EU_BEFORE_MAY2004","TOTAL","MALE","","1984","474.2"
"","EU_BEFORE_MAY2004","TOTAL","MALE","","1985","474.73"
"","EU_BEFORE_MAY2004","TOTAL","MALE","","1986","462.02"
"","EU_BEFORE_MAY2004","TOTAL","MALE","","1987","441.73"
"","EU_BEFORE_MAY2004","TOTAL","MALE","","1988","431.69"
"","EU_BEFORE_MAY2004","TOTAL","MALE","","1989","419.57"
"","EU_BEFORE_MAY2004","TOTAL","MALE","","1990","411.87"
"","EU_BEFORE_MAY2004","TOTAL","MALE","","1991","407.6"
"","EU_BEFORE_MAY2004","TOTAL","MALE","","1992","390.42"
"","EU_BEFORE_MAY2004","TOTAL","MALE","","1993","388.99"
"","EU_BEFORE_MAY2004","TOTAL","MALE","","1994","369.07"
"","EU_BEFORE_MAY2004","TOTAL","MALE","","1995","365.26"
"","EU_BEFORE_MAY2004","TOTAL","MALE","","1996","354.9"
"","EU_BEFORE_MAY2004","TOTAL","MALE","","1997","341.23"
"","EU_BEFORE_MAY2004","TOTAL","MALE","","1998","336.78"
"","EU_BEFORE_MAY2004","TOTAL","MALE","","1999","324.39"
"","EU_BEFORE_MAY2004","TOTAL","MALE","","2000","309.09"
"","EU_BEFORE_MAY2004","TOTAL","MALE","","2001","297.41"
"","EU_BEFORE_MAY2004","TOTAL","MALE","","2002","290.78"
"","EU_BEFORE_MAY2004","TOTAL","MALE","","2003","284.84"
"","EU_BEFORE_MAY2004","TOTAL","MALE","","2004","261.99"
"","EU_BEFORE_MAY2004","TOTAL","MALE","","2005","253"
"","EU_BEFORE_MAY2004","TOTAL","MALE","","2006","236.63"
"","EU_BEFORE_MAY2004","TOTAL","MALE","","2007","228.56"
"","EU_BEFORE_MAY2004","TOTAL","MALE","","2008","219.1"
"","EU_BEFORE_MAY2004","TOTAL","MALE","","2009","210.2"
"","EU_BEFORE_MAY2004","TOTAL","MALE","","2010","202.21"
"","EU_BEFORE_MAY2004","TOTAL","MALE","","2011","190.37"
"","EU_BEFORE_MAY2004","TOTAL","MALE","","2012","188.05"
"","EU_BEFORE_MAY2004","TOTAL","MALE","","2013","184.4"
"","EU_BEFORE_MAY2004","TOTAL","MALE","","2014","175.51"
"","EU_BEFORE_MAY2004","TOTAL","MALE","","2015","178.29"
"","EU_BEFORE_MAY2004","TOTAL","MALE","","2016","169.37"
"","EU_BEFORE_MAY2004","TOTAL","MALE","","2017","167.66"
"","EU_BEFORE_MAY2004","TOTAL","MALE","","2018","163.69"
"","EU_BEFORE_MAY2004","TOTAL","MALE","","2019","155.42"
"","EU_BEFORE_MAY2004","TOTAL","MALE","","2020","157.53"
"","EU_MEMBERS","TOTAL","MALE","","1969","578.12"
"","EU_MEMBERS","TOTAL","MALE","","1970","568.29"
"","EU_MEMBERS","TOTAL","MALE","","1971","575.57"
"","EU_MEMBERS","TOTAL","MALE","","1972","564.96"
"","EU_MEMBERS","TOTAL","MALE","","1973","574.29"
"","EU_MEMBERS","TOTAL","MALE","","1974","563.59"
"","EU_MEMBERS","TOTAL","MALE","","1975","567.76"
"","EU_MEMBERS","TOTAL","MALE","","1976","572.44"
"","EU_MEMBERS","TOTAL","MALE","","1977","561.39"
"","EU_MEMBERS","TOTAL","MALE","","1978","562.63"
"","EU_MEMBERS","TOTAL","MALE","","1979","558.47"
"","EU_MEMBERS","TOTAL","MALE","","1980","563.6"
"","EU_MEMBERS","TOTAL","MALE","","1981","549.44"
"","EU_MEMBERS","TOTAL","MALE","","1982","543.64"
"","EU_MEMBERS","TOTAL","MALE","","1983","552.3"
"","EU_MEMBERS","TOTAL","MALE","","1984","542.37"
"","EU_MEMBERS","TOTAL","MALE","","1985","549.63"
"","EU_MEMBERS","TOTAL","MALE","","1986","535.74"
"","EU_MEMBERS","TOTAL","MALE","","1987","524.17"
"","EU_MEMBERS","TOTAL","MALE","","1988","513.19"
"","EU_MEMBERS","TOTAL","MALE","","1989","501.32"
"","EU_MEMBERS","TOTAL","MALE","","1990","499.82"
"","EU_MEMBERS","TOTAL","MALE","","1991","498.79"
"","EU_MEMBERS","TOTAL","MALE","","1992","483.72"
"","EU_MEMBERS","TOTAL","MALE","","1993","482.84"
"","EU_MEMBERS","TOTAL","MALE","","1994","464.69"
"","EU_MEMBERS","TOTAL","MALE","","1995","459.66"
"","EU_MEMBERS","TOTAL","MALE","","1996","451.6"
"","EU_MEMBERS","TOTAL","MALE","","1997","437.92"
"","EU_MEMBERS","TOTAL","MALE","","1998","430.52"
"","EU_MEMBERS","TOTAL","MALE","","1999","415.07"
"","EU_MEMBERS","TOTAL","MALE","","2000","394.86"
"","EU_MEMBERS","TOTAL","MALE","","2001","381.69"
"","EU_MEMBERS","TOTAL","MALE","","2002","376.05"
"","EU_MEMBERS","TOTAL","MALE","","2003","371.77"
"","EU_MEMBERS","TOTAL","MALE","","2004","345.86"
"","EU_MEMBERS","TOTAL","MALE","","2005","338.34"
"","EU_MEMBERS","TOTAL","MALE","","2006","320.24"
"","EU_MEMBERS","TOTAL","MALE","","2007","309.6"
"","EU_MEMBERS","TOTAL","MALE","","2008","297.24"
"","EU_MEMBERS","TOTAL","MALE","","2009","289.19"
"","EU_MEMBERS","TOTAL","MALE","","2010","279.1"
"","EU_MEMBERS","TOTAL","MALE","","2011","265.07"
"","EU_MEMBERS","TOTAL","MALE","","2012","260.64"
"","EU_MEMBERS","TOTAL","MALE","","2013","253.11"
"","EU_MEMBERS","TOTAL","MALE","","2014","241.65"
"","EU_MEMBERS","TOTAL","MALE","","2015","244.84"
"","EU_MEMBERS","TOTAL","MALE","","2016","231.56"
"","EU_MEMBERS","TOTAL","MALE","","2017","228.93"
"","EU_MEMBERS","TOTAL","MALE","","2018","222.29"
"","EU_MEMBERS","TOTAL","MALE","","2019","212.8"
"","EU_MEMBERS","TOTAL","MALE","","2020","217.2"
"","EU_MEMBERS","TOTAL","MALE","","2021","218.4"
"FIN","","TOTAL","MALE","","1969","918.41"
"FIN","","TOTAL","MALE","","1970","875.71"
"FIN","","TOTAL","MALE","","1971","868.96"
"FIN","","TOTAL","MALE","","1972","830.17"
"FIN","","TOTAL","MALE","","1973","818.44"
"FIN","","TOTAL","MALE","","1974","827.15"
"FIN","","TOTAL","MALE","","1975","782.93"
"FIN","","TOTAL","MALE","","1976","796.75"
"FIN","","TOTAL","MALE","","1977","770.02"
"FIN","","TOTAL","MALE","","1978","745.42"
"FIN","","TOTAL","MALE","","1979","714.86"
"FIN","","TOTAL","MALE","","1980","696.16"
"FIN","","TOTAL","MALE","","1981","692.94"
"FIN","","TOTAL","MALE","","1982","668.49"
"FIN","","TOTAL","MALE","","1983","654.81"
"FIN","","TOTAL","MALE","","1984","640.42"
"FIN","","TOTAL","MALE","","1985","671.29"
"FIN","","TOTAL","MALE","","1986","620.36"
"FIN","","TOTAL","MALE","","1987","602.19"
"FIN","","TOTAL","MALE","","1988","583.03"
"FIN","","TOTAL","MALE","","1989","558.92"
"FIN","","TOTAL","MALE","","1990","563.28"
"FIN","","TOTAL","MALE","","1991","542.95"
"FIN","","TOTAL","MALE","","1992","534.82"
"FIN","","TOTAL","MALE","","1993","513.51"
"FIN","","TOTAL","MALE","","1994","465.65"
"FIN","","TOTAL","MALE","","1995","476.26"
"FIN","","TOTAL","MALE","","1996","437.92"
"FIN","","TOTAL","MALE","","1997","423.45"
"FIN","","TOTAL","MALE","","1998","418.61"
"FIN","","TOTAL","MALE","","1999","408.69"
"FIN","","TOTAL","MALE","","2000","389.65"
"FIN","","TOTAL","MALE","","2001","368.35"
"FIN","","TOTAL","MALE","","2002","360.93"
"FIN","","TOTAL","MALE","","2003","352.02"
"FIN","","TOTAL","MALE","","2004","335.01"
"FIN","","TOTAL","MALE","","2005","321.12"
"FIN","","TOTAL","MALE","","2006","317.21"
"FIN","","TOTAL","MALE","","2007","312.37"
"FIN","","TOTAL","MALE","","2008","298.66"
"FIN","","TOTAL","MALE","","2009","294.9"
"FIN","","TOTAL","MALE","","2010","288.33"
"FIN","","TOTAL","MALE","","2011","275.84"
"FIN","","TOTAL","MALE","","2012","264"
"FIN","","TOTAL","MALE","","2013","250.01"
"FIN","","TOTAL","MALE","","2014","239.88"
"FIN","","TOTAL","MALE","","2016","232.68"
"FIN","","TOTAL","MALE","","2017","222.11"
"FIN","","TOTAL","MALE","","2018","216.8"
"FIN","","TOTAL","MALE","","2019","204.28"
"FIN","","TOTAL","MALE","","2020","204.81"
"FIN","","TOTAL","MALE","","2021","200.22"
"FRA","","TOTAL","MALE","","1968","482.99"
"FRA","","TOTAL","MALE","","1969","466.98"
"FRA","","TOTAL","MALE","","1970","444.05"
"FRA","","TOTAL","MALE","","1971","454.75"
"FRA","","TOTAL","MALE","","1972","445.8"
"FRA","","TOTAL","MALE","","1973","441.4"
"FRA","","TOTAL","MALE","","1974","441"
"FRA","","TOTAL","MALE","","1975","442.93"
"FRA","","TOTAL","MALE","","1976","425.83"
"FRA","","TOTAL","MALE","","1977","398.47"
"FRA","","TOTAL","MALE","","1978","400.19"
"FRA","","TOTAL","MALE","","1979","386.21"
"FRA","","TOTAL","MALE","","1980","381.84"
"FRA","","TOTAL","MALE","","1981","369.41"
"FRA","","TOTAL","MALE","","1982","357.21"
"FRA","","TOTAL","MALE","","1983","355.84"
"FRA","","TOTAL","MALE","","1984","342.48"
"FRA","","TOTAL","MALE","","1985","345.31"
"FRA","","TOTAL","MALE","","1986","348.63"
"FRA","","TOTAL","MALE","","1987","310.06"
"FRA","","TOTAL","MALE","","1988","292.61"
"FRA","","TOTAL","MALE","","1989","279.69"
"FRA","","TOTAL","MALE","","1990","267.31"
"FRA","","TOTAL","MALE","","1991","265.28"
"FRA","","TOTAL","MALE","","1992","254.57"
"FRA","","TOTAL","MALE","","1993","253.86"
"FRA","","TOTAL","MALE","","1994","239.93"
"FRA","","TOTAL","MALE","","1995","240.67"
"FRA","","TOTAL","MALE","","1996","239.01"
"FRA","","TOTAL","MALE","","1997","231.05"
"FRA","","TOTAL","MALE","","1998","233.73"
"FRA","","TOTAL","MALE","","1999","228.96"
"FRA","","TOTAL","MALE","","2000","221.66"
"FRA","","TOTAL","MALE","","2001","214.89"
"FRA","","TOTAL","MALE","","2002","210.1"
"FRA","","TOTAL","MALE","","2003","207.64"
"FRA","","TOTAL","MALE","","2004","190.61"
"FRA","","TOTAL","MALE","","2005","186.17"
"FRA","","TOTAL","MALE","","2006","174.55"
"FRA","","TOTAL","MALE","","2007","168.63"
"FRA","","TOTAL","MALE","","2008","163.04"
"FRA","","TOTAL","MALE","","2009","155.75"
"FRA","","TOTAL","MALE","","2010","149.58"
"FRA","","TOTAL","MALE","","2011","141.03"
"FRA","","TOTAL","MALE","","2012","138.07"
"FRA","","TOTAL","MALE","","2013","132.36"
"FRA","","TOTAL","MALE","","2014","126.26"
"FRA","","TOTAL","MALE","","2017","120.79"
"FRA","","TOTAL","MALE","","2018","119.22"
"GBR","","TOTAL","MALE","","1968","734.72"
"GBR","","TOTAL","MALE","","1969","724.99"
"GBR","","TOTAL","MALE","","1970","714.25"
"GBR","","TOTAL","MALE","","1971","699.25"
"GBR","","TOTAL","MALE","","1972","720.5"
"GBR","","TOTAL","MALE","","1973","704.09"
"GBR","","TOTAL","MALE","","1974","696.93"
"GBR","","TOTAL","MALE","","1975","685.12"
"GBR","","TOTAL","MALE","","1976","675.35"
"GBR","","TOTAL","MALE","","1977","654.75"
"GBR","","TOTAL","MALE","","1978","662.97"
"GBR","","TOTAL","MALE","","1979","659.63"
"GBR","","TOTAL","MALE","","1980","630.77"
"GBR","","TOTAL","MALE","","1981","601.72"
"GBR","","TOTAL","MALE","","1982","589.07"
"GBR","","TOTAL","MALE","","1983","580.46"
"GBR","","TOTAL","MALE","","1984","562.78"
"GBR","","TOTAL","MALE","","1985","565.64"
"GBR","","TOTAL","MALE","","1986","546.64"
"GBR","","TOTAL","MALE","","1987","518.04"
"GBR","","TOTAL","MALE","","1988","500.69"
"GBR","","TOTAL","MALE","","1989","486.82"
"GBR","","TOTAL","MALE","","1990","468.2"
"GBR","","TOTAL","MALE","","1991","467.28"
"GBR","","TOTAL","MALE","","1992","449.08"
"GBR","","TOTAL","MALE","","1993","448.91"
"GBR","","TOTAL","MALE","","1994","416.13"
"GBR","","TOTAL","MALE","","1995","410.3"
"GBR","","TOTAL","MALE","","1996","395.78"
"GBR","","TOTAL","MALE","","1997","375.37"
"GBR","","TOTAL","MALE","","1998","365.61"
"GBR","","TOTAL","MALE","","1999","351.17"
"GBR","","TOTAL","MALE","","2001","326.75"
"GBR","","TOTAL","MALE","","2002","316.92"
"GBR","","TOTAL","MALE","","2003","304.99"
"GBR","","TOTAL","MALE","","2004","280.83"
"GBR","","TOTAL","MALE","","2005","264.38"
"GBR","","TOTAL","MALE","","2006","246.21"
"GBR","","TOTAL","MALE","","2007","234.98"
"GBR","","TOTAL","MALE","","2008","225.32"
"GBR","","TOTAL","MALE","","2009","210.85"
"GBR","","TOTAL","MALE","","2010","205.24"
"GBR","","TOTAL","MALE","","2011","181.82"
"GBR","","TOTAL","MALE","","2012","177.97"
"GBR","","TOTAL","MALE","","2013","176.12"
"GBR","","TOTAL","MALE","","2014","167.96"
"GBR","","TOTAL","MALE","","2015","168.29"
"GBR","","TOTAL","MALE","","2016","161.39"
"GBR","","TOTAL","MALE","","2017","158.39"
"GBR","","TOTAL","MALE","","2018","159.97"
"GBR","","TOTAL","MALE","","2019","149.85"
"GBR","","TOTAL","MALE","","2020","155.94"
"GEO","","TOTAL","MALE","","1981","854.38"
"GEO","","TOTAL","MALE","","1982","835.83"
"GEO","","TOTAL","MALE","","1985","873.87"
"GEO","","TOTAL","MALE","","1986","855.07"
"GEO","","TOTAL","MALE","","1987","846.79"
"GEO","","TOTAL","MALE","","1988","841.78"
"GEO","","TOTAL","MALE","","1989","809.33"
"GEO","","TOTAL","MALE","","1990","774.16"
"GEO","","TOTAL","MALE","","1991","802.08"
"GEO","","TOTAL","MALE","","1992","852.61"
"GEO","","TOTAL","MALE","","1994","650.11"
"GEO","","TOTAL","MALE","","1995","803.1"
"GEO","","TOTAL","MALE","","1996","713.29"
"GEO","","TOTAL","MALE","","1997","776.87"
"GEO","","TOTAL","MALE","","1998","853.43"
"GEO","","TOTAL","MALE","","1999","856.43"
"GEO","","TOTAL","MALE","","2000","861.58"
"GEO","","TOTAL","MALE","","2001","813.11"
"GEO","","TOTAL","MALE","","2004","914.11"
"GEO","","TOTAL","MALE","","2005","793.9"
"GEO","","TOTAL","MALE","","2006","766.59"
"GEO","","TOTAL","MALE","","2007","742.05"
"GEO","","TOTAL","MALE","","2009","638.07"
"GEO","","TOTAL","MALE","","2010","325.06"
"GEO","","TOTAL","MALE","","2011","382.59"
"GEO","","TOTAL","MALE","","2012","421.2"
"GEO","","TOTAL","MALE","","2013","388.38"
"GEO","","TOTAL","MALE","","2014","500"
"GEO","","TOTAL","MALE","","2015","531.77"
"GEO","","TOTAL","MALE","","2016","463.02"
"GEO","","TOTAL","MALE","","2017","511.97"
"GEO","","TOTAL","MALE","","2018","558.5"
"GEO","","TOTAL","MALE","","2019","556.6"
"GEO","","TOTAL","MALE","","2020","575.32"
"GEO","","TOTAL","MALE","","2021","588.16"
"GRC","","TOTAL","MALE","","1968","356.07"
"GRC","","TOTAL","MALE","","1969","360.97"
"GRC","","TOTAL","MALE","","1970","326.53"
"GRC","","TOTAL","MALE","","1971","340.61"
"GRC","","TOTAL","MALE","","1972","346.54"
"GRC","","TOTAL","MALE","","1973","355.19"
"GRC","","TOTAL","MALE","","1974","345.16"
"GRC","","TOTAL","MALE","","1975","361.03"
"GRC","","TOTAL","MALE","","1976","369.24"
"GRC","","TOTAL","MALE","","1977","378.11"
"GRC","","TOTAL","MALE","","1978","374.68"
"GRC","","TOTAL","MALE","","1979","383.67"
"GRC","","TOTAL","MALE","","1980","403.37"
"GRC","","TOTAL","MALE","","1981","390.4"
"GRC","","TOTAL","MALE","","1982","391.96"
"GRC","","TOTAL","MALE","","1983","402.89"
"GRC","","TOTAL","MALE","","1984","398"
"GRC","","TOTAL","MALE","","1985","424.38"
"GRC","","TOTAL","MALE","","1986","421.21"
"GRC","","TOTAL","MALE","","1987","432.17"
"GRC","","TOTAL","MALE","","1988","420.36"
"GRC","","TOTAL","MALE","","1989","415.68"
"GRC","","TOTAL","MALE","","1990","415.7"
"GRC","","TOTAL","MALE","","1991","409.4"
"GRC","","TOTAL","MALE","","1992","397.43"
"GRC","","TOTAL","MALE","","1993","378.73"
"GRC","","TOTAL","MALE","","1994","389.32"
"GRC","","TOTAL","MALE","","1995","397.7"
"GRC","","TOTAL","MALE","","1996","398.96"
"GRC","","TOTAL","MALE","","1997","388.36"
"GRC","","TOTAL","MALE","","1998","389.83"
"GRC","","TOTAL","MALE","","1999","381.1"
"GRC","","TOTAL","MALE","","2000","379.71"
"GRC","","TOTAL","MALE","","2001","364.7"
"GRC","","TOTAL","MALE","","2002","361.13"
"GRC","","TOTAL","MALE","","2003","355.38"
"GRC","","TOTAL","MALE","","2004","343.75"
"GRC","","TOTAL","MALE","","2005","321.27"
"GRC","","TOTAL","MALE","","2006","310.13"
"GRC","","TOTAL","MALE","","2007","298.54"
"GRC","","TOTAL","MALE","","2008","282.06"
"GRC","","TOTAL","MALE","","2009","271.03"
"GRC","","TOTAL","MALE","","2010","251.88"
"GRC","","TOTAL","MALE","","2011","246.7"
"GRC","","TOTAL","MALE","","2012","257.09"
"GRC","","TOTAL","MALE","","2014","226.45"
"GRC","","TOTAL","MALE","","2015","228.66"
"GRC","","TOTAL","MALE","","2016","214.02"
"GRC","","TOTAL","MALE","","2017","221.46"
"GRC","","TOTAL","MALE","","2018","208.36"
"GRC","","TOTAL","MALE","","2019","205.77"
"GRC","","TOTAL","MALE","","2020","204.71"
"HRV","","TOTAL","MALE","","1985","699.76"
"HRV","","TOTAL","MALE","","1986","707.56"
"HRV","","TOTAL","MALE","","1987","702.11"
"HRV","","TOTAL","MALE","","1988","688.09"
"HRV","","TOTAL","MALE","","1989","681.9"
"HRV","","TOTAL","MALE","","1990","667.48"
"HRV","","TOTAL","MALE","","1991","644.64"
"HRV","","TOTAL","MALE","","1992","598.36"
"HRV","","TOTAL","MALE","","1993","625.27"
"HRV","","TOTAL","MALE","","1994","611.68"
"HRV","","TOTAL","MALE","","1995","585.12"
"HRV","","TOTAL","MALE","","1996","667.21"
"HRV","","TOTAL","MALE","","1997","671.45"
"HRV","","TOTAL","MALE","","1998","726.05"
"HRV","","TOTAL","MALE","","1999","716.4"
"HRV","","TOTAL","MALE","","2000","679.73"
"HRV","","TOTAL","MALE","","2001","585.78"
"HRV","","TOTAL","MALE","","2002","589.64"
"HRV","","TOTAL","MALE","","2003","600.84"
"HRV","","TOTAL","MALE","","2004","497.58"
"HRV","","TOTAL","MALE","","2005","525.8"
"HRV","","TOTAL","MALE","","2006","505.26"
"HRV","","TOTAL","MALE","","2007","499.11"
"HRV","","TOTAL","MALE","","2008","486.19"
"HRV","","TOTAL","MALE","","2009","460.37"
"HRV","","TOTAL","MALE","","2010","440.27"
"HRV","","TOTAL","MALE","","2011","415.88"
"HRV","","TOTAL","MALE","","2012","415.46"
"HRV","","TOTAL","MALE","","2013","392.75"
"HRV","","TOTAL","MALE","","2014","375.26"
"HRV","","TOTAL","MALE","","2015","396.65"
"HRV","","TOTAL","MALE","","2016","355.26"
"HRV","","TOTAL","MALE","","2017","350.65"
"HRV","","TOTAL","MALE","","2019","311.29"
"HRV","","TOTAL","MALE","","2020","316.62"
"HRV","","TOTAL","MALE","","2021","331.29"
"HUN","","TOTAL","MALE","","1969","801.08"
"HUN","","TOTAL","MALE","","1970","796.21"
"HUN","","TOTAL","MALE","","1971","799.65"
"HUN","","TOTAL","MALE","","1972","775.22"
"HUN","","TOTAL","MALE","","1973","791.69"
"HUN","","TOTAL","MALE","","1974","767.43"
"HUN","","TOTAL","MALE","","1975","772.29"
"HUN","","TOTAL","MALE","","1976","774.91"
"HUN","","TOTAL","MALE","","1977","765.55"
"HUN","","TOTAL","MALE","","1978","810.97"
"HUN","","TOTAL","MALE","","1979","794.29"
"HUN","","TOTAL","MALE","","1980","843.32"
"HUN","","TOTAL","MALE","","1981","833.46"
"HUN","","TOTAL","MALE","","1982","845.21"
"HUN","","TOTAL","MALE","","1983","855.6"
"HUN","","TOTAL","MALE","","1984","846.34"
"HUN","","TOTAL","MALE","","1985","851.8"
"HUN","","TOTAL","MALE","","1986","820.22"
"HUN","","TOTAL","MALE","","1987","793.5"
"HUN","","TOTAL","MALE","","1988","772.76"
"HUN","","TOTAL","MALE","","1989","785.71"
"HUN","","TOTAL","MALE","","1990","806.34"
"HUN","","TOTAL","MALE","","1991","801.44"
"HUN","","TOTAL","MALE","","1992","803.97"
"HUN","","TOTAL","MALE","","1993","816.39"
"HUN","","TOTAL","MALE","","1994","768.44"
"HUN","","TOTAL","MALE","","1995","752.46"
"HUN","","TOTAL","MALE","","1996","738.34"
"HUN","","TOTAL","MALE","","1997","711.92"
"HUN","","TOTAL","MALE","","1998","721.38"
"HUN","","TOTAL","MALE","","1999","744.54"
"HUN","","TOTAL","MALE","","2000","696.96"
"HUN","","TOTAL","MALE","","2001","635.21"
"HUN","","TOTAL","MALE","","2002","638.57"
"HUN","","TOTAL","MALE","","2003","647.5"
"HUN","","TOTAL","MALE","","2004","618.52"
"HUN","","TOTAL","MALE","","2005","643.87"
"HUN","","TOTAL","MALE","","2006","590.71"
"HUN","","TOTAL","MALE","","2007","584.45"
"HUN","","TOTAL","MALE","","2008","553.88"
"HUN","","TOTAL","MALE","","2009","548.34"
"HUN","","TOTAL","MALE","","2010","534.72"
"HUN","","TOTAL","MALE","","2011","516.22"
"HUN","","TOTAL","MALE","","2012","509.37"
"HUN","","TOTAL","MALE","","2013","494.12"
"HUN","","TOTAL","MALE","","2014","486.86"
"HUN","","TOTAL","MALE","","2015","477.88"
"HUN","","TOTAL","MALE","","2016","476.76"
"HUN","","TOTAL","MALE","","2017","487.51"
"HUN","","TOTAL","MALE","","2018","475.16"
"HUN","","TOTAL","MALE","","2019","460.88"
"IRL","","TOTAL","MALE","","1968","739.72"
"IRL","","TOTAL","MALE","","1969","739"
"IRL","","TOTAL","MALE","","1970","727.6"
"IRL","","TOTAL","MALE","","1971","685.46"
"IRL","","TOTAL","MALE","","1972","734.14"
"IRL","","TOTAL","MALE","","1973","729.42"
"IRL","","TOTAL","MALE","","1974","747.67"
"IRL","","TOTAL","MALE","","1975","718.06"
"IRL","","TOTAL","MALE","","1976","713.32"
"IRL","","TOTAL","MALE","","1977","723.72"
"IRL","","TOTAL","MALE","","1978","701.92"
"IRL","","TOTAL","MALE","","1979","720.26"
"IRL","","TOTAL","MALE","","1980","705.05"
"IRL","","TOTAL","MALE","","1981","683.45"
"IRL","","TOTAL","MALE","","1982","674.75"
"IRL","","TOTAL","MALE","","1983","685.91"
"IRL","","TOTAL","MALE","","1984","642.32"
"IRL","","TOTAL","MALE","","1985","655.24"
"IRL","","TOTAL","MALE","","1986","653.78"
"IRL","","TOTAL","MALE","","1987","595.08"
"IRL","","TOTAL","MALE","","1988","578.64"
"IRL","","TOTAL","MALE","","1989","562.09"
"IRL","","TOTAL","MALE","","1990","547.22"
"IRL","","TOTAL","MALE","","1991","521.14"
"IRL","","TOTAL","MALE","","1992","504.42"
"IRL","","TOTAL","MALE","","1993","514.95"
"IRL","","TOTAL","MALE","","1994","492.43"
"IRL","","TOTAL","MALE","","1995","494.51"
"IRL","","TOTAL","MALE","","1996","472.34"
"IRL","","TOTAL","MALE","","1997","450.69"
"IRL","","TOTAL","MALE","","1998","434.63"
"IRL","","TOTAL","MALE","","1999","432.34"
"IRL","","TOTAL","MALE","","2000","401.38"
"IRL","","TOTAL","MALE","","2001","373.42"
"IRL","","TOTAL","MALE","","2002","354.25"
"IRL","","TOTAL","MALE","","2003","323.37"
"IRL","","TOTAL","MALE","","2004","306.4"
"IRL","","TOTAL","MALE","","2005","284.57"
"IRL","","TOTAL","MALE","","2006","270.46"
"IRL","","TOTAL","MALE","","2007","262.94"
"IRL","","TOTAL","MALE","","2008","252.73"
"IRL","","TOTAL","MALE","","2009","237.85"
"IRL","","TOTAL","MALE","","2010","228.23"
"IRL","","TOTAL","MALE","","2011","213.99"
"IRL","","TOTAL","MALE","","2012","214"
"IRL","","TOTAL","MALE","","2013","208.33"
"IRL","","TOTAL","MALE","","2015","192.76"
"IRL","","TOTAL","MALE","","2018","172.2"
"ISL","","TOTAL","MALE","","1971","612.57"
"ISL","","TOTAL","MALE","","1972","548.3"
"ISL","","TOTAL","MALE","","1973","526.25"
"ISL","","TOTAL","MALE","","1974","515.22"
"ISL","","TOTAL","MALE","","1975","464.38"
"ISL","","TOTAL","MALE","","1976","473.29"
"ISL","","TOTAL","MALE","","1977","449.12"
"ISL","","TOTAL","MALE","","1978","437.81"
"ISL","","TOTAL","MALE","","1979","449.38"
"ISL","","TOTAL","MALE","","1980","470.25"
"ISL","","TOTAL","MALE","","1981","534.36"
"ISL","","TOTAL","MALE","","1982","433.44"
"ISL","","TOTAL","MALE","","1983","505.12"
"ISL","","TOTAL","MALE","","1984","419.06"
"ISL","","TOTAL","MALE","","1985","421.46"
"ISL","","TOTAL","MALE","","1986","412.24"
"ISL","","TOTAL","MALE","","1987","427.89"
"ISL","","TOTAL","MALE","","1988","419.6"
"ISL","","TOTAL","MALE","","1989","394.79"
"ISL","","TOTAL","MALE","","1990","360.06"
"ISL","","TOTAL","MALE","","1991","406.81"
"ISL","","TOTAL","MALE","","1992","365.56"
"ISL","","TOTAL","MALE","","1993","350.42"
"ISL","","TOTAL","MALE","","1994","373.65"
"ISL","","TOTAL","MALE","","1995","376.26"
"ISL","","TOTAL","MALE","","1996","335.95"
"ISL","","TOTAL","MALE","","1997","324.42"
"ISL","","TOTAL","MALE","","1998","305.3"
"ISL","","TOTAL","MALE","","1999","317.7"
"ISL","","TOTAL","MALE","","2000","274.23"
"ISL","","TOTAL","MALE","","2001","280.13"
"ISL","","TOTAL","MALE","","2002","282.67"
"ISL","","TOTAL","MALE","","2003","263.66"
"ISL","","TOTAL","MALE","","2004","281.22"
"ISL","","TOTAL","MALE","","2005","220.38"
"ISL","","TOTAL","MALE","","2006","229.46"
"ISL","","TOTAL","MALE","","2007","230.14"
"ISL","","TOTAL","MALE","","2008","219.65"
"ISL","","TOTAL","MALE","","2009","218.59"
"ISL","","TOTAL","MALE","","2010","228.24"
"ISL","","TOTAL","MALE","","2011","195.47"
"ISL","","TOTAL","MALE","","2012","167.48"
"ISL","","TOTAL","MALE","","2013","179.73"
"ISL","","TOTAL","MALE","","2014","178.67"
"ISL","","TOTAL","MALE","","2015","185.63"
"ISL","","TOTAL","MALE","","2016","183.4"
"ISL","","TOTAL","MALE","","2017","163.02"
"ISL","","TOTAL","MALE","","2018","155.3"
"ISL","","TOTAL","MALE","","2019","157.39"
"ISL","","TOTAL","MALE","","2020","143.78"
"ISL","","TOTAL","MALE","","2021","141.84"
"ISR","","TOTAL","MALE","","1975","570.5"
"ISR","","TOTAL","MALE","","1976","551.34"
"ISR","","TOTAL","MALE","","1977","544.43"
"ISR","","TOTAL","MALE","","1978","518.07"
"ISR","","TOTAL","MALE","","1979","505.81"
"ISR","","TOTAL","MALE","","1980","518.47"
"ISR","","TOTAL","MALE","","1981","490.19"
"ISR","","TOTAL","MALE","","1982","506.07"
"ISR","","TOTAL","MALE","","1983","439.83"
"ISR","","TOTAL","MALE","","1984","425.89"
"ISR","","TOTAL","MALE","","1985","416.91"
"ISR","","TOTAL","MALE","","1986","447.22"
"ISR","","TOTAL","MALE","","1987","425.11"
"ISR","","TOTAL","MALE","","1988","405.21"
"ISR","","TOTAL","MALE","","1989","387.32"
"ISR","","TOTAL","MALE","","1990","359.56"
"ISR","","TOTAL","MALE","","1991","375.95"
"ISR","","TOTAL","MALE","","1992","377.92"
"ISR","","TOTAL","MALE","","1993","373.08"
"ISR","","TOTAL","MALE","","1994","376.28"
"ISR","","TOTAL","MALE","","1995","365.48"
"ISR","","TOTAL","MALE","","1996","290.52"
"ISR","","TOTAL","MALE","","1997","270.72"
"ISR","","TOTAL","MALE","","1998","279.68"
"ISR","","TOTAL","MALE","","1999","238.9"
"ISR","","TOTAL","MALE","","2000","238.16"
"ISR","","TOTAL","MALE","","2001","227.81"
"ISR","","TOTAL","MALE","","2002","216.38"
"ISR","","TOTAL","MALE","","2003","209.58"
"ISR","","TOTAL","MALE","","2004","198.63"
"ISR","","TOTAL","MALE","","2005","188.26"
"ISR","","TOTAL","MALE","","2006","175.6"
"ISR","","TOTAL","MALE","","2007","181.99"
"ISR","","TOTAL","MALE","","2008","158.36"
"ISR","","TOTAL","MALE","","2009","143.84"
"ISR","","TOTAL","MALE","","2010","144.94"
"ISR","","TOTAL","MALE","","2011","140.52"
"ISR","","TOTAL","MALE","","2012","135.01"
"ISR","","TOTAL","MALE","","2013","129"
"ISR","","TOTAL","MALE","","2014","125.01"
"ISR","","TOTAL","MALE","","2015","128.84"
"ISR","","TOTAL","MALE","","2016","121.91"
"ISR","","TOTAL","MALE","","2017","123.18"
"ISR","","TOTAL","MALE","","2018","113.33"
"ISR","","TOTAL","MALE","","2019","113.69"
"ISR","","TOTAL","MALE","","2020","112.16"
"ISR","","TOTAL","MALE","","2021","107.29"
"ITA","","TOTAL","MALE","","1968","614.97"
"ITA","","TOTAL","MALE","","1969","606.94"
"ITA","","TOTAL","MALE","","1970","560.49"
"ITA","","TOTAL","MALE","","1971","571.65"
"ITA","","TOTAL","MALE","","1972","560.25"
"ITA","","TOTAL","MALE","","1973","589.7"
"ITA","","TOTAL","MALE","","1974","555.45"
"ITA","","TOTAL","MALE","","1975","565.38"
"ITA","","TOTAL","MALE","","1976","565.93"
"ITA","","TOTAL","MALE","","1977","552.03"
"ITA","","TOTAL","MALE","","1978","540.8"
"ITA","","TOTAL","MALE","","1979","521.3"
"ITA","","TOTAL","MALE","","1980","516.7"
"ITA","","TOTAL","MALE","","1981","490.49"
"ITA","","TOTAL","MALE","","1982","497.34"
"ITA","","TOTAL","MALE","","1983","516.08"
"ITA","","TOTAL","MALE","","1984","470.9"
"ITA","","TOTAL","MALE","","1985","459.77"
"ITA","","TOTAL","MALE","","1986","439.82"
"ITA","","TOTAL","MALE","","1987","417.28"
"ITA","","TOTAL","MALE","","1988","401.51"
"ITA","","TOTAL","MALE","","1989","384.03"
"ITA","","TOTAL","MALE","","1990","374.35"
"ITA","","TOTAL","MALE","","1991","376.28"
"ITA","","TOTAL","MALE","","1992","361.19"
"ITA","","TOTAL","MALE","","1993","357.1"
"ITA","","TOTAL","MALE","","1994","349.02"
"ITA","","TOTAL","MALE","","1995","343.4"
"ITA","","TOTAL","MALE","","1996","328.12"
"ITA","","TOTAL","MALE","","1997","320.58"
"ITA","","TOTAL","MALE","","1998","323.98"
"ITA","","TOTAL","MALE","","1999","307.5"
"ITA","","TOTAL","MALE","","2000","293.78"
"ITA","","TOTAL","MALE","","2001","279.97"
"ITA","","TOTAL","MALE","","2002","274.05"
"ITA","","TOTAL","MALE","","2003","270.34"
"ITA","","TOTAL","MALE","","2004","245.94"
"ITA","","TOTAL","MALE","","2005","247.14"
"ITA","","TOTAL","MALE","","2006","225.37"
"ITA","","TOTAL","MALE","","2007","218.65"
"ITA","","TOTAL","MALE","","2008","213.97"
"ITA","","TOTAL","MALE","","2009","205.26"
"ITA","","TOTAL","MALE","","2010","196.39"
"ITA","","TOTAL","MALE","","2011","195.2"
"ITA","","TOTAL","MALE","","2012","193.66"
"ITA","","TOTAL","MALE","","2013","183.07"
"ITA","","TOTAL","MALE","","2014","175.04"
"ITA","","TOTAL","MALE","","2015","183.38"
"ITA","","TOTAL","MALE","","2016","167.6"
"ITA","","TOTAL","MALE","","2017","170.32"
"ITA","","TOTAL","MALE","","2018","160.33"
"ITA","","TOTAL","MALE","","2019","149.45"
"ITA","","TOTAL","MALE","","2020","156.66"
"KAZ","","TOTAL","MALE","","1981","736.85"
"KAZ","","TOTAL","MALE","","1982","732.03"
"KAZ","","TOTAL","MALE","","1985","775.67"
"KAZ","","TOTAL","MALE","","1986","727.46"
"KAZ","","TOTAL","MALE","","1987","750.26"
"KAZ","","TOTAL","MALE","","1988","764.76"
"KAZ","","TOTAL","MALE","","1989","758.62"
"KAZ","","TOTAL","MALE","","1990","765.77"
"KAZ","","TOTAL","MALE","","1991","790.04"
"KAZ","","TOTAL","MALE","","1992","800.05"
"KAZ","","TOTAL","MALE","","1993","896.96"
"KAZ","","TOTAL","MALE","","1994","1028.16"
"KAZ","","TOTAL","MALE","","1995","1039.97"
"KAZ","","TOTAL","MALE","","1996","1062.16"
"KAZ","","TOTAL","MALE","","1997","1030.93"
"KAZ","","TOTAL","MALE","","1998","1074.27"
"KAZ","","TOTAL","MALE","","1999","1041.66"
"KAZ","","TOTAL","MALE","","2000","1071.48"
"KAZ","","TOTAL","MALE","","2001","1032.72"
"KAZ","","TOTAL","MALE","","2002","1045.57"
"KAZ","","TOTAL","MALE","","2003","1108.74"
"KAZ","","TOTAL","MALE","","2004","1053.32"
"KAZ","","TOTAL","MALE","","2005","1079.9"
"KAZ","","TOTAL","MALE","","2006","1065.09"
"KAZ","","TOTAL","MALE","","2007","1054.53"
"KAZ","","TOTAL","MALE","","2008","972.18"
"KAZ","","TOTAL","MALE","","2009","814.41"
"KAZ","","TOTAL","MALE","","2010","809.82"
"KAZ","","TOTAL","MALE","","2011","626.65"
"KAZ","","TOTAL","MALE","","2012","516.92"
"KAZ","","TOTAL","MALE","","2013","480.39"
"KAZ","","TOTAL","MALE","","2014","408.18"
"KAZ","","TOTAL","MALE","","2015","376.76"
"KAZ","","TOTAL","MALE","","2016","351.67"
"KAZ","","TOTAL","MALE","","2017","336.95"
"KAZ","","TOTAL","MALE","","2018","323.12"
"KAZ","","TOTAL","MALE","","2019","308.47"
"KAZ","","TOTAL","MALE","","2020","367.07"
"KAZ","","TOTAL","MALE","","2021","412.99"
"KGZ","","TOTAL","MALE","","1981","639.44"
"KGZ","","TOTAL","MALE","","1982","657.22"
"KGZ","","TOTAL","MALE","","1985","689.3"
"KGZ","","TOTAL","MALE","","1986","635.63"
"KGZ","","TOTAL","MALE","","1987","672.55"
"KGZ","","TOTAL","MALE","","1988","688.12"
"KGZ","","TOTAL","MALE","","1989","702.28"
"KGZ","","TOTAL","MALE","","1990","666.47"
"KGZ","","TOTAL","MALE","","1991","640.36"
"KGZ","","TOTAL","MALE","","1992","664.78"
"KGZ","","TOTAL","MALE","","1993","739.71"
"KGZ","","TOTAL","MALE","","1994","849.55"
"KGZ","","TOTAL","MALE","","1995","823.71"
"KGZ","","TOTAL","MALE","","1996","786.06"
"KGZ","","TOTAL","MALE","","1997","773.02"
"KGZ","","TOTAL","MALE","","1998","763.09"
"KGZ","","TOTAL","MALE","","1999","716.67"
"KGZ","","TOTAL","MALE","","2000","806.81"
"KGZ","","TOTAL","MALE","","2001","781.14"
"KGZ","","TOTAL","MALE","","2002","829.91"
"KGZ","","TOTAL","MALE","","2003","840.46"
"KGZ","","TOTAL","MALE","","2004","775.14"
"KGZ","","TOTAL","MALE","","2005","840.63"
"KGZ","","TOTAL","MALE","","2006","868.27"
"KGZ","","TOTAL","MALE","","2007","870.48"
"KGZ","","TOTAL","MALE","","2008","839.49"
"KGZ","","TOTAL","MALE","","2009","852.31"
"KGZ","","TOTAL","MALE","","2010","841.8"
"KGZ","","TOTAL","MALE","","2011","848.24"
"KGZ","","TOTAL","MALE","","2012","857.71"
"KGZ","","TOTAL","MALE","","2013","806.14"
"KGZ","","TOTAL","MALE","","2014","809.25"
"KGZ","","TOTAL","MALE","","2015","777.42"
"KGZ","","TOTAL","MALE","","2016","707.81"
"LTU","","TOTAL","MALE","","1981","677.64"
"LTU","","TOTAL","MALE","","1982","668.26"
"LTU","","TOTAL","MALE","","1985","775.85"
"LTU","","TOTAL","MALE","","1986","694.54"
"LTU","","TOTAL","MALE","","1987","723.71"
"LTU","","TOTAL","MALE","","1988","709.66"
"LTU","","TOTAL","MALE","","1989","702.42"
"LTU","","TOTAL","MALE","","1990","738.45"
"LTU","","TOTAL","MALE","","1991","730.8"
"LTU","","TOTAL","MALE","","1992","728.28"
"LTU","","TOTAL","MALE","","1993","815.81"
"LTU","","TOTAL","MALE","","1994","800.17"
"LTU","","TOTAL","MALE","","1995","767.92"
"LTU","","TOTAL","MALE","","1996","757.22"
"LTU","","TOTAL","MALE","","1997","712.76"
"LTU","","TOTAL","MALE","","1998","685.88"
"LTU","","TOTAL","MALE","","1999","693.79"
"LTU","","TOTAL","MALE","","2000","660.37"
"LTU","","TOTAL","MALE","","2001","698.44"
"LTU","","TOTAL","MALE","","2002","708.35"
"LTU","","TOTAL","MALE","","2003","708.98"
"LTU","","TOTAL","MALE","","2004","690.4"
"LTU","","TOTAL","MALE","","2005","734.42"
"LTU","","TOTAL","MALE","","2006","725.6"
"LTU","","TOTAL","MALE","","2007","730.4"
"LTU","","TOTAL","MALE","","2008","686"
"LTU","","TOTAL","MALE","","2009","655.61"
"LTU","","TOTAL","MALE","","2010","650.62"
"LTU","","TOTAL","MALE","","2011","632.01"
"LTU","","TOTAL","MALE","","2012","615.96"
"LTU","","TOTAL","MALE","","2013","606.51"
"LTU","","TOTAL","MALE","","2014","571.64"
"LTU","","TOTAL","MALE","","2015","582.84"
"LTU","","TOTAL","MALE","","2016","574.65"
"LTU","","TOTAL","MALE","","2017","540.91"
"LTU","","TOTAL","MALE","","2018","520.17"
"LTU","","TOTAL","MALE","","2019","496.8"
"LTU","","TOTAL","MALE","","2020","553.1"
"LTU","","TOTAL","MALE","","2021","544.18"
"LTU","","TOTAL","MALE","","2022","519.9"
"LUX","","TOTAL","MALE","","1971","746.24"
"LUX","","TOTAL","MALE","","1972","669.48"
"LUX","","TOTAL","MALE","","1973","661.19"
"LUX","","TOTAL","MALE","","1974","676.37"
"LUX","","TOTAL","MALE","","1975","684.54"
"LUX","","TOTAL","MALE","","1976","750.05"
"LUX","","TOTAL","MALE","","1977","641.74"
"LUX","","TOTAL","MALE","","1978","666.6"
"LUX","","TOTAL","MALE","","1979","643.65"
"LUX","","TOTAL","MALE","","1980","599.67"
"LUX","","TOTAL","MALE","","1981","606.5"
"LUX","","TOTAL","MALE","","1982","589.97"
"LUX","","TOTAL","MALE","","1983","593.53"
"LUX","","TOTAL","MALE","","1984","602.49"
"LUX","","TOTAL","MALE","","1985","594.15"
"LUX","","TOTAL","MALE","","1986","563.46"
"LUX","","TOTAL","MALE","","1987","537.94"
"LUX","","TOTAL","MALE","","1988","540.83"
"LUX","","TOTAL","MALE","","1989","509.72"
"LUX","","TOTAL","MALE","","1990","454.08"
"LUX","","TOTAL","MALE","","1991","441.36"
"LUX","","TOTAL","MALE","","1992","412.94"
"LUX","","TOTAL","MALE","","1993","409.4"
"LUX","","TOTAL","MALE","","1994","379.92"
"LUX","","TOTAL","MALE","","1995","375.33"
"LUX","","TOTAL","MALE","","1996","405.14"
"LUX","","TOTAL","MALE","","1997","354.13"
"LUX","","TOTAL","MALE","","1998","334.94"
"LUX","","TOTAL","MALE","","1999","321.28"
"LUX","","TOTAL","MALE","","2000","308.32"
"LUX","","TOTAL","MALE","","2001","293.28"
"LUX","","TOTAL","MALE","","2002","305.44"
"LUX","","TOTAL","MALE","","2003","331.5"
"LUX","","TOTAL","MALE","","2004","280.41"
"LUX","","TOTAL","MALE","","2005","263.7"
"LUX","","TOTAL","MALE","","2006","275.81"
"LUX","","TOTAL","MALE","","2007","248.68"
"LUX","","TOTAL","MALE","","2008","236.21"
"LUX","","TOTAL","MALE","","2009","239.2"
"LUX","","TOTAL","MALE","","2010","211.19"
"LUX","","TOTAL","MALE","","2011","204.14"
"LUX","","TOTAL","MALE","","2012","185.49"
"LUX","","TOTAL","MALE","","2013","167.05"
"LUX","","TOTAL","MALE","","2014","166.34"
"LUX","","TOTAL","MALE","","2015","155.14"
"LUX","","TOTAL","MALE","","2016","159.88"
"LUX","","TOTAL","MALE","","2017","159.83"
"LUX","","TOTAL","MALE","","2018","150.92"
"LUX","","TOTAL","MALE","","2019","136.55"
"LUX","","TOTAL","MALE","","2020","135.66"
"LUX","","TOTAL","MALE","","2021","118.7"
"LUX","","TOTAL","MALE","","2022","117.68"
"LVA","","TOTAL","MALE","","1980","938.94"
"LVA","","TOTAL","MALE","","1981","926.53"
"LVA","","TOTAL","MALE","","1982","869.75"
"LVA","","TOTAL","MALE","","1983","898.88"
"LVA","","TOTAL","MALE","","1984","935.79"
"LVA","","TOTAL","MALE","","1985","976.19"
"LVA","","TOTAL","MALE","","1986","870.05"
"LVA","","TOTAL","MALE","","1987","890.94"
"LVA","","TOTAL","MALE","","1988","881.36"
"LVA","","TOTAL","MALE","","1989","840.36"
"LVA","","TOTAL","MALE","","1990","885.25"
"LVA","","TOTAL","MALE","","1991","853.29"
"LVA","","TOTAL","MALE","","1992","893.95"
"LVA","","TOTAL","MALE","","1993","1028.06"
"LVA","","TOTAL","MALE","","1994","1116.16"
"LVA","","TOTAL","MALE","","1995","1039.17"
"LVA","","TOTAL","MALE","","1996","903.43"
"LVA","","TOTAL","MALE","","1997","846.44"
"LVA","","TOTAL","MALE","","1998","848.02"
"LVA","","TOTAL","MALE","","1999","813.15"
"LVA","","TOTAL","MALE","","2000","813.54"
"LVA","","TOTAL","MALE","","2001","838.62"
"LVA","","TOTAL","MALE","","2002","837.81"
"LVA","","TOTAL","MALE","","2003","819.73"
"LVA","","TOTAL","MALE","","2004","821.34"
"LVA","","TOTAL","MALE","","2005","836.37"
"LVA","","TOTAL","MALE","","2006","807.59"
"LVA","","TOTAL","MALE","","2007","807.26"
"LVA","","TOTAL","MALE","","2008","742.25"
"LVA","","TOTAL","MALE","","2009","700.1"
"LVA","","TOTAL","MALE","","2010","704.38"
"LVA","","TOTAL","MALE","","2011","664.36"
"LVA","","TOTAL","MALE","","2012","654.93"
"LVA","","TOTAL","MALE","","2013","627.81"
"LVA","","TOTAL","MALE","","2014","616.01"
"LVA","","TOTAL","MALE","","2015","596.77"
"LVA","","TOTAL","MALE","","2016","592.65"
"LVA","","TOTAL","MALE","","2017","589.98"
"LVA","","TOTAL","MALE","","2018","573.08"
"LVA","","TOTAL","MALE","","2019","538.38"
"LVA","","TOTAL","MALE","","2020","551.63"
"LVA","","TOTAL","MALE","","2021","617.21"
"MDA","","TOTAL","MALE","","1981","964.2"
"MDA","","TOTAL","MALE","","1982","897.06"
"MDA","","TOTAL","MALE","","1985","978.06"
"MDA","","TOTAL","MALE","","1986","834.68"
"MDA","","TOTAL","MALE","","1987","833.45"
"MDA","","TOTAL","MALE","","1988","815.44"
"MDA","","TOTAL","MALE","","1989","733.02"
"MDA","","TOTAL","MALE","","1990","681.85"
"MDA","","TOTAL","MALE","","1991","709.62"
"MDA","","TOTAL","MALE","","1992","662"
"MDA","","TOTAL","MALE","","1993","705.44"
"MDA","","TOTAL","MALE","","1994","803.66"
"MDA","","TOTAL","MALE","","1995","910.11"
"MDA","","TOTAL","MALE","","1996","960.5"
"MDA","","TOTAL","MALE","","1997","990.54"
"MDA","","TOTAL","MALE","","1998","932.48"
"MDA","","TOTAL","MALE","","1999","1005.84"
"MDA","","TOTAL","MALE","","2000","1001.02"
"MDA","","TOTAL","MALE","","2001","979.87"
"MDA","","TOTAL","MALE","","2002","1009.41"
"MDA","","TOTAL","MALE","","2003","1014.55"
"MDA","","TOTAL","MALE","","2004","964.98"
"MDA","","TOTAL","MALE","","2005","1023.78"
"MDA","","TOTAL","MALE","","2006","943.09"
"MDA","","TOTAL","MALE","","2007","879.94"
"MDA","","TOTAL","MALE","","2008","837.39"
"MDA","","TOTAL","MALE","","2009","859.66"
"MDA","","TOTAL","MALE","","2010","875.05"
"MDA","","TOTAL","MALE","","2011","797.35"
"MDA","","TOTAL","MALE","","2012","790.27"
"MDA","","TOTAL","MALE","","2013","750.67"
"MDA","","TOTAL","MALE","","2014","754.4"
"MDA","","TOTAL","MALE","","2015","754.34"
"MDA","","TOTAL","MALE","","2016","715.6"
"MDA","","TOTAL","MALE","","2017","671.44"
"MDA","","TOTAL","MALE","","2018","664.79"
"MKD","","TOTAL","MALE","","1991","588.53"
"MKD","","TOTAL","MALE","","1992","657.96"
"MKD","","TOTAL","MALE","","1993","633.87"
"MKD","","TOTAL","MALE","","1994","656.97"
"MKD","","TOTAL","MALE","","1995","668.54"
"MKD","","TOTAL","MALE","","1996","661.75"
"MKD","","TOTAL","MALE","","1997","671.48"
"MKD","","TOTAL","MALE","","1998","690.33"
"MKD","","TOTAL","MALE","","1999","685.26"
"MKD","","TOTAL","MALE","","2000","686.35"
"MKD","","TOTAL","MALE","","2001","658.05"
"MKD","","TOTAL","MALE","","2002","704.48"
"MKD","","TOTAL","MALE","","2003","698.03"
"MKD","","TOTAL","MALE","","2004","672.71"
"MKD","","TOTAL","MALE","","2005","683.8"
"MKD","","TOTAL","MALE","","2006","676.82"
"MKD","","TOTAL","MALE","","2007","677.61"
"MKD","","TOTAL","MALE","","2008","632.15"
"MKD","","TOTAL","MALE","","2009","627.06"
"MKD","","TOTAL","MALE","","2010","626.9"
"MKD","","TOTAL","MALE","","2011","615.75"
"MKD","","TOTAL","MALE","","2012","634.28"
"MKD","","TOTAL","MALE","","2013","592.81"
"MKD","","TOTAL","MALE","","2015","589.28"
"MKD","","TOTAL","MALE","","2016","541.86"
"MKD","","TOTAL","MALE","","2017","529.57"
"MKD","","TOTAL","MALE","","2018","496.61"
"MKD","","TOTAL","MALE","","2019","293.63"
"MKD","","TOTAL","MALE","","2020","409.69"
"MKD","","TOTAL","MALE","","2021","433.32"
"MLT","","TOTAL","MALE","","1968","769.89"
"MLT","","TOTAL","MALE","","1969","709.29"
"MLT","","TOTAL","MALE","","1970","660.97"
"MLT","","TOTAL","MALE","","1971","702.88"
"MLT","","TOTAL","MALE","","1972","661.79"
"MLT","","TOTAL","MALE","","1973","841.49"
"MLT","","TOTAL","MALE","","1974","783.42"
"MLT","","TOTAL","MALE","","1975","893.71"
"MLT","","TOTAL","MALE","","1976","1012.7"
"MLT","","TOTAL","MALE","","1977","1078.27"
"MLT","","TOTAL","MALE","","1978","1215.56"
"MLT","","TOTAL","MALE","","1979","1103.6"
"MLT","","TOTAL","MALE","","1980","1270.12"
"MLT","","TOTAL","MALE","","1981","1513.79"
"MLT","","TOTAL","MALE","","1982","778.07"
"MLT","","TOTAL","MALE","","1983","769.36"
"MLT","","TOTAL","MALE","","1984","693.85"
"MLT","","TOTAL","MALE","","1985","629.33"
"MLT","","TOTAL","MALE","","1986","728.82"
"MLT","","TOTAL","MALE","","1987","759.99"
"MLT","","TOTAL","MALE","","1988","570.2"
"MLT","","TOTAL","MALE","","1989","469.25"
"MLT","","TOTAL","MALE","","1990","473.62"
"MLT","","TOTAL","MALE","","1991","491.82"
"MLT","","TOTAL","MALE","","1992","458.05"
"MLT","","TOTAL","MALE","","1993","460.32"
"MLT","","TOTAL","MALE","","1994","409.67"
"MLT","","TOTAL","MALE","","1995","349.04"
"MLT","","TOTAL","MALE","","1996","396.43"
"MLT","","TOTAL","MALE","","1997","424.67"
"MLT","","TOTAL","MALE","","1998","410.67"
"MLT","","TOTAL","MALE","","1999","406.31"
"MLT","","TOTAL","MALE","","2000","397.74"
"MLT","","TOTAL","MALE","","2001","334.06"
"MLT","","TOTAL","MALE","","2002","348.58"
"MLT","","TOTAL","MALE","","2003","350.56"
"MLT","","TOTAL","MALE","","2004","294.4"
"MLT","","TOTAL","MALE","","2005","317.55"
"MLT","","TOTAL","MALE","","2006","315.35"
"MLT","","TOTAL","MALE","","2007","271.27"
"MLT","","TOTAL","MALE","","2008","272.68"
"MLT","","TOTAL","MALE","","2009","261"
"MLT","","TOTAL","MALE","","2010","210.45"
"MLT","","TOTAL","MALE","","2011","288.08"
"MLT","","TOTAL","MALE","","2012","304.42"
"MLT","","TOTAL","MALE","","2013","231.93"
"MLT","","TOTAL","MALE","","2014","205.91"
"MLT","","TOTAL","MALE","","2015","221.85"
"MLT","","TOTAL","MALE","","2016","178.77"
"MLT","","TOTAL","MALE","","2017","191.96"
"MNE","","TOTAL","MALE","","2000","589.45"
"MNE","","TOTAL","MALE","","2001","553.87"
"MNE","","TOTAL","MALE","","2002","538.39"
"MNE","","TOTAL","MALE","","2003","541.46"
"MNE","","TOTAL","MALE","","2004","567.33"
"MNE","","TOTAL","MALE","","2005","590.45"
"MNE","","TOTAL","MALE","","2006","600.43"
"MNE","","TOTAL","MALE","","2007","564.71"
"MNE","","TOTAL","MALE","","2008","518.77"
"MNE","","TOTAL","MALE","","2009","510.06"
"MNE","","TOTAL","MALE","","2017","275.61"
"MNE","","TOTAL","MALE","","2019","208.18"
"NLD","","TOTAL","MALE","","1969","523.39"
"NLD","","TOTAL","MALE","","1970","541.63"
"NLD","","TOTAL","MALE","","1971","528.42"
"NLD","","TOTAL","MALE","","1972","552.27"
"NLD","","TOTAL","MALE","","1973","515.69"
"NLD","","TOTAL","MALE","","1974","503.42"
"NLD","","TOTAL","MALE","","1975","515.53"
"NLD","","TOTAL","MALE","","1976","518.88"
"NLD","","TOTAL","MALE","","1977","483.54"
"NLD","","TOTAL","MALE","","1978","492.5"
"NLD","","TOTAL","MALE","","1979","486.62"
"NLD","","TOTAL","MALE","","1980","473.48"
"NLD","","TOTAL","MALE","","1981","472.12"
"NLD","","TOTAL","MALE","","1982","467.31"
"NLD","","TOTAL","MALE","","1983","462.49"
"NLD","","TOTAL","MALE","","1984","456.97"
"NLD","","TOTAL","MALE","","1985","460.84"
"NLD","","TOTAL","MALE","","1986","440.18"
"NLD","","TOTAL","MALE","","1987","413.4"
"NLD","","TOTAL","MALE","","1988","405.14"
"NLD","","TOTAL","MALE","","1989","400.25"
"NLD","","TOTAL","MALE","","1990","390.97"
"NLD","","TOTAL","MALE","","1991","383.74"
"NLD","","TOTAL","MALE","","1992","369.54"
"NLD","","TOTAL","MALE","","1993","384.14"
"NLD","","TOTAL","MALE","","1994","360.55"
"NLD","","TOTAL","MALE","","1995","357.89"
"NLD","","TOTAL","MALE","","1996","347.01"
"NLD","","TOTAL","MALE","","1997","329.04"
"NLD","","TOTAL","MALE","","1998","323.9"
"NLD","","TOTAL","MALE","","1999","314.05"
"NLD","","TOTAL","MALE","","2000","302.82"
"NLD","","TOTAL","MALE","","2001","286.91"
"NLD","","TOTAL","MALE","","2002","283.05"
"NLD","","TOTAL","MALE","","2003","273.99"
"NLD","","TOTAL","MALE","","2004","252.74"
"NLD","","TOTAL","MALE","","2005","239.44"
"NLD","","TOTAL","MALE","","2006","222.07"
"NLD","","TOTAL","MALE","","2007","209.96"
"NLD","","TOTAL","MALE","","2008","197.42"
"NLD","","TOTAL","MALE","","2009","186.69"
"NLD","","TOTAL","MALE","","2010","180.85"
"NLD","","TOTAL","MALE","","2011","170.86"
"NLD","","TOTAL","MALE","","2012","166.33"
"NLD","","TOTAL","MALE","","2013","161.27"
"NLD","","TOTAL","MALE","","2014","152.62"
"NLD","","TOTAL","MALE","","2015","155.12"
"NLD","","TOTAL","MALE","","2016","147.1"
"NLD","","TOTAL","MALE","","2017","141.39"
"NLD","","TOTAL","MALE","","2018","131.6"
"NLD","","TOTAL","MALE","","2019","119.34"
"NLD","","TOTAL","MALE","","2020","118.49"
"NLD","","TOTAL","MALE","","2021","123.47"
"NLD","","TOTAL","MALE","","2022","123.5"
"NOR","","TOTAL","MALE","","1969","587.69"
"NOR","","TOTAL","MALE","","1970","581.58"
"NOR","","TOTAL","MALE","","1971","576.71"
"NOR","","TOTAL","MALE","","1972","574.06"
"NOR","","TOTAL","MALE","","1973","574.9"
"NOR","","TOTAL","MALE","","1974","553.03"
"NOR","","TOTAL","MALE","","1975","542.65"
"NOR","","TOTAL","MALE","","1976","533.22"
"NOR","","TOTAL","MALE","","1977","524.11"
"NOR","","TOTAL","MALE","","1978","521.17"
"NOR","","TOTAL","MALE","","1979","522.98"
"NOR","","TOTAL","MALE","","1980","510.25"
"NOR","","TOTAL","MALE","","1981","513.39"
"NOR","","TOTAL","MALE","","1982","502.24"
"NOR","","TOTAL","MALE","","1983","501.31"
"NOR","","TOTAL","MALE","","1984","496.4"
"NOR","","TOTAL","MALE","","1985","504.84"
"NOR","","TOTAL","MALE","","1986","498.18"
"NOR","","TOTAL","MALE","","1987","501.93"
"NOR","","TOTAL","MALE","","1988","470.99"
"NOR","","TOTAL","MALE","","1989","459.84"
"NOR","","TOTAL","MALE","","1990","463.98"
"NOR","","TOTAL","MALE","","1991","436.01"
"NOR","","TOTAL","MALE","","1992","429.51"
"NOR","","TOTAL","MALE","","1993","421.58"
"NOR","","TOTAL","MALE","","1994","389.55"
"NOR","","TOTAL","MALE","","1995","395.86"
"NOR","","TOTAL","MALE","","1996","374.55"
"NOR","","TOTAL","MALE","","1997","365.1"
"NOR","","TOTAL","MALE","","1998","357.39"
"NOR","","TOTAL","MALE","","1999","345.3"
"NOR","","TOTAL","MALE","","2000","319.26"
"NOR","","TOTAL","MALE","","2001","310.38"
"NOR","","TOTAL","MALE","","2002","301.46"
"NOR","","TOTAL","MALE","","2003","273.29"
"NOR","","TOTAL","MALE","","2004","254.71"
"NOR","","TOTAL","MALE","","2005","236.8"
"NOR","","TOTAL","MALE","","2006","221.77"
"NOR","","TOTAL","MALE","","2007","222.81"
"NOR","","TOTAL","MALE","","2008","213.84"
"NOR","","TOTAL","MALE","","2009","198.11"
"NOR","","TOTAL","MALE","","2010","190.58"
"NOR","","TOTAL","MALE","","2011","183.58"
"NOR","","TOTAL","MALE","","2012","179.44"
"NOR","","TOTAL","MALE","","2013","165.78"
"NOR","","TOTAL","MALE","","2014","157.57"
"NOR","","TOTAL","MALE","","2015","153.08"
"NOR","","TOTAL","MALE","","2016","141.31"
"","NORDIC","TOTAL","MALE","","1969","656.95"
"","NORDIC","TOTAL","MALE","","1970","635.51"
"","NORDIC","TOTAL","MALE","","1971","646.39"
"","NORDIC","TOTAL","MALE","","1972","627.99"
"","NORDIC","TOTAL","MALE","","1973","632.69"
"","NORDIC","TOTAL","MALE","","1974","625.21"
"","NORDIC","TOTAL","MALE","","1975","610.22"
"","NORDIC","TOTAL","MALE","","1976","619.94"
"","NORDIC","TOTAL","MALE","","1977","592.31"
"","NORDIC","TOTAL","MALE","","1978","593.67"
"","NORDIC","TOTAL","MALE","","1979","591.06"
"","NORDIC","TOTAL","MALE","","1980","580.27"
"","NORDIC","TOTAL","MALE","","1981","583.37"
"","NORDIC","TOTAL","MALE","","1982","561.01"
"","NORDIC","TOTAL","MALE","","1983","552.98"
"","NORDIC","TOTAL","MALE","","1984","537.15"
"","NORDIC","TOTAL","MALE","","1985","549.34"
"","NORDIC","TOTAL","MALE","","1986","527.92"
"","NORDIC","TOTAL","MALE","","1987","518.82"
"","NORDIC","TOTAL","MALE","","1988","501.17"
"","NORDIC","TOTAL","MALE","","1989","476.11"
"","NORDIC","TOTAL","MALE","","1990","479.17"
"","NORDIC","TOTAL","MALE","","1991","463.8"
"","NORDIC","TOTAL","MALE","","1992","451.11"
"","NORDIC","TOTAL","MALE","","1993","443.52"
"","NORDIC","TOTAL","MALE","","1994","409.93"
"","NORDIC","TOTAL","MALE","","1995","414.41"
"","NORDIC","TOTAL","MALE","","1996","388.23"
"","NORDIC","TOTAL","MALE","","1997","375.32"
"","NORDIC","TOTAL","MALE","","1998","367"
"","NORDIC","TOTAL","MALE","","1999","356.28"
"","NORDIC","TOTAL","MALE","","2000","336.88"
"","NORDIC","TOTAL","MALE","","2001","327.74"
"","NORDIC","TOTAL","MALE","","2002","317.42"
"","NORDIC","TOTAL","MALE","","2003","305.04"
"","NORDIC","TOTAL","MALE","","2004","285.55"
"","NORDIC","TOTAL","MALE","","2005","272.78"
"","NORDIC","TOTAL","MALE","","2006","261.58"
"","NORDIC","TOTAL","MALE","","2007","253.39"
"","NORDIC","TOTAL","MALE","","2008","242.48"
"","NORDIC","TOTAL","MALE","","2009","232.74"
"","NORDIC","TOTAL","MALE","","2010","225.78"
"","NORDIC","TOTAL","MALE","","2011","213.51"
"","NORDIC","TOTAL","MALE","","2012","207.94"
"","NORDIC","TOTAL","MALE","","2013","197.33"
"","NORDIC","TOTAL","MALE","","2014","188.26"
"","NORDIC","TOTAL","MALE","","2015","186.35"
"","NORDIC","TOTAL","MALE","","2016","179.82"
"","NORDIC","TOTAL","MALE","","2017","173.77"
"","NORDIC","TOTAL","MALE","","2018","168.96"
"","NORDIC","TOTAL","MALE","","2019","159.48"
"","NORDIC","TOTAL","MALE","","2020","157.59"
"","NORDIC","TOTAL","MALE","","2021","153.76"
"POL","","TOTAL","MALE","","1969","556.08"
"POL","","TOTAL","MALE","","1970","589.66"
"POL","","TOTAL","MALE","","1971","618.43"
"POL","","TOTAL","MALE","","1972","586.8"
"POL","","TOTAL","MALE","","1973","617.9"
"POL","","TOTAL","MALE","","1974","602.08"
"POL","","TOTAL","MALE","","1975","615.66"
"POL","","TOTAL","MALE","","1976","643.15"
"POL","","TOTAL","MALE","","1977","651.95"
"POL","","TOTAL","MALE","","1978","673.03"
"POL","","TOTAL","MALE","","1979","659.71"
"POL","","TOTAL","MALE","","1980","737.89"
"POL","","TOTAL","MALE","","1981","686.53"
"POL","","TOTAL","MALE","","1982","691.89"
"POL","","TOTAL","MALE","","1983","702.25"
"POL","","TOTAL","MALE","","1984","732.82"
"POL","","TOTAL","MALE","","1985","780.5"
"POL","","TOTAL","MALE","","1986","774.36"
"POL","","TOTAL","MALE","","1987","781"
"POL","","TOTAL","MALE","","1988","759.15"
"POL","","TOTAL","MALE","","1989","758.85"
"POL","","TOTAL","MALE","","1990","768.05"
"POL","","TOTAL","MALE","","1991","797.07"
"POL","","TOTAL","MALE","","1992","760.83"
"POL","","TOTAL","MALE","","1993","741.34"
"POL","","TOTAL","MALE","","1994","705.18"
"POL","","TOTAL","MALE","","1995","687"
"POL","","TOTAL","MALE","","1996","670.54"
"POL","","TOTAL","MALE","","1999","596.54"
"POL","","TOTAL","MALE","","2000","575.52"
"POL","","TOTAL","MALE","","2001","560.12"
"POL","","TOTAL","MALE","","2002","531.4"
"POL","","TOTAL","MALE","","2003","535.86"
"POL","","TOTAL","MALE","","2004","510.22"
"POL","","TOTAL","MALE","","2005","492.8"
"POL","","TOTAL","MALE","","2006","480.24"
"POL","","TOTAL","MALE","","2007","472.51"
"POL","","TOTAL","MALE","","2008","463.74"
"POL","","TOTAL","MALE","","2009","464.83"
"POL","","TOTAL","MALE","","2010","438.27"
"POL","","TOTAL","MALE","","2011","414.9"
"POL","","TOTAL","MALE","","2012","424.12"
"POL","","TOTAL","MALE","","2013","410.68"
"POL","","TOTAL","MALE","","2014","381.2"
"POL","","TOTAL","MALE","","2015","392.73"
"POL","","TOTAL","MALE","","2016","354.21"
"POL","","TOTAL","MALE","","2017","338.71"
"POL","","TOTAL","MALE","","2018","328.63"
"POL","","TOTAL","MALE","","2019","322.1"
"POL","","TOTAL","MALE","","2020","339.44"
"POL","","TOTAL","MALE","","2021","347.3"
"PRT","","TOTAL","MALE","","1971","599.11"
"PRT","","TOTAL","MALE","","1972","587.22"
"PRT","","TOTAL","MALE","","1973","625.18"
"PRT","","TOTAL","MALE","","1974","645.89"
"PRT","","TOTAL","MALE","","1975","610.49"
"PRT","","TOTAL","MALE","","1976","668.22"
"PRT","","TOTAL","MALE","","1977","652.7"
"PRT","","TOTAL","MALE","","1978","639.75"
"PRT","","TOTAL","MALE","","1979","641.31"
"PRT","","TOTAL","MALE","","1980","567.09"
"PRT","","TOTAL","MALE","","1981","535.83"
"PRT","","TOTAL","MALE","","1982","510.96"
"PRT","","TOTAL","MALE","","1983","531.49"
"PRT","","TOTAL","MALE","","1984","531.87"
"PRT","","TOTAL","MALE","","1985","526.4"
"PRT","","TOTAL","MALE","","1986","497.41"
"PRT","","TOTAL","MALE","","1987","482.32"
"PRT","","TOTAL","MALE","","1988","491.67"
"PRT","","TOTAL","MALE","","1989","448.46"
"PRT","","TOTAL","MALE","","1990","466.94"
"PRT","","TOTAL","MALE","","1991","464.36"
"PRT","","TOTAL","MALE","","1992","437.56"
"PRT","","TOTAL","MALE","","1993","455.28"
"PRT","","TOTAL","MALE","","1994","401.91"
"PRT","","TOTAL","MALE","","1995","392.39"
"PRT","","TOTAL","MALE","","1996","393.85"
"PRT","","TOTAL","MALE","","1997","357.62"
"PRT","","TOTAL","MALE","","1998","356.51"
"PRT","","TOTAL","MALE","","1999","339.66"
"PRT","","TOTAL","MALE","","2000","320.62"
"PRT","","TOTAL","MALE","","2001","308.14"
"PRT","","TOTAL","MALE","","2002","306.06"
"PRT","","TOTAL","MALE","","2003","297.09"
"PRT","","TOTAL","MALE","","2004","268.66"
"PRT","","TOTAL","MALE","","2007","220.99"
"PRT","","TOTAL","MALE","","2008","213.25"
"PRT","","TOTAL","MALE","","2009","205.6"
"PRT","","TOTAL","MALE","","2010","202.05"
"PRT","","TOTAL","MALE","","2011","180.94"
"PRT","","TOTAL","MALE","","2012","182.15"
"PRT","","TOTAL","MALE","","2013","174.77"
"PRT","","TOTAL","MALE","","2014","181.87"
"PRT","","TOTAL","MALE","","2015","176.15"
"PRT","","TOTAL","MALE","","2016","175.12"
"PRT","","TOTAL","MALE","","2017","171.01"
"PRT","","TOTAL","MALE","","2018","170.02"
"ROU","","TOTAL","MALE","","1969","741.14"
"ROU","","TOTAL","MALE","","1970","711.19"
"ROU","","TOTAL","MALE","","1971","723.88"
"ROU","","TOTAL","MALE","","1972","706.64"
"ROU","","TOTAL","MALE","","1973","754.23"
"ROU","","TOTAL","MALE","","1974","678.03"
"ROU","","TOTAL","MALE","","1975","692.35"
"ROU","","TOTAL","MALE","","1976","739.04"
"ROU","","TOTAL","MALE","","1977","729.66"
"ROU","","TOTAL","MALE","","1978","723.78"
"ROU","","TOTAL","MALE","","1980","825.73"
"ROU","","TOTAL","MALE","","1981","785.22"
"ROU","","TOTAL","MALE","","1982","775.68"
"ROU","","TOTAL","MALE","","1983","827.84"
"ROU","","TOTAL","MALE","","1984","823.22"
"ROU","","TOTAL","MALE","","1985","835.84"
"ROU","","TOTAL","MALE","","1986","789.09"
"ROU","","TOTAL","MALE","","1987","824.96"
"ROU","","TOTAL","MALE","","1988","814.8"
"ROU","","TOTAL","MALE","","1989","768.72"
"ROU","","TOTAL","MALE","","1990","775.18"
"ROU","","TOTAL","MALE","","1991","812.12"
"ROU","","TOTAL","MALE","","1992","861.88"
"ROU","","TOTAL","MALE","","1993","872.98"
"ROU","","TOTAL","MALE","","1994","862.08"
"ROU","","TOTAL","MALE","","1995","877.38"
"ROU","","TOTAL","MALE","","1996","928.15"
"ROU","","TOTAL","MALE","","1997","892.28"
"ROU","","TOTAL","MALE","","1998","854.58"
"ROU","","TOTAL","MALE","","1999","835.65"
"ROU","","TOTAL","MALE","","2000","771.79"
"ROU","","TOTAL","MALE","","2001","771.98"
"ROU","","TOTAL","MALE","","2002","821.88"
"ROU","","TOTAL","MALE","","2003","808.42"
"ROU","","TOTAL","MALE","","2004","762.03"
"ROU","","TOTAL","MALE","","2005","754.63"
"ROU","","TOTAL","MALE","","2006","726.91"
"ROU","","TOTAL","MALE","","2007","682.84"
"ROU","","TOTAL","MALE","","2008","664.8"
"ROU","","TOTAL","MALE","","2009","656.06"
"ROU","","TOTAL","MALE","","2010","647.3"
"ROU","","TOTAL","MALE","","2011","610.17"
"ROU","","TOTAL","MALE","","2012","600.88"
"ROU","","TOTAL","MALE","","2013","568.33"
"ROU","","TOTAL","MALE","","2014","559.42"
"ROU","","TOTAL","MALE","","2015","567.15"
"ROU","","TOTAL","MALE","","2016","546.94"
"ROU","","TOTAL","MALE","","2017","542.45"
"ROU","","TOTAL","MALE","","2018","535.56"
"ROU","","TOTAL","MALE","","2019","515.23"
"RUS","","TOTAL","MALE","","1980","945.42"
"RUS","","TOTAL","MALE","","1981","922.95"
"RUS","","TOTAL","MALE","","1982","901.04"
"RUS","","TOTAL","MALE","","1983","929.58"
"RUS","","TOTAL","MALE","","1984","971.24"
"RUS","","TOTAL","MALE","","1985","949.74"
"RUS","","TOTAL","MALE","","1986","876.92"
"RUS","","TOTAL","MALE","","1987","883.28"
"RUS","","TOTAL","MALE","","1988","875.85"
"RUS","","TOTAL","MALE","","1989","854.27"
"RUS","","TOTAL","MALE","","1990","863.38"
"RUS","","TOTAL","MALE","","1991","855.35"
"RUS","","TOTAL","MALE","","1992","881.7"
"RUS","","TOTAL","MALE","","1993","1050.23"
"RUS","","TOTAL","MALE","","1994","1138.49"
"RUS","","TOTAL","MALE","","1995","1051.72"
"RUS","","TOTAL","MALE","","1996","983.31"
"RUS","","TOTAL","MALE","","1997","948.71"
"RUS","","TOTAL","MALE","","1998","928.41"
"RUS","","TOTAL","MALE","","1999","1006.51"
"RUS","","TOTAL","MALE","","2000","1048.8"
"RUS","","TOTAL","MALE","","2001","1059.36"
"RUS","","TOTAL","MALE","","2002","1098.07"
"RUS","","TOTAL","MALE","","2003","1166.96"
"RUS","","TOTAL","MALE","","2004","1126.43"
"RUS","","TOTAL","MALE","","2005","1127.45"
"RUS","","TOTAL","MALE","","2006","1039.78"
"RUS","","TOTAL","MALE","","2007","983.89"
"RUS","","TOTAL","MALE","","2008","971.19"
"RUS","","TOTAL","MALE","","2009","921.75"
"RUS","","TOTAL","MALE","","2010","915.1"
"RUS","","TOTAL","MALE","","2011","836.13"
"RUS","","TOTAL","MALE","","2012","798.65"
"RUS","","TOTAL","MALE","","2013","746.08"
"RUS","","TOTAL","MALE","","2014","717.96"
"RUS","","TOTAL","MALE","","2015","669.91"
"RUS","","TOTAL","MALE","","2019","575.95"
"","SEEHN","TOTAL","MALE","","1985","750.85"
"","SEEHN","TOTAL","MALE","","1986","724.79"
"","SEEHN","TOTAL","MALE","","1987","742.97"
"","SEEHN","TOTAL","MALE","","1988","737"
"","SEEHN","TOTAL","MALE","","1989","711.45"
"","SEEHN","TOTAL","MALE","","1990","705.4"
"","SEEHN","TOTAL","MALE","","1991","718.64"
"","SEEHN","TOTAL","MALE","","1992","731.19"
"","SEEHN","TOTAL","MALE","","1993","741.19"
"","SEEHN","TOTAL","MALE","","1994","741.45"
"","SEEHN","TOTAL","MALE","","1995","761.3"
"","SEEHN","TOTAL","MALE","","1996","781.99"
"","SEEHN","TOTAL","MALE","","1997","773.3"
"","SEEHN","TOTAL","MALE","","1998","757.65"
"","SEEHN","TOTAL","MALE","","1999","725.77"
"","SEEHN","TOTAL","MALE","","2000","705.45"
"","SEEHN","TOTAL","MALE","","2001","682.11"
"","SEEHN","TOTAL","MALE","","2002","705.3"
"","SEEHN","TOTAL","MALE","","2003","698.99"
"","SEEHN","TOTAL","MALE","","2004","664.98"
"","SEEHN","TOTAL","MALE","","2005","664.57"
"","SEEHN","TOTAL","MALE","","2006","637.41"
"","SEEHN","TOTAL","MALE","","2007","605.32"
"","SEEHN","TOTAL","MALE","","2008","583.12"
"","SEEHN","TOTAL","MALE","","2009","572.18"
"","SEEHN","TOTAL","MALE","","2010","569.56"
"","SEEHN","TOTAL","MALE","","2011","545.14"
"","SEEHN","TOTAL","MALE","","2012","530.17"
"","SEEHN","TOTAL","MALE","","2013","503.98"
"","SEEHN","TOTAL","MALE","","2014","500.05"
"","SEEHN","TOTAL","MALE","","2015","502.63"
"","SEEHN","TOTAL","MALE","","2016","486.33"
"","SEEHN","TOTAL","MALE","","2017","479.97"
"","SEEHN","TOTAL","MALE","","2018","468.7"
"","SEEHN","TOTAL","MALE","","2019","441.65"
"","SEEHN","TOTAL","MALE","","2021","460.34"
"","SMALL","TOTAL","MALE","","1995","403.32"
"","SMALL","TOTAL","MALE","","1996","410.57"
"","SMALL","TOTAL","MALE","","1997","403.69"
"","SMALL","TOTAL","MALE","","1998","396.66"
"","SMALL","TOTAL","MALE","","1999","394.53"
"","SMALL","TOTAL","MALE","","2000","381.78"
"","SMALL","TOTAL","MALE","","2001","360.14"
"","SMALL","TOTAL","MALE","","2002","360.52"
"","SMALL","TOTAL","MALE","","2003","363.57"
"","SMALL","TOTAL","MALE","","2004","353.25"
"","SMALL","TOTAL","MALE","","2005","350.47"
"","SMALL","TOTAL","MALE","","2006","349"
"","SMALL","TOTAL","MALE","","2007","329.06"
"","SMALL","TOTAL","MALE","","2008","307.07"
"","SMALL","TOTAL","MALE","","2009","299.82"
"","SMALL","TOTAL","MALE","","2010","275.78"
"","SMALL","TOTAL","MALE","","2011","276.34"
"","SMALL","TOTAL","MALE","","2012","264.44"
"","SMALL","TOTAL","MALE","","2013","239.23"
"","SMALL","TOTAL","MALE","","2014","228.27"
"","SMALL","TOTAL","MALE","","2015","226.5"
"","SMALL","TOTAL","MALE","","2016","206.66"
"","SMALL","TOTAL","MALE","","2017","201.96"
"","SMALL","TOTAL","MALE","","2019","172.67"
"SMR","","TOTAL","MALE","","1995","344.26"
"SMR","","TOTAL","MALE","","1996","300.83"
"SMR","","TOTAL","MALE","","1997","218.89"
"SMR","","TOTAL","MALE","","1998","310.85"
"SMR","","TOTAL","MALE","","1999","294.84"
"SMR","","TOTAL","MALE","","2000","253.29"
"SMR","","TOTAL","MALE","","2005","242.18"
"SRB","","TOTAL","MALE","","1998","762.12"
"SRB","","TOTAL","MALE","","1999","745.62"
"SRB","","TOTAL","MALE","","2000","732.51"
"SRB","","TOTAL","MALE","","2001","676.26"
"SRB","","TOTAL","MALE","","2002","680.41"
"SRB","","TOTAL","MALE","","2003","675.78"
"SRB","","TOTAL","MALE","","2004","646.29"
"SRB","","TOTAL","MALE","","2005","669.12"
"SRB","","TOTAL","MALE","","2006","631.97"
"SRB","","TOTAL","MALE","","2007","603.55"
"SRB","","TOTAL","MALE","","2008","577.33"
"SRB","","TOTAL","MALE","","2009","561.4"
"SRB","","TOTAL","MALE","","2010","546.54"
"SRB","","TOTAL","MALE","","2011","560.28"
"SRB","","TOTAL","MALE","","2012","540.87"
"SRB","","TOTAL","MALE","","2013","516.31"
"SRB","","TOTAL","MALE","","2014","508.8"
"SRB","","TOTAL","MALE","","2015","502.66"
"SRB","","TOTAL","MALE","","2016","474.96"
"SRB","","TOTAL","MALE","","2017","478.93"
"SRB","","TOTAL","MALE","","2018","469.28"
"SRB","","TOTAL","MALE","","2019","424.18"
"SRB","","TOTAL","MALE","","2020","443.61"
"SRB","","TOTAL","MALE","","2021","455.62"
"SRB","","TOTAL","MALE","","2022","447.87"
"SVK","","TOTAL","MALE","","1992","671.81"
"SVK","","TOTAL","MALE","","1993","657.36"
"SVK","","TOTAL","MALE","","1994","715.13"
"SVK","","TOTAL","MALE","","1995","721.62"
"SVK","","TOTAL","MALE","","1996","690.98"
"SVK","","TOTAL","MALE","","1997","695.33"
"SVK","","TOTAL","MALE","","1998","709.13"
"SVK","","TOTAL","MALE","","1999","671.07"
"SVK","","TOTAL","MALE","","2000","662.01"
"SVK","","TOTAL","MALE","","2001","671.55"
"SVK","","TOTAL","MALE","","2002","652.86"
"SVK","","TOTAL","MALE","","2003","648"
"SVK","","TOTAL","MALE","","2004","629.27"
"SVK","","TOTAL","MALE","","2005","635.76"
"SVK","","TOTAL","MALE","","2006","627.77"
"SVK","","TOTAL","MALE","","2007","606.98"
"SVK","","TOTAL","MALE","","2008","583.12"
"SVK","","TOTAL","MALE","","2009","559.38"
"SVK","","TOTAL","MALE","","2010","551.8"
"SVK","","TOTAL","MALE","","2012","435.64"
"SVK","","TOTAL","MALE","","2013","438.76"
"SVK","","TOTAL","MALE","","2014","411.25"
"SVK","","TOTAL","MALE","","2016","386.91"
"SVK","","TOTAL","MALE","","2017","400.16"
"SVK","","TOTAL","MALE","","2018","372.53"
"SVK","","TOTAL","MALE","","2019","363.74"
"SVK","","TOTAL","MALE","","2020","383.22"
"SVK","","TOTAL","MALE","","2021","407.69"
"SVN","","TOTAL","MALE","","1985","664.61"
"SVN","","TOTAL","MALE","","1986","644.74"
"SVN","","TOTAL","MALE","","1987","644.92"
"SVN","","TOTAL","MALE","","1988","604.55"
"SVN","","TOTAL","MALE","","1989","543.53"
"SVN","","TOTAL","MALE","","1990","550.54"
"SVN","","TOTAL","MALE","","1991","542.18"
"SVN","","TOTAL","MALE","","1992","539.64"
"SVN","","TOTAL","MALE","","1993","546.42"
"SVN","","TOTAL","MALE","","1994","498.46"
"SVN","","TOTAL","MALE","","1995","457.9"
"SVN","","TOTAL","MALE","","1996","442.43"
"SVN","","TOTAL","MALE","","1997","430.96"
"SVN","","TOTAL","MALE","","1998","437.72"
"SVN","","TOTAL","MALE","","1999","424.07"
"SVN","","TOTAL","MALE","","2000","405.98"
"SVN","","TOTAL","MALE","","2001","386.98"
"SVN","","TOTAL","MALE","","2002","372.99"
"SVN","","TOTAL","MALE","","2003","376.26"
"SVN","","TOTAL","MALE","","2004","353.88"
"SVN","","TOTAL","MALE","","2005","360.44"
"SVN","","TOTAL","MALE","","2006","321.96"
"SVN","","TOTAL","MALE","","2007","321.58"
"SVN","","TOTAL","MALE","","2008","290.37"
"SVN","","TOTAL","MALE","","2009","278.22"
"SVN","","TOTAL","MALE","","2010","269.18"
"SVN","","TOTAL","MALE","","2011","249.75"
"SVN","","TOTAL","MALE","","2012","242.94"
"SVN","","TOTAL","MALE","","2013","238.68"
"SVN","","TOTAL","MALE","","2014","231.68"
"SVN","","TOTAL","MALE","","2015","229.66"
"SVN","","TOTAL","MALE","","2016","219.83"
"SVN","","TOTAL","MALE","","2017","222.36"
"SVN","","TOTAL","MALE","","2018","218.93"
"SVN","","TOTAL","MALE","","2019","197.25"
"SVN","","TOTAL","MALE","","2020","191.01"
"SWE","","TOTAL","MALE","","1969","584.58"
"SWE","","TOTAL","MALE","","1970","558.21"
"SWE","","TOTAL","MALE","","1971","593.54"
"SWE","","TOTAL","MALE","","1972","569.94"
"SWE","","TOTAL","MALE","","1973","584.26"
"SWE","","TOTAL","MALE","","1974","572.61"
"SWE","","TOTAL","MALE","","1975","569.91"
"SWE","","TOTAL","MALE","","1976","580.54"
"SWE","","TOTAL","MALE","","1977","559.02"
"SWE","","TOTAL","MALE","","1978","570.07"
"SWE","","TOTAL","MALE","","1979","571.55"
"SWE","","TOTAL","MALE","","1980","568.23"
"SWE","","TOTAL","MALE","","1981","573.22"
"SWE","","TOTAL","MALE","","1982","555.86"
"SWE","","TOTAL","MALE","","1983","541.17"
"SWE","","TOTAL","MALE","","1984","517.65"
"SWE","","TOTAL","MALE","","1985","527.4"
"SWE","","TOTAL","MALE","","1986","510.85"
"SWE","","TOTAL","MALE","","1987","496.99"
"SWE","","TOTAL","MALE","","1988","486.48"
"SWE","","TOTAL","MALE","","1989","443.92"
"SWE","","TOTAL","MALE","","1990","445.98"
"SWE","","TOTAL","MALE","","1991","440.77"
"SWE","","TOTAL","MALE","","1992","421.32"
"SWE","","TOTAL","MALE","","1993","419.79"
"SWE","","TOTAL","MALE","","1994","390.11"
"SWE","","TOTAL","MALE","","1995","393.35"
"SWE","","TOTAL","MALE","","1996","377.09"
"SWE","","TOTAL","MALE","","1997","363.77"
"SWE","","TOTAL","MALE","","1998","357.59"
"SWE","","TOTAL","MALE","","1999","344.91"
"SWE","","TOTAL","MALE","","2000","329.97"
"SWE","","TOTAL","MALE","","2001","318.53"
"SWE","","TOTAL","MALE","","2002","307.87"
"SWE","","TOTAL","MALE","","2003","298.89"
"SWE","","TOTAL","MALE","","2004","277.61"
"SWE","","TOTAL","MALE","","2005","273.77"
"SWE","","TOTAL","MALE","","2006","261.89"
"SWE","","TOTAL","MALE","","2007","252.22"
"SWE","","TOTAL","MALE","","2008","245.29"
"SWE","","TOTAL","MALE","","2009","235.3"
"SWE","","TOTAL","MALE","","2010","227.53"
"SWE","","TOTAL","MALE","","2011","218.34"
"SWE","","TOTAL","MALE","","2012","215.1"
"SWE","","TOTAL","MALE","","2013","204.37"
"SWE","","TOTAL","MALE","","2014","196.4"
"SWE","","TOTAL","MALE","","2015","195.28"
"SWE","","TOTAL","MALE","","2016","184.57"
"SWE","","TOTAL","MALE","","2017","179.4"
"SWE","","TOTAL","MALE","","2018","173.15"
"SWE","","TOTAL","MALE","","2019","159.93"
"SWE","","TOTAL","MALE","","2020","157.4"
"SWE","","TOTAL","MALE","","2021","151.41"
"SWE","","TOTAL","MALE","","2022","149.1"
"TJK","","TOTAL","MALE","","1981","541.3"
"TJK","","TOTAL","MALE","","1982","536.66"
"TJK","","TOTAL","MALE","","1985","506.57"
"TJK","","TOTAL","MALE","","1986","511.05"
"TJK","","TOTAL","MALE","","1987","523.15"
"TJK","","TOTAL","MALE","","1988","584.03"
"TJK","","TOTAL","MALE","","1989","592.44"
"TJK","","TOTAL","MALE","","1990","571.42"
"TJK","","TOTAL","MALE","","1991","561.69"
"TJK","","TOTAL","MALE","","1992","588.19"
"TJK","","TOTAL","MALE","","1993","692.7"
"TJK","","TOTAL","MALE","","1994","716.65"
"TJK","","TOTAL","MALE","","1995","689.94"
"TJK","","TOTAL","MALE","","1996","660.99"
"TJK","","TOTAL","MALE","","1997","644.09"
"TJK","","TOTAL","MALE","","1998","636.95"
"TJK","","TOTAL","MALE","","1999","662.13"
"TJK","","TOTAL","MALE","","2000","583.15"
"TJK","","TOTAL","MALE","","2001","691.92"
"TJK","","TOTAL","MALE","","2002","725.79"
"TJK","","TOTAL","MALE","","2003","761.64"
"TJK","","TOTAL","MALE","","2004","710.25"
"TJK","","TOTAL","MALE","","2005","672.81"
"TJK","","TOTAL","MALE","","2017","611.9"
"TKM","","TOTAL","MALE","","1981","813.55"
"TKM","","TOTAL","MALE","","1982","819.64"
"TKM","","TOTAL","MALE","","1985","830.88"
"TKM","","TOTAL","MALE","","1986","828.29"
"TKM","","TOTAL","MALE","","1987","842.15"
"TKM","","TOTAL","MALE","","1988","852.73"
"TKM","","TOTAL","MALE","","1989","870.02"
"TKM","","TOTAL","MALE","","1990","836.21"
"TKM","","TOTAL","MALE","","1991","984.91"
"TKM","","TOTAL","MALE","","1992","997.47"
"TKM","","TOTAL","MALE","","1993","1021.11"
"TKM","","TOTAL","MALE","","1994","1050"
"TKM","","TOTAL","MALE","","1995","1032.66"
"TKM","","TOTAL","MALE","","1996","1077.42"
"TKM","","TOTAL","MALE","","1997","998.66"
"TKM","","TOTAL","MALE","","1998","1017.44"
"TKM","","TOTAL","MALE","","1999","968.44"
"TKM","","TOTAL","MALE","","2000","1019.95"
"TKM","","TOTAL","MALE","","2001","910.92"
"TKM","","TOTAL","MALE","","2002","990.26"
"TKM","","TOTAL","MALE","","2003","993.55"
"TKM","","TOTAL","MALE","","2004","948.98"
"TKM","","TOTAL","MALE","","2005","994.81"
"TKM","","TOTAL","MALE","","2006","923.15"
"TKM","","TOTAL","MALE","","2007","900.53"
"TKM","","TOTAL","MALE","","2008","865.28"
"TKM","","TOTAL","MALE","","2009","744.82"
"TKM","","TOTAL","MALE","","2010","743.85"
"TKM","","TOTAL","MALE","","2011","766.93"
"TKM","","TOTAL","MALE","","2012","748.4"
"TKM","","TOTAL","MALE","","2013","765.1"
"TUR","","TOTAL","MALE","","2009","290.06"
"TUR","","TOTAL","MALE","","2010","283.21"
"TUR","","TOTAL","MALE","","2011","282.17"
"TUR","","TOTAL","MALE","","2012","271.28"
"TUR","","TOTAL","MALE","","2013","306.7"
"TUR","","TOTAL","MALE","","2014","314.41"
"TUR","","TOTAL","MALE","","2015","316.03"
"TUR","","TOTAL","MALE","","2016","316.9"
"TUR","","TOTAL","MALE","","2017","308.43"
"TUR","","TOTAL","MALE","","2018","284.28"
"TUR","","TOTAL","MALE","","2019","272.85"
"UKR","","TOTAL","MALE","","1981","886.97"
"UKR","","TOTAL","MALE","","1982","880.78"
"UKR","","TOTAL","MALE","","1985","930.63"
"UKR","","TOTAL","MALE","","1986","812.82"
"UKR","","TOTAL","MALE","","1987","835.29"
"UKR","","TOTAL","MALE","","1988","820.56"
"UKR","","TOTAL","MALE","","1989","770.4"
"UKR","","TOTAL","MALE","","1990","741.71"
"UKR","","TOTAL","MALE","","1991","779.95"
"UKR","","TOTAL","MALE","","1992","802.13"
"UKR","","TOTAL","MALE","","1993","890.46"
"UKR","","TOTAL","MALE","","1994","940.28"
"UKR","","TOTAL","MALE","","1995","996.84"
"UKR","","TOTAL","MALE","","1996","985.15"
"UKR","","TOTAL","MALE","","1997","977.06"
"UKR","","TOTAL","MALE","","1998","933.75"
"UKR","","TOTAL","MALE","","1999","963.36"
"UKR","","TOTAL","MALE","","2000","997.16"
"UKR","","TOTAL","MALE","","2001","978.99"
"UKR","","TOTAL","MALE","","2002","1039.38"
"UKR","","TOTAL","MALE","","2003","1062.32"
"UKR","","TOTAL","MALE","","2004","1062.49"
"UKR","","TOTAL","MALE","","2005","1093.67"
"UKR","","TOTAL","MALE","","2006","1057.17"
"UKR","","TOTAL","MALE","","2007","1052.5"
"UKR","","TOTAL","MALE","","2008","1038.07"
"UKR","","TOTAL","MALE","","2009","969.98"
"UKR","","TOTAL","MALE","","2010","956.68"
"UKR","","TOTAL","MALE","","2011","889.96"
"UKR","","TOTAL","MALE","","2012","873.25"
"UKR","","TOTAL","MALE","","2014","888.55"
"UKR","","TOTAL","MALE","","2015","842.18"
"UKR","","TOTAL","MALE","","2017","780.31"
"UKR","","TOTAL","MALE","","2018","792.19"
"UKR","","TOTAL","MALE","","2019","784.21"
"UZB","","TOTAL","MALE","","1981","678.39"
"UZB","","TOTAL","MALE","","1982","711.4"
"UZB","","TOTAL","MALE","","1985","707.75"
"UZB","","TOTAL","MALE","","1986","677.85"
"UZB","","TOTAL","MALE","","1987","665.67"
"UZB","","TOTAL","MALE","","1988","712.58"
"UZB","","TOTAL","MALE","","1989","702.52"
"UZB","","TOTAL","MALE","","1990","721.6"
"UZB","","TOTAL","MALE","","1991","751.7"
"UZB","","TOTAL","MALE","","1992","780.56"
"UZB","","TOTAL","MALE","","1993","858.06"
"UZB","","TOTAL","MALE","","1994","920.21"
"UZB","","TOTAL","MALE","","1995","897.93"
"UZB","","TOTAL","MALE","","1996","885.86"
"UZB","","TOTAL","MALE","","1997","834.05"
"UZB","","TOTAL","MALE","","1998","889.71"
"UZB","","TOTAL","MALE","","1999","824.87"
"UZB","","TOTAL","MALE","","2000","873.39"
"UZB","","TOTAL","MALE","","2001","841.74"
"UZB","","TOTAL","MALE","","2002","866.29"
"UZB","","TOTAL","MALE","","2003","840.59"
"UZB","","TOTAL","MALE","","2004","798.93"
"UZB","","TOTAL","MALE","","2005","858.03"
"UZB","","TOTAL","MALE","","2009","776.47"
"UZB","","TOTAL","MALE","","2010","797.6"
"UZB","","TOTAL","MALE","","2011","812.45"
"UZB","","TOTAL","MALE","","2012","813.96"
"UZB","","TOTAL","MALE","","2013","779.07"
"UZB","","TOTAL","MALE","","2014","781.8"
"UZB","","TOTAL","MALE","","2015","754.12"
"UZB","","TOTAL","MALE","","2016","747.86"
"","WESTERN_BALKANS","TOTAL","MALE","","1998","659.54"
"","WESTERN_BALKANS","TOTAL","MALE","","1999","639.85"
"","WESTERN_BALKANS","TOTAL","MALE","","2000","649.05"
"","WESTERN_BALKANS","TOTAL","MALE","","2001","595.61"
"","WESTERN_BALKANS","TOTAL","MALE","","2002","606.69"
"","WESTERN_BALKANS","TOTAL","MALE","","2003","611.08"
"","WESTERN_BALKANS","TOTAL","MALE","","2004","588.4"
"","WESTERN_BALKANS","TOTAL","MALE","","2005","595.53"
"","WESTERN_BALKANS","TOTAL","MALE","","2006","571.41"
"","WESTERN_BALKANS","TOTAL","MALE","","2007","545.81"
"","WESTERN_BALKANS","TOTAL","MALE","","2008","537.22"
"","WESTERN_BALKANS","TOTAL","MALE","","2009","521.33"
"","WESTERN_BALKANS","TOTAL","MALE","","2011","514.69"
"","WESTERN_BALKANS","TOTAL","MALE","","2016","470.91"
"","WESTERN_BALKANS","TOTAL","MALE","","2017","465.67"
"","WESTERN_BALKANS","TOTAL","MALE","","2019","400.17"
"","WESTERN_BALKANS","TOTAL","MALE","","2021","423.77"
"","WHO_EURO","TOTAL","MALE","","1981","635.33"
"","WHO_EURO","TOTAL","MALE","","1982","627.75"
"","WHO_EURO","TOTAL","MALE","","1985","642.08"
"","WHO_EURO","TOTAL","MALE","","1986","610.82"
"","WHO_EURO","TOTAL","MALE","","1987","606.76"
"","WHO_EURO","TOTAL","MALE","","1988","599.9"
"","WHO_EURO","TOTAL","MALE","","1989","584.2"
"","WHO_EURO","TOTAL","MALE","","1990","581.69"
"","WHO_EURO","TOTAL","MALE","","1991","583.82"
"","WHO_EURO","TOTAL","MALE","","1992","582.04"
"","WHO_EURO","TOTAL","MALE","","1993","620.29"
"","WHO_EURO","TOTAL","MALE","","1994","630.17"
"","WHO_EURO","TOTAL","MALE","","1995","617.03"
"","WHO_EURO","TOTAL","MALE","","1996","597.13"
"","WHO_EURO","TOTAL","MALE","","1997","579.36"
"","WHO_EURO","TOTAL","MALE","","1998","571.06"
"","WHO_EURO","TOTAL","MALE","","1999","572.99"
"","WHO_EURO","TOTAL","MALE","","2000","571.16"
"","WHO_EURO","TOTAL","MALE","","2001","560.56"
"","WHO_EURO","TOTAL","MALE","","2002","568.59"
"","WHO_EURO","TOTAL","MALE","","2003","577.61"
"","WHO_EURO","TOTAL","MALE","","2004","551.4"
"","WHO_EURO","TOTAL","MALE","","2005","548.9"
"","WHO_EURO","TOTAL","MALE","","2006","518.16"
"","WHO_EURO","TOTAL","MALE","","2007","499.02"
"","WHO_EURO","TOTAL","MALE","","2008","485.31"
"","WHO_EURO","TOTAL","MALE","","2009","464.24"
"","WHO_EURO","TOTAL","MALE","","2010","455.53"
"","WHO_EURO","TOTAL","MALE","","2011","428.43"
"","WHO_EURO","TOTAL","MALE","","2012","415.8"
"","WHO_EURO","TOTAL","MALE","","2013","403.63"
"","WHO_EURO","TOTAL","MALE","","2014","392.31"
"","WHO_EURO","TOTAL","MALE","","2015","383.55"
"","WHO_EURO","TOTAL","MALE","","2016","369.59"
"","WHO_EURO","TOTAL","MALE","","2017","361.73"
"","WHO_EURO","TOTAL","MALE","","2018","353.04"
"","WHO_EURO","TOTAL","MALE","","2019","340.93"
"","WHO_EURO","TOTAL","MALE","","2020","344.73"
"ALB","","TOTAL","ALL","","1987","446.04"
"ALB","","TOTAL","ALL","","1988","449.42"
"ALB","","TOTAL","ALL","","1989","453.58"
"ALB","","TOTAL","ALL","","1992","383.94"
"ALB","","TOTAL","ALL","","1993","349.98"
"ALB","","TOTAL","ALL","","1994","315.4"
"ALB","","TOTAL","ALL","","1995","392.04"
"ALB","","TOTAL","ALL","","1996","426.19"
"ALB","","TOTAL","ALL","","1997","380.55"
"ALB","","TOTAL","ALL","","1998","427.69"
"ALB","","TOTAL","ALL","","1999","391.16"
"ALB","","TOTAL","ALL","","2000","475.42"
"ALB","","TOTAL","ALL","","2001","366.41"
"ALB","","TOTAL","ALL","","2002","397.94"
"ALB","","TOTAL","ALL","","2003","439.85"
"ALB","","TOTAL","ALL","","2004","417.7"
"ALB","","TOTAL","ALL","","2005","392.64"
"ALB","","TOTAL","ALL","","2006","373.62"
"ALB","","TOTAL","ALL","","2007","318.96"
"ALB","","TOTAL","ALL","","2008","372.42"
"ALB","","TOTAL","ALL","","2009","353.18"
"ARM","","TOTAL","ALL","","1981","435.22"
"ARM","","TOTAL","ALL","","1982","486.16"
"ARM","","TOTAL","ALL","","1985","518.28"
"ARM","","TOTAL","ALL","","1986","512.09"
"ARM","","TOTAL","ALL","","1987","519.98"
"ARM","","TOTAL","ALL","","1988","537.46"
"ARM","","TOTAL","ALL","","1989","565.96"
"ARM","","TOTAL","ALL","","1990","567.23"
"ARM","","TOTAL","ALL","","1991","561.14"
"ARM","","TOTAL","ALL","","1992","602.15"
"ARM","","TOTAL","ALL","","1993","639.26"
"ARM","","TOTAL","ALL","","1994","548.34"
"ARM","","TOTAL","ALL","","1995","563.34"
"ARM","","TOTAL","ALL","","1996","544.63"
"ARM","","TOTAL","ALL","","1997","502.92"
"ARM","","TOTAL","ALL","","1998","469.14"
"ARM","","TOTAL","ALL","","1999","479.38"
"ARM","","TOTAL","ALL","","2000","443.71"
"ARM","","TOTAL","ALL","","2001","439.9"
"ARM","","TOTAL","ALL","","2002","621.65"
"ARM","","TOTAL","ALL","","2003","626.73"
"ARM","","TOTAL","ALL","","2008","548.97"
"ARM","","TOTAL","ALL","","2012","432.44"
"ARM","","TOTAL","ALL","","2013","414.61"
"ARM","","TOTAL","ALL","","2014","421.8"
"ARM","","TOTAL","ALL","","2015","400.7"
"ARM","","TOTAL","ALL","","2016","413.94"
"ARM","","TOTAL","ALL","","2017","453.34"
"ARM","","TOTAL","ALL","","2018","420.49"
"ARM","","TOTAL","ALL","","2019","411.74"
"ARM","","TOTAL","ALL","","2022","403.9"
"AUT","","TOTAL","ALL","","1969","559.59"
"AUT","","TOTAL","ALL","","1970","559.17"
"AUT","","TOTAL","ALL","","1971","561.86"
"AUT","","TOTAL","ALL","","1972","548.14"
"AUT","","TOTAL","ALL","","1973","520.79"
"AUT","","TOTAL","ALL","","1974","528.05"
"AUT","","TOTAL","ALL","","1975","538.4"
"AUT","","TOTAL","ALL","","1976","538.93"
"AUT","","TOTAL","ALL","","1977","517.56"
"AUT","","TOTAL","ALL","","1978","532.09"
"AUT","","TOTAL","ALL","","1979","503.76"
"AUT","","TOTAL","ALL","","1980","515.19"
"AUT","","TOTAL","ALL","","1981","509.8"
"AUT","","TOTAL","ALL","","1982","496.39"
"AUT","","TOTAL","ALL","","1983","509.24"
"AUT","","TOTAL","ALL","","1984","471.25"
"AUT","","TOTAL","ALL","","1985","472.4"
"AUT","","TOTAL","ALL","","1986","455.09"
"AUT","","TOTAL","ALL","","1987","431.87"
"AUT","","TOTAL","ALL","","1988","419.44"
"AUT","","TOTAL","ALL","","1989","408.19"
"AUT","","TOTAL","ALL","","1990","392.52"
"AUT","","TOTAL","ALL","","1991","399.71"
"AUT","","TOTAL","ALL","","1992","394.09"
"AUT","","TOTAL","ALL","","1993","388.13"
"AUT","","TOTAL","ALL","","1994","373.56"
"AUT","","TOTAL","ALL","","1995","373.1"
"AUT","","TOTAL","ALL","","1996","371.66"
"AUT","","TOTAL","ALL","","1997","361.53"
"AUT","","TOTAL","ALL","","1998","353.11"
"AUT","","TOTAL","ALL","","1999","344.38"
"AUT","","TOTAL","ALL","","2000","321.68"
"AUT","","TOTAL","ALL","","2001","304.23"
"AUT","","TOTAL","ALL","","2002","287.89"
"AUT","","TOTAL","ALL","","2003","272.14"
"AUT","","TOTAL","ALL","","2004","249.63"
"AUT","","TOTAL","ALL","","2005","241.57"
"AUT","","TOTAL","ALL","","2006","230.99"
"AUT","","TOTAL","ALL","","2007","224.86"
"AUT","","TOTAL","ALL","","2008","212.92"
"AUT","","TOTAL","ALL","","2009","213.51"
"AUT","","TOTAL","ALL","","2010","207.07"
"AUT","","TOTAL","ALL","","2011","196.78"
"AUT","","TOTAL","ALL","","2012","199.9"
"AUT","","TOTAL","ALL","","2013","197.92"
"AUT","","TOTAL","ALL","","2014","187.53"
"AUT","","TOTAL","ALL","","2015","196.54"
"AUT","","TOTAL","ALL","","2016","181.58"
"AUT","","TOTAL","ALL","","2017","177.55"
"AUT","","TOTAL","ALL","","2018","173.97"
"AUT","","TOTAL","ALL","","2019","168.52"
"AUT","","TOTAL","ALL","","2020","167.75"
"AUT","","TOTAL","ALL","","2021","160.32"
"AZE","","TOTAL","ALL","","1981","571.48"
"AZE","","TOTAL","ALL","","1982","577.32"
"AZE","","TOTAL","ALL","","1985","609.12"
"AZE","","TOTAL","ALL","","1986","591.53"
"AZE","","TOTAL","ALL","","1987","624.99"
"AZE","","TOTAL","ALL","","1988","651.74"
"AZE","","TOTAL","ALL","","1989","573.01"
"AZE","","TOTAL","ALL","","1990","565.37"
"AZE","","TOTAL","ALL","","1991","588.74"
"AZE","","TOTAL","ALL","","1992","611.82"
"AZE","","TOTAL","ALL","","1993","646.86"
"AZE","","TOTAL","ALL","","1994","628.9"
"AZE","","TOTAL","ALL","","1995","646.39"
"AZE","","TOTAL","ALL","","1996","614.86"
"AZE","","TOTAL","ALL","","1997","599.81"
"AZE","","TOTAL","ALL","","1998","600.08"
"AZE","","TOTAL","ALL","","1999","615.49"
"AZE","","TOTAL","ALL","","2000","656.26"
"AZE","","TOTAL","ALL","","2001","609.89"
"AZE","","TOTAL","ALL","","2002","626.54"
"AZE","","TOTAL","ALL","","2003","645.03"
"AZE","","TOTAL","ALL","","2004","633.77"
"AZE","","TOTAL","ALL","","2007","551.57"
"BEL","","TOTAL","ALL","","1968","543.61"
"BEL","","TOTAL","ALL","","1969","507.53"
"BEL","","TOTAL","ALL","","1970","495.9"
"BEL","","TOTAL","ALL","","1971","493.26"
"BEL","","TOTAL","ALL","","1972","476.23"
"BEL","","TOTAL","ALL","","1973","462.33"
"BEL","","TOTAL","ALL","","1974","457.2"
"BEL","","TOTAL","ALL","","1975","458.18"
"BEL","","TOTAL","ALL","","1976","444.79"
"BEL","","TOTAL","ALL","","1977","412.05"
"BEL","","TOTAL","ALL","","1978","412.92"
"BEL","","TOTAL","ALL","","1979","405.66"
"BEL","","TOTAL","ALL","","1980","414.12"
"BEL","","TOTAL","ALL","","1981","409.91"
"BEL","","TOTAL","ALL","","1982","401.89"
"BEL","","TOTAL","ALL","","1983","401.75"
"BEL","","TOTAL","ALL","","1984","375.34"
"BEL","","TOTAL","ALL","","1985","360.3"
"BEL","","TOTAL","ALL","","1986","341.54"
"BEL","","TOTAL","ALL","","1987","317.59"
"BEL","","TOTAL","ALL","","1988","304.59"
"BEL","","TOTAL","ALL","","1989","298.17"
"BEL","","TOTAL","ALL","","1990","284.76"
"BEL","","TOTAL","ALL","","1991","276.07"
"BEL","","TOTAL","ALL","","1992","267.7"
"BEL","","TOTAL","ALL","","1993","277.09"
"BEL","","TOTAL","ALL","","1994","262.4"
"BEL","","TOTAL","ALL","","1995","258.05"
"BEL","","TOTAL","ALL","","1996","254.79"
"BEL","","TOTAL","ALL","","1997","246.37"
"BEL","","TOTAL","ALL","","1998","238.71"
"BEL","","TOTAL","ALL","","1999","232.66"
"BEL","","TOTAL","ALL","","2000","234.79"
"BEL","","TOTAL","ALL","","2001","222.9"
"BEL","","TOTAL","ALL","","2002","224.31"
"BEL","","TOTAL","ALL","","2003","221.5"
"BEL","","TOTAL","ALL","","2004","207.63"
"BEL","","TOTAL","ALL","","2005","198.22"
"BEL","","TOTAL","ALL","","2006","182.72"
"BEL","","TOTAL","ALL","","2007","177.91"
"BEL","","TOTAL","ALL","","2008","172.44"
"BEL","","TOTAL","ALL","","2009","164.7"
"BEL","","TOTAL","ALL","","2010","159.44"
"BEL","","TOTAL","ALL","","2011","149.24"
"BEL","","TOTAL","ALL","","2012","146.61"
"BEL","","TOTAL","ALL","","2013","142.15"
"BEL","","TOTAL","ALL","","2014","132.71"
"BEL","","TOTAL","ALL","","2015","135.83"
"BEL","","TOTAL","ALL","","2016","127.25"
"BEL","","TOTAL","ALL","","2017","124.29"
"BEL","","TOTAL","ALL","","2018","117.68"
"BEL","","TOTAL","ALL","","2019","108.92"
"BEL","","TOTAL","ALL","","2020","104.63"
"BGR","","TOTAL","ALL","","1968","521.09"
"BGR","","TOTAL","ALL","","1969","564.05"
"BGR","","TOTAL","ALL","","1970","559.05"
"BGR","","TOTAL","ALL","","1971","581.7"
"BGR","","TOTAL","ALL","","1972","607.81"
"BGR","","TOTAL","ALL","","1973","595.19"
"BGR","","TOTAL","ALL","","1974","617.83"
"BGR","","TOTAL","ALL","","1975","610.08"
"BGR","","TOTAL","ALL","","1976","606.57"
"BGR","","TOTAL","ALL","","1977","641"
"BGR","","TOTAL","ALL","","1978","634.46"
"BGR","","TOTAL","ALL","","1979","640.84"
"BGR","","TOTAL","ALL","","1980","637.97"
"BGR","","TOTAL","ALL","","1981","629.12"
"BGR","","TOTAL","ALL","","1982","654.32"
"BGR","","TOTAL","ALL","","1983","660.43"
"BGR","","TOTAL","ALL","","1984","665.42"
"BGR","","TOTAL","ALL","","1985","726.06"
"BGR","","TOTAL","ALL","","1986","726.97"
"BGR","","TOTAL","ALL","","1987","714.35"
"BGR","","TOTAL","ALL","","1988","702.36"
"BGR","","TOTAL","ALL","","1989","694.33"
"BGR","","TOTAL","ALL","","1990","691.38"
"BGR","","TOTAL","ALL","","1991","699.24"
"BGR","","TOTAL","ALL","","1992","677.88"
"BGR","","TOTAL","ALL","","1993","705.75"
"BGR","","TOTAL","ALL","","1994","706.41"
"BGR","","TOTAL","ALL","","1995","725.58"
"BGR","","TOTAL","ALL","","1996","748.55"
"BGR","","TOTAL","ALL","","1997","814.1"
"BGR","","TOTAL","ALL","","1998","813.14"
"BGR","","TOTAL","ALL","","1999","718.83"
"BGR","","TOTAL","ALL","","2000","737.07"
"BGR","","TOTAL","ALL","","2001","710.47"
"BGR","","TOTAL","ALL","","2002","722.9"
"BGR","","TOTAL","ALL","","2003","713.01"
"BGR","","TOTAL","ALL","","2004","685.35"
"BGR","","TOTAL","ALL","","2005","677.39"
"BGR","","TOTAL","ALL","","2006","665.64"
"BGR","","TOTAL","ALL","","2007","645.73"
"BGR","","TOTAL","ALL","","2008","611.28"
"BGR","","TOTAL","ALL","","2009","604.92"
"BGR","","TOTAL","ALL","","2010","621.69"
"BGR","","TOTAL","ALL","","2011","595.99"
"BGR","","TOTAL","ALL","","2012","574.47"
"BGR","","TOTAL","ALL","","2013","541.11"
"BGR","","TOTAL","ALL","","2014","564.56"
"BGR","","TOTAL","ALL","","2015","558.68"
"BGR","","TOTAL","ALL","","2016","546.62"
"BGR","","TOTAL","ALL","","2017","552.66"
"BGR","","TOTAL","ALL","","2018","538.59"
"BGR","","TOTAL","ALL","","2019","518.87"
"BGR","","TOTAL","ALL","","2020","560.49"
"BGR","","TOTAL","ALL","","2021","607.11"
"BIH","","TOTAL","ALL","","1985","463.26"
"BIH","","TOTAL","ALL","","1986","461.65"
"BIH","","TOTAL","ALL","","1987","521.49"
"BIH","","TOTAL","ALL","","1988","548.54"
"BIH","","TOTAL","ALL","","1989","569.91"
"BIH","","TOTAL","ALL","","1990","543.94"
"BIH","","TOTAL","ALL","","1991","531.35"
"BIH","","TOTAL","ALL","","2011","426.58"
"BIH","","TOTAL","ALL","","2014","378.31"
"BIH","","TOTAL","ALL","","2016","446.43"
"BIH","","TOTAL","ALL","","2021","329.49"
"BIH","","TOTAL","ALL","","2022","303.26"
"BLR","","TOTAL","ALL","","1981","572.82"
"BLR","","TOTAL","ALL","","1982","575.92"
"BLR","","TOTAL","ALL","","1985","658.09"
"BLR","","TOTAL","ALL","","1986","597.72"
"BLR","","TOTAL","ALL","","1987","610.9"
"BLR","","TOTAL","ALL","","1988","607.41"
"BLR","","TOTAL","ALL","","1989","567.98"
"BLR","","TOTAL","ALL","","1990","544.7"
"BLR","","TOTAL","ALL","","1991","541.2"
"BLR","","TOTAL","ALL","","1992","535.24"
"BLR","","TOTAL","ALL","","1993","607.85"
"BLR","","TOTAL","ALL","","1994","610.24"
"BLR","","TOTAL","ALL","","1995","620.36"
"BLR","","TOTAL","ALL","","1996","710.27"
"BLR","","TOTAL","ALL","","1997","636.49"
"BLR","","TOTAL","ALL","","1998","652.92"
"BLR","","TOTAL","ALL","","1999","693.27"
"BLR","","TOTAL","ALL","","2000","658.07"
"BLR","","TOTAL","ALL","","2001","693.76"
"BLR","","TOTAL","ALL","","2002","706.89"
"BLR","","TOTAL","ALL","","2003","693.48"
"BLR","","TOTAL","ALL","","2004","671.67"
"BLR","","TOTAL","ALL","","2005","691.15"
"BLR","","TOTAL","ALL","","2007","590.18"
"BLR","","TOTAL","ALL","","2008","586.92"
"BLR","","TOTAL","ALL","","2009","600.83"
"BLR","","TOTAL","ALL","","2010","604.48"
"BLR","","TOTAL","ALL","","2011","571.15"
"BLR","","TOTAL","ALL","","2013","520.26"
"BLR","","TOTAL","ALL","","2014","522.17"
"BLR","","TOTAL","ALL","","2018","498.22"
"","CARINFONET","TOTAL","ALL","","1981","563.4"
"","CARINFONET","TOTAL","ALL","","1982","573.91"
"","CARINFONET","TOTAL","ALL","","1985","594.22"
"","CARINFONET","TOTAL","ALL","","1986","570.35"
"","CARINFONET","TOTAL","ALL","","1987","577.21"
"","CARINFONET","TOTAL","ALL","","1988","604.97"
"","CARINFONET","TOTAL","ALL","","1989","597.63"
"","CARINFONET","TOTAL","ALL","","1990","588.28"
"","CARINFONET","TOTAL","ALL","","1991","618.98"
"","CARINFONET","TOTAL","ALL","","1992","640.29"
"","CARINFONET","TOTAL","ALL","","1993","716.74"
"","CARINFONET","TOTAL","ALL","","1994","783.32"
"","CARINFONET","TOTAL","ALL","","1995","765.19"
"","CARINFONET","TOTAL","ALL","","1996","766.21"
"","CARINFONET","TOTAL","ALL","","1997","730.98"
"","CARINFONET","TOTAL","ALL","","1998","755.94"
"","CARINFONET","TOTAL","ALL","","1999","724.4"
"","CARINFONET","TOTAL","ALL","","2000","747.08"
"","CARINFONET","TOTAL","ALL","","2001","739.29"
"","CARINFONET","TOTAL","ALL","","2002","769.07"
"","CARINFONET","TOTAL","ALL","","2003","765.75"
"","CARINFONET","TOTAL","ALL","","2004","724.41"
"","CARINFONET","TOTAL","ALL","","2005","758.58"
"","CARINFONET","TOTAL","ALL","","2006","740.89"
"","CARINFONET","TOTAL","ALL","","2007","724.67"
"","CARINFONET","TOTAL","ALL","","2008","695.54"
"","CARINFONET","TOTAL","ALL","","2009","646.56"
"","CARINFONET","TOTAL","ALL","","2010","652.14"
"","CARINFONET","TOTAL","ALL","","2011","617.02"
"","CARINFONET","TOTAL","ALL","","2012","587.93"
"","CARINFONET","TOTAL","ALL","","2013","569.29"
"","CARINFONET","TOTAL","ALL","","2014","553.81"
"","CARINFONET","TOTAL","ALL","","2015","533.9"
"","CARINFONET","TOTAL","ALL","","2016","519.96"
"CHE","","TOTAL","ALL","","1969","457.7"
"CHE","","TOTAL","ALL","","1970","451.17"
"CHE","","TOTAL","ALL","","1971","446.34"
"CHE","","TOTAL","ALL","","1972","422.39"
"CHE","","TOTAL","ALL","","1973","413.67"
"CHE","","TOTAL","ALL","","1974","402.43"
"CHE","","TOTAL","ALL","","1975","410.35"
"CHE","","TOTAL","ALL","","1976","413.6"
"CHE","","TOTAL","ALL","","1977","399.6"
"CHE","","TOTAL","ALL","","1978","400.84"
"CHE","","TOTAL","ALL","","1979","384.71"
"CHE","","TOTAL","ALL","","1980","383.17"
"CHE","","TOTAL","ALL","","1981","373.34"
"CHE","","TOTAL","ALL","","1982","362"
"CHE","","TOTAL","ALL","","1983","349.48"
"CHE","","TOTAL","ALL","","1984","332.27"
"CHE","","TOTAL","ALL","","1985","319.81"
"CHE","","TOTAL","ALL","","1986","310.86"
"CHE","","TOTAL","ALL","","1987","296.87"
"CHE","","TOTAL","ALL","","1988","296.31"
"CHE","","TOTAL","ALL","","1989","284.75"
"CHE","","TOTAL","ALL","","1990","288.82"
"CHE","","TOTAL","ALL","","1991","276.66"
"CHE","","TOTAL","ALL","","1992","266.41"
"CHE","","TOTAL","ALL","","1993","260.97"
"CHE","","TOTAL","ALL","","1994","250.48"
"CHE","","TOTAL","ALL","","1995","242.21"
"CHE","","TOTAL","ALL","","1996","231.76"
"CHE","","TOTAL","ALL","","1997","231.61"
"CHE","","TOTAL","ALL","","1998","222.01"
"CHE","","TOTAL","ALL","","1999","217.99"
"CHE","","TOTAL","ALL","","2000","209.47"
"CHE","","TOTAL","ALL","","2001","199.13"
"CHE","","TOTAL","ALL","","2002","188.69"
"CHE","","TOTAL","ALL","","2003","187.98"
"CHE","","TOTAL","ALL","","2004","173.73"
"CHE","","TOTAL","ALL","","2005","172.86"
"CHE","","TOTAL","ALL","","2006","164.74"
"CHE","","TOTAL","ALL","","2007","161.35"
"CHE","","TOTAL","ALL","","2008","154.8"
"CHE","","TOTAL","ALL","","2009","150.49"
"CHE","","TOTAL","ALL","","2010","144.92"
"CHE","","TOTAL","ALL","","2011","137.11"
"CHE","","TOTAL","ALL","","2012","138.07"
"CHE","","TOTAL","ALL","","2013","133.36"
"CHE","","TOTAL","ALL","","2015","126.87"
"CHE","","TOTAL","ALL","","2016","118.99"
"CHE","","TOTAL","ALL","","2017","117.81"
"CHE","","TOTAL","ALL","","2018","112.63"
"CHE","","TOTAL","ALL","","2019","106.27"
"","CIS","TOTAL","ALL","","1981","670.55"
"","CIS","TOTAL","ALL","","1982","660.08"
"","CIS","TOTAL","ALL","","1985","709.18"
"","CIS","TOTAL","ALL","","1986","654.02"
"","CIS","TOTAL","ALL","","1987","662.62"
"","CIS","TOTAL","ALL","","1988","667.35"
"","CIS","TOTAL","ALL","","1989","637.49"
"","CIS","TOTAL","ALL","","1990","629.16"
"","CIS","TOTAL","ALL","","1991","633.96"
"","CIS","TOTAL","ALL","","1992","649.42"
"","CIS","TOTAL","ALL","","1993","744.35"
"","CIS","TOTAL","ALL","","1994","795.81"
"","CIS","TOTAL","ALL","","1995","772.56"
"","CIS","TOTAL","ALL","","1996","752.23"
"","CIS","TOTAL","ALL","","1997","731.35"
"","CIS","TOTAL","ALL","","1998","723.53"
"","CIS","TOTAL","ALL","","1999","752.43"
"","CIS","TOTAL","ALL","","2000","771.92"
"","CIS","TOTAL","ALL","","2001","771.37"
"","CIS","TOTAL","ALL","","2002","800.21"
"","CIS","TOTAL","ALL","","2003","821.74"
"","CIS","TOTAL","ALL","","2004","790.22"
"","CIS","TOTAL","ALL","","2005","801.74"
"","CIS","TOTAL","ALL","","2006","761.25"
"","CIS","TOTAL","ALL","","2007","729.63"
"","CIS","TOTAL","ALL","","2008","713.96"
"","CIS","TOTAL","ALL","","2009","674.69"
"","CIS","TOTAL","ALL","","2010","670.12"
"","CIS","TOTAL","ALL","","2011","620.94"
"","CIS","TOTAL","ALL","","2012","596.49"
"","CIS","TOTAL","ALL","","2013","570.8"
"","CIS","TOTAL","ALL","","2014","552.86"
"","CIS","TOTAL","ALL","","2015","524.04"
"CYP","","TOTAL","ALL","","2004","229.73"
"CYP","","TOTAL","ALL","","2005","236.25"
"CYP","","TOTAL","ALL","","2006","219.78"
"CYP","","TOTAL","ALL","","2007","215.39"
"CYP","","TOTAL","ALL","","2008","202.1"
"CYP","","TOTAL","ALL","","2009","186.56"
"CYP","","TOTAL","ALL","","2010","179.55"
"CYP","","TOTAL","ALL","","2011","193.28"
"CYP","","TOTAL","ALL","","2012","184.83"
"CYP","","TOTAL","ALL","","2013","161.53"
"CYP","","TOTAL","ALL","","2014","166.18"
"CYP","","TOTAL","ALL","","2015","179.05"
"CYP","","TOTAL","ALL","","2016","153.03"
"CYP","","TOTAL","ALL","","2017","160.23"
"CYP","","TOTAL","ALL","","2018","137.54"
"CYP","","TOTAL","ALL","","2019","132.35"
"CYP","","TOTAL","ALL","","2020","135.5"
"CYP","","TOTAL","ALL","","2021","133.63"
"CZE","","TOTAL","ALL","","1986","673.91"
"CZE","","TOTAL","ALL","","1987","655.45"
"CZE","","TOTAL","ALL","","1988","632.71"
"CZE","","TOTAL","ALL","","1989","644.08"
"CZE","","TOTAL","ALL","","1990","645.01"
"CZE","","TOTAL","ALL","","1991","615.65"
"CZE","","TOTAL","ALL","","1992","590.26"
"CZE","","TOTAL","ALL","","1993","576.26"
"CZE","","TOTAL","ALL","","1994","561.35"
"CZE","","TOTAL","ALL","","1995","559.62"
"CZE","","TOTAL","ALL","","1996","529.74"
"CZE","","TOTAL","ALL","","1997","525.85"
"CZE","","TOTAL","ALL","","1998","495.75"
"CZE","","TOTAL","ALL","","1999","487.17"
"CZE","","TOTAL","ALL","","2000","462.52"
"CZE","","TOTAL","ALL","","2001","456.72"
"CZE","","TOTAL","ALL","","2002","455.98"
"CZE","","TOTAL","ALL","","2003","461.88"
"CZE","","TOTAL","ALL","","2004","430.53"
"CZE","","TOTAL","ALL","","2005","419.02"
"CZE","","TOTAL","ALL","","2006","386.33"
"CZE","","TOTAL","ALL","","2007","370.66"
"CZE","","TOTAL","ALL","","2008","355.6"
"CZE","","TOTAL","ALL","","2009","356.99"
"CZE","","TOTAL","ALL","","2010","344.14"
"CZE","","TOTAL","ALL","","2011","331.47"
"CZE","","TOTAL","ALL","","2012","325.05"
"CZE","","TOTAL","ALL","","2013","309.72"
"CZE","","TOTAL","ALL","","2014","284.47"
"CZE","","TOTAL","ALL","","2015","291.15"
"CZE","","TOTAL","ALL","","2016","266.6"
"CZE","","TOTAL","ALL","","2017","270.04"
"CZE","","TOTAL","ALL","","2018","261.6"
"CZE","","TOTAL","ALL","","2019","249.34"
"CZE","","TOTAL","ALL","","2020","260.99"
"CZE","","TOTAL","ALL","","2021","250.37"
"DEU","","TOTAL","ALL","","1990","398.58"
"DEU","","TOTAL","ALL","","1991","388.26"
"DEU","","TOTAL","ALL","","1992","368.23"
"DEU","","TOTAL","ALL","","1993","366.32"
"DEU","","TOTAL","ALL","","1994","352"
"DEU","","TOTAL","ALL","","1995","343.8"
"DEU","","TOTAL","ALL","","1996","335.22"
"DEU","","TOTAL","ALL","","1997","323.78"
"DEU","","TOTAL","ALL","","1998","316.9"
"DEU","","TOTAL","ALL","","1999","307.2"
"DEU","","TOTAL","ALL","","2000","292.49"
"DEU","","TOTAL","ALL","","2001","286.05"
"DEU","","TOTAL","ALL","","2002","285.78"
"DEU","","TOTAL","ALL","","2003","286.99"
"DEU","","TOTAL","ALL","","2004","262.82"
"DEU","","TOTAL","ALL","","2005","254.1"
"DEU","","TOTAL","ALL","","2006","239.27"
"DEU","","TOTAL","ALL","","2007","231.59"
"DEU","","TOTAL","ALL","","2008","223.27"
"DEU","","TOTAL","ALL","","2009","217.16"
"DEU","","TOTAL","ALL","","2010","208.71"
"DEU","","TOTAL","ALL","","2011","196.6"
"DEU","","TOTAL","ALL","","2012","195.2"
"DEU","","TOTAL","ALL","","2013","199.75"
"DEU","","TOTAL","ALL","","2014","186.28"
"DEU","","TOTAL","ALL","","2015","191.14"
"DEU","","TOTAL","ALL","","2016","178.23"
"DEU","","TOTAL","ALL","","2017","177.31"
"DEU","","TOTAL","ALL","","2018","175.5"
"DEU","","TOTAL","ALL","","2019","164.51"
"DEU","","TOTAL","ALL","","2020","163.85"
"DNK","","TOTAL","ALL","","1969","481.38"
"DNK","","TOTAL","ALL","","1970","476.13"
"DNK","","TOTAL","ALL","","1971","471.28"
"DNK","","TOTAL","ALL","","1972","473.11"
"DNK","","TOTAL","ALL","","1973","472.65"
"DNK","","TOTAL","ALL","","1974","461.89"
"DNK","","TOTAL","ALL","","1975","452.3"
"DNK","","TOTAL","ALL","","1976","461.47"
"DNK","","TOTAL","ALL","","1977","415.27"
"DNK","","TOTAL","ALL","","1978","427.11"
"DNK","","TOTAL","ALL","","1979","428.96"
"DNK","","TOTAL","ALL","","1980","420.95"
"DNK","","TOTAL","ALL","","1981","418.87"
"DNK","","TOTAL","ALL","","1982","398.35"
"DNK","","TOTAL","ALL","","1983","396.42"
"DNK","","TOTAL","ALL","","1984","388.03"
"DNK","","TOTAL","ALL","","1985","388.4"
"DNK","","TOTAL","ALL","","1986","380.17"
"DNK","","TOTAL","ALL","","1987","374.26"
"DNK","","TOTAL","ALL","","1988","365.17"
"DNK","","TOTAL","ALL","","1989","356.85"
"DNK","","TOTAL","ALL","","1990","363.64"
"DNK","","TOTAL","ALL","","1991","346.51"
"DNK","","TOTAL","ALL","","1992","340.68"
"DNK","","TOTAL","ALL","","1993","342.79"
"DNK","","TOTAL","ALL","","1994","313.79"
"DNK","","TOTAL","ALL","","1995","316.47"
"DNK","","TOTAL","ALL","","1996","286.08"
"DNK","","TOTAL","ALL","","1997","274.61"
"DNK","","TOTAL","ALL","","1998","262.82"
"DNK","","TOTAL","ALL","","1999","265.26"
"DNK","","TOTAL","ALL","","2000","248.08"
"DNK","","TOTAL","ALL","","2001","249.67"
"DNK","","TOTAL","ALL","","2002","242.31"
"DNK","","TOTAL","ALL","","2003","234.01"
"DNK","","TOTAL","ALL","","2004","217.18"
"DNK","","TOTAL","ALL","","2005","202.71"
"DNK","","TOTAL","ALL","","2006","193.47"
"DNK","","TOTAL","ALL","","2007","179.65"
"DNK","","TOTAL","ALL","","2008","166.13"
"DNK","","TOTAL","ALL","","2009","159.64"
"DNK","","TOTAL","ALL","","2010","154.53"
"DNK","","TOTAL","ALL","","2011","139.19"
"DNK","","TOTAL","ALL","","2012","135.85"
"DNK","","TOTAL","ALL","","2013","129.84"
"DNK","","TOTAL","ALL","","2014","121.62"
"DNK","","TOTAL","ALL","","2015","123.53"
"DNK","","TOTAL","ALL","","2016","123.34"
"DNK","","TOTAL","ALL","","2017","117.57"
"DNK","","TOTAL","ALL","","2018","112.62"
"DNK","","TOTAL","ALL","","2019","105.42"
"DNK","","TOTAL","ALL","","2020","101.5"
"DNK","","TOTAL","ALL","","2021","99.88"
"ESP","","TOTAL","ALL","","1968","456.66"
"ESP","","TOTAL","ALL","","1969","475.02"
"ESP","","TOTAL","ALL","","1971","457.23"
"ESP","","TOTAL","ALL","","1972","425.17"
"ESP","","TOTAL","ALL","","1973","439.51"
"ESP","","TOTAL","ALL","","1974","432.6"
"ESP","","TOTAL","ALL","","1975","436.01"
"ESP","","TOTAL","ALL","","1976","430.66"
"ESP","","TOTAL","ALL","","1977","412.6"
"ESP","","TOTAL","ALL","","1978","409.79"
"ESP","","TOTAL","ALL","","1979","405.87"
"ESP","","TOTAL","ALL","","1980","378.12"
"ESP","","TOTAL","ALL","","1981","372.86"
"ESP","","TOTAL","ALL","","1982","351.14"
"ESP","","TOTAL","ALL","","1983","357.75"
"ESP","","TOTAL","ALL","","1984","336.7"
"ESP","","TOTAL","ALL","","1985","341.87"
"ESP","","TOTAL","ALL","","1986","323.41"
"ESP","","TOTAL","ALL","","1987","303.54"
"ESP","","TOTAL","ALL","","1988","301.92"
"ESP","","TOTAL","ALL","","1989","291.74"
"ESP","","TOTAL","ALL","","1990","287.64"
"ESP","","TOTAL","ALL","","1991","284.55"
"ESP","","TOTAL","ALL","","1992","264.91"
"ESP","","TOTAL","ALL","","1993","259.28"
"ESP","","TOTAL","ALL","","1994","245.9"
"ESP","","TOTAL","ALL","","1995","241.69"
"ESP","","TOTAL","ALL","","1996","239.13"
"ESP","","TOTAL","ALL","","1997","229.34"
"ESP","","TOTAL","ALL","","1998","228.9"
"ESP","","TOTAL","ALL","","1999","216.86"
"ESP","","TOTAL","ALL","","2000","197.91"
"ESP","","TOTAL","ALL","","2001","191.04"
"ESP","","TOTAL","ALL","","2002","187.45"
"ESP","","TOTAL","ALL","","2003","187.37"
"ESP","","TOTAL","ALL","","2004","173.54"
"ESP","","TOTAL","ALL","","2005","171.99"
"ESP","","TOTAL","ALL","","2006","159.03"
"ESP","","TOTAL","ALL","","2007","157.78"
"ESP","","TOTAL","ALL","","2008","151.33"
"ESP","","TOTAL","ALL","","2009","143.05"
"ESP","","TOTAL","ALL","","2010","137.58"
"ESP","","TOTAL","ALL","","2011","132.45"
"ESP","","TOTAL","ALL","","2012","130.36"
"ESP","","TOTAL","ALL","","2013","122.44"
"ESP","","TOTAL","ALL","","2014","119.19"
"ESP","","TOTAL","ALL","","2015","122.42"
"ESP","","TOTAL","ALL","","2016","116.14"
"ESP","","TOTAL","ALL","","2017","115.47"
"ESP","","TOTAL","ALL","","2018","112.18"
"ESP","","TOTAL","ALL","","2019","106.25"
"ESP","","TOTAL","ALL","","2020","107.92"
"ESP","","TOTAL","ALL","","2021","105.97"
"EST","","TOTAL","ALL","","1981","737.77"
"EST","","TOTAL","ALL","","1982","712.92"
"EST","","TOTAL","ALL","","1985","778.71"
"EST","","TOTAL","ALL","","1986","716.25"
"EST","","TOTAL","ALL","","1987","715.87"
"EST","","TOTAL","ALL","","1988","710.1"
"EST","","TOTAL","ALL","","1989","673.16"
"EST","","TOTAL","ALL","","1990","693.77"
"EST","","TOTAL","ALL","","1991","665.39"
"EST","","TOTAL","ALL","","1992","682.91"
"EST","","TOTAL","ALL","","1993","711.61"
"EST","","TOTAL","ALL","","1994","727.86"
"EST","","TOTAL","ALL","","1995","682.88"
"EST","","TOTAL","ALL","","1996","622.95"
"EST","","TOTAL","ALL","","1997","590.47"
"EST","","TOTAL","ALL","","1998","619.23"
"EST","","TOTAL","ALL","","1999","583.47"
"EST","","TOTAL","ALL","","2000","558.53"
"EST","","TOTAL","ALL","","2001","552.68"
"EST","","TOTAL","ALL","","2002","550.3"
"EST","","TOTAL","ALL","","2003","542.91"
"EST","","TOTAL","ALL","","2004","508.27"
"EST","","TOTAL","ALL","","2005","492.18"
"EST","","TOTAL","ALL","","2006","480.3"
"EST","","TOTAL","ALL","","2007","459.95"
"EST","","TOTAL","ALL","","2008","448.15"
"EST","","TOTAL","ALL","","2009","421"
"EST","","TOTAL","ALL","","2010","405.21"
"EST","","TOTAL","ALL","","2011","365.98"
"EST","","TOTAL","ALL","","2012","360.24"
"EST","","TOTAL","ALL","","2013","349.69"
"EST","","TOTAL","ALL","","2014","338.18"
"EST","","TOTAL","ALL","","2015","318.69"
"EST","","TOTAL","ALL","","2016","310.47"
"","EU_AFTER_MAY2004","TOTAL","ALL","","1981","619.58"
"","EU_AFTER_MAY2004","TOTAL","ALL","","1982","620.66"
"","EU_AFTER_MAY2004","TOTAL","ALL","","1985","664.7"
"","EU_AFTER_MAY2004","TOTAL","ALL","","1986","644.78"
"","EU_AFTER_MAY2004","TOTAL","ALL","","1987","650.08"
"","EU_AFTER_MAY2004","TOTAL","ALL","","1988","631.95"
"","EU_AFTER_MAY2004","TOTAL","ALL","","1989","624.01"
"","EU_AFTER_MAY2004","TOTAL","ALL","","1990","625.73"
"","EU_AFTER_MAY2004","TOTAL","ALL","","1991","632.24"
"","EU_AFTER_MAY2004","TOTAL","ALL","","1992","621.69"
"","EU_AFTER_MAY2004","TOTAL","ALL","","1993","623.87"
"","EU_AFTER_MAY2004","TOTAL","ALL","","1994","609.92"
"","EU_AFTER_MAY2004","TOTAL","ALL","","1995","603.21"
"","EU_AFTER_MAY2004","TOTAL","ALL","","1996","605.88"
"","EU_AFTER_MAY2004","TOTAL","ALL","","1997","592.18"
"","EU_AFTER_MAY2004","TOTAL","ALL","","1998","580.04"
"","EU_AFTER_MAY2004","TOTAL","ALL","","1999","561.92"
"","EU_AFTER_MAY2004","TOTAL","ALL","","2000","536.51"
"","EU_AFTER_MAY2004","TOTAL","ALL","","2001","521.48"
"","EU_AFTER_MAY2004","TOTAL","ALL","","2002","520.42"
"","EU_AFTER_MAY2004","TOTAL","ALL","","2003","519.49"
"","EU_AFTER_MAY2004","TOTAL","ALL","","2004","492.06"
"","EU_AFTER_MAY2004","TOTAL","ALL","","2005","488.25"
"","EU_AFTER_MAY2004","TOTAL","ALL","","2006","467.86"
"","EU_AFTER_MAY2004","TOTAL","ALL","","2007","451.68"
"","EU_AFTER_MAY2004","TOTAL","ALL","","2008","433.74"
"","EU_AFTER_MAY2004","TOTAL","ALL","","2009","427.19"
"","EU_AFTER_MAY2004","TOTAL","ALL","","2010","415.95"
"","EU_AFTER_MAY2004","TOTAL","ALL","","2011","394.24"
"","EU_AFTER_MAY2004","TOTAL","ALL","","2012","387.43"
"","EU_AFTER_MAY2004","TOTAL","ALL","","2013","371.34"
"","EU_AFTER_MAY2004","TOTAL","ALL","","2014","357.28"
"","EU_AFTER_MAY2004","TOTAL","ALL","","2015","361.76"
"","EU_AFTER_MAY2004","TOTAL","ALL","","2016","340.03"
"","EU_AFTER_MAY2004","TOTAL","ALL","","2017","337.16"
"","EU_AFTER_MAY2004","TOTAL","ALL","","2018","327.6"
"","EU_AFTER_MAY2004","TOTAL","ALL","","2019","314.69"
"","EU_AFTER_MAY2004","TOTAL","ALL","","2020","325.05"
"","EU_AFTER_MAY2004","TOTAL","ALL","","2021","333.2"
"","EU_BEFORE_FEB2020","TOTAL","ALL","","1969","493.12"
"","EU_BEFORE_FEB2020","TOTAL","ALL","","1970","483.81"
"","EU_BEFORE_FEB2020","TOTAL","ALL","","1971","483.25"
"","EU_BEFORE_FEB2020","TOTAL","ALL","","1972","477.92"
"","EU_BEFORE_FEB2020","TOTAL","ALL","","1973","482.8"
"","EU_BEFORE_FEB2020","TOTAL","ALL","","1974","472.79"
"","EU_BEFORE_FEB2020","TOTAL","ALL","","1975","472.88"
"","EU_BEFORE_FEB2020","TOTAL","ALL","","1976","473.59"
"","EU_BEFORE_FEB2020","TOTAL","ALL","","1977","465.41"
"","EU_BEFORE_FEB2020","TOTAL","ALL","","1978","463.42"
"","EU_BEFORE_FEB2020","TOTAL","ALL","","1979","459.8"
"","EU_BEFORE_FEB2020","TOTAL","ALL","","1980","460.69"
"","EU_BEFORE_FEB2020","TOTAL","ALL","","1981","446.68"
"","EU_BEFORE_FEB2020","TOTAL","ALL","","1982","441.62"
"","EU_BEFORE_FEB2020","TOTAL","ALL","","1983","447.31"
"","EU_BEFORE_FEB2020","TOTAL","ALL","","1984","437.02"
"","EU_BEFORE_FEB2020","TOTAL","ALL","","1985","442.38"
"","EU_BEFORE_FEB2020","TOTAL","ALL","","1986","430.08"
"","EU_BEFORE_FEB2020","TOTAL","ALL","","1987","419.51"
"","EU_BEFORE_FEB2020","TOTAL","ALL","","1988","409.65"
"","EU_BEFORE_FEB2020","TOTAL","ALL","","1989","400.63"
"","EU_BEFORE_FEB2020","TOTAL","ALL","","1990","396.35"
"","EU_BEFORE_FEB2020","TOTAL","ALL","","1991","394.1"
"","EU_BEFORE_FEB2020","TOTAL","ALL","","1992","380.65"
"","EU_BEFORE_FEB2020","TOTAL","ALL","","1993","380.01"
"","EU_BEFORE_FEB2020","TOTAL","ALL","","1994","365.16"
"","EU_BEFORE_FEB2020","TOTAL","ALL","","1995","360.2"
"","EU_BEFORE_FEB2020","TOTAL","ALL","","1996","354.35"
"","EU_BEFORE_FEB2020","TOTAL","ALL","","1997","343.33"
"","EU_BEFORE_FEB2020","TOTAL","ALL","","1998","338.16"
"","EU_BEFORE_FEB2020","TOTAL","ALL","","1999","326.67"
"","EU_BEFORE_FEB2020","TOTAL","ALL","","2000","311.48"
"","EU_BEFORE_FEB2020","TOTAL","ALL","","2001","301.54"
"","EU_BEFORE_FEB2020","TOTAL","ALL","","2002","297.59"
"","EU_BEFORE_FEB2020","TOTAL","ALL","","2003","295.02"
"","EU_BEFORE_FEB2020","TOTAL","ALL","","2004","273.86"
"","EU_BEFORE_FEB2020","TOTAL","ALL","","2005","267.5"
"","EU_BEFORE_FEB2020","TOTAL","ALL","","2006","252.04"
"","EU_BEFORE_FEB2020","TOTAL","ALL","","2007","243.19"
"","EU_BEFORE_FEB2020","TOTAL","ALL","","2008","233.77"
"","EU_BEFORE_FEB2020","TOTAL","ALL","","2009","226.1"
"","EU_BEFORE_FEB2020","TOTAL","ALL","","2010","218.26"
"","EU_BEFORE_FEB2020","TOTAL","ALL","","2011","205.98"
"","EU_BEFORE_FEB2020","TOTAL","ALL","","2012","202.6"
"","EU_BEFORE_FEB2020","TOTAL","ALL","","2013","195.83"
"","EU_BEFORE_FEB2020","TOTAL","ALL","","2014","186.91"
"","EU_BEFORE_FEB2020","TOTAL","ALL","","2015","189.8"
"","EU_BEFORE_FEB2020","TOTAL","ALL","","2016","178.74"
"","EU_BEFORE_FEB2020","TOTAL","ALL","","2017","177.09"
"","EU_BEFORE_FEB2020","TOTAL","ALL","","2018","172.42"
"","EU_BEFORE_FEB2020","TOTAL","ALL","","2019","164.09"
"","EU_BEFORE_FEB2020","TOTAL","ALL","","2020","167.2"
"","EU_BEFORE_FEB2020","TOTAL","ALL","","2021","168.32"
"","EU_BEFORE_MAY2004","TOTAL","ALL","","1969","466.05"
"","EU_BEFORE_MAY2004","TOTAL","ALL","","1970","452.41"
"","EU_BEFORE_MAY2004","TOTAL","ALL","","1971","451.01"
"","EU_BEFORE_MAY2004","TOTAL","ALL","","1972","446.72"
"","EU_BEFORE_MAY2004","TOTAL","ALL","","1973","448.21"
"","EU_BEFORE_MAY2004","TOTAL","ALL","","1974","440.89"
"","EU_BEFORE_MAY2004","TOTAL","ALL","","1975","439.14"
"","EU_BEFORE_MAY2004","TOTAL","ALL","","1976","436.29"
"","EU_BEFORE_MAY2004","TOTAL","ALL","","1977","421.36"
"","EU_BEFORE_MAY2004","TOTAL","ALL","","1978","419.69"
"","EU_BEFORE_MAY2004","TOTAL","ALL","","1979","413.66"
"","EU_BEFORE_MAY2004","TOTAL","ALL","","1980","405.16"
"","EU_BEFORE_MAY2004","TOTAL","ALL","","1981","394.53"
"","EU_BEFORE_MAY2004","TOTAL","ALL","","1982","387.38"
"","EU_BEFORE_MAY2004","TOTAL","ALL","","1983","389.36"
"","EU_BEFORE_MAY2004","TOTAL","ALL","","1984","373.9"
"","EU_BEFORE_MAY2004","TOTAL","ALL","","1985","374.49"
"","EU_BEFORE_MAY2004","TOTAL","ALL","","1986","364.35"
"","EU_BEFORE_MAY2004","TOTAL","ALL","","1987","348.8"
"","EU_BEFORE_MAY2004","TOTAL","ALL","","1988","341.35"
"","EU_BEFORE_MAY2004","TOTAL","ALL","","1989","331.97"
"","EU_BEFORE_MAY2004","TOTAL","ALL","","1990","326.05"
"","EU_BEFORE_MAY2004","TOTAL","ALL","","1991","321.36"
"","EU_BEFORE_MAY2004","TOTAL","ALL","","1992","307.73"
"","EU_BEFORE_MAY2004","TOTAL","ALL","","1993","306.62"
"","EU_BEFORE_MAY2004","TOTAL","ALL","","1994","291.75"
"","EU_BEFORE_MAY2004","TOTAL","ALL","","1995","287.62"
"","EU_BEFORE_MAY2004","TOTAL","ALL","","1996","279.72"
"","EU_BEFORE_MAY2004","TOTAL","ALL","","1997","269.76"
"","EU_BEFORE_MAY2004","TOTAL","ALL","","1998","266.95"
"","EU_BEFORE_MAY2004","TOTAL","ALL","","1999","257.73"
"","EU_BEFORE_MAY2004","TOTAL","ALL","","2000","246.25"
"","EU_BEFORE_MAY2004","TOTAL","ALL","","2001","237.96"
"","EU_BEFORE_MAY2004","TOTAL","ALL","","2002","234.04"
"","EU_BEFORE_MAY2004","TOTAL","ALL","","2003","231.5"
"","EU_BEFORE_MAY2004","TOTAL","ALL","","2004","212.54"
"","EU_BEFORE_MAY2004","TOTAL","ALL","","2005","205.88"
"","EU_BEFORE_MAY2004","TOTAL","ALL","","2006","192.33"
"","EU_BEFORE_MAY2004","TOTAL","ALL","","2007","185.9"
"","EU_BEFORE_MAY2004","TOTAL","ALL","","2008","179.13"
"","EU_BEFORE_MAY2004","TOTAL","ALL","","2009","171.39"
"","EU_BEFORE_MAY2004","TOTAL","ALL","","2010","164.8"
"","EU_BEFORE_MAY2004","TOTAL","ALL","","2011","155.29"
"","EU_BEFORE_MAY2004","TOTAL","ALL","","2012","153.85"
"","EU_BEFORE_MAY2004","TOTAL","ALL","","2013","149.65"
"","EU_BEFORE_MAY2004","TOTAL","ALL","","2014","142.38"
"","EU_BEFORE_MAY2004","TOTAL","ALL","","2015","145.15"
"","EU_BEFORE_MAY2004","TOTAL","ALL","","2016","137.15"
"","EU_BEFORE_MAY2004","TOTAL","ALL","","2017","136.04"
"","EU_BEFORE_MAY2004","TOTAL","ALL","","2018","132.57"
"","EU_BEFORE_MAY2004","TOTAL","ALL","","2019","125.73"
"","EU_BEFORE_MAY2004","TOTAL","ALL","","2020","127.08"
"","EU_MEMBERS","TOTAL","ALL","","1969","482.11"
"","EU_MEMBERS","TOTAL","ALL","","1970","473.19"
"","EU_MEMBERS","TOTAL","ALL","","1971","474.42"
"","EU_MEMBERS","TOTAL","ALL","","1972","466.08"
"","EU_MEMBERS","TOTAL","ALL","","1973","473.23"
"","EU_MEMBERS","TOTAL","ALL","","1974","462.99"
"","EU_MEMBERS","TOTAL","ALL","","1975","464.94"
"","EU_MEMBERS","TOTAL","ALL","","1976","466.39"
"","EU_MEMBERS","TOTAL","ALL","","1977","459.8"
"","EU_MEMBERS","TOTAL","ALL","","1978","457.13"
"","EU_MEMBERS","TOTAL","ALL","","1979","453.42"
"","EU_MEMBERS","TOTAL","ALL","","1980","457.63"
"","EU_MEMBERS","TOTAL","ALL","","1981","444.74"
"","EU_MEMBERS","TOTAL","ALL","","1982","440.18"
"","EU_MEMBERS","TOTAL","ALL","","1983","447.76"
"","EU_MEMBERS","TOTAL","ALL","","1984","437.85"
"","EU_MEMBERS","TOTAL","ALL","","1985","443.48"
"","EU_MEMBERS","TOTAL","ALL","","1986","431.82"
"","EU_MEMBERS","TOTAL","ALL","","1987","422.43"
"","EU_MEMBERS","TOTAL","ALL","","1988","412.6"
"","EU_MEMBERS","TOTAL","ALL","","1989","403.8"
"","EU_MEMBERS","TOTAL","ALL","","1990","400.9"
"","EU_MEMBERS","TOTAL","ALL","","1991","398.99"
"","EU_MEMBERS","TOTAL","ALL","","1992","385.61"
"","EU_MEMBERS","TOTAL","ALL","","1993","384.76"
"","EU_MEMBERS","TOTAL","ALL","","1994","371.22"
"","EU_MEMBERS","TOTAL","ALL","","1995","366.21"
"","EU_MEMBERS","TOTAL","ALL","","1996","361.07"
"","EU_MEMBERS","TOTAL","ALL","","1997","350.5"
"","EU_MEMBERS","TOTAL","ALL","","1998","345.46"
"","EU_MEMBERS","TOTAL","ALL","","1999","333.96"
"","EU_MEMBERS","TOTAL","ALL","","2000","317.87"
"","EU_MEMBERS","TOTAL","ALL","","2001","307.63"
"","EU_MEMBERS","TOTAL","ALL","","2002","304.04"
"","EU_MEMBERS","TOTAL","ALL","","2003","302.16"
"","EU_MEMBERS","TOTAL","ALL","","2004","280.78"
"","EU_MEMBERS","TOTAL","ALL","","2005","275.31"
"","EU_MEMBERS","TOTAL","ALL","","2006","259.7"
"","EU_MEMBERS","TOTAL","ALL","","2007","250.87"
"","EU_MEMBERS","TOTAL","ALL","","2008","241.06"
"","EU_MEMBERS","TOTAL","ALL","","2009","234.09"
"","EU_MEMBERS","TOTAL","ALL","","2010","225.88"
"","EU_MEMBERS","TOTAL","ALL","","2011","214.73"
"","EU_MEMBERS","TOTAL","ALL","","2012","211.11"
"","EU_MEMBERS","TOTAL","ALL","","2013","203.86"
"","EU_MEMBERS","TOTAL","ALL","","2014","194.72"
"","EU_MEMBERS","TOTAL","ALL","","2015","197.93"
"","EU_MEMBERS","TOTAL","ALL","","2016","186.18"
"","EU_MEMBERS","TOTAL","ALL","","2017","184.73"
"","EU_MEMBERS","TOTAL","ALL","","2018","179.13"
"","EU_MEMBERS","TOTAL","ALL","","2019","171"
"","EU_MEMBERS","TOTAL","ALL","","2020","173.99"
"","EU_MEMBERS","TOTAL","ALL","","2021","175.28"
"FIN","","TOTAL","ALL","","1969","736.45"
"FIN","","TOTAL","ALL","","1970","687.2"
"FIN","","TOTAL","ALL","","1971","688.54"
"FIN","","TOTAL","ALL","","1972","650.72"
"FIN","","TOTAL","ALL","","1973","623.09"
"FIN","","TOTAL","ALL","","1974","628.8"
"FIN","","TOTAL","ALL","","1975","588.22"
"FIN","","TOTAL","ALL","","1976","591.13"
"FIN","","TOTAL","ALL","","1977","561.37"
"FIN","","TOTAL","ALL","","1978","548.78"
"FIN","","TOTAL","ALL","","1979","529.05"
"FIN","","TOTAL","ALL","","1980","510.18"
"FIN","","TOTAL","ALL","","1981","514.09"
"FIN","","TOTAL","ALL","","1982","482.7"
"FIN","","TOTAL","ALL","","1983","476.46"
"FIN","","TOTAL","ALL","","1984","465.07"
"FIN","","TOTAL","ALL","","1985","482.65"
"FIN","","TOTAL","ALL","","1986","459.22"
"FIN","","TOTAL","ALL","","1987","444.84"
"FIN","","TOTAL","ALL","","1988","433.33"
"FIN","","TOTAL","ALL","","1989","418.47"
"FIN","","TOTAL","ALL","","1990","414.54"
"FIN","","TOTAL","ALL","","1991","399.66"
"FIN","","TOTAL","ALL","","1992","389.77"
"FIN","","TOTAL","ALL","","1993","385.85"
"FIN","","TOTAL","ALL","","1994","351.49"
"FIN","","TOTAL","ALL","","1995","353.96"
"FIN","","TOTAL","ALL","","1996","326"
"FIN","","TOTAL","ALL","","1997","313.5"
"FIN","","TOTAL","ALL","","1998","305.95"
"FIN","","TOTAL","ALL","","1999","298.55"
"FIN","","TOTAL","ALL","","2000","291.81"
"FIN","","TOTAL","ALL","","2001","275.87"
"FIN","","TOTAL","ALL","","2002","274.96"
"FIN","","TOTAL","ALL","","2003","264.92"
"FIN","","TOTAL","ALL","","2004","248.37"
"FIN","","TOTAL","ALL","","2005","240.56"
"FIN","","TOTAL","ALL","","2006","234.12"
"FIN","","TOTAL","ALL","","2007","231.13"
"FIN","","TOTAL","ALL","","2008","223.97"
"FIN","","TOTAL","ALL","","2009","218.07"
"FIN","","TOTAL","ALL","","2010","213.57"
"FIN","","TOTAL","ALL","","2011","203.69"
"FIN","","TOTAL","ALL","","2012","198.52"
"FIN","","TOTAL","ALL","","2013","187.11"
"FIN","","TOTAL","ALL","","2014","181.82"
"FIN","","TOTAL","ALL","","2016","173.87"
"FIN","","TOTAL","ALL","","2017","165.97"
"FIN","","TOTAL","ALL","","2018","160.78"
"FIN","","TOTAL","ALL","","2019","152.69"
"FIN","","TOTAL","ALL","","2020","151.77"
"FIN","","TOTAL","ALL","","2021","150.15"
"FRA","","TOTAL","ALL","","1968","369.89"
"FRA","","TOTAL","ALL","","1969","359.05"
"FRA","","TOTAL","ALL","","1970","344"
"FRA","","TOTAL","ALL","","1971","350.99"
"FRA","","TOTAL","ALL","","1972","343.32"
"FRA","","TOTAL","ALL","","1973","339.08"
"FRA","","TOTAL","ALL","","1974","337.4"
"FRA","","TOTAL","ALL","","1975","339.77"
"FRA","","TOTAL","ALL","","1976","327.36"
"FRA","","TOTAL","ALL","","1977","304.1"
"FRA","","TOTAL","ALL","","1978","303.82"
"FRA","","TOTAL","ALL","","1979","296.53"
"FRA","","TOTAL","ALL","","1980","294.29"
"FRA","","TOTAL","ALL","","1981","285.46"
"FRA","","TOTAL","ALL","","1982","275.76"
"FRA","","TOTAL","ALL","","1983","274.68"
"FRA","","TOTAL","ALL","","1984","262.42"
"FRA","","TOTAL","ALL","","1985","264.82"
"FRA","","TOTAL","ALL","","1986","265.14"
"FRA","","TOTAL","ALL","","1987","236.27"
"FRA","","TOTAL","ALL","","1988","224.29"
"FRA","","TOTAL","ALL","","1989","215.2"
"FRA","","TOTAL","ALL","","1990","205.56"
"FRA","","TOTAL","ALL","","1991","203.72"
"FRA","","TOTAL","ALL","","1992","195.14"
"FRA","","TOTAL","ALL","","1993","193.81"
"FRA","","TOTAL","ALL","","1994","182.81"
"FRA","","TOTAL","ALL","","1995","182.74"
"FRA","","TOTAL","ALL","","1996","181.56"
"FRA","","TOTAL","ALL","","1997","175.56"
"FRA","","TOTAL","ALL","","1998","178.17"
"FRA","","TOTAL","ALL","","1999","173.61"
"FRA","","TOTAL","ALL","","2000","167.36"
"FRA","","TOTAL","ALL","","2001","163.82"
"FRA","","TOTAL","ALL","","2002","160.55"
"FRA","","TOTAL","ALL","","2003","160.53"
"FRA","","TOTAL","ALL","","2004","145.41"
"FRA","","TOTAL","ALL","","2005","142.96"
"FRA","","TOTAL","ALL","","2006","132.89"
"FRA","","TOTAL","ALL","","2007","127.56"
"FRA","","TOTAL","ALL","","2008","124.46"
"FRA","","TOTAL","ALL","","2009","119"
"FRA","","TOTAL","ALL","","2010","113.9"
"FRA","","TOTAL","ALL","","2011","107.15"
"FRA","","TOTAL","ALL","","2012","105.52"
"FRA","","TOTAL","ALL","","2013","101.52"
"FRA","","TOTAL","ALL","","2014","97.2"
"FRA","","TOTAL","ALL","","2017","93.62"
"FRA","","TOTAL","ALL","","2018","92.07"
"GBR","","TOTAL","ALL","","1968","578.76"
"GBR","","TOTAL","ALL","","1969","569.52"
"GBR","","TOTAL","ALL","","1970","557.63"
"GBR","","TOTAL","ALL","","1971","545.05"
"GBR","","TOTAL","ALL","","1972","560.97"
"GBR","","TOTAL","ALL","","1973","550"
"GBR","","TOTAL","ALL","","1974","542.06"
"GBR","","TOTAL","ALL","","1975","529.46"
"GBR","","TOTAL","ALL","","1976","525.24"
"GBR","","TOTAL","ALL","","1977","505.89"
"GBR","","TOTAL","ALL","","1978","508.98"
"GBR","","TOTAL","ALL","","1979","506.23"
"GBR","","TOTAL","ALL","","1980","483.04"
"GBR","","TOTAL","ALL","","1981","460.75"
"GBR","","TOTAL","ALL","","1982","452.06"
"GBR","","TOTAL","ALL","","1983","443.99"
"GBR","","TOTAL","ALL","","1984","430.95"
"GBR","","TOTAL","ALL","","1985","434.36"
"GBR","","TOTAL","ALL","","1986","417.29"
"GBR","","TOTAL","ALL","","1987","398.19"
"GBR","","TOTAL","ALL","","1988","388.04"
"GBR","","TOTAL","ALL","","1989","377.39"
"GBR","","TOTAL","ALL","","1990","363.05"
"GBR","","TOTAL","ALL","","1991","358.4"
"GBR","","TOTAL","ALL","","1992","344.58"
"GBR","","TOTAL","ALL","","1993","345.55"
"GBR","","TOTAL","ALL","","1994","321.17"
"GBR","","TOTAL","ALL","","1995","316.73"
"GBR","","TOTAL","ALL","","1996","305.8"
"GBR","","TOTAL","ALL","","1997","291.62"
"GBR","","TOTAL","ALL","","1998","285.63"
"GBR","","TOTAL","ALL","","1999","274.41"
"GBR","","TOTAL","ALL","","2001","257.38"
"GBR","","TOTAL","ALL","","2002","250.96"
"GBR","","TOTAL","ALL","","2003","243.38"
"GBR","","TOTAL","ALL","","2004","223.96"
"GBR","","TOTAL","ALL","","2005","211.28"
"GBR","","TOTAL","ALL","","2006","196.95"
"GBR","","TOTAL","ALL","","2007","188.09"
"GBR","","TOTAL","ALL","","2008","181.56"
"GBR","","TOTAL","ALL","","2009","169.15"
"GBR","","TOTAL","ALL","","2010","164.19"
"GBR","","TOTAL","ALL","","2011","144.59"
"GBR","","TOTAL","ALL","","2012","143.77"
"GBR","","TOTAL","ALL","","2013","140.73"
"GBR","","TOTAL","ALL","","2014","133.61"
"GBR","","TOTAL","ALL","","2015","134.65"
"GBR","","TOTAL","ALL","","2016","128.52"
"GBR","","TOTAL","ALL","","2017","125.77"
"GBR","","TOTAL","ALL","","2018","126.27"
"GBR","","TOTAL","ALL","","2019","118.15"
"GBR","","TOTAL","ALL","","2020","122.22"
"GEO","","TOTAL","ALL","","1981","669.39"
"GEO","","TOTAL","ALL","","1982","657.96"
"GEO","","TOTAL","ALL","","1985","692.25"
"GEO","","TOTAL","ALL","","1986","678.7"
"GEO","","TOTAL","ALL","","1987","671.27"
"GEO","","TOTAL","ALL","","1988","675.62"
"GEO","","TOTAL","ALL","","1989","652.93"
"GEO","","TOTAL","ALL","","1990","628.03"
"GEO","","TOTAL","ALL","","1991","645.95"
"GEO","","TOTAL","ALL","","1992","684.15"
"GEO","","TOTAL","ALL","","1994","502.83"
"GEO","","TOTAL","ALL","","1995","624.25"
"GEO","","TOTAL","ALL","","1996","557.71"
"GEO","","TOTAL","ALL","","1997","619.04"
"GEO","","TOTAL","ALL","","1998","648.34"
"GEO","","TOTAL","ALL","","1999","663.57"
"GEO","","TOTAL","ALL","","2000","681.15"
"GEO","","TOTAL","ALL","","2001","641.74"
"GEO","","TOTAL","ALL","","2004","686.97"
"GEO","","TOTAL","ALL","","2005","577.31"
"GEO","","TOTAL","ALL","","2006","561.05"
"GEO","","TOTAL","ALL","","2007","529.61"
"GEO","","TOTAL","ALL","","2009","475.96"
"GEO","","TOTAL","ALL","","2010","246.93"
"GEO","","TOTAL","ALL","","2011","295.53"
"GEO","","TOTAL","ALL","","2012","322.48"
"GEO","","TOTAL","ALL","","2013","295.43"
"GEO","","TOTAL","ALL","","2014","386.13"
"GEO","","TOTAL","ALL","","2015","415.21"
"GEO","","TOTAL","ALL","","2016","356.27"
"GEO","","TOTAL","ALL","","2017","392.79"
"GEO","","TOTAL","ALL","","2018","427.46"
"GEO","","TOTAL","ALL","","2019","425.8"
"GEO","","TOTAL","ALL","","2020","434.68"
"GEO","","TOTAL","ALL","","2021","441.71"
"GRC","","TOTAL","ALL","","1968","331.56"
"GRC","","TOTAL","ALL","","1969","335.34"
"GRC","","TOTAL","ALL","","1970","301.35"
"GRC","","TOTAL","ALL","","1971","314.26"
"GRC","","TOTAL","ALL","","1972","317.51"
"GRC","","TOTAL","ALL","","1973","321.55"
"GRC","","TOTAL","ALL","","1974","316.8"
"GRC","","TOTAL","ALL","","1975","325.56"
"GRC","","TOTAL","ALL","","1976","334.29"
"GRC","","TOTAL","ALL","","1977","338.43"
"GRC","","TOTAL","ALL","","1978","332.41"
"GRC","","TOTAL","ALL","","1979","346.39"
"GRC","","TOTAL","ALL","","1980","363.2"
"GRC","","TOTAL","ALL","","1981","351.3"
"GRC","","TOTAL","ALL","","1982","352.53"
"GRC","","TOTAL","ALL","","1983","366.23"
"GRC","","TOTAL","ALL","","1984","352.2"
"GRC","","TOTAL","ALL","","1985","379.42"
"GRC","","TOTAL","ALL","","1986","379.75"
"GRC","","TOTAL","ALL","","1987","389.18"
"GRC","","TOTAL","ALL","","1988","375.8"
"GRC","","TOTAL","ALL","","1989","371.35"
"GRC","","TOTAL","ALL","","1990","370.84"
"GRC","","TOTAL","ALL","","1991","365.56"
"GRC","","TOTAL","ALL","","1992","352.7"
"GRC","","TOTAL","ALL","","1993","339.03"
"GRC","","TOTAL","ALL","","1994","348.28"
"GRC","","TOTAL","ALL","","1995","353.84"
"GRC","","TOTAL","ALL","","1996","350.94"
"GRC","","TOTAL","ALL","","1997","344.25"
"GRC","","TOTAL","ALL","","1998","350.1"
"GRC","","TOTAL","ALL","","1999","340.88"
"GRC","","TOTAL","ALL","","2000","338.38"
"GRC","","TOTAL","ALL","","2001","329.77"
"GRC","","TOTAL","ALL","","2002","324.99"
"GRC","","TOTAL","ALL","","2003","326.45"
"GRC","","TOTAL","ALL","","2004","314.41"
"GRC","","TOTAL","ALL","","2005","293.57"
"GRC","","TOTAL","ALL","","2006","284.6"
"GRC","","TOTAL","ALL","","2007","274.65"
"GRC","","TOTAL","ALL","","2008","258.83"
"GRC","","TOTAL","ALL","","2009","244.55"
"GRC","","TOTAL","ALL","","2010","228.92"
"GRC","","TOTAL","ALL","","2011","220.11"
"GRC","","TOTAL","ALL","","2012","217.55"
"GRC","","TOTAL","ALL","","2014","187.95"
"GRC","","TOTAL","ALL","","2015","188.28"
"GRC","","TOTAL","ALL","","2016","176.22"
"GRC","","TOTAL","ALL","","2017","182.12"
"GRC","","TOTAL","ALL","","2018","169.75"
"GRC","","TOTAL","ALL","","2019","166.37"
"GRC","","TOTAL","ALL","","2020","167.24"
"HRV","","TOTAL","ALL","","1985","586.16"
"HRV","","TOTAL","ALL","","1986","584.16"
"HRV","","TOTAL","ALL","","1987","587.12"
"HRV","","TOTAL","ALL","","1988","570.69"
"HRV","","TOTAL","ALL","","1989","568.7"
"HRV","","TOTAL","ALL","","1990","551.87"
"HRV","","TOTAL","ALL","","1991","526.43"
"HRV","","TOTAL","ALL","","1992","499.4"
"HRV","","TOTAL","ALL","","1993","515.96"
"HRV","","TOTAL","ALL","","1994","504.35"
"HRV","","TOTAL","ALL","","1995","488.4"
"HRV","","TOTAL","ALL","","1996","548.03"
"HRV","","TOTAL","ALL","","1997","556.89"
"HRV","","TOTAL","ALL","","1998","590.02"
"HRV","","TOTAL","ALL","","1999","582.37"
"HRV","","TOTAL","ALL","","2000","572.74"
"HRV","","TOTAL","ALL","","2001","486.06"
"HRV","","TOTAL","ALL","","2002","482.35"
"HRV","","TOTAL","ALL","","2003","499.5"
"HRV","","TOTAL","ALL","","2004","419.04"
"HRV","","TOTAL","ALL","","2005","438.81"
"HRV","","TOTAL","ALL","","2006","417.66"
"HRV","","TOTAL","ALL","","2007","417.66"
"HRV","","TOTAL","ALL","","2008","401.48"
"HRV","","TOTAL","ALL","","2009","386.01"
"HRV","","TOTAL","ALL","","2010","370.71"
"HRV","","TOTAL","ALL","","2011","350.93"
"HRV","","TOTAL","ALL","","2012","342.02"
"HRV","","TOTAL","ALL","","2013","324.09"
"HRV","","TOTAL","ALL","","2014","314.03"
"HRV","","TOTAL","ALL","","2015","330.69"
"HRV","","TOTAL","ALL","","2016","291.98"
"HRV","","TOTAL","ALL","","2017","290.83"
"HRV","","TOTAL","ALL","","2019","261.53"
"HRV","","TOTAL","ALL","","2020","265.16"
"HRV","","TOTAL","ALL","","2021","277.59"
"HUN","","TOTAL","ALL","","1969","694.08"
"HUN","","TOTAL","ALL","","1970","689.98"
"HUN","","TOTAL","ALL","","1971","688.34"
"HUN","","TOTAL","ALL","","1972","664.78"
"HUN","","TOTAL","ALL","","1973","671.22"
"HUN","","TOTAL","ALL","","1974","653.65"
"HUN","","TOTAL","ALL","","1975","660.19"
"HUN","","TOTAL","ALL","","1976","658.02"
"HUN","","TOTAL","ALL","","1977","638.35"
"HUN","","TOTAL","ALL","","1978","679.85"
"HUN","","TOTAL","ALL","","1979","659.42"
"HUN","","TOTAL","ALL","","1980","688.7"
"HUN","","TOTAL","ALL","","1981","683.17"
"HUN","","TOTAL","ALL","","1982","682.39"
"HUN","","TOTAL","ALL","","1983","692.01"
"HUN","","TOTAL","ALL","","1984","676.4"
"HUN","","TOTAL","ALL","","1985","680.96"
"HUN","","TOTAL","ALL","","1986","665.03"
"HUN","","TOTAL","ALL","","1987","636.58"
"HUN","","TOTAL","ALL","","1988","620.61"
"HUN","","TOTAL","ALL","","1989","624.52"
"HUN","","TOTAL","ALL","","1990","643.93"
"HUN","","TOTAL","ALL","","1991","635.51"
"HUN","","TOTAL","ALL","","1992","635.18"
"HUN","","TOTAL","ALL","","1993","640.48"
"HUN","","TOTAL","ALL","","1994","604.71"
"HUN","","TOTAL","ALL","","1995","591.98"
"HUN","","TOTAL","ALL","","1996","587.36"
"HUN","","TOTAL","ALL","","1997","561.61"
"HUN","","TOTAL","ALL","","1998","565.68"
"HUN","","TOTAL","ALL","","1999","588.38"
"HUN","","TOTAL","ALL","","2000","548.25"
"HUN","","TOTAL","ALL","","2001","503.83"
"HUN","","TOTAL","ALL","","2002","503.89"
"HUN","","TOTAL","ALL","","2003","508.29"
"HUN","","TOTAL","ALL","","2004","486.95"
"HUN","","TOTAL","ALL","","2005","502.43"
"HUN","","TOTAL","ALL","","2006","460.24"
"HUN","","TOTAL","ALL","","2007","449.85"
"HUN","","TOTAL","ALL","","2008","428.58"
"HUN","","TOTAL","ALL","","2009","421.21"
"HUN","","TOTAL","ALL","","2010","418.73"
"HUN","","TOTAL","ALL","","2011","402.07"
"HUN","","TOTAL","ALL","","2012","400.94"
"HUN","","TOTAL","ALL","","2013","387.05"
"HUN","","TOTAL","ALL","","2014","380.5"
"HUN","","TOTAL","ALL","","2015","376.09"
"HUN","","TOTAL","ALL","","2016","370.67"
"HUN","","TOTAL","ALL","","2017","381.84"
"HUN","","TOTAL","ALL","","2018","372.47"
"HUN","","TOTAL","ALL","","2019","361.09"
"IRL","","TOTAL","ALL","","1968","634.96"
"IRL","","TOTAL","ALL","","1969","631.23"
"IRL","","TOTAL","ALL","","1970","610.68"
"IRL","","TOTAL","ALL","","1971","584.45"
"IRL","","TOTAL","ALL","","1972","621.61"
"IRL","","TOTAL","ALL","","1973","611.7"
"IRL","","TOTAL","ALL","","1974","629.28"
"IRL","","TOTAL","ALL","","1975","593.16"
"IRL","","TOTAL","ALL","","1976","594.83"
"IRL","","TOTAL","ALL","","1977","598.97"
"IRL","","TOTAL","ALL","","1978","578.72"
"IRL","","TOTAL","ALL","","1979","581.6"
"IRL","","TOTAL","ALL","","1980","568.16"
"IRL","","TOTAL","ALL","","1981","551.64"
"IRL","","TOTAL","ALL","","1982","536.55"
"IRL","","TOTAL","ALL","","1983","544.3"
"IRL","","TOTAL","ALL","","1984","503.43"
"IRL","","TOTAL","ALL","","1985","517.75"
"IRL","","TOTAL","ALL","","1986","512.12"
"IRL","","TOTAL","ALL","","1987","462.51"
"IRL","","TOTAL","ALL","","1988","456.21"
"IRL","","TOTAL","ALL","","1989","446.04"
"IRL","","TOTAL","ALL","","1990","419.96"
"IRL","","TOTAL","ALL","","1991","408.3"
"IRL","","TOTAL","ALL","","1992","391.81"
"IRL","","TOTAL","ALL","","1993","401.27"
"IRL","","TOTAL","ALL","","1994","386.82"
"IRL","","TOTAL","ALL","","1995","385.41"
"IRL","","TOTAL","ALL","","1996","368.61"
"IRL","","TOTAL","ALL","","1997","351.58"
"IRL","","TOTAL","ALL","","1998","339.39"
"IRL","","TOTAL","ALL","","1999","337.88"
"IRL","","TOTAL","ALL","","2000","315.08"
"IRL","","TOTAL","ALL","","2001","289.74"
"IRL","","TOTAL","ALL","","2002","277.54"
"IRL","","TOTAL","ALL","","2003","256.1"
"IRL","","TOTAL","ALL","","2004","241.49"
"IRL","","TOTAL","ALL","","2005","221.72"
"IRL","","TOTAL","ALL","","2006","214.13"
"IRL","","TOTAL","ALL","","2007","209.34"
"IRL","","TOTAL","ALL","","2008","201.83"
"IRL","","TOTAL","ALL","","2009","191.62"
"IRL","","TOTAL","ALL","","2010","181.49"
"IRL","","TOTAL","ALL","","2011","172.64"
"IRL","","TOTAL","ALL","","2012","171.61"
"IRL","","TOTAL","ALL","","2013","167.14"
"IRL","","TOTAL","ALL","","2015","156.54"
"IRL","","TOTAL","ALL","","2018","137.79"
"ISL","","TOTAL","ALL","","1971","444.15"
"ISL","","TOTAL","ALL","","1972","424.88"
"ISL","","TOTAL","ALL","","1973","435.19"
"ISL","","TOTAL","ALL","","1974","397.59"
"ISL","","TOTAL","ALL","","1975","354.5"
"ISL","","TOTAL","ALL","","1976","358.96"
"ISL","","TOTAL","ALL","","1977","345.81"
"ISL","","TOTAL","ALL","","1978","333.36"
"ISL","","TOTAL","ALL","","1979","357.08"
"ISL","","TOTAL","ALL","","1980","355.03"
"ISL","","TOTAL","ALL","","1981","384.87"
"ISL","","TOTAL","ALL","","1982","338.35"
"ISL","","TOTAL","ALL","","1983","360.58"
"ISL","","TOTAL","ALL","","1984","314.54"
"ISL","","TOTAL","ALL","","1985","333.49"
"ISL","","TOTAL","ALL","","1986","319.61"
"ISL","","TOTAL","ALL","","1987","326.37"
"ISL","","TOTAL","ALL","","1988","324.06"
"ISL","","TOTAL","ALL","","1989","308.3"
"ISL","","TOTAL","ALL","","1990","287.19"
"ISL","","TOTAL","ALL","","1991","301.42"
"ISL","","TOTAL","ALL","","1992","281.15"
"ISL","","TOTAL","ALL","","1993","275.85"
"ISL","","TOTAL","ALL","","1994","284.59"
"ISL","","TOTAL","ALL","","1995","283.72"
"ISL","","TOTAL","ALL","","1996","261.4"
"ISL","","TOTAL","ALL","","1997","253.58"
"ISL","","TOTAL","ALL","","1998","238.41"
"ISL","","TOTAL","ALL","","1999","254.33"
"ISL","","TOTAL","ALL","","2000","226.94"
"ISL","","TOTAL","ALL","","2001","211.04"
"ISL","","TOTAL","ALL","","2002","219.84"
"ISL","","TOTAL","ALL","","2003","208.06"
"ISL","","TOTAL","ALL","","2004","206.95"
"ISL","","TOTAL","ALL","","2005","177.63"
"ISL","","TOTAL","ALL","","2006","187.99"
"ISL","","TOTAL","ALL","","2007","174.68"
"ISL","","TOTAL","ALL","","2008","174.92"
"ISL","","TOTAL","ALL","","2009","172.81"
"ISL","","TOTAL","ALL","","2010","166.34"
"ISL","","TOTAL","ALL","","2011","155.38"
"ISL","","TOTAL","ALL","","2012","142.04"
"ISL","","TOTAL","ALL","","2013","149.35"
"ISL","","TOTAL","ALL","","2014","137.87"
"ISL","","TOTAL","ALL","","2015","150.28"
"ISL","","TOTAL","ALL","","2016","140.68"
"ISL","","TOTAL","ALL","","2017","132.22"
"ISL","","TOTAL","ALL","","2018","124.32"
"ISL","","TOTAL","ALL","","2019","128.47"
"ISL","","TOTAL","ALL","","2020","123.22"
"ISL","","TOTAL","ALL","","2021","118.59"
"ISR","","TOTAL","ALL","","1975","521.92"
"ISR","","TOTAL","ALL","","1976","498.62"
"ISR","","TOTAL","ALL","","1977","500.83"
"ISR","","TOTAL","ALL","","1978","467.87"
"ISR","","TOTAL","ALL","","1979","461.95"
"ISR","","TOTAL","ALL","","1980","471.08"
"ISR","","TOTAL","ALL","","1981","448.36"
"ISR","","TOTAL","ALL","","1982","461.4"
"ISR","","TOTAL","ALL","","1983","394.8"
"ISR","","TOTAL","ALL","","1984","383.32"
"ISR","","TOTAL","ALL","","1985","374.01"
"ISR","","TOTAL","ALL","","1986","393.86"
"ISR","","TOTAL","ALL","","1987","375.7"
"ISR","","TOTAL","ALL","","1988","355.88"
"ISR","","TOTAL","ALL","","1989","335.8"
"ISR","","TOTAL","ALL","","1990","312.92"
"ISR","","TOTAL","ALL","","1991","323.47"
"ISR","","TOTAL","ALL","","1992","318.74"
"ISR","","TOTAL","ALL","","1993","319.59"
"ISR","","TOTAL","ALL","","1994","320.23"
"ISR","","TOTAL","ALL","","1995","311.86"
"ISR","","TOTAL","ALL","","1996","246.58"
"ISR","","TOTAL","ALL","","1997","229.9"
"ISR","","TOTAL","ALL","","1998","236.95"
"ISR","","TOTAL","ALL","","1999","201.54"
"ISR","","TOTAL","ALL","","2000","197.6"
"ISR","","TOTAL","ALL","","2001","187.79"
"ISR","","TOTAL","ALL","","2002","181.4"
"ISR","","TOTAL","ALL","","2003","174.49"
"ISR","","TOTAL","ALL","","2004","166.3"
"ISR","","TOTAL","ALL","","2005","161.4"
"ISR","","TOTAL","ALL","","2006","150.61"
"ISR","","TOTAL","ALL","","2007","152.58"
"ISR","","TOTAL","ALL","","2008","133.77"
"ISR","","TOTAL","ALL","","2009","121.3"
"ISR","","TOTAL","ALL","","2010","119.12"
"ISR","","TOTAL","ALL","","2011","117.81"
"ISR","","TOTAL","ALL","","2012","111.8"
"ISR","","TOTAL","ALL","","2013","107.98"
"ISR","","TOTAL","ALL","","2014","104.63"
"ISR","","TOTAL","ALL","","2015","105.37"
"ISR","","TOTAL","ALL","","2016","101.79"
"ISR","","TOTAL","ALL","","2017","97.77"
"ISR","","TOTAL","ALL","","2018","91.61"
"ISR","","TOTAL","ALL","","2019","93.27"
"ISR","","TOTAL","ALL","","2020","90.94"
"ISR","","TOTAL","ALL","","2021","93.62"
"ITA","","TOTAL","ALL","","1968","527.48"
"ITA","","TOTAL","ALL","","1969","517.45"
"ITA","","TOTAL","ALL","","1970","478.97"
"ITA","","TOTAL","ALL","","1971","482.41"
"ITA","","TOTAL","ALL","","1972","473.72"
"ITA","","TOTAL","ALL","","1973","500.93"
"ITA","","TOTAL","ALL","","1974","470.45"
"ITA","","TOTAL","ALL","","1975","476.74"
"ITA","","TOTAL","ALL","","1976","472.45"
"ITA","","TOTAL","ALL","","1977","458.77"
"ITA","","TOTAL","ALL","","1978","445.17"
"ITA","","TOTAL","ALL","","1979","427.68"
"ITA","","TOTAL","ALL","","1980","424.71"
"ITA","","TOTAL","ALL","","1981","401.66"
"ITA","","TOTAL","ALL","","1982","406.38"
"ITA","","TOTAL","ALL","","1983","421.17"
"ITA","","TOTAL","ALL","","1984","381.93"
"ITA","","TOTAL","ALL","","1985","373.15"
"ITA","","TOTAL","ALL","","1986","356.39"
"ITA","","TOTAL","ALL","","1987","338.06"
"ITA","","TOTAL","ALL","","1988","324.47"
"ITA","","TOTAL","ALL","","1989","308.88"
"ITA","","TOTAL","ALL","","1990","302.71"
"ITA","","TOTAL","ALL","","1991","302.68"
"ITA","","TOTAL","ALL","","1992","293.92"
"ITA","","TOTAL","ALL","","1993","290.59"
"ITA","","TOTAL","ALL","","1994","284.46"
"ITA","","TOTAL","ALL","","1995","277.77"
"ITA","","TOTAL","ALL","","1996","264.12"
"ITA","","TOTAL","ALL","","1997","260.08"
"ITA","","TOTAL","ALL","","1998","262.4"
"ITA","","TOTAL","ALL","","1999","249.33"
"ITA","","TOTAL","ALL","","2000","237.58"
"ITA","","TOTAL","ALL","","2001","225.47"
"ITA","","TOTAL","ALL","","2002","219.91"
"ITA","","TOTAL","ALL","","2003","220.19"
"ITA","","TOTAL","ALL","","2004","199.75"
"ITA","","TOTAL","ALL","","2005","201.89"
"ITA","","TOTAL","ALL","","2006","183.4"
"ITA","","TOTAL","ALL","","2007","179.1"
"ITA","","TOTAL","ALL","","2008","173.8"
"ITA","","TOTAL","ALL","","2009","167.7"
"ITA","","TOTAL","ALL","","2010","159.79"
"ITA","","TOTAL","ALL","","2011","159.32"
"ITA","","TOTAL","ALL","","2012","159.01"
"ITA","","TOTAL","ALL","","2013","149.21"
"ITA","","TOTAL","ALL","","2014","143.61"
"ITA","","TOTAL","ALL","","2015","152.05"
"ITA","","TOTAL","ALL","","2016","138.23"
"ITA","","TOTAL","ALL","","2017","141.6"
"ITA","","TOTAL","ALL","","2018","133.24"
"ITA","","TOTAL","ALL","","2019","125.54"
"ITA","","TOTAL","ALL","","2020","131.53"
"KAZ","","TOTAL","ALL","","1981","573.65"
"KAZ","","TOTAL","ALL","","1982","574.99"
"KAZ","","TOTAL","ALL","","1985","616.46"
"KAZ","","TOTAL","ALL","","1986","580.16"
"KAZ","","TOTAL","ALL","","1987","598.74"
"KAZ","","TOTAL","ALL","","1988","618.41"
"KAZ","","TOTAL","ALL","","1989","601.46"
"KAZ","","TOTAL","ALL","","1990","596.94"
"KAZ","","TOTAL","ALL","","1991","619.49"
"KAZ","","TOTAL","ALL","","1992","622.88"
"KAZ","","TOTAL","ALL","","1993","699.66"
"KAZ","","TOTAL","ALL","","1994","787.55"
"KAZ","","TOTAL","ALL","","1995","797.93"
"KAZ","","TOTAL","ALL","","1996","811.9"
"KAZ","","TOTAL","ALL","","1997","786.9"
"KAZ","","TOTAL","ALL","","1998","801.22"
"KAZ","","TOTAL","ALL","","1999","782.94"
"KAZ","","TOTAL","ALL","","2000","786.61"
"KAZ","","TOTAL","ALL","","2001","806.98"
"KAZ","","TOTAL","ALL","","2002","820.06"
"KAZ","","TOTAL","ALL","","2003","860.91"
"KAZ","","TOTAL","ALL","","2004","823.78"
"KAZ","","TOTAL","ALL","","2005","843.41"
"KAZ","","TOTAL","ALL","","2006","825.56"
"KAZ","","TOTAL","ALL","","2007","811.23"
"KAZ","","TOTAL","ALL","","2008","748.33"
"KAZ","","TOTAL","ALL","","2009","625.45"
"KAZ","","TOTAL","ALL","","2010","619.94"
"KAZ","","TOTAL","ALL","","2011","457.11"
"KAZ","","TOTAL","ALL","","2012","367.83"
"KAZ","","TOTAL","ALL","","2013","362.42"
"KAZ","","TOTAL","ALL","","2014","305.09"
"KAZ","","TOTAL","ALL","","2015","281.38"
"KAZ","","TOTAL","ALL","","2016","252.28"
"KAZ","","TOTAL","ALL","","2017","243.35"
"KAZ","","TOTAL","ALL","","2018","229.29"
"KAZ","","TOTAL","ALL","","2019","216.98"
"KAZ","","TOTAL","ALL","","2020","255.3"
"KAZ","","TOTAL","ALL","","2021","298.22"
"KGZ","","TOTAL","ALL","","1981","522.35"
"KGZ","","TOTAL","ALL","","1982","532.48"
"KGZ","","TOTAL","ALL","","1985","576.89"
"KGZ","","TOTAL","ALL","","1986","524.04"
"KGZ","","TOTAL","ALL","","1987","543.43"
"KGZ","","TOTAL","ALL","","1988","563.37"
"KGZ","","TOTAL","ALL","","1989","572.63"
"KGZ","","TOTAL","ALL","","1990","537.12"
"KGZ","","TOTAL","ALL","","1991","531.15"
"KGZ","","TOTAL","ALL","","1992","539.58"
"KGZ","","TOTAL","ALL","","1993","598.67"
"KGZ","","TOTAL","ALL","","1994","688.31"
"KGZ","","TOTAL","ALL","","1995","673.34"
"KGZ","","TOTAL","ALL","","1996","634.87"
"KGZ","","TOTAL","ALL","","1997","621.66"
"KGZ","","TOTAL","ALL","","1998","619.75"
"KGZ","","TOTAL","ALL","","1999","611.71"
"KGZ","","TOTAL","ALL","","2000","671.99"
"KGZ","","TOTAL","ALL","","2001","652.62"
"KGZ","","TOTAL","ALL","","2002","715.79"
"KGZ","","TOTAL","ALL","","2003","715.34"
"KGZ","","TOTAL","ALL","","2004","669.91"
"KGZ","","TOTAL","ALL","","2005","713.73"
"KGZ","","TOTAL","ALL","","2006","732.48"
"KGZ","","TOTAL","ALL","","2007","719.88"
"KGZ","","TOTAL","ALL","","2008","704.74"
"KGZ","","TOTAL","ALL","","2009","714.1"
"KGZ","","TOTAL","ALL","","2010","701.93"
"KGZ","","TOTAL","ALL","","2011","709.2"
"KGZ","","TOTAL","ALL","","2012","711.63"
"KGZ","","TOTAL","ALL","","2013","658.73"
"KGZ","","TOTAL","ALL","","2014","657.42"
"KGZ","","TOTAL","ALL","","2015","635.06"
"KGZ","","TOTAL","ALL","","2016","577.48"
"LTU","","TOTAL","ALL","","1981","567.6"
"LTU","","TOTAL","ALL","","1982","550.22"
"LTU","","TOTAL","ALL","","1985","626.69"
"LTU","","TOTAL","ALL","","1986","574.29"
"LTU","","TOTAL","ALL","","1987","590.44"
"LTU","","TOTAL","ALL","","1988","579.95"
"LTU","","TOTAL","ALL","","1989","566.27"
"LTU","","TOTAL","ALL","","1990","585.95"
"LTU","","TOTAL","ALL","","1991","573.49"
"LTU","","TOTAL","ALL","","1992","560.09"
"LTU","","TOTAL","ALL","","1993","625.81"
"LTU","","TOTAL","ALL","","1994","610.88"
"LTU","","TOTAL","ALL","","1995","607.79"
"LTU","","TOTAL","ALL","","1996","585.08"
"LTU","","TOTAL","ALL","","1997","562.56"
"LTU","","TOTAL","ALL","","1998","549.78"
"LTU","","TOTAL","ALL","","1999","537.03"
"LTU","","TOTAL","ALL","","2000","514.89"
"LTU","","TOTAL","ALL","","2001","537.31"
"LTU","","TOTAL","ALL","","2002","537.91"
"LTU","","TOTAL","ALL","","2003","527.5"
"LTU","","TOTAL","ALL","","2004","524.97"
"LTU","","TOTAL","ALL","","2005","547.03"
"LTU","","TOTAL","ALL","","2006","546.93"
"LTU","","TOTAL","ALL","","2007","536.1"
"LTU","","TOTAL","ALL","","2008","505.53"
"LTU","","TOTAL","ALL","","2009","482.54"
"LTU","","TOTAL","ALL","","2010","479.79"
"LTU","","TOTAL","ALL","","2011","459.51"
"LTU","","TOTAL","ALL","","2012","451.08"
"LTU","","TOTAL","ALL","","2013","442.44"
"LTU","","TOTAL","ALL","","2014","419.49"
"LTU","","TOTAL","ALL","","2015","431.91"
"LTU","","TOTAL","ALL","","2016","418.07"
"LTU","","TOTAL","ALL","","2017","396.95"
"LTU","","TOTAL","ALL","","2018","381.81"
"LTU","","TOTAL","ALL","","2019","361.4"
"LTU","","TOTAL","ALL","","2020","399.05"
"LTU","","TOTAL","ALL","","2021","399.19"
"LTU","","TOTAL","ALL","","2022","386.33"
"LUX","","TOTAL","ALL","","1971","601.66"
"LUX","","TOTAL","ALL","","1972","519.59"
"LUX","","TOTAL","ALL","","1973","530.05"
"LUX","","TOTAL","ALL","","1974","547.68"
"LUX","","TOTAL","ALL","","1975","549.89"
"LUX","","TOTAL","ALL","","1976","579.94"
"LUX","","TOTAL","ALL","","1977","502.99"
"LUX","","TOTAL","ALL","","1978","526.31"
"LUX","","TOTAL","ALL","","1979","516.1"
"LUX","","TOTAL","ALL","","1980","505.25"
"LUX","","TOTAL","ALL","","1981","488.91"
"LUX","","TOTAL","ALL","","1982","467.63"
"LUX","","TOTAL","ALL","","1983","484.89"
"LUX","","TOTAL","ALL","","1984","479.25"
"LUX","","TOTAL","ALL","","1985","460.21"
"LUX","","TOTAL","ALL","","1986","438.45"
"LUX","","TOTAL","ALL","","1987","435.35"
"LUX","","TOTAL","ALL","","1988","404.4"
"LUX","","TOTAL","ALL","","1989","406.2"
"LUX","","TOTAL","ALL","","1990","369.43"
"LUX","","TOTAL","ALL","","1991","341.93"
"LUX","","TOTAL","ALL","","1992","333.12"
"LUX","","TOTAL","ALL","","1993","321.84"
"LUX","","TOTAL","ALL","","1994","297.55"
"LUX","","TOTAL","ALL","","1995","284.81"
"LUX","","TOTAL","ALL","","1996","300.14"
"LUX","","TOTAL","ALL","","1997","277.13"
"LUX","","TOTAL","ALL","","1998","265.97"
"LUX","","TOTAL","ALL","","1999","248.85"
"LUX","","TOTAL","ALL","","2000","234.05"
"LUX","","TOTAL","ALL","","2001","244.48"
"LUX","","TOTAL","ALL","","2002","240.9"
"LUX","","TOTAL","ALL","","2003","258.93"
"LUX","","TOTAL","ALL","","2004","222.93"
"LUX","","TOTAL","ALL","","2005","221.44"
"LUX","","TOTAL","ALL","","2006","227.4"
"LUX","","TOTAL","ALL","","2007","206.08"
"LUX","","TOTAL","ALL","","2008","189.27"
"LUX","","TOTAL","ALL","","2009","182.24"
"LUX","","TOTAL","ALL","","2010","167.25"
"LUX","","TOTAL","ALL","","2011","163.8"
"LUX","","TOTAL","ALL","","2012","151.78"
"LUX","","TOTAL","ALL","","2013","141.15"
"LUX","","TOTAL","ALL","","2014","134.23"
"LUX","","TOTAL","ALL","","2015","127.82"
"LUX","","TOTAL","ALL","","2016","131.81"
"LUX","","TOTAL","ALL","","2017","133.28"
"LUX","","TOTAL","ALL","","2018","131.57"
"LUX","","TOTAL","ALL","","2019","109.78"
"LUX","","TOTAL","ALL","","2020","106.04"
"LUX","","TOTAL","ALL","","2021","98.11"
"LUX","","TOTAL","ALL","","2022","100.16"
"LVA","","TOTAL","ALL","","1980","730.75"
"LVA","","TOTAL","ALL","","1981","715.23"
"LVA","","TOTAL","ALL","","1982","684.5"
"LVA","","TOTAL","ALL","","1983","708.3"
"LVA","","TOTAL","ALL","","1984","734.25"
"LVA","","TOTAL","ALL","","1985","768.65"
"LVA","","TOTAL","ALL","","1986","687.4"
"LVA","","TOTAL","ALL","","1987","699.43"
"LVA","","TOTAL","ALL","","1988","686.95"
"LVA","","TOTAL","ALL","","1989","651.87"
"LVA","","TOTAL","ALL","","1990","673.17"
"LVA","","TOTAL","ALL","","1991","652.94"
"LVA","","TOTAL","ALL","","1992","663.42"
"LVA","","TOTAL","ALL","","1993","743.67"
"LVA","","TOTAL","ALL","","1994","796.92"
"LVA","","TOTAL","ALL","","1995","749.94"
"LVA","","TOTAL","ALL","","1996","652.14"
"LVA","","TOTAL","ALL","","1997","629.32"
"LVA","","TOTAL","ALL","","1998","638.95"
"LVA","","TOTAL","ALL","","1999","604.67"
"LVA","","TOTAL","ALL","","2000","599.25"
"LVA","","TOTAL","ALL","","2001","621.41"
"LVA","","TOTAL","ALL","","2002","613.11"
"LVA","","TOTAL","ALL","","2003","607.48"
"LVA","","TOTAL","ALL","","2004","593.9"
"LVA","","TOTAL","ALL","","2005","596.15"
"LVA","","TOTAL","ALL","","2006","579.67"
"LVA","","TOTAL","ALL","","2007","580.27"
"LVA","","TOTAL","ALL","","2008","518.64"
"LVA","","TOTAL","ALL","","2009","493.45"
"LVA","","TOTAL","ALL","","2010","492.92"
"LVA","","TOTAL","ALL","","2011","466.18"
"LVA","","TOTAL","ALL","","2012","470.47"
"LVA","","TOTAL","ALL","","2013","462.4"
"LVA","","TOTAL","ALL","","2014","447.47"
"LVA","","TOTAL","ALL","","2015","438.6"
"LVA","","TOTAL","ALL","","2016","429.5"
"LVA","","TOTAL","ALL","","2017","424.8"
"LVA","","TOTAL","ALL","","2018","417.33"
"LVA","","TOTAL","ALL","","2019","392.4"
"LVA","","TOTAL","ALL","","2020","399.71"
"LVA","","TOTAL","ALL","","2021","446.06"
"MDA","","TOTAL","ALL","","1981","834.96"
"MDA","","TOTAL","ALL","","1982","783.15"
"MDA","","TOTAL","ALL","","1985","855.12"
"MDA","","TOTAL","ALL","","1986","737.42"
"MDA","","TOTAL","ALL","","1987","730.8"
"MDA","","TOTAL","ALL","","1988","722.31"
"MDA","","TOTAL","ALL","","1989","643.4"
"MDA","","TOTAL","ALL","","1990","583.37"
"MDA","","TOTAL","ALL","","1991","601.51"
"MDA","","TOTAL","ALL","","1992","546.59"
"MDA","","TOTAL","ALL","","1993","587.77"
"MDA","","TOTAL","ALL","","1994","674.54"
"MDA","","TOTAL","ALL","","1995","755.35"
"MDA","","TOTAL","ALL","","1996","796.41"
"MDA","","TOTAL","ALL","","1997","827.95"
"MDA","","TOTAL","ALL","","1998","777.27"
"MDA","","TOTAL","ALL","","1999","830.43"
"MDA","","TOTAL","ALL","","2000","834.27"
"MDA","","TOTAL","ALL","","2001","815.5"
"MDA","","TOTAL","ALL","","2002","847.49"
"MDA","","TOTAL","ALL","","2003","857.56"
"MDA","","TOTAL","ALL","","2004","805.19"
"MDA","","TOTAL","ALL","","2005","858.4"
"MDA","","TOTAL","ALL","","2006","786.39"
"MDA","","TOTAL","ALL","","2007","749.33"
"MDA","","TOTAL","ALL","","2008","716.48"
"MDA","","TOTAL","ALL","","2009","715.21"
"MDA","","TOTAL","ALL","","2010","731.1"
"MDA","","TOTAL","ALL","","2011","664.66"
"MDA","","TOTAL","ALL","","2012","658.95"
"MDA","","TOTAL","ALL","","2013","625.83"
"MDA","","TOTAL","ALL","","2014","635.66"
"MDA","","TOTAL","ALL","","2015","630.96"
"MDA","","TOTAL","ALL","","2016","588.07"
"MDA","","TOTAL","ALL","","2017","561.72"
"MDA","","TOTAL","ALL","","2018","551.71"
"MKD","","TOTAL","ALL","","1991","526.86"
"MKD","","TOTAL","ALL","","1992","586.38"
"MKD","","TOTAL","ALL","","1993","559.97"
"MKD","","TOTAL","ALL","","1994","574.33"
"MKD","","TOTAL","ALL","","1995","603.25"
"MKD","","TOTAL","ALL","","1996","580.3"
"MKD","","TOTAL","ALL","","1997","596.25"
"MKD","","TOTAL","ALL","","1998","625.74"
"MKD","","TOTAL","ALL","","1999","608.41"
"MKD","","TOTAL","ALL","","2000","614.64"
"MKD","","TOTAL","ALL","","2001","586.36"
"MKD","","TOTAL","ALL","","2002","637.19"
"MKD","","TOTAL","ALL","","2003","622.96"
"MKD","","TOTAL","ALL","","2004","611.98"
"MKD","","TOTAL","ALL","","2005","620.98"
"MKD","","TOTAL","ALL","","2006","604.42"
"MKD","","TOTAL","ALL","","2007","613.81"
"MKD","","TOTAL","ALL","","2008","573.5"
"MKD","","TOTAL","ALL","","2009","566.41"
"MKD","","TOTAL","ALL","","2010","552.92"
"MKD","","TOTAL","ALL","","2011","561.2"
"MKD","","TOTAL","ALL","","2012","573.42"
"MKD","","TOTAL","ALL","","2013","522.84"
"MKD","","TOTAL","ALL","","2015","537.61"
"MKD","","TOTAL","ALL","","2016","479.23"
"MKD","","TOTAL","ALL","","2017","478.43"
"MKD","","TOTAL","ALL","","2018","443.31"
"MKD","","TOTAL","ALL","","2019","346.78"
"MKD","","TOTAL","ALL","","2020","361.01"
"MKD","","TOTAL","ALL","","2021","388.14"
"MLT","","TOTAL","ALL","","1968","675.99"
"MLT","","TOTAL","ALL","","1969","637.02"
"MLT","","TOTAL","ALL","","1970","607.41"
"MLT","","TOTAL","ALL","","1971","612.01"
"MLT","","TOTAL","ALL","","1972","578.91"
"MLT","","TOTAL","ALL","","1973","773.49"
"MLT","","TOTAL","ALL","","1974","703.76"
"MLT","","TOTAL","ALL","","1975","791.14"
"MLT","","TOTAL","ALL","","1976","844.08"
"MLT","","TOTAL","ALL","","1977","984.66"
"MLT","","TOTAL","ALL","","1978","1112.67"
"MLT","","TOTAL","ALL","","1979","999.19"
"MLT","","TOTAL","ALL","","1980","1093.36"
"MLT","","TOTAL","ALL","","1981","1337.52"
"MLT","","TOTAL","ALL","","1982","633.34"
"MLT","","TOTAL","ALL","","1983","663.54"
"MLT","","TOTAL","ALL","","1984","557.05"
"MLT","","TOTAL","ALL","","1985","536.5"
"MLT","","TOTAL","ALL","","1986","623.25"
"MLT","","TOTAL","ALL","","1987","624.36"
"MLT","","TOTAL","ALL","","1988","489.66"
"MLT","","TOTAL","ALL","","1989","426.85"
"MLT","","TOTAL","ALL","","1990","425.89"
"MLT","","TOTAL","ALL","","1991","434.36"
"MLT","","TOTAL","ALL","","1992","394.71"
"MLT","","TOTAL","ALL","","1993","374.17"
"MLT","","TOTAL","ALL","","1994","343.89"
"MLT","","TOTAL","ALL","","1995","318.57"
"MLT","","TOTAL","ALL","","1996","332.35"
"MLT","","TOTAL","ALL","","1997","335.7"
"MLT","","TOTAL","ALL","","1998","331.41"
"MLT","","TOTAL","ALL","","1999","362.64"
"MLT","","TOTAL","ALL","","2000","326.05"
"MLT","","TOTAL","ALL","","2001","287.88"
"MLT","","TOTAL","ALL","","2002","290.31"
"MLT","","TOTAL","ALL","","2003","289.03"
"MLT","","TOTAL","ALL","","2004","255.38"
"MLT","","TOTAL","ALL","","2005","271.29"
"MLT","","TOTAL","ALL","","2006","260.51"
"MLT","","TOTAL","ALL","","2007","230.5"
"MLT","","TOTAL","ALL","","2008","224.09"
"MLT","","TOTAL","ALL","","2009","210.65"
"MLT","","TOTAL","ALL","","2010","188.41"
"MLT","","TOTAL","ALL","","2011","230.59"
"MLT","","TOTAL","ALL","","2012","241.64"
"MLT","","TOTAL","ALL","","2013","189.04"
"MLT","","TOTAL","ALL","","2014","174.7"
"MLT","","TOTAL","ALL","","2015","182.24"
"MLT","","TOTAL","ALL","","2016","156.11"
"MLT","","TOTAL","ALL","","2017","156.02"
"MNE","","TOTAL","ALL","","2000","516.07"
"MNE","","TOTAL","ALL","","2001","505.99"
"MNE","","TOTAL","ALL","","2002","472.9"
"MNE","","TOTAL","ALL","","2003","491.44"
"MNE","","TOTAL","ALL","","2004","495.1"
"MNE","","TOTAL","ALL","","2005","505.57"
"MNE","","TOTAL","ALL","","2006","533.69"
"MNE","","TOTAL","ALL","","2007","514.81"
"MNE","","TOTAL","ALL","","2008","460.76"
"MNE","","TOTAL","ALL","","2009","461.62"
"MNE","","TOTAL","ALL","","2017","245.27"
"MNE","","TOTAL","ALL","","2019","175.73"
"NLD","","TOTAL","ALL","","1969","435.86"
"NLD","","TOTAL","ALL","","1970","443.25"
"NLD","","TOTAL","ALL","","1971","431.14"
"NLD","","TOTAL","ALL","","1972","446.45"
"NLD","","TOTAL","ALL","","1973","415.52"
"NLD","","TOTAL","ALL","","1974","403.35"
"NLD","","TOTAL","ALL","","1975","404.69"
"NLD","","TOTAL","ALL","","1976","401.6"
"NLD","","TOTAL","ALL","","1977","376.53"
"NLD","","TOTAL","ALL","","1978","380.95"
"NLD","","TOTAL","ALL","","1979","369.78"
"NLD","","TOTAL","ALL","","1980","358.8"
"NLD","","TOTAL","ALL","","1981","356.43"
"NLD","","TOTAL","ALL","","1982","351.43"
"NLD","","TOTAL","ALL","","1983","343.33"
"NLD","","TOTAL","ALL","","1984","341.19"
"NLD","","TOTAL","ALL","","1985","340.41"
"NLD","","TOTAL","ALL","","1986","327.21"
"NLD","","TOTAL","ALL","","1987","305.62"
"NLD","","TOTAL","ALL","","1988","301.75"
"NLD","","TOTAL","ALL","","1989","297.27"
"NLD","","TOTAL","ALL","","1990","291.07"
"NLD","","TOTAL","ALL","","1991","287.26"
"NLD","","TOTAL","ALL","","1992","280"
"NLD","","TOTAL","ALL","","1993","289.7"
"NLD","","TOTAL","ALL","","1994","271.94"
"NLD","","TOTAL","ALL","","1995","269.31"
"NLD","","TOTAL","ALL","","1996","261.18"
"NLD","","TOTAL","ALL","","1997","248.98"
"NLD","","TOTAL","ALL","","1998","245.66"
"NLD","","TOTAL","ALL","","1999","239.85"
"NLD","","TOTAL","ALL","","2000","233.84"
"NLD","","TOTAL","ALL","","2001","221.94"
"NLD","","TOTAL","ALL","","2002","220.13"
"NLD","","TOTAL","ALL","","2003","212.07"
"NLD","","TOTAL","ALL","","2004","197.38"
"NLD","","TOTAL","ALL","","2005","187.37"
"NLD","","TOTAL","ALL","","2006","175.25"
"NLD","","TOTAL","ALL","","2007","167.17"
"NLD","","TOTAL","ALL","","2008","159.34"
"NLD","","TOTAL","ALL","","2009","150.25"
"NLD","","TOTAL","ALL","","2010","146.72"
"NLD","","TOTAL","ALL","","2011","139.19"
"NLD","","TOTAL","ALL","","2012","136.44"
"NLD","","TOTAL","ALL","","2013","133.01"
"NLD","","TOTAL","ALL","","2014","127.21"
"NLD","","TOTAL","ALL","","2015","128.83"
"NLD","","TOTAL","ALL","","2016","123.52"
"NLD","","TOTAL","ALL","","2017","118.71"
"NLD","","TOTAL","ALL","","2018","109.94"
"NLD","","TOTAL","ALL","","2019","99.17"
"NLD","","TOTAL","ALL","","2020","99.38"
"NLD","","TOTAL","ALL","","2021","103.45"
"NLD","","TOTAL","ALL","","2022","104.97"
"NOR","","TOTAL","ALL","","1969","466.57"
"NOR","","TOTAL","ALL","","1970","460.85"
"NOR","","TOTAL","ALL","","1971","460.72"
"NOR","","TOTAL","ALL","","1972","455.07"
"NOR","","TOTAL","ALL","","1973","451.47"
"NOR","","TOTAL","ALL","","1974","440.79"
"NOR","","TOTAL","ALL","","1975","424.43"
"NOR","","TOTAL","ALL","","1976","416.05"
"NOR","","TOTAL","ALL","","1977","403.08"
"NOR","","TOTAL","ALL","","1978","401.88"
"NOR","","TOTAL","ALL","","1979","398.43"
"NOR","","TOTAL","ALL","","1980","388.03"
"NOR","","TOTAL","ALL","","1981","389.32"
"NOR","","TOTAL","ALL","","1982","376.36"
"NOR","","TOTAL","ALL","","1983","374.92"
"NOR","","TOTAL","ALL","","1984","368.17"
"NOR","","TOTAL","ALL","","1985","373.46"
"NOR","","TOTAL","ALL","","1986","364.63"
"NOR","","TOTAL","ALL","","1987","365.62"
"NOR","","TOTAL","ALL","","1988","351.2"
"NOR","","TOTAL","ALL","","1989","343.7"
"NOR","","TOTAL","ALL","","1990","344.76"
"NOR","","TOTAL","ALL","","1991","326.68"
"NOR","","TOTAL","ALL","","1992","320.14"
"NOR","","TOTAL","ALL","","1993","316.79"
"NOR","","TOTAL","ALL","","1994","293.79"
"NOR","","TOTAL","ALL","","1995","295.14"
"NOR","","TOTAL","ALL","","1996","280.67"
"NOR","","TOTAL","ALL","","1997","275.55"
"NOR","","TOTAL","ALL","","1998","269.7"
"NOR","","TOTAL","ALL","","1999","264.45"
"NOR","","TOTAL","ALL","","2000","245.5"
"NOR","","TOTAL","ALL","","2001","237.48"
"NOR","","TOTAL","ALL","","2002","231.97"
"NOR","","TOTAL","ALL","","2003","214.53"
"NOR","","TOTAL","ALL","","2004","201.42"
"NOR","","TOTAL","ALL","","2005","182.55"
"NOR","","TOTAL","ALL","","2006","179.31"
"NOR","","TOTAL","ALL","","2007","175.73"
"NOR","","TOTAL","ALL","","2008","167.18"
"NOR","","TOTAL","ALL","","2009","157.63"
"NOR","","TOTAL","ALL","","2010","151.82"
"NOR","","TOTAL","ALL","","2011","146.96"
"NOR","","TOTAL","ALL","","2012","146.23"
"NOR","","TOTAL","ALL","","2013","134.33"
"NOR","","TOTAL","ALL","","2014","128.09"
"NOR","","TOTAL","ALL","","2015","125.28"
"NOR","","TOTAL","ALL","","2016","116.63"
"","NORDIC","TOTAL","ALL","","1969","534.91"
"","NORDIC","TOTAL","ALL","","1970","511.7"
"","NORDIC","TOTAL","ALL","","1971","517.94"
"","NORDIC","TOTAL","ALL","","1972","503.38"
"","NORDIC","TOTAL","ALL","","1973","496.84"
"","NORDIC","TOTAL","ALL","","1974","489.01"
"","NORDIC","TOTAL","ALL","","1975","474.97"
"","NORDIC","TOTAL","ALL","","1976","476.81"
"","NORDIC","TOTAL","ALL","","1977","449.79"
"","NORDIC","TOTAL","ALL","","1978","451.27"
"","NORDIC","TOTAL","ALL","","1979","446.74"
"","NORDIC","TOTAL","ALL","","1980","437.79"
"","NORDIC","TOTAL","ALL","","1981","439.97"
"","NORDIC","TOTAL","ALL","","1982","420.3"
"","NORDIC","TOTAL","ALL","","1983","413.73"
"","NORDIC","TOTAL","ALL","","1984","402.49"
"","NORDIC","TOTAL","ALL","","1985","408.95"
"","NORDIC","TOTAL","ALL","","1986","396.17"
"","NORDIC","TOTAL","ALL","","1987","386.75"
"","NORDIC","TOTAL","ALL","","1988","377.92"
"","NORDIC","TOTAL","ALL","","1989","359.82"
"","NORDIC","TOTAL","ALL","","1990","361.47"
"","NORDIC","TOTAL","ALL","","1991","348.75"
"","NORDIC","TOTAL","ALL","","1992","339.72"
"","NORDIC","TOTAL","ALL","","1993","338.11"
"","NORDIC","TOTAL","ALL","","1994","311.3"
"","NORDIC","TOTAL","ALL","","1995","312.62"
"","NORDIC","TOTAL","ALL","","1996","293.68"
"","NORDIC","TOTAL","ALL","","1997","283.89"
"","NORDIC","TOTAL","ALL","","1998","276.7"
"","NORDIC","TOTAL","ALL","","1999","272.53"
"","NORDIC","TOTAL","ALL","","2000","259.39"
"","NORDIC","TOTAL","ALL","","2001","252.18"
"","NORDIC","TOTAL","ALL","","2002","247.41"
"","NORDIC","TOTAL","ALL","","2003","236.8"
"","NORDIC","TOTAL","ALL","","2004","221.35"
"","NORDIC","TOTAL","ALL","","2005","210.12"
"","NORDIC","TOTAL","ALL","","2006","204.31"
"","NORDIC","TOTAL","ALL","","2007","197.56"
"","NORDIC","TOTAL","ALL","","2008","189.5"
"","NORDIC","TOTAL","ALL","","2009","181.77"
"","NORDIC","TOTAL","ALL","","2010","176.75"
"","NORDIC","TOTAL","ALL","","2011","167.71"
"","NORDIC","TOTAL","ALL","","2012","164.98"
"","NORDIC","TOTAL","ALL","","2013","156.36"
"","NORDIC","TOTAL","ALL","","2014","149.4"
"","NORDIC","TOTAL","ALL","","2015","147.73"
"","NORDIC","TOTAL","ALL","","2016","142.9"
"","NORDIC","TOTAL","ALL","","2017","138.04"
"","NORDIC","TOTAL","ALL","","2018","134.12"
"","NORDIC","TOTAL","ALL","","2019","126.74"
"","NORDIC","TOTAL","ALL","","2020","124.79"
"","NORDIC","TOTAL","ALL","","2021","122.16"
"POL","","TOTAL","ALL","","1969","457.4"
"POL","","TOTAL","ALL","","1970","494.81"
"POL","","TOTAL","ALL","","1971","494.15"
"POL","","TOTAL","ALL","","1972","473.45"
"POL","","TOTAL","ALL","","1973","495.11"
"POL","","TOTAL","ALL","","1974","483.19"
"POL","","TOTAL","ALL","","1975","493.6"
"POL","","TOTAL","ALL","","1976","509.51"
"POL","","TOTAL","ALL","","1977","513.31"
"POL","","TOTAL","ALL","","1978","527.47"
"POL","","TOTAL","ALL","","1979","516.94"
"POL","","TOTAL","ALL","","1980","577.54"
"POL","","TOTAL","ALL","","1981","531.76"
"POL","","TOTAL","ALL","","1982","540.68"
"POL","","TOTAL","ALL","","1983","554.8"
"POL","","TOTAL","ALL","","1984","578.31"
"POL","","TOTAL","ALL","","1985","611.43"
"POL","","TOTAL","ALL","","1986","598.41"
"POL","","TOTAL","ALL","","1987","605.22"
"POL","","TOTAL","ALL","","1988","580.38"
"POL","","TOTAL","ALL","","1989","587.5"
"POL","","TOTAL","ALL","","1990","589.2"
"POL","","TOTAL","ALL","","1991","609.35"
"POL","","TOTAL","ALL","","1992","584.64"
"POL","","TOTAL","ALL","","1993","571.83"
"POL","","TOTAL","ALL","","1994","548.31"
"POL","","TOTAL","ALL","","1995","532.24"
"POL","","TOTAL","ALL","","1996","524.63"
"POL","","TOTAL","ALL","","1999","469.04"
"POL","","TOTAL","ALL","","2000","446.22"
"POL","","TOTAL","ALL","","2001","433.98"
"POL","","TOTAL","ALL","","2002","413.88"
"POL","","TOTAL","ALL","","2003","416.65"
"POL","","TOTAL","ALL","","2004","397.03"
"POL","","TOTAL","ALL","","2005","384.24"
"POL","","TOTAL","ALL","","2006","372.19"
"POL","","TOTAL","ALL","","2007","365.49"
"POL","","TOTAL","ALL","","2008","356.9"
"POL","","TOTAL","ALL","","2009","356.25"
"POL","","TOTAL","ALL","","2010","335.6"
"POL","","TOTAL","ALL","","2011","317.68"
"POL","","TOTAL","ALL","","2012","323.69"
"POL","","TOTAL","ALL","","2013","315.02"
"POL","","TOTAL","ALL","","2014","292.37"
"POL","","TOTAL","ALL","","2015","302.49"
"POL","","TOTAL","ALL","","2016","272.92"
"POL","","TOTAL","ALL","","2017","263.16"
"POL","","TOTAL","ALL","","2018","256.29"
"POL","","TOTAL","ALL","","2019","247.58"
"POL","","TOTAL","ALL","","2020","259.92"
"POL","","TOTAL","ALL","","2021","269.15"
"PRT","","TOTAL","ALL","","1971","509.73"
"PRT","","TOTAL","ALL","","1972","494.24"
"PRT","","TOTAL","ALL","","1973","524.98"
"PRT","","TOTAL","ALL","","1974","542.32"
"PRT","","TOTAL","ALL","","1975","501.33"
"PRT","","TOTAL","ALL","","1976","533.9"
"PRT","","TOTAL","ALL","","1977","517.37"
"PRT","","TOTAL","ALL","","1978","521.17"
"PRT","","TOTAL","ALL","","1979","516.25"
"PRT","","TOTAL","ALL","","1980","481.81"
"PRT","","TOTAL","ALL","","1981","451.36"
"PRT","","TOTAL","ALL","","1982","426.34"
"PRT","","TOTAL","ALL","","1983","442.51"
"PRT","","TOTAL","ALL","","1984","440.65"
"PRT","","TOTAL","ALL","","1985","433.05"
"PRT","","TOTAL","ALL","","1986","409.37"
"PRT","","TOTAL","ALL","","1987","402.03"
"PRT","","TOTAL","ALL","","1988","402.49"
"PRT","","TOTAL","ALL","","1989","373.1"
"PRT","","TOTAL","ALL","","1990","393.11"
"PRT","","TOTAL","ALL","","1991","391.41"
"PRT","","TOTAL","ALL","","1992","365.06"
"PRT","","TOTAL","ALL","","1993","374.68"
"PRT","","TOTAL","ALL","","1994","336.78"
"PRT","","TOTAL","ALL","","1995","332.52"
"PRT","","TOTAL","ALL","","1996","330.99"
"PRT","","TOTAL","ALL","","1997","304.02"
"PRT","","TOTAL","ALL","","1998","298.01"
"PRT","","TOTAL","ALL","","1999","286.48"
"PRT","","TOTAL","ALL","","2000","268.71"
"PRT","","TOTAL","ALL","","2001","258.72"
"PRT","","TOTAL","ALL","","2002","255.73"
"PRT","","TOTAL","ALL","","2003","251.22"
"PRT","","TOTAL","ALL","","2004","223.83"
"PRT","","TOTAL","ALL","","2007","187.01"
"PRT","","TOTAL","ALL","","2008","180.39"
"PRT","","TOTAL","ALL","","2009","172.95"
"PRT","","TOTAL","ALL","","2010","169.25"
"PRT","","TOTAL","ALL","","2011","151.93"
"PRT","","TOTAL","ALL","","2012","152.32"
"PRT","","TOTAL","ALL","","2013","143.9"
"PRT","","TOTAL","ALL","","2014","147.02"
"PRT","","TOTAL","ALL","","2015","143.6"
"PRT","","TOTAL","ALL","","2016","141.9"
"PRT","","TOTAL","ALL","","2017","137.53"
"PRT","","TOTAL","ALL","","2018","136.06"
"ROU","","TOTAL","ALL","","1969","701.53"
"ROU","","TOTAL","ALL","","1970","671.49"
"ROU","","TOTAL","ALL","","1971","674.48"
"ROU","","TOTAL","ALL","","1972","665.2"
"ROU","","TOTAL","ALL","","1973","709.63"
"ROU","","TOTAL","ALL","","1974","634.5"
"ROU","","TOTAL","ALL","","1975","645.34"
"ROU","","TOTAL","ALL","","1976","683.19"
"ROU","","TOTAL","ALL","","1977","738.99"
"ROU","","TOTAL","ALL","","1978","680.01"
"ROU","","TOTAL","ALL","","1980","768.9"
"ROU","","TOTAL","ALL","","1981","723.76"
"ROU","","TOTAL","ALL","","1982","723.73"
"ROU","","TOTAL","ALL","","1983","770.66"
"ROU","","TOTAL","ALL","","1984","762.39"
"ROU","","TOTAL","ALL","","1985","773.02"
"ROU","","TOTAL","ALL","","1986","727.83"
"ROU","","TOTAL","ALL","","1987","765.06"
"ROU","","TOTAL","ALL","","1988","751.74"
"ROU","","TOTAL","ALL","","1989","712.3"
"ROU","","TOTAL","ALL","","1990","705.7"
"ROU","","TOTAL","ALL","","1991","729.49"
"ROU","","TOTAL","ALL","","1992","751.08"
"ROU","","TOTAL","ALL","","1993","753.02"
"ROU","","TOTAL","ALL","","1994","739.34"
"ROU","","TOTAL","ALL","","1995","747.76"
"ROU","","TOTAL","ALL","","1996","794.43"
"ROU","","TOTAL","ALL","","1997","756.75"
"ROU","","TOTAL","ALL","","1998","730.1"
"ROU","","TOTAL","ALL","","1999","719.79"
"ROU","","TOTAL","ALL","","2000","667.64"
"ROU","","TOTAL","ALL","","2001","662.67"
"ROU","","TOTAL","ALL","","2002","699.47"
"ROU","","TOTAL","ALL","","2003","688.9"
"ROU","","TOTAL","ALL","","2004","649.44"
"ROU","","TOTAL","ALL","","2005","645.47"
"ROU","","TOTAL","ALL","","2006","618.73"
"ROU","","TOTAL","ALL","","2007","578.07"
"ROU","","TOTAL","ALL","","2008","558.32"
"ROU","","TOTAL","ALL","","2009","548.63"
"ROU","","TOTAL","ALL","","2010","539.76"
"ROU","","TOTAL","ALL","","2011","511.28"
"ROU","","TOTAL","ALL","","2012","500.41"
"ROU","","TOTAL","ALL","","2013","470.18"
"ROU","","TOTAL","ALL","","2014","463.05"
"ROU","","TOTAL","ALL","","2015","467.23"
"ROU","","TOTAL","ALL","","2016","447.5"
"ROU","","TOTAL","ALL","","2017","444.19"
"ROU","","TOTAL","ALL","","2018","436.41"
"ROU","","TOTAL","ALL","","2019","418.06"
"RUS","","TOTAL","ALL","","1980","718.03"
"RUS","","TOTAL","ALL","","1981","701.19"
"RUS","","TOTAL","ALL","","1982","682.64"
"RUS","","TOTAL","ALL","","1983","706.08"
"RUS","","TOTAL","ALL","","1984","746.19"
"RUS","","TOTAL","ALL","","1985","739.06"
"RUS","","TOTAL","ALL","","1986","684.33"
"RUS","","TOTAL","ALL","","1987","690.73"
"RUS","","TOTAL","ALL","","1988","689.78"
"RUS","","TOTAL","ALL","","1989","664.24"
"RUS","","TOTAL","ALL","","1990","668.7"
"RUS","","TOTAL","ALL","","1991","658.48"
"RUS","","TOTAL","ALL","","1992","675.25"
"RUS","","TOTAL","ALL","","1993","789.64"
"RUS","","TOTAL","ALL","","1994","849.21"
"RUS","","TOTAL","ALL","","1995","795.84"
"RUS","","TOTAL","ALL","","1996","753.74"
"RUS","","TOTAL","ALL","","1997","734.83"
"RUS","","TOTAL","ALL","","1998","720.98"
"RUS","","TOTAL","ALL","","1999","774.68"
"RUS","","TOTAL","ALL","","2000","796.82"
"RUS","","TOTAL","ALL","","2001","804.7"
"RUS","","TOTAL","ALL","","2002","831.95"
"RUS","","TOTAL","ALL","","2003","867.11"
"RUS","","TOTAL","ALL","","2004","831.55"
"RUS","","TOTAL","ALL","","2005","833.21"
"RUS","","TOTAL","ALL","","2006","779.16"
"RUS","","TOTAL","ALL","","2007","734.93"
"RUS","","TOTAL","ALL","","2008","722.43"
"RUS","","TOTAL","ALL","","2009","681.69"
"RUS","","TOTAL","ALL","","2010","672.47"
"RUS","","TOTAL","ALL","","2011","613.31"
"RUS","","TOTAL","ALL","","2012","586.17"
"RUS","","TOTAL","ALL","","2013","547.4"
"RUS","","TOTAL","ALL","","2014","519.17"
"RUS","","TOTAL","ALL","","2015","485.83"
"RUS","","TOTAL","ALL","","2019","415.18"
"","SEEHN","TOTAL","ALL","","1985","678.83"
"","SEEHN","TOTAL","ALL","","1986","653.34"
"","SEEHN","TOTAL","ALL","","1987","668.21"
"","SEEHN","TOTAL","ALL","","1988","660.69"
"","SEEHN","TOTAL","ALL","","1989","637.93"
"","SEEHN","TOTAL","ALL","","1990","624.37"
"","SEEHN","TOTAL","ALL","","1991","633.56"
"","SEEHN","TOTAL","ALL","","1992","633.17"
"","SEEHN","TOTAL","ALL","","1993","637.62"
"","SEEHN","TOTAL","ALL","","1994","636.51"
"","SEEHN","TOTAL","ALL","","1995","651.92"
"","SEEHN","TOTAL","ALL","","1996","670.21"
"","SEEHN","TOTAL","ALL","","1997","659.14"
"","SEEHN","TOTAL","ALL","","1998","648.45"
"","SEEHN","TOTAL","ALL","","1999","624.69"
"","SEEHN","TOTAL","ALL","","2000","609.38"
"","SEEHN","TOTAL","ALL","","2001","585.92"
"","SEEHN","TOTAL","ALL","","2002","605.4"
"","SEEHN","TOTAL","ALL","","2003","599.66"
"","SEEHN","TOTAL","ALL","","2004","569.64"
"","SEEHN","TOTAL","ALL","","2005","570.36"
"","SEEHN","TOTAL","ALL","","2006","545.31"
"","SEEHN","TOTAL","ALL","","2007","517.87"
"","SEEHN","TOTAL","ALL","","2008","498.21"
"","SEEHN","TOTAL","ALL","","2009","487"
"","SEEHN","TOTAL","ALL","","2010","482.48"
"","SEEHN","TOTAL","ALL","","2011","462.67"
"","SEEHN","TOTAL","ALL","","2012","449.47"
"","SEEHN","TOTAL","ALL","","2013","423.95"
"","SEEHN","TOTAL","ALL","","2014","421.8"
"","SEEHN","TOTAL","ALL","","2015","422.92"
"","SEEHN","TOTAL","ALL","","2016","406.12"
"","SEEHN","TOTAL","ALL","","2017","401.23"
"","SEEHN","TOTAL","ALL","","2018","388.91"
"","SEEHN","TOTAL","ALL","","2019","368.89"
"","SEEHN","TOTAL","ALL","","2021","379.72"
"","SMALL","TOTAL","ALL","","1995","336.58"
"","SMALL","TOTAL","ALL","","1996","338.51"
"","SMALL","TOTAL","ALL","","1997","333.44"
"","SMALL","TOTAL","ALL","","1998","329.23025"
"","SMALL","TOTAL","ALL","","1999","332.82"
"","SMALL","TOTAL","ALL","","2000","317.45"
"","SMALL","TOTAL","ALL","","2001","308.35"
"","SMALL","TOTAL","ALL","","2002","300.27"
"","SMALL","TOTAL","ALL","","2003","306.12"
"","SMALL","TOTAL","ALL","","2004","294.58"
"","SMALL","TOTAL","ALL","","2005","297.3"
"","SMALL","TOTAL","ALL","","2006","298.97"
"","SMALL","TOTAL","ALL","","2007","282.21"
"","SMALL","TOTAL","ALL","","2008","260.66"
"","SMALL","TOTAL","ALL","","2009","252.04"
"","SMALL","TOTAL","ALL","","2010","235.13"
"","SMALL","TOTAL","ALL","","2011","237.14"
"","SMALL","TOTAL","ALL","","2012","225.75"
"","SMALL","TOTAL","ALL","","2013","203.12"
"","SMALL","TOTAL","ALL","","2014","193.47"
"","SMALL","TOTAL","ALL","","2015","192.41"
"","SMALL","TOTAL","ALL","","2016","173.96"
"","SMALL","TOTAL","ALL","","2017","169.17"
"","SMALL","TOTAL","ALL","","2019","140.57"
"SMR","","TOTAL","ALL","","1995","239.21"
"SMR","","TOTAL","ALL","","1996","233.32"
"SMR","","TOTAL","ALL","","1997","199"
"SMR","","TOTAL","ALL","","1998","240.21"
"SMR","","TOTAL","ALL","","1999","268.06"
"SMR","","TOTAL","ALL","","2000","190.43"
"SMR","","TOTAL","ALL","","2005","187.65"
"SRB","","TOTAL","ALL","","1998","677.96"
"SRB","","TOTAL","ALL","","1999","668.56"
"SRB","","TOTAL","ALL","","2000","656.96"
"SRB","","TOTAL","ALL","","2001","605.71"
"SRB","","TOTAL","ALL","","2002","617.78"
"SRB","","TOTAL","ALL","","2003","613.28"
"SRB","","TOTAL","ALL","","2004","584.2"
"SRB","","TOTAL","ALL","","2005","603.47"
"SRB","","TOTAL","ALL","","2006","566.58"
"SRB","","TOTAL","ALL","","2007","542.36"
"SRB","","TOTAL","ALL","","2008","523.04"
"SRB","","TOTAL","ALL","","2009","506.48"
"SRB","","TOTAL","ALL","","2010","491.27"
"SRB","","TOTAL","ALL","","2011","493.1"
"SRB","","TOTAL","ALL","","2012","478.19"
"SRB","","TOTAL","ALL","","2013","453.37"
"SRB","","TOTAL","ALL","","2014","448.77"
"SRB","","TOTAL","ALL","","2015","444.07"
"SRB","","TOTAL","ALL","","2016","417.66"
"SRB","","TOTAL","ALL","","2017","424.21"
"SRB","","TOTAL","ALL","","2018","410.44"
"SRB","","TOTAL","ALL","","2019","373.79"
"SRB","","TOTAL","ALL","","2020","389.29"
"SRB","","TOTAL","ALL","","2021","398.05"
"SRB","","TOTAL","ALL","","2022","397.45"
"SVK","","TOTAL","ALL","","1992","530.78"
"SVK","","TOTAL","ALL","","1993","524.11"
"SVK","","TOTAL","ALL","","1994","567.95"
"SVK","","TOTAL","ALL","","1995","577.89"
"SVK","","TOTAL","ALL","","1996","549.5"
"SVK","","TOTAL","ALL","","1997","553.34"
"SVK","","TOTAL","ALL","","1998","569.73"
"SVK","","TOTAL","ALL","","1999","539.69"
"SVK","","TOTAL","ALL","","2000","534.05"
"SVK","","TOTAL","ALL","","2001","540.05"
"SVK","","TOTAL","ALL","","2002","522.92"
"SVK","","TOTAL","ALL","","2003","521.41"
"SVK","","TOTAL","ALL","","2004","505.02"
"SVK","","TOTAL","ALL","","2005","511.35"
"SVK","","TOTAL","ALL","","2006","499.26"
"SVK","","TOTAL","ALL","","2007","484.4"
"SVK","","TOTAL","ALL","","2008","461.12"
"SVK","","TOTAL","ALL","","2009","446.61"
"SVK","","TOTAL","ALL","","2010","440.21"
"SVK","","TOTAL","ALL","","2012","349.53"
"SVK","","TOTAL","ALL","","2013","348.4"
"SVK","","TOTAL","ALL","","2014","323.17"
"SVK","","TOTAL","ALL","","2016","308.87"
"SVK","","TOTAL","ALL","","2017","318.69"
"SVK","","TOTAL","ALL","","2018","296.25"
"SVK","","TOTAL","ALL","","2019","284.71"
"SVK","","TOTAL","ALL","","2020","300.94"
"SVK","","TOTAL","ALL","","2021","324.34"
"SVN","","TOTAL","ALL","","1985","530.45"
"SVN","","TOTAL","ALL","","1986","510.69"
"SVN","","TOTAL","ALL","","1987","504.93"
"SVN","","TOTAL","ALL","","1988","476.79"
"SVN","","TOTAL","ALL","","1989","426.53"
"SVN","","TOTAL","ALL","","1990","439.24"
"SVN","","TOTAL","ALL","","1991","441.96"
"SVN","","TOTAL","ALL","","1992","415.9"
"SVN","","TOTAL","ALL","","1993","435.63"
"SVN","","TOTAL","ALL","","1994","404.54"
"SVN","","TOTAL","ALL","","1995","366.35"
"SVN","","TOTAL","ALL","","1996","358.58"
"SVN","","TOTAL","ALL","","1997","337.82"
"SVN","","TOTAL","ALL","","1998","347.32"
"SVN","","TOTAL","ALL","","1999","330.88"
"SVN","","TOTAL","ALL","","2000","314.66"
"SVN","","TOTAL","ALL","","2001","298.42"
"SVN","","TOTAL","ALL","","2002","290.52"
"SVN","","TOTAL","ALL","","2003","295.29"
"SVN","","TOTAL","ALL","","2004","276.99"
"SVN","","TOTAL","ALL","","2005","288.02"
"SVN","","TOTAL","ALL","","2006","261.2"
"SVN","","TOTAL","ALL","","2007","259.15"
"SVN","","TOTAL","ALL","","2008","234.65"
"SVN","","TOTAL","ALL","","2009","231.77"
"SVN","","TOTAL","ALL","","2010","218.4"
"SVN","","TOTAL","ALL","","2011","207.18"
"SVN","","TOTAL","ALL","","2012","205.84"
"SVN","","TOTAL","ALL","","2013","198.39"
"SVN","","TOTAL","ALL","","2014","198.26"
"SVN","","TOTAL","ALL","","2015","197.84"
"SVN","","TOTAL","ALL","","2016","186.85"
"SVN","","TOTAL","ALL","","2017","184.92"
"SVN","","TOTAL","ALL","","2018","179.51"
"SVN","","TOTAL","ALL","","2019","170.69"
"SVN","","TOTAL","ALL","","2020","164.46"
"SWE","","TOTAL","ALL","","1969","486.17"
"SWE","","TOTAL","ALL","","1970","459.23"
"SWE","","TOTAL","ALL","","1971","478.75"
"SWE","","TOTAL","ALL","","1972","463.25"
"SWE","","TOTAL","ALL","","1973","463.08"
"SWE","","TOTAL","ALL","","1974","451.38"
"SWE","","TOTAL","ALL","","1975","451.75"
"SWE","","TOTAL","ALL","","1976","453.48"
"SWE","","TOTAL","ALL","","1977","432.69"
"SWE","","TOTAL","ALL","","1978","437.58"
"SWE","","TOTAL","ALL","","1979","436.59"
"SWE","","TOTAL","ALL","","1980","433.26"
"SWE","","TOTAL","ALL","","1981","436.68"
"SWE","","TOTAL","ALL","","1982","421.63"
"SWE","","TOTAL","ALL","","1983","408.54"
"SWE","","TOTAL","ALL","","1984","394.27"
"SWE","","TOTAL","ALL","","1985","398.09"
"SWE","","TOTAL","ALL","","1986","386.84"
"SWE","","TOTAL","ALL","","1987","372.55"
"SWE","","TOTAL","ALL","","1988","368.11"
"SWE","","TOTAL","ALL","","1989","336.88"
"SWE","","TOTAL","ALL","","1990","339.74"
"SWE","","TOTAL","ALL","","1991","332.79"
"SWE","","TOTAL","ALL","","1992","321.47"
"SWE","","TOTAL","ALL","","1993","320"
"SWE","","TOTAL","ALL","","1994","295.99"
"SWE","","TOTAL","ALL","","1995","295.93"
"SWE","","TOTAL","ALL","","1996","286.89"
"SWE","","TOTAL","ALL","","1997","277.32"
"SWE","","TOTAL","ALL","","1998","272.68"
"SWE","","TOTAL","ALL","","1999","266.36"
"SWE","","TOTAL","ALL","","2000","255.3"
"SWE","","TOTAL","ALL","","2001","248.66"
"SWE","","TOTAL","ALL","","2002","243.17"
"SWE","","TOTAL","ALL","","2003","234.38"
"SWE","","TOTAL","ALL","","2004","218.79"
"SWE","","TOTAL","ALL","","2005","212.05"
"SWE","","TOTAL","ALL","","2006","206.9"
"SWE","","TOTAL","ALL","","2007","200.86"
"SWE","","TOTAL","ALL","","2008","195.61"
"SWE","","TOTAL","ALL","","2009","186.9"
"SWE","","TOTAL","ALL","","2010","182.17"
"SWE","","TOTAL","ALL","","2011","175.28"
"SWE","","TOTAL","ALL","","2012","173.67"
"SWE","","TOTAL","ALL","","2013","166.33"
"SWE","","TOTAL","ALL","","2014","158.98"
"SWE","","TOTAL","ALL","","2015","156.74"
"SWE","","TOTAL","ALL","","2016","150.97"
"SWE","","TOTAL","ALL","","2017","145.91"
"SWE","","TOTAL","ALL","","2018","141.36"
"SWE","","TOTAL","ALL","","2019","130.07"
"SWE","","TOTAL","ALL","","2020","127.77"
"SWE","","TOTAL","ALL","","2021","122.77"
"SWE","","TOTAL","ALL","","2022","122.53"
"TJK","","TOTAL","ALL","","1981","478.07"
"TJK","","TOTAL","ALL","","1982","475.6"
"TJK","","TOTAL","ALL","","1985","449.09"
"TJK","","TOTAL","ALL","","1986","446.08"
"TJK","","TOTAL","ALL","","1987","462.97"
"TJK","","TOTAL","ALL","","1988","512.31"
"TJK","","TOTAL","ALL","","1989","516.16"
"TJK","","TOTAL","ALL","","1990","490.29"
"TJK","","TOTAL","ALL","","1991","482.44"
"TJK","","TOTAL","ALL","","1992","518"
"TJK","","TOTAL","ALL","","1993","603.98"
"TJK","","TOTAL","ALL","","1994","639.54"
"TJK","","TOTAL","ALL","","1995","591.67"
"TJK","","TOTAL","ALL","","1996","597.08"
"TJK","","TOTAL","ALL","","1997","568.04"
"TJK","","TOTAL","ALL","","1998","571.18"
"TJK","","TOTAL","ALL","","1999","597.06"
"TJK","","TOTAL","ALL","","2000","529.4"
"TJK","","TOTAL","ALL","","2001","578.45"
"TJK","","TOTAL","ALL","","2002","623.64"
"TJK","","TOTAL","ALL","","2003","617.85"
"TJK","","TOTAL","ALL","","2004","575.03"
"TJK","","TOTAL","ALL","","2005","560.61"
"TJK","","TOTAL","ALL","","2017","524.89"
"TKM","","TOTAL","ALL","","1981","672.28"
"TKM","","TOTAL","ALL","","1982","678.66"
"TKM","","TOTAL","ALL","","1985","693.95"
"TKM","","TOTAL","ALL","","1986","702.35"
"TKM","","TOTAL","ALL","","1987","695.98"
"TKM","","TOTAL","ALL","","1988","708.83"
"TKM","","TOTAL","ALL","","1989","729.33"
"TKM","","TOTAL","ALL","","1990","687.51"
"TKM","","TOTAL","ALL","","1991","815.04"
"TKM","","TOTAL","ALL","","1992","832.08"
"TKM","","TOTAL","ALL","","1993","925.37"
"TKM","","TOTAL","ALL","","1994","1020.48"
"TKM","","TOTAL","ALL","","1995","875.06"
"TKM","","TOTAL","ALL","","1996","911.08"
"TKM","","TOTAL","ALL","","1997","849.96"
"TKM","","TOTAL","ALL","","1998","844.51"
"TKM","","TOTAL","ALL","","1999","822.86"
"TKM","","TOTAL","ALL","","2000","859.97"
"TKM","","TOTAL","ALL","","2001","780.61"
"TKM","","TOTAL","ALL","","2002","840.84"
"TKM","","TOTAL","ALL","","2003","840.4"
"TKM","","TOTAL","ALL","","2004","809.7"
"TKM","","TOTAL","ALL","","2005","847.65"
"TKM","","TOTAL","ALL","","2006","781.14"
"TKM","","TOTAL","ALL","","2007","754.12"
"TKM","","TOTAL","ALL","","2008","727.09"
"TKM","","TOTAL","ALL","","2009","619.73"
"TKM","","TOTAL","ALL","","2010","614.93"
"TKM","","TOTAL","ALL","","2011","647.44"
"TKM","","TOTAL","ALL","","2012","636.76"
"TKM","","TOTAL","ALL","","2013","631.06"
"TUR","","TOTAL","ALL","","2009","251.39"
"TUR","","TOTAL","ALL","","2010","247.34"
"TUR","","TOTAL","ALL","","2011","243.74"
"TUR","","TOTAL","ALL","","2012","233.45"
"TUR","","TOTAL","ALL","","2013","262.3"
"TUR","","TOTAL","ALL","","2014","270.07"
"TUR","","TOTAL","ALL","","2015","268.54"
"TUR","","TOTAL","ALL","","2016","269.83"
"TUR","","TOTAL","ALL","","2017","262.69"
"TUR","","TOTAL","ALL","","2018","242.85"
"TUR","","TOTAL","ALL","","2019","231.51"
"UKR","","TOTAL","ALL","","1981","707.9"
"UKR","","TOTAL","ALL","","1982","698.38"
"UKR","","TOTAL","ALL","","1985","751.45"
"UKR","","TOTAL","ALL","","1986","666.36"
"UKR","","TOTAL","ALL","","1987","681"
"UKR","","TOTAL","ALL","","1988","680.1"
"UKR","","TOTAL","ALL","","1989","625.87"
"UKR","","TOTAL","ALL","","1990","589.03"
"UKR","","TOTAL","ALL","","1991","610.87"
"UKR","","TOTAL","ALL","","1992","624.73"
"UKR","","TOTAL","ALL","","1993","706.01"
"UKR","","TOTAL","ALL","","1994","745.98"
"UKR","","TOTAL","ALL","","1995","779.3"
"UKR","","TOTAL","ALL","","1996","773.37"
"UKR","","TOTAL","ALL","","1997","770.69"
"UKR","","TOTAL","ALL","","1998","745.01"
"UKR","","TOTAL","ALL","","1999","767.32"
"UKR","","TOTAL","ALL","","2000","789.4"
"UKR","","TOTAL","ALL","","2001","775.16"
"UKR","","TOTAL","ALL","","2002","799.57"
"UKR","","TOTAL","ALL","","2003","819.59"
"UKR","","TOTAL","ALL","","2004","807.88"
"UKR","","TOTAL","ALL","","2005","827.06"
"UKR","","TOTAL","ALL","","2006","801.63"
"UKR","","TOTAL","ALL","","2007","791.51"
"UKR","","TOTAL","ALL","","2008","781.29"
"UKR","","TOTAL","ALL","","2009","737.58"
"UKR","","TOTAL","ALL","","2010","732.71"
"UKR","","TOTAL","ALL","","2011","682.79"
"UKR","","TOTAL","ALL","","2012","667.11"
"UKR","","TOTAL","ALL","","2014","673.67"
"UKR","","TOTAL","ALL","","2015","634.59"
"UKR","","TOTAL","ALL","","2017","586.97"
"UKR","","TOTAL","ALL","","2018","594.08"
"UKR","","TOTAL","ALL","","2019","585.68"
"UZB","","TOTAL","ALL","","1981","564.85"
"UZB","","TOTAL","ALL","","1982","587.93"
"UZB","","TOTAL","ALL","","1985","597.42"
"UZB","","TOTAL","ALL","","1986","580.02"
"UZB","","TOTAL","ALL","","1987","574.28"
"UZB","","TOTAL","ALL","","1988","607.97"
"UZB","","TOTAL","ALL","","1989","597.37"
"UZB","","TOTAL","ALL","","1990","599.47"
"UZB","","TOTAL","ALL","","1991","637.14"
"UZB","","TOTAL","ALL","","1992","671.9"
"UZB","","TOTAL","ALL","","1993","745.07"
"UZB","","TOTAL","ALL","","1994","792.62"
"UZB","","TOTAL","ALL","","1995","781.64"
"UZB","","TOTAL","ALL","","1996","773.9"
"UZB","","TOTAL","ALL","","1997","731.77"
"UZB","","TOTAL","ALL","","1998","782.39"
"UZB","","TOTAL","ALL","","1999","724.88"
"UZB","","TOTAL","ALL","","2000","772.34"
"UZB","","TOTAL","ALL","","2001","748.78"
"UZB","","TOTAL","ALL","","2002","772.64"
"UZB","","TOTAL","ALL","","2003","743.95"
"UZB","","TOTAL","ALL","","2004","699.74"
"UZB","","TOTAL","ALL","","2005","754.11"
"UZB","","TOTAL","ALL","","2009","676.78"
"UZB","","TOTAL","ALL","","2010","695.79"
"UZB","","TOTAL","ALL","","2011","704.36"
"UZB","","TOTAL","ALL","","2012","693.2"
"UZB","","TOTAL","ALL","","2013","666.95"
"UZB","","TOTAL","ALL","","2014","666.03"
"UZB","","TOTAL","ALL","","2015","640.34"
"UZB","","TOTAL","ALL","","2016","637.46"
"","WESTERN_BALKANS","TOTAL","ALL","","1998","578.2"
"","WESTERN_BALKANS","TOTAL","ALL","","1999","563.1"
"","WESTERN_BALKANS","TOTAL","ALL","","2000","575.42"
"","WESTERN_BALKANS","TOTAL","ALL","","2001","528.48"
"","WESTERN_BALKANS","TOTAL","ALL","","2002","542.8"
"","WESTERN_BALKANS","TOTAL","ALL","","2003","546.03"
"","WESTERN_BALKANS","TOTAL","ALL","","2004","526.7"
"","WESTERN_BALKANS","TOTAL","ALL","","2005","531.71"
"","WESTERN_BALKANS","TOTAL","ALL","","2006","510.18"
"","WESTERN_BALKANS","TOTAL","ALL","","2007","489.23"
"","WESTERN_BALKANS","TOTAL","ALL","","2008","482.1"
"","WESTERN_BALKANS","TOTAL","ALL","","2009","469.47"
"","WESTERN_BALKANS","TOTAL","ALL","","2011","458.6"
"","WESTERN_BALKANS","TOTAL","ALL","","2016","414.63"
"","WESTERN_BALKANS","TOTAL","ALL","","2017","411.31"
"","WESTERN_BALKANS","TOTAL","ALL","","2019","359.38"
"","WESTERN_BALKANS","TOTAL","ALL","","2021","364.63"
"","WHO_EURO","TOTAL","ALL","","1981","509.63"
"","WHO_EURO","TOTAL","ALL","","1982","503.18"
"","WHO_EURO","TOTAL","ALL","","1985","518.67"
"","WHO_EURO","TOTAL","ALL","","1986","493.91"
"","WHO_EURO","TOTAL","ALL","","1987","490.8"
"","WHO_EURO","TOTAL","ALL","","1988","486.77"
"","WHO_EURO","TOTAL","ALL","","1989","471.69"
"","WHO_EURO","TOTAL","ALL","","1990","466.2"
"","WHO_EURO","TOTAL","ALL","","1991","466.17"
"","WHO_EURO","TOTAL","ALL","","1992","463.84"
"","WHO_EURO","TOTAL","ALL","","1993","492.77"
"","WHO_EURO","TOTAL","ALL","","1994","499.88"
"","WHO_EURO","TOTAL","ALL","","1995","490.09"
"","WHO_EURO","TOTAL","ALL","","1996","478.6"
"","WHO_EURO","TOTAL","ALL","","1997","465"
"","WHO_EURO","TOTAL","ALL","","1998","459.39"
"","WHO_EURO","TOTAL","ALL","","1999","461.01"
"","WHO_EURO","TOTAL","ALL","","2000","458.16"
"","WHO_EURO","TOTAL","ALL","","2001","450.57"
"","WHO_EURO","TOTAL","ALL","","2002","456.46"
"","WHO_EURO","TOTAL","ALL","","2003","461.38"
"","WHO_EURO","TOTAL","ALL","","2004","438.75"
"","WHO_EURO","TOTAL","ALL","","2005","437.36"
"","WHO_EURO","TOTAL","ALL","","2006","414.59"
"","WHO_EURO","TOTAL","ALL","","2007","398.51"
"","WHO_EURO","TOTAL","ALL","","2008","387.51"
"","WHO_EURO","TOTAL","ALL","","2009","370.35"
"","WHO_EURO","TOTAL","ALL","","2010","363.1"
"","WHO_EURO","TOTAL","ALL","","2011","341.08"
"","WHO_EURO","TOTAL","ALL","","2012","330.68"
"","WHO_EURO","TOTAL","ALL","","2013","320.62"
"","WHO_EURO","TOTAL","ALL","","2014","310.55"
"","WHO_EURO","TOTAL","ALL","","2015","304.02"
"","WHO_EURO","TOTAL","ALL","","2016","292.32"
"","WHO_EURO","TOTAL","ALL","","2017","286.44"
"","WHO_EURO","TOTAL","ALL","","2018","279.18"
"","WHO_EURO","TOTAL","ALL","","2019","269.25"
"","WHO_EURO","TOTAL","ALL","","2020","271.56"

"Last update","2024.10.08 09:58:40 GMT"

"Copyright"
"© WHO Regional Office for Europe 2026. All rights reserved.","https://www.who.int/about/policies/publishing/copyright"
