"INDICATOR","HFAMDB_113"

"HFAMDB_113","All causes, per 100 000 population, by sex (age-standardized death rate)"

"UNIT_TYPE","Unit"
"DTH_100K","deaths per 100 000"

"EXTERNID","ID in the originating data source"

"DATA_SOURCE","Data source"
"HFAMDB","European mortality database (MDB)"

"DATA_TYPE_REPRESENTATION","Data type representation"
"RATE","Rate"

"DATA_SET","Data set"
"HFAMDB","European mortality database (MDB)"

"DATA_MASK","Mask for controlling the output format of values"

"AGE_GRP_LIST","Age group"
"TOTAL","Total"

"SEX","Sex"
"FEMALE","Female"
"MALE","Male"
"ALL","All"

"SUBNATIONAL_MDB","Subnational country codes for HFA-MDB"

"COUNTRY","COUNTRY_GRP","AGE_GRP_LIST","SEX","SUBNATIONAL_MDB","YEAR","VALUE"
"ALB","","TOTAL","FEMALE","","1987","775.63"
"ALB","","TOTAL","FEMALE","","1988","759.02"
"ALB","","TOTAL","FEMALE","","1989","772.18"
"ALB","","TOTAL","FEMALE","","1992","661.36"
"ALB","","TOTAL","FEMALE","","1993","638.14"
"ALB","","TOTAL","FEMALE","","1994","546.76"
"ALB","","TOTAL","FEMALE","","1995","618.44"
"ALB","","TOTAL","FEMALE","","1996","641.39"
"ALB","","TOTAL","FEMALE","","1997","566.47"
"ALB","","TOTAL","FEMALE","","1998","630.76"
"ALB","","TOTAL","FEMALE","","1999","589.33"
"ALB","","TOTAL","FEMALE","","2000","721.25"
"ALB","","TOTAL","FEMALE","","2001","543.82"
"ALB","","TOTAL","FEMALE","","2002","610.19"
"ALB","","TOTAL","FEMALE","","2003","680.92"
"ALB","","TOTAL","FEMALE","","2004","653.07"
"ALB","","TOTAL","FEMALE","","2005","610.91"
"ALB","","TOTAL","FEMALE","","2006","577.56"
"ALB","","TOTAL","FEMALE","","2007","473.23"
"ALB","","TOTAL","FEMALE","","2008","510.32"
"ALB","","TOTAL","FEMALE","","2009","497.05"
"ARM","","TOTAL","FEMALE","","1981","683.32"
"ARM","","TOTAL","FEMALE","","1982","720.21"
"ARM","","TOTAL","FEMALE","","1985","795.26"
"ARM","","TOTAL","FEMALE","","1986","773.67"
"ARM","","TOTAL","FEMALE","","1987","783.56"
"ARM","","TOTAL","FEMALE","","1988","1358.07"
"ARM","","TOTAL","FEMALE","","1989","827"
"ARM","","TOTAL","FEMALE","","1990","815.78"
"ARM","","TOTAL","FEMALE","","1991","794.62"
"ARM","","TOTAL","FEMALE","","1992","856.71"
"ARM","","TOTAL","FEMALE","","1993","903.08"
"ARM","","TOTAL","FEMALE","","1994","777.06"
"ARM","","TOTAL","FEMALE","","1995","800.03"
"ARM","","TOTAL","FEMALE","","1996","802.21"
"ARM","","TOTAL","FEMALE","","1997","754.13"
"ARM","","TOTAL","FEMALE","","1998","720.92"
"ARM","","TOTAL","FEMALE","","1999","738.21"
"ARM","","TOTAL","FEMALE","","2000","677.19"
"ARM","","TOTAL","FEMALE","","2001","672.06"
"ARM","","TOTAL","FEMALE","","2002","888.5"
"ARM","","TOTAL","FEMALE","","2003","891.07"
"ARM","","TOTAL","FEMALE","","2008","847.62"
"ARM","","TOTAL","FEMALE","","2012","727.21"
"ARM","","TOTAL","FEMALE","","2013","715.82"
"ARM","","TOTAL","FEMALE","","2014","714.98"
"ARM","","TOTAL","FEMALE","","2015","706.99"
"ARM","","TOTAL","FEMALE","","2016","697.88"
"ARM","","TOTAL","FEMALE","","2017","666.1"
"ARM","","TOTAL","FEMALE","","2018","627.22"
"ARM","","TOTAL","FEMALE","","2019","622.47"
"ARM","","TOTAL","FEMALE","","2022","602.89"
"AUT","","TOTAL","FEMALE","","1969","987.39"
"AUT","","TOTAL","FEMALE","","1970","975.32"
"AUT","","TOTAL","FEMALE","","1971","963.07"
"AUT","","TOTAL","FEMALE","","1972","920.03"
"AUT","","TOTAL","FEMALE","","1973","886.63"
"AUT","","TOTAL","FEMALE","","1974","883.86"
"AUT","","TOTAL","FEMALE","","1975","894.31"
"AUT","","TOTAL","FEMALE","","1976","882.61"
"AUT","","TOTAL","FEMALE","","1977","844.31"
"AUT","","TOTAL","FEMALE","","1978","848.27"
"AUT","","TOTAL","FEMALE","","1979","813.6"
"AUT","","TOTAL","FEMALE","","1980","811.28"
"AUT","","TOTAL","FEMALE","","1981","796.74"
"AUT","","TOTAL","FEMALE","","1982","777.85"
"AUT","","TOTAL","FEMALE","","1983","788.17"
"AUT","","TOTAL","FEMALE","","1984","738.74"
"AUT","","TOTAL","FEMALE","","1985","739.2"
"AUT","","TOTAL","FEMALE","","1986","714.7"
"AUT","","TOTAL","FEMALE","","1987","689.24"
"AUT","","TOTAL","FEMALE","","1988","665.48"
"AUT","","TOTAL","FEMALE","","1989","655.2"
"AUT","","TOTAL","FEMALE","","1990","643"
"AUT","","TOTAL","FEMALE","","1991","639.58"
"AUT","","TOTAL","FEMALE","","1992","630.76"
"AUT","","TOTAL","FEMALE","","1993","621.06"
"AUT","","TOTAL","FEMALE","","1994","599.49"
"AUT","","TOTAL","FEMALE","","1995","586.09"
"AUT","","TOTAL","FEMALE","","1996","580.24"
"AUT","","TOTAL","FEMALE","","1997","557.92"
"AUT","","TOTAL","FEMALE","","1998","545.97"
"AUT","","TOTAL","FEMALE","","1999","544.88"
"AUT","","TOTAL","FEMALE","","2000","528.52"
"AUT","","TOTAL","FEMALE","","2001","507.33"
"AUT","","TOTAL","FEMALE","","2002","510.84"
"AUT","","TOTAL","FEMALE","","2003","522.74"
"AUT","","TOTAL","FEMALE","","2004","493.09"
"AUT","","TOTAL","FEMALE","","2005","483.9"
"AUT","","TOTAL","FEMALE","","2006","460.64"
"AUT","","TOTAL","FEMALE","","2007","449.01"
"AUT","","TOTAL","FEMALE","","2008","440.85"
"AUT","","TOTAL","FEMALE","","2009","442.78"
"AUT","","TOTAL","FEMALE","","2010","429.47"
"AUT","","TOTAL","FEMALE","","2011","417.55"
"AUT","","TOTAL","FEMALE","","2012","428.82"
"AUT","","TOTAL","FEMALE","","2013","419.89"
"AUT","","TOTAL","FEMALE","","2014","409.93"
"AUT","","TOTAL","FEMALE","","2015","422.26"
"AUT","","TOTAL","FEMALE","","2016","406.27"
"AUT","","TOTAL","FEMALE","","2017","413.11"
"AUT","","TOTAL","FEMALE","","2018","409.41"
"AUT","","TOTAL","FEMALE","","2019","400.58"
"AUT","","TOTAL","FEMALE","","2020","424.43"
"AUT","","TOTAL","FEMALE","","2021","424.57"
"AZE","","TOTAL","FEMALE","","1981","837.52"
"AZE","","TOTAL","FEMALE","","1982","830.91"
"AZE","","TOTAL","FEMALE","","1985","849.57"
"AZE","","TOTAL","FEMALE","","1986","840.97"
"AZE","","TOTAL","FEMALE","","1987","833.31"
"AZE","","TOTAL","FEMALE","","1988","854.1"
"AZE","","TOTAL","FEMALE","","1989","791.27"
"AZE","","TOTAL","FEMALE","","1990","760.18"
"AZE","","TOTAL","FEMALE","","1991","763.45"
"AZE","","TOTAL","FEMALE","","1992","840.08"
"AZE","","TOTAL","FEMALE","","1993","862.81"
"AZE","","TOTAL","FEMALE","","1994","866.14"
"AZE","","TOTAL","FEMALE","","1995","859.81"
"AZE","","TOTAL","FEMALE","","1996","825.46"
"AZE","","TOTAL","FEMALE","","1997","801.8"
"AZE","","TOTAL","FEMALE","","1998","787.92"
"AZE","","TOTAL","FEMALE","","1999","805.92"
"AZE","","TOTAL","FEMALE","","2000","875.39"
"AZE","","TOTAL","FEMALE","","2001","831.05"
"AZE","","TOTAL","FEMALE","","2002","843.91"
"AZE","","TOTAL","FEMALE","","2003","880.34"
"AZE","","TOTAL","FEMALE","","2004","864.13"
"AZE","","TOTAL","FEMALE","","2007","799.25"
"BEL","","TOTAL","FEMALE","","1968","968.95"
"BEL","","TOTAL","FEMALE","","1969","944.8"
"BEL","","TOTAL","FEMALE","","1970","925.2"
"BEL","","TOTAL","FEMALE","","1971","918.62"
"BEL","","TOTAL","FEMALE","","1972","887.62"
"BEL","","TOTAL","FEMALE","","1973","880.3"
"BEL","","TOTAL","FEMALE","","1974","860.38"
"BEL","","TOTAL","FEMALE","","1975","865.63"
"BEL","","TOTAL","FEMALE","","1976","847.89"
"BEL","","TOTAL","FEMALE","","1977","791.03"
"BEL","","TOTAL","FEMALE","","1978","807.14"
"BEL","","TOTAL","FEMALE","","1979","762.54"
"BEL","","TOTAL","FEMALE","","1980","772.13"
"BEL","","TOTAL","FEMALE","","1981","748.08"
"BEL","","TOTAL","FEMALE","","1982","732.65"
"BEL","","TOTAL","FEMALE","","1983","745.34"
"BEL","","TOTAL","FEMALE","","1984","704.63"
"BEL","","TOTAL","FEMALE","","1985","684.6"
"BEL","","TOTAL","FEMALE","","1986","677.36"
"BEL","","TOTAL","FEMALE","","1987","636.63"
"BEL","","TOTAL","FEMALE","","1988","624.45"
"BEL","","TOTAL","FEMALE","","1989","631.32"
"BEL","","TOTAL","FEMALE","","1990","602.14"
"BEL","","TOTAL","FEMALE","","1991","595.29"
"BEL","","TOTAL","FEMALE","","1992","586.39"
"BEL","","TOTAL","FEMALE","","1993","590.16"
"BEL","","TOTAL","FEMALE","","1994","571.97"
"BEL","","TOTAL","FEMALE","","1995","562.71"
"BEL","","TOTAL","FEMALE","","1996","551.99"
"BEL","","TOTAL","FEMALE","","1997","551.64"
"BEL","","TOTAL","FEMALE","","1998","549.89"
"BEL","","TOTAL","FEMALE","","1999","539.22"
"BEL","","TOTAL","FEMALE","","2000","534.94"
"BEL","","TOTAL","FEMALE","","2001","521.98"
"BEL","","TOTAL","FEMALE","","2002","529.21"
"BEL","","TOTAL","FEMALE","","2003","535.98"
"BEL","","TOTAL","FEMALE","","2004","500.2"
"BEL","","TOTAL","FEMALE","","2005","500.4"
"BEL","","TOTAL","FEMALE","","2006","473.69"
"BEL","","TOTAL","FEMALE","","2007","470.97"
"BEL","","TOTAL","FEMALE","","2008","465.63"
"BEL","","TOTAL","FEMALE","","2009","458.12"
"BEL","","TOTAL","FEMALE","","2010","456.91"
"BEL","","TOTAL","FEMALE","","2011","445.63"
"BEL","","TOTAL","FEMALE","","2012","449.98"
"BEL","","TOTAL","FEMALE","","2013","443.91"
"BEL","","TOTAL","FEMALE","","2014","417.65"
"BEL","","TOTAL","FEMALE","","2015","437.11"
"BEL","","TOTAL","FEMALE","","2016","413.69"
"BEL","","TOTAL","FEMALE","","2017","415.17"
"BEL","","TOTAL","FEMALE","","2018","415.23"
"BEL","","TOTAL","FEMALE","","2019","402.17"
"BEL","","TOTAL","FEMALE","","2020","452.12"
"BGR","","TOTAL","FEMALE","","1968","933.66"
"BGR","","TOTAL","FEMALE","","1969","1010.81"
"BGR","","TOTAL","FEMALE","","1970","950.09"
"BGR","","TOTAL","FEMALE","","1971","992.59"
"BGR","","TOTAL","FEMALE","","1972","1010.83"
"BGR","","TOTAL","FEMALE","","1973","961.17"
"BGR","","TOTAL","FEMALE","","1974","985.69"
"BGR","","TOTAL","FEMALE","","1975","1002.74"
"BGR","","TOTAL","FEMALE","","1976","950.39"
"BGR","","TOTAL","FEMALE","","1977","999.84"
"BGR","","TOTAL","FEMALE","","1978","971.68"
"BGR","","TOTAL","FEMALE","","1979","965.96"
"BGR","","TOTAL","FEMALE","","1980","973.83"
"BGR","","TOTAL","FEMALE","","1981","923.08"
"BGR","","TOTAL","FEMALE","","1982","955.85"
"BGR","","TOTAL","FEMALE","","1983","947.1"
"BGR","","TOTAL","FEMALE","","1984","923.06"
"BGR","","TOTAL","FEMALE","","1985","1004.2"
"BGR","","TOTAL","FEMALE","","1986","969.36"
"BGR","","TOTAL","FEMALE","","1987","943.95"
"BGR","","TOTAL","FEMALE","","1988","936.24"
"BGR","","TOTAL","FEMALE","","1989","917.52"
"BGR","","TOTAL","FEMALE","","1990","913.07"
"BGR","","TOTAL","FEMALE","","1991","927.37"
"BGR","","TOTAL","FEMALE","","1992","903.78"
"BGR","","TOTAL","FEMALE","","1993","897.85"
"BGR","","TOTAL","FEMALE","","1994","909.2"
"BGR","","TOTAL","FEMALE","","1995","915.74"
"BGR","","TOTAL","FEMALE","","1996","949.45"
"BGR","","TOTAL","FEMALE","","1997","1029.23"
"BGR","","TOTAL","FEMALE","","1998","997.6"
"BGR","","TOTAL","FEMALE","","1999","912.76"
"BGR","","TOTAL","FEMALE","","2000","922.65"
"BGR","","TOTAL","FEMALE","","2001","873.59"
"BGR","","TOTAL","FEMALE","","2002","874.01"
"BGR","","TOTAL","FEMALE","","2003","855.2"
"BGR","","TOTAL","FEMALE","","2004","820.29"
"BGR","","TOTAL","FEMALE","","2005","823.04"
"BGR","","TOTAL","FEMALE","","2006","808.12"
"BGR","","TOTAL","FEMALE","","2007","793.1"
"BGR","","TOTAL","FEMALE","","2008","766.14"
"BGR","","TOTAL","FEMALE","","2009","741"
"BGR","","TOTAL","FEMALE","","2010","746.67"
"BGR","","TOTAL","FEMALE","","2011","719.31"
"BGR","","TOTAL","FEMALE","","2012","716.6"
"BGR","","TOTAL","FEMALE","","2013","668.75"
"BGR","","TOTAL","FEMALE","","2014","701.53"
"BGR","","TOTAL","FEMALE","","2015","699.52"
"BGR","","TOTAL","FEMALE","","2016","676.58"
"BGR","","TOTAL","FEMALE","","2017","687.58"
"BGR","","TOTAL","FEMALE","","2018","672.74"
"BGR","","TOTAL","FEMALE","","2019","659.26"
"BGR","","TOTAL","FEMALE","","2020","747.2"
"BGR","","TOTAL","FEMALE","","2021","923.38"
"BIH","","TOTAL","FEMALE","","1985","942.03"
"BIH","","TOTAL","FEMALE","","1986","894.01"
"BIH","","TOTAL","FEMALE","","1987","893.65"
"BIH","","TOTAL","FEMALE","","1988","866.93"
"BIH","","TOTAL","FEMALE","","1989","901.68"
"BIH","","TOTAL","FEMALE","","1990","832.48"
"BIH","","TOTAL","FEMALE","","1991","854.1"
"BIH","","TOTAL","FEMALE","","2011","670.21"
"BIH","","TOTAL","FEMALE","","2014","625.63"
"BIH","","TOTAL","FEMALE","","2016","707.61"
"BIH","","TOTAL","FEMALE","","2021","782.13"
"BIH","","TOTAL","FEMALE","","2022","636.82"
"BLR","","TOTAL","FEMALE","","1981","770.52"
"BLR","","TOTAL","FEMALE","","1982","770.87"
"BLR","","TOTAL","FEMALE","","1985","850.06"
"BLR","","TOTAL","FEMALE","","1986","782.07"
"BLR","","TOTAL","FEMALE","","1987","791.69"
"BLR","","TOTAL","FEMALE","","1988","795.52"
"BLR","","TOTAL","FEMALE","","1989","772.06"
"BLR","","TOTAL","FEMALE","","1990","816.3"
"BLR","","TOTAL","FEMALE","","1991","839.32"
"BLR","","TOTAL","FEMALE","","1992","838.04"
"BLR","","TOTAL","FEMALE","","1993","907.4"
"BLR","","TOTAL","FEMALE","","1994","906.24"
"BLR","","TOTAL","FEMALE","","1995","911.44"
"BLR","","TOTAL","FEMALE","","1996","1038.28"
"BLR","","TOTAL","FEMALE","","1997","918.34"
"BLR","","TOTAL","FEMALE","","1998","907.75"
"BLR","","TOTAL","FEMALE","","1999","960.69"
"BLR","","TOTAL","FEMALE","","2000","902.87"
"BLR","","TOTAL","FEMALE","","2001","928.28"
"BLR","","TOTAL","FEMALE","","2002","963.36"
"BLR","","TOTAL","FEMALE","","2003","925.79"
"BLR","","TOTAL","FEMALE","","2004","898.36"
"BLR","","TOTAL","FEMALE","","2005","891.66"
"BLR","","TOTAL","FEMALE","","2007","812.99"
"BLR","","TOTAL","FEMALE","","2008","793.67"
"BLR","","TOTAL","FEMALE","","2009","789.86"
"BLR","","TOTAL","FEMALE","","2010","790.24"
"BLR","","TOTAL","FEMALE","","2011","760.43"
"BLR","","TOTAL","FEMALE","","2013","701.96"
"BLR","","TOTAL","FEMALE","","2014","669.45"
"BLR","","TOTAL","FEMALE","","2018","628.12"
"","CARINFONET","TOTAL","FEMALE","","1981","911.46"
"","CARINFONET","TOTAL","FEMALE","","1982","910.59"
"","CARINFONET","TOTAL","FEMALE","","1985","942.97"
"","CARINFONET","TOTAL","FEMALE","","1986","907.35"
"","CARINFONET","TOTAL","FEMALE","","1987","918.11"
"","CARINFONET","TOTAL","FEMALE","","1988","939.84"
"","CARINFONET","TOTAL","FEMALE","","1989","909.4"
"","CARINFONET","TOTAL","FEMALE","","1990","888.69"
"","CARINFONET","TOTAL","FEMALE","","1991","927.05"
"","CARINFONET","TOTAL","FEMALE","","1992","957.76"
"","CARINFONET","TOTAL","FEMALE","","1993","1054.91"
"","CARINFONET","TOTAL","FEMALE","","1994","1131.18"
"","CARINFONET","TOTAL","FEMALE","","1995","1092.78"
"","CARINFONET","TOTAL","FEMALE","","1996","1095.13"
"","CARINFONET","TOTAL","FEMALE","","1997","1040.91"
"","CARINFONET","TOTAL","FEMALE","","1998","1053.77"
"","CARINFONET","TOTAL","FEMALE","","1999","995.61"
"","CARINFONET","TOTAL","FEMALE","","2000","1013.24"
"","CARINFONET","TOTAL","FEMALE","","2001","994.62"
"","CARINFONET","TOTAL","FEMALE","","2002","1023.44"
"","CARINFONET","TOTAL","FEMALE","","2003","1017.48"
"","CARINFONET","TOTAL","FEMALE","","2004","962.82"
"","CARINFONET","TOTAL","FEMALE","","2005","994.1"
"","CARINFONET","TOTAL","FEMALE","","2006","965.42"
"","CARINFONET","TOTAL","FEMALE","","2007","939.07"
"","CARINFONET","TOTAL","FEMALE","","2008","911.86"
"","CARINFONET","TOTAL","FEMALE","","2009","867.86"
"","CARINFONET","TOTAL","FEMALE","","2010","876.67"
"","CARINFONET","TOTAL","FEMALE","","2011","873.82"
"","CARINFONET","TOTAL","FEMALE","","2012","855.07"
"","CARINFONET","TOTAL","FEMALE","","2013","825.36"
"","CARINFONET","TOTAL","FEMALE","","2014","815.64"
"","CARINFONET","TOTAL","FEMALE","","2015","798.93"
"","CARINFONET","TOTAL","FEMALE","","2016","785.62"
"CHE","","TOTAL","FEMALE","","1969","830.67"
"CHE","","TOTAL","FEMALE","","1970","800.77"
"CHE","","TOTAL","FEMALE","","1971","795.89"
"CHE","","TOTAL","FEMALE","","1972","753.94"
"CHE","","TOTAL","FEMALE","","1973","747.06"
"CHE","","TOTAL","FEMALE","","1974","708.16"
"CHE","","TOTAL","FEMALE","","1975","679.23"
"CHE","","TOTAL","FEMALE","","1976","678.46"
"CHE","","TOTAL","FEMALE","","1977","638.74"
"CHE","","TOTAL","FEMALE","","1978","645.76"
"CHE","","TOTAL","FEMALE","","1979","632.6"
"CHE","","TOTAL","FEMALE","","1980","633.64"
"CHE","","TOTAL","FEMALE","","1981","618.78"
"CHE","","TOTAL","FEMALE","","1982","599.95"
"CHE","","TOTAL","FEMALE","","1983","597.55"
"CHE","","TOTAL","FEMALE","","1984","566.31"
"CHE","","TOTAL","FEMALE","","1985","559.34"
"CHE","","TOTAL","FEMALE","","1986","552.53"
"CHE","","TOTAL","FEMALE","","1987","532.33"
"CHE","","TOTAL","FEMALE","","1988","529.81"
"CHE","","TOTAL","FEMALE","","1989","518.54"
"CHE","","TOTAL","FEMALE","","1990","534.9"
"CHE","","TOTAL","FEMALE","","1991","513.69"
"CHE","","TOTAL","FEMALE","","1992","502.52"
"CHE","","TOTAL","FEMALE","","1993","498.57"
"CHE","","TOTAL","FEMALE","","1994","485.98"
"CHE","","TOTAL","FEMALE","","1995","489.82"
"CHE","","TOTAL","FEMALE","","1996","479.37"
"CHE","","TOTAL","FEMALE","","1997","478.9"
"CHE","","TOTAL","FEMALE","","1998","460.07"
"CHE","","TOTAL","FEMALE","","1999","459.91"
"CHE","","TOTAL","FEMALE","","2000","456.69"
"CHE","","TOTAL","FEMALE","","2001","439.22"
"CHE","","TOTAL","FEMALE","","2002","435.46"
"CHE","","TOTAL","FEMALE","","2003","440.57"
"CHE","","TOTAL","FEMALE","","2004","415.51"
"CHE","","TOTAL","FEMALE","","2005","408.35"
"CHE","","TOTAL","FEMALE","","2006","399.42"
"CHE","","TOTAL","FEMALE","","2007","394.1"
"CHE","","TOTAL","FEMALE","","2008","386.18"
"CHE","","TOTAL","FEMALE","","2009","385.16"
"CHE","","TOTAL","FEMALE","","2010","376.43"
"CHE","","TOTAL","FEMALE","","2011","369.98"
"CHE","","TOTAL","FEMALE","","2012","375.74"
"CHE","","TOTAL","FEMALE","","2013","370.68"
"CHE","","TOTAL","FEMALE","","2015","367.18"
"CHE","","TOTAL","FEMALE","","2016","351.51"
"CHE","","TOTAL","FEMALE","","2017","348.61"
"CHE","","TOTAL","FEMALE","","2018","347.27"
"CHE","","TOTAL","FEMALE","","2019","341.95"
"","CIS","TOTAL","FEMALE","","1981","920.14"
"","CIS","TOTAL","FEMALE","","1982","898.23"
"","CIS","TOTAL","FEMALE","","1985","953.76"
"","CIS","TOTAL","FEMALE","","1986","887.29"
"","CIS","TOTAL","FEMALE","","1987","893.49"
"","CIS","TOTAL","FEMALE","","1988","908.8"
"","CIS","TOTAL","FEMALE","","1989","872.56"
"","CIS","TOTAL","FEMALE","","1990","884.68"
"","CIS","TOTAL","FEMALE","","1991","899.88"
"","CIS","TOTAL","FEMALE","","1992","926.48"
"","CIS","TOTAL","FEMALE","","1993","1030.86"
"","CIS","TOTAL","FEMALE","","1994","1079.04"
"","CIS","TOTAL","FEMALE","","1995","1051.14"
"","CIS","TOTAL","FEMALE","","1996","1024.22"
"","CIS","TOTAL","FEMALE","","1997","989.72"
"","CIS","TOTAL","FEMALE","","1998","969.82"
"","CIS","TOTAL","FEMALE","","1999","991.99"
"","CIS","TOTAL","FEMALE","","2000","1002.24"
"","CIS","TOTAL","FEMALE","","2001","996.13"
"","CIS","TOTAL","FEMALE","","2002","1022.75"
"","CIS","TOTAL","FEMALE","","2003","1039.57"
"","CIS","TOTAL","FEMALE","","2004","999.28"
"","CIS","TOTAL","FEMALE","","2005","1006.12"
"","CIS","TOTAL","FEMALE","","2006","960.94"
"","CIS","TOTAL","FEMALE","","2007","923.34"
"","CIS","TOTAL","FEMALE","","2008","904.25"
"","CIS","TOTAL","FEMALE","","2009","866.43"
"","CIS","TOTAL","FEMALE","","2010","859.72"
"","CIS","TOTAL","FEMALE","","2011","816.03"
"","CIS","TOTAL","FEMALE","","2012","798.05"
"","CIS","TOTAL","FEMALE","","2013","776.33"
"","CIS","TOTAL","FEMALE","","2014","775.65"
"","CIS","TOTAL","FEMALE","","2015","752.41"
"CYP","","TOTAL","FEMALE","","2001","511.04"
"CYP","","TOTAL","FEMALE","","2002","531.02"
"CYP","","TOTAL","FEMALE","","2003","511.07"
"CYP","","TOTAL","FEMALE","","2004","482.03"
"CYP","","TOTAL","FEMALE","","2005","518.77"
"CYP","","TOTAL","FEMALE","","2006","476.21"
"CYP","","TOTAL","FEMALE","","2007","466.31"
"CYP","","TOTAL","FEMALE","","2008","438.79"
"CYP","","TOTAL","FEMALE","","2009","409.5"
"CYP","","TOTAL","FEMALE","","2010","392.91"
"CYP","","TOTAL","FEMALE","","2011","433.87"
"CYP","","TOTAL","FEMALE","","2012","425.14"
"CYP","","TOTAL","FEMALE","","2013","373.8"
"CYP","","TOTAL","FEMALE","","2014","395.77"
"CYP","","TOTAL","FEMALE","","2015","431.21"
"CYP","","TOTAL","FEMALE","","2016","373.86"
"CYP","","TOTAL","FEMALE","","2017","411.13"
"CYP","","TOTAL","FEMALE","","2018","384.13"
"CYP","","TOTAL","FEMALE","","2019","398.27"
"CYP","","TOTAL","FEMALE","","2020","400.1"
"CYP","","TOTAL","FEMALE","","2021","438.37"
"CZE","","TOTAL","FEMALE","","1986","953.9"
"CZE","","TOTAL","FEMALE","","1987","910.1"
"CZE","","TOTAL","FEMALE","","1988","892.38"
"CZE","","TOTAL","FEMALE","","1989","902.93"
"CZE","","TOTAL","FEMALE","","1990","888.37"
"CZE","","TOTAL","FEMALE","","1991","860.28"
"CZE","","TOTAL","FEMALE","","1992","821.42"
"CZE","","TOTAL","FEMALE","","1993","818.9"
"CZE","","TOTAL","FEMALE","","1994","803.56"
"CZE","","TOTAL","FEMALE","","1995","798.84"
"CZE","","TOTAL","FEMALE","","1996","750.09"
"CZE","","TOTAL","FEMALE","","1997","744.41"
"CZE","","TOTAL","FEMALE","","1998","714.34"
"CZE","","TOTAL","FEMALE","","1999","710.54"
"CZE","","TOTAL","FEMALE","","2000","690.5"
"CZE","","TOTAL","FEMALE","","2001","688.21"
"CZE","","TOTAL","FEMALE","","2002","685.92"
"CZE","","TOTAL","FEMALE","","2003","703.59"
"CZE","","TOTAL","FEMALE","","2004","661.86"
"CZE","","TOTAL","FEMALE","","2005","657.22"
"CZE","","TOTAL","FEMALE","","2006","613.24"
"CZE","","TOTAL","FEMALE","","2007","595.4"
"CZE","","TOTAL","FEMALE","","2008","576.7"
"CZE","","TOTAL","FEMALE","","2009","576.46"
"CZE","","TOTAL","FEMALE","","2010","557.11"
"CZE","","TOTAL","FEMALE","","2011","545.47"
"CZE","","TOTAL","FEMALE","","2012","542.61"
"CZE","","TOTAL","FEMALE","","2013","535.84"
"CZE","","TOTAL","FEMALE","","2014","504.55"
"CZE","","TOTAL","FEMALE","","2015","523.18"
"CZE","","TOTAL","FEMALE","","2016","496"
"CZE","","TOTAL","FEMALE","","2017","502.59"
"CZE","","TOTAL","FEMALE","","2018","500.83"
"CZE","","TOTAL","FEMALE","","2019","488.87"
"CZE","","TOTAL","FEMALE","","2020","542.88"
"CZE","","TOTAL","FEMALE","","2021","584.35"
"DEU","","TOTAL","FEMALE","","1990","670.13"
"DEU","","TOTAL","FEMALE","","1991","654.03"
"DEU","","TOTAL","FEMALE","","1992","627.08"
"DEU","","TOTAL","FEMALE","","1993","626.9"
"DEU","","TOTAL","FEMALE","","1994","609.05"
"DEU","","TOTAL","FEMALE","","1995","595.52"
"DEU","","TOTAL","FEMALE","","1996","587.46"
"DEU","","TOTAL","FEMALE","","1997","566.1"
"DEU","","TOTAL","FEMALE","","1998","556.22"
"DEU","","TOTAL","FEMALE","","1999","544.87"
"DEU","","TOTAL","FEMALE","","2000","530.16"
"DEU","","TOTAL","FEMALE","","2001","518.47"
"DEU","","TOTAL","FEMALE","","2002","525.07"
"DEU","","TOTAL","FEMALE","","2003","529.44"
"DEU","","TOTAL","FEMALE","","2004","500.8"
"DEU","","TOTAL","FEMALE","","2005","495.69"
"DEU","","TOTAL","FEMALE","","2006","476.23"
"DEU","","TOTAL","FEMALE","","2007","465.87"
"DEU","","TOTAL","FEMALE","","2008","467.32"
"DEU","","TOTAL","FEMALE","","2009","461.51"
"DEU","","TOTAL","FEMALE","","2010","453.44"
"DEU","","TOTAL","FEMALE","","2011","442.47"
"DEU","","TOTAL","FEMALE","","2012","440.28"
"DEU","","TOTAL","FEMALE","","2013","453.07"
"DEU","","TOTAL","FEMALE","","2014","430.19"
"DEU","","TOTAL","FEMALE","","2015","447.59"
"DEU","","TOTAL","FEMALE","","2016","433.15"
"DEU","","TOTAL","FEMALE","","2017","436.15"
"DEU","","TOTAL","FEMALE","","2018","442.17"
"DEU","","TOTAL","FEMALE","","2019","426.4"
"DEU","","TOTAL","FEMALE","","2020","432.32"
"DNK","","TOTAL","FEMALE","","1969","808.97"
"DNK","","TOTAL","FEMALE","","1970","795.64"
"DNK","","TOTAL","FEMALE","","1971","784.99"
"DNK","","TOTAL","FEMALE","","1972","791.4"
"DNK","","TOTAL","FEMALE","","1973","764.06"
"DNK","","TOTAL","FEMALE","","1974","748.8"
"DNK","","TOTAL","FEMALE","","1975","738"
"DNK","","TOTAL","FEMALE","","1976","759.6"
"DNK","","TOTAL","FEMALE","","1977","688.92"
"DNK","","TOTAL","FEMALE","","1978","706.6"
"DNK","","TOTAL","FEMALE","","1979","711.84"
"DNK","","TOTAL","FEMALE","","1980","723.57"
"DNK","","TOTAL","FEMALE","","1981","712.17"
"DNK","","TOTAL","FEMALE","","1982","694.5"
"DNK","","TOTAL","FEMALE","","1983","704.47"
"DNK","","TOTAL","FEMALE","","1984","699.63"
"DNK","","TOTAL","FEMALE","","1985","708.29"
"DNK","","TOTAL","FEMALE","","1986","699.61"
"DNK","","TOTAL","FEMALE","","1987","688.85"
"DNK","","TOTAL","FEMALE","","1988","696.73"
"DNK","","TOTAL","FEMALE","","1989","691.77"
"DNK","","TOTAL","FEMALE","","1990","699.02"
"DNK","","TOTAL","FEMALE","","1991","683.86"
"DNK","","TOTAL","FEMALE","","1992","691.21"
"DNK","","TOTAL","FEMALE","","1993","710.6"
"DNK","","TOTAL","FEMALE","","1994","688.99"
"DNK","","TOTAL","FEMALE","","1995","706.97"
"DNK","","TOTAL","FEMALE","","1996","678.99"
"DNK","","TOTAL","FEMALE","","1997","667.02"
"DNK","","TOTAL","FEMALE","","1998","640.91"
"DNK","","TOTAL","FEMALE","","1999","660.46"
"DNK","","TOTAL","FEMALE","","2000","626.46"
"DNK","","TOTAL","FEMALE","","2001","627.6"
"DNK","","TOTAL","FEMALE","","2002","630.76"
"DNK","","TOTAL","FEMALE","","2003","608.4"
"DNK","","TOTAL","FEMALE","","2004","585.18"
"DNK","","TOTAL","FEMALE","","2005","570.37"
"DNK","","TOTAL","FEMALE","","2006","566.79"
"DNK","","TOTAL","FEMALE","","2007","564.82"
"DNK","","TOTAL","FEMALE","","2008","544.33"
"DNK","","TOTAL","FEMALE","","2009","541.11"
"DNK","","TOTAL","FEMALE","","2010","527.36"
"DNK","","TOTAL","FEMALE","","2011","501.31"
"DNK","","TOTAL","FEMALE","","2012","491.38"
"DNK","","TOTAL","FEMALE","","2013","480.51"
"DNK","","TOTAL","FEMALE","","2014","461.97"
"DNK","","TOTAL","FEMALE","","2015","464.61"
"DNK","","TOTAL","FEMALE","","2016","460.81"
"DNK","","TOTAL","FEMALE","","2017","448.34"
"DNK","","TOTAL","FEMALE","","2018","455.75"
"DNK","","TOTAL","FEMALE","","2019","434.56"
"DNK","","TOTAL","FEMALE","","2020","428.6"
"DNK","","TOTAL","FEMALE","","2021","406.31"
"ESP","","TOTAL","FEMALE","","1968","878.79"
"ESP","","TOTAL","FEMALE","","1969","897.04"
"ESP","","TOTAL","FEMALE","","1971","857.66"
"ESP","","TOTAL","FEMALE","","1972","789.74"
"ESP","","TOTAL","FEMALE","","1973","823.36"
"ESP","","TOTAL","FEMALE","","1974","795.56"
"ESP","","TOTAL","FEMALE","","1975","793.15"
"ESP","","TOTAL","FEMALE","","1976","764.16"
"ESP","","TOTAL","FEMALE","","1977","736.07"
"ESP","","TOTAL","FEMALE","","1978","726.74"
"ESP","","TOTAL","FEMALE","","1979","695.41"
"ESP","","TOTAL","FEMALE","","1980","652.13"
"ESP","","TOTAL","FEMALE","","1981","642.67"
"ESP","","TOTAL","FEMALE","","1982","608.84"
"ESP","","TOTAL","FEMALE","","1983","624.63"
"ESP","","TOTAL","FEMALE","","1984","593.03"
"ESP","","TOTAL","FEMALE","","1985","603.1"
"ESP","","TOTAL","FEMALE","","1986","587.9"
"ESP","","TOTAL","FEMALE","","1987","565.61"
"ESP","","TOTAL","FEMALE","","1988","566.54"
"ESP","","TOTAL","FEMALE","","1989","557.51"
"ESP","","TOTAL","FEMALE","","1990","556.87"
"ESP","","TOTAL","FEMALE","","1991","550.02"
"ESP","","TOTAL","FEMALE","","1992","517.31"
"ESP","","TOTAL","FEMALE","","1993","516.18"
"ESP","","TOTAL","FEMALE","","1994","500.74"
"ESP","","TOTAL","FEMALE","","1995","497.89"
"ESP","","TOTAL","FEMALE","","1996","492.23"
"ESP","","TOTAL","FEMALE","","1997","478.66"
"ESP","","TOTAL","FEMALE","","1998","480.72"
"ESP","","TOTAL","FEMALE","","1999","480.74"
"ESP","","TOTAL","FEMALE","","2000","449.16"
"ESP","","TOTAL","FEMALE","","2001","437.6"
"ESP","","TOTAL","FEMALE","","2002","435.92"
"ESP","","TOTAL","FEMALE","","2003","445.36"
"ESP","","TOTAL","FEMALE","","2004","415.76"
"ESP","","TOTAL","FEMALE","","2005","419.52"
"ESP","","TOTAL","FEMALE","","2006","391.69"
"ESP","","TOTAL","FEMALE","","2007","393.95"
"ESP","","TOTAL","FEMALE","","2008","387.14"
"ESP","","TOTAL","FEMALE","","2009","374.66"
"ESP","","TOTAL","FEMALE","","2010","361.06"
"ESP","","TOTAL","FEMALE","","2011","359.4"
"ESP","","TOTAL","FEMALE","","2012","356.64"
"ESP","","TOTAL","FEMALE","","2013","339.31"
"ESP","","TOTAL","FEMALE","","2014","336.66"
"ESP","","TOTAL","FEMALE","","2015","349.3"
"ESP","","TOTAL","FEMALE","","2016","332.33"
"ESP","","TOTAL","FEMALE","","2017","338.09"
"ESP","","TOTAL","FEMALE","","2018","333.5"
"ESP","","TOTAL","FEMALE","","2019","320.64"
"ESP","","TOTAL","FEMALE","","2020","369.11"
"ESP","","TOTAL","FEMALE","","2021","334.89"
"EST","","TOTAL","FEMALE","","1981","922.56"
"EST","","TOTAL","FEMALE","","1982","897.66"
"EST","","TOTAL","FEMALE","","1985","942.86"
"EST","","TOTAL","FEMALE","","1986","874.21"
"EST","","TOTAL","FEMALE","","1987","880.33"
"EST","","TOTAL","FEMALE","","1988","884.64"
"EST","","TOTAL","FEMALE","","1989","863.59"
"EST","","TOTAL","FEMALE","","1990","875.53"
"EST","","TOTAL","FEMALE","","1991","878.97"
"EST","","TOTAL","FEMALE","","1992","881.02"
"EST","","TOTAL","FEMALE","","1993","936.28"
"EST","","TOTAL","FEMALE","","1994","972.22"
"EST","","TOTAL","FEMALE","","1995","897.25"
"EST","","TOTAL","FEMALE","","1996","832.73"
"EST","","TOTAL","FEMALE","","1997","810.81"
"EST","","TOTAL","FEMALE","","1998","843.42"
"EST","","TOTAL","FEMALE","","1999","792"
"EST","","TOTAL","FEMALE","","2000","773.69"
"EST","","TOTAL","FEMALE","","2001","762.87"
"EST","","TOTAL","FEMALE","","2002","744.13"
"EST","","TOTAL","FEMALE","","2003","737.74"
"EST","","TOTAL","FEMALE","","2004","698.11"
"EST","","TOTAL","FEMALE","","2005","680.19"
"EST","","TOTAL","FEMALE","","2006","664.24"
"EST","","TOTAL","FEMALE","","2007","641.28"
"EST","","TOTAL","FEMALE","","2008","610.13"
"EST","","TOTAL","FEMALE","","2009","575.57"
"EST","","TOTAL","FEMALE","","2010","554.08"
"EST","","TOTAL","FEMALE","","2011","522.77"
"EST","","TOTAL","FEMALE","","2012","512.5"
"EST","","TOTAL","FEMALE","","2013","510.24"
"EST","","TOTAL","FEMALE","","2014","495.98"
"EST","","TOTAL","FEMALE","","2015","487.51"
"EST","","TOTAL","FEMALE","","2016","480.07"
"","EU_AFTER_MAY2004","TOTAL","FEMALE","","1981","911.93"
"","EU_AFTER_MAY2004","TOTAL","FEMALE","","1982","910.98"
"","EU_AFTER_MAY2004","TOTAL","FEMALE","","1985","950.85"
"","EU_AFTER_MAY2004","TOTAL","FEMALE","","1986","919.58"
"","EU_AFTER_MAY2004","TOTAL","FEMALE","","1987","918.15"
"","EU_AFTER_MAY2004","TOTAL","FEMALE","","1988","892.54"
"","EU_AFTER_MAY2004","TOTAL","FEMALE","","1989","885.87"
"","EU_AFTER_MAY2004","TOTAL","FEMALE","","1990","876.99"
"","EU_AFTER_MAY2004","TOTAL","FEMALE","","1991","882.98"
"","EU_AFTER_MAY2004","TOTAL","FEMALE","","1992","866.89"
"","EU_AFTER_MAY2004","TOTAL","FEMALE","","1993","868.47"
"","EU_AFTER_MAY2004","TOTAL","FEMALE","","1994","858.69"
"","EU_AFTER_MAY2004","TOTAL","FEMALE","","1995","847.02"
"","EU_AFTER_MAY2004","TOTAL","FEMALE","","1996","850.51"
"","EU_AFTER_MAY2004","TOTAL","FEMALE","","1997","836.31"
"","EU_AFTER_MAY2004","TOTAL","FEMALE","","1998","820.83"
"","EU_AFTER_MAY2004","TOTAL","FEMALE","","1999","804.77"
"","EU_AFTER_MAY2004","TOTAL","FEMALE","","2000","772.8"
"","EU_AFTER_MAY2004","TOTAL","FEMALE","","2001","747.42"
"","EU_AFTER_MAY2004","TOTAL","FEMALE","","2002","743.9"
"","EU_AFTER_MAY2004","TOTAL","FEMALE","","2003","744.78"
"","EU_AFTER_MAY2004","TOTAL","FEMALE","","2004","712.4"
"","EU_AFTER_MAY2004","TOTAL","FEMALE","","2005","710.27"
"","EU_AFTER_MAY2004","TOTAL","FEMALE","","2006","683.98"
"","EU_AFTER_MAY2004","TOTAL","FEMALE","","2007","668.04"
"","EU_AFTER_MAY2004","TOTAL","FEMALE","","2008","647.31"
"","EU_AFTER_MAY2004","TOTAL","FEMALE","","2009","637.77"
"","EU_AFTER_MAY2004","TOTAL","FEMALE","","2010","621.93"
"","EU_AFTER_MAY2004","TOTAL","FEMALE","","2011","601.41"
"","EU_AFTER_MAY2004","TOTAL","FEMALE","","2012","597.42"
"","EU_AFTER_MAY2004","TOTAL","FEMALE","","2013","581.45"
"","EU_AFTER_MAY2004","TOTAL","FEMALE","","2014","565.58"
"","EU_AFTER_MAY2004","TOTAL","FEMALE","","2015","574.03"
"","EU_AFTER_MAY2004","TOTAL","FEMALE","","2016","552.63"
"","EU_AFTER_MAY2004","TOTAL","FEMALE","","2017","561.26"
"","EU_AFTER_MAY2004","TOTAL","FEMALE","","2018","555.02"
"","EU_AFTER_MAY2004","TOTAL","FEMALE","","2019","542.96"
"","EU_AFTER_MAY2004","TOTAL","FEMALE","","2020","582.94"
"","EU_AFTER_MAY2004","TOTAL","FEMALE","","2021","636.5"
"","EU_BEFORE_FEB2020","TOTAL","FEMALE","","1969","862.34"
"","EU_BEFORE_FEB2020","TOTAL","FEMALE","","1970","843.29"
"","EU_BEFORE_FEB2020","TOTAL","FEMALE","","1971","831.69"
"","EU_BEFORE_FEB2020","TOTAL","FEMALE","","1972","815.65"
"","EU_BEFORE_FEB2020","TOTAL","FEMALE","","1973","821.86"
"","EU_BEFORE_FEB2020","TOTAL","FEMALE","","1974","798.38"
"","EU_BEFORE_FEB2020","TOTAL","FEMALE","","1975","798.21"
"","EU_BEFORE_FEB2020","TOTAL","FEMALE","","1976","793.47"
"","EU_BEFORE_FEB2020","TOTAL","FEMALE","","1977","778.11"
"","EU_BEFORE_FEB2020","TOTAL","FEMALE","","1978","768.07"
"","EU_BEFORE_FEB2020","TOTAL","FEMALE","","1979","757.12"
"","EU_BEFORE_FEB2020","TOTAL","FEMALE","","1980","757.02"
"","EU_BEFORE_FEB2020","TOTAL","FEMALE","","1981","735.52"
"","EU_BEFORE_FEB2020","TOTAL","FEMALE","","1982","727.79"
"","EU_BEFORE_FEB2020","TOTAL","FEMALE","","1983","736.6"
"","EU_BEFORE_FEB2020","TOTAL","FEMALE","","1984","717.29"
"","EU_BEFORE_FEB2020","TOTAL","FEMALE","","1985","725.46"
"","EU_BEFORE_FEB2020","TOTAL","FEMALE","","1986","711.01"
"","EU_BEFORE_FEB2020","TOTAL","FEMALE","","1987","692.83"
"","EU_BEFORE_FEB2020","TOTAL","FEMALE","","1988","683.3"
"","EU_BEFORE_FEB2020","TOTAL","FEMALE","","1989","676.11"
"","EU_BEFORE_FEB2020","TOTAL","FEMALE","","1990","667.86"
"","EU_BEFORE_FEB2020","TOTAL","FEMALE","","1991","662.11"
"","EU_BEFORE_FEB2020","TOTAL","FEMALE","","1992","644.22"
"","EU_BEFORE_FEB2020","TOTAL","FEMALE","","1993","646.89"
"","EU_BEFORE_FEB2020","TOTAL","FEMALE","","1994","628.35"
"","EU_BEFORE_FEB2020","TOTAL","FEMALE","","1995","622.51"
"","EU_BEFORE_FEB2020","TOTAL","FEMALE","","1996","616.26"
"","EU_BEFORE_FEB2020","TOTAL","FEMALE","","1997","603.32"
"","EU_BEFORE_FEB2020","TOTAL","FEMALE","","1998","598.45"
"","EU_BEFORE_FEB2020","TOTAL","FEMALE","","1999","590.45"
"","EU_BEFORE_FEB2020","TOTAL","FEMALE","","2000","570.55"
"","EU_BEFORE_FEB2020","TOTAL","FEMALE","","2001","555.64"
"","EU_BEFORE_FEB2020","TOTAL","FEMALE","","2002","554.1"
"","EU_BEFORE_FEB2020","TOTAL","FEMALE","","2003","559.02"
"","EU_BEFORE_FEB2020","TOTAL","FEMALE","","2004","526.53"
"","EU_BEFORE_FEB2020","TOTAL","FEMALE","","2005","523.53"
"","EU_BEFORE_FEB2020","TOTAL","FEMALE","","2006","500.52"
"","EU_BEFORE_FEB2020","TOTAL","FEMALE","","2007","491.74"
"","EU_BEFORE_FEB2020","TOTAL","FEMALE","","2008","484.18"
"","EU_BEFORE_FEB2020","TOTAL","FEMALE","","2009","473.56"
"","EU_BEFORE_FEB2020","TOTAL","FEMALE","","2010","462.88"
"","EU_BEFORE_FEB2020","TOTAL","FEMALE","","2011","451.49"
"","EU_BEFORE_FEB2020","TOTAL","FEMALE","","2012","451.85"
"","EU_BEFORE_FEB2020","TOTAL","FEMALE","","2013","443.5"
"","EU_BEFORE_FEB2020","TOTAL","FEMALE","","2014","429.25"
"","EU_BEFORE_FEB2020","TOTAL","FEMALE","","2015","441.93"
"","EU_BEFORE_FEB2020","TOTAL","FEMALE","","2016","428.49"
"","EU_BEFORE_FEB2020","TOTAL","FEMALE","","2017","432.04"
"","EU_BEFORE_FEB2020","TOTAL","FEMALE","","2018","429.79"
"","EU_BEFORE_FEB2020","TOTAL","FEMALE","","2019","417.49"
"","EU_BEFORE_FEB2020","TOTAL","FEMALE","","2020","445.99"
"","EU_BEFORE_FEB2020","TOTAL","FEMALE","","2021","453.33"
"","EU_BEFORE_MAY2004","TOTAL","FEMALE","","1969","830.99"
"","EU_BEFORE_MAY2004","TOTAL","FEMALE","","1970","804.68"
"","EU_BEFORE_MAY2004","TOTAL","FEMALE","","1971","792.72"
"","EU_BEFORE_MAY2004","TOTAL","FEMALE","","1972","781.52"
"","EU_BEFORE_MAY2004","TOTAL","FEMALE","","1973","784.74"
"","EU_BEFORE_MAY2004","TOTAL","FEMALE","","1974","764.88"
"","EU_BEFORE_MAY2004","TOTAL","FEMALE","","1975","761.33"
"","EU_BEFORE_MAY2004","TOTAL","FEMALE","","1976","754.83"
"","EU_BEFORE_MAY2004","TOTAL","FEMALE","","1977","726.85"
"","EU_BEFORE_MAY2004","TOTAL","FEMALE","","1978","721.85"
"","EU_BEFORE_MAY2004","TOTAL","FEMALE","","1979","707.84"
"","EU_BEFORE_MAY2004","TOTAL","FEMALE","","1980","697.71"
"","EU_BEFORE_MAY2004","TOTAL","FEMALE","","1981","682.34"
"","EU_BEFORE_MAY2004","TOTAL","FEMALE","","1982","672.37"
"","EU_BEFORE_MAY2004","TOTAL","FEMALE","","1983","678.31"
"","EU_BEFORE_MAY2004","TOTAL","FEMALE","","1984","652.84"
"","EU_BEFORE_MAY2004","TOTAL","FEMALE","","1985","656.73"
"","EU_BEFORE_MAY2004","TOTAL","FEMALE","","1986","647.27"
"","EU_BEFORE_MAY2004","TOTAL","FEMALE","","1987","623.81"
"","EU_BEFORE_MAY2004","TOTAL","FEMALE","","1988","619.09"
"","EU_BEFORE_MAY2004","TOTAL","FEMALE","","1989","611.71"
"","EU_BEFORE_MAY2004","TOTAL","FEMALE","","1990","603.79"
"","EU_BEFORE_MAY2004","TOTAL","FEMALE","","1991","594.6"
"","EU_BEFORE_MAY2004","TOTAL","FEMALE","","1992","576.71"
"","EU_BEFORE_MAY2004","TOTAL","FEMALE","","1993","579.96"
"","EU_BEFORE_MAY2004","TOTAL","FEMALE","","1994","558.98"
"","EU_BEFORE_MAY2004","TOTAL","FEMALE","","1995","555.1"
"","EU_BEFORE_MAY2004","TOTAL","FEMALE","","1996","546.33905"
"","EU_BEFORE_MAY2004","TOTAL","FEMALE","","1997","533.97"
"","EU_BEFORE_MAY2004","TOTAL","FEMALE","","1998","532.5"
"","EU_BEFORE_MAY2004","TOTAL","FEMALE","","1999","527.17"
"","EU_BEFORE_MAY2004","TOTAL","FEMALE","","2000","511.38"
"","EU_BEFORE_MAY2004","TOTAL","FEMALE","","2001","499.75"
"","EU_BEFORE_MAY2004","TOTAL","FEMALE","","2002","499.46"
"","EU_BEFORE_MAY2004","TOTAL","FEMALE","","2003","505.92"
"","EU_BEFORE_MAY2004","TOTAL","FEMALE","","2004","473.73"
"","EU_BEFORE_MAY2004","TOTAL","FEMALE","","2005","470.81"
"","EU_BEFORE_MAY2004","TOTAL","FEMALE","","2006","449.16"
"","EU_BEFORE_MAY2004","TOTAL","FEMALE","","2007","442.69"
"","EU_BEFORE_MAY2004","TOTAL","FEMALE","","2008","439.05"
"","EU_BEFORE_MAY2004","TOTAL","FEMALE","","2009","428.32"
"","EU_BEFORE_MAY2004","TOTAL","FEMALE","","2010","419.36"
"","EU_BEFORE_MAY2004","TOTAL","FEMALE","","2011","410.66"
"","EU_BEFORE_MAY2004","TOTAL","FEMALE","","2012","413.04"
"","EU_BEFORE_MAY2004","TOTAL","FEMALE","","2013","406.85"
"","EU_BEFORE_MAY2004","TOTAL","FEMALE","","2014","393.26"
"","EU_BEFORE_MAY2004","TOTAL","FEMALE","","2015","407.23"
"","EU_BEFORE_MAY2004","TOTAL","FEMALE","","2016","396.09"
"","EU_BEFORE_MAY2004","TOTAL","FEMALE","","2017","398.53"
"","EU_BEFORE_MAY2004","TOTAL","FEMALE","","2018","397.28"
"","EU_BEFORE_MAY2004","TOTAL","FEMALE","","2019","385.17"
"","EU_BEFORE_MAY2004","TOTAL","FEMALE","","2020","410.8"
"","EU_MEMBERS","TOTAL","FEMALE","","1969","858.89"
"","EU_MEMBERS","TOTAL","FEMALE","","1970","838.98"
"","EU_MEMBERS","TOTAL","FEMALE","","1971","830.8"
"","EU_MEMBERS","TOTAL","FEMALE","","1972","808.59"
"","EU_MEMBERS","TOTAL","FEMALE","","1973","817.23"
"","EU_MEMBERS","TOTAL","FEMALE","","1974","791.96"
"","EU_MEMBERS","TOTAL","FEMALE","","1975","794.21"
"","EU_MEMBERS","TOTAL","FEMALE","","1976","786.47"
"","EU_MEMBERS","TOTAL","FEMALE","","1977","774.65"
"","EU_MEMBERS","TOTAL","FEMALE","","1978","762.41"
"","EU_MEMBERS","TOTAL","FEMALE","","1979","749.79"
"","EU_MEMBERS","TOTAL","FEMALE","","1980","753.79"
"","EU_MEMBERS","TOTAL","FEMALE","","1981","733.28"
"","EU_MEMBERS","TOTAL","FEMALE","","1982","724.4"
"","EU_MEMBERS","TOTAL","FEMALE","","1983","736.51"
"","EU_MEMBERS","TOTAL","FEMALE","","1984","717.63"
"","EU_MEMBERS","TOTAL","FEMALE","","1985","724.57"
"","EU_MEMBERS","TOTAL","FEMALE","","1986","711.06"
"","EU_MEMBERS","TOTAL","FEMALE","","1987","693.84"
"","EU_MEMBERS","TOTAL","FEMALE","","1988","683.28"
"","EU_MEMBERS","TOTAL","FEMALE","","1989","674.78"
"","EU_MEMBERS","TOTAL","FEMALE","","1990","669.15"
"","EU_MEMBERS","TOTAL","FEMALE","","1991","663.83"
"","EU_MEMBERS","TOTAL","FEMALE","","1992","646.12"
"","EU_MEMBERS","TOTAL","FEMALE","","1993","646.83"
"","EU_MEMBERS","TOTAL","FEMALE","","1994","630.22"
"","EU_MEMBERS","TOTAL","FEMALE","","1995","622.47"
"","EU_MEMBERS","TOTAL","FEMALE","","1996","617.16"
"","EU_MEMBERS","TOTAL","FEMALE","","1997","603.51"
"","EU_MEMBERS","TOTAL","FEMALE","","1998","598.73"
"","EU_MEMBERS","TOTAL","FEMALE","","1999","589.64"
"","EU_MEMBERS","TOTAL","FEMALE","","2000","569.09"
"","EU_MEMBERS","TOTAL","FEMALE","","2001","554.25"
"","EU_MEMBERS","TOTAL","FEMALE","","2002","552.88"
"","EU_MEMBERS","TOTAL","FEMALE","","2003","557.9"
"","EU_MEMBERS","TOTAL","FEMALE","","2004","525.12"
"","EU_MEMBERS","TOTAL","FEMALE","","2005","522.99"
"","EU_MEMBERS","TOTAL","FEMALE","","2006","499.4"
"","EU_MEMBERS","TOTAL","FEMALE","","2007","490.34"
"","EU_MEMBERS","TOTAL","FEMALE","","2008","482.07"
"","EU_MEMBERS","TOTAL","FEMALE","","2009","473.69"
"","EU_MEMBERS","TOTAL","FEMALE","","2010","462.25"
"","EU_MEMBERS","TOTAL","FEMALE","","2011","451.48"
"","EU_MEMBERS","TOTAL","FEMALE","","2012","450.63"
"","EU_MEMBERS","TOTAL","FEMALE","","2013","441.53"
"","EU_MEMBERS","TOTAL","FEMALE","","2014","427.1"
"","EU_MEMBERS","TOTAL","FEMALE","","2015","439.06"
"","EU_MEMBERS","TOTAL","FEMALE","","2016","425"
"","EU_MEMBERS","TOTAL","FEMALE","","2017","429.71"
"","EU_MEMBERS","TOTAL","FEMALE","","2018","425.28"
"","EU_MEMBERS","TOTAL","FEMALE","","2019","415.35"
"","EU_MEMBERS","TOTAL","FEMALE","","2020","441.19"
"","EU_MEMBERS","TOTAL","FEMALE","","2021","449.63"
"FIN","","TOTAL","FEMALE","","1969","1048.32"
"FIN","","TOTAL","FEMALE","","1970","966.4"
"FIN","","TOTAL","FEMALE","","1971","978.95"
"FIN","","TOTAL","FEMALE","","1972","918"
"FIN","","TOTAL","FEMALE","","1973","859.2"
"FIN","","TOTAL","FEMALE","","1974","867.52"
"FIN","","TOTAL","FEMALE","","1975","818.23"
"FIN","","TOTAL","FEMALE","","1976","805.91"
"FIN","","TOTAL","FEMALE","","1977","764.45"
"FIN","","TOTAL","FEMALE","","1978","737.23"
"FIN","","TOTAL","FEMALE","","1979","723.03"
"FIN","","TOTAL","FEMALE","","1980","714.05"
"FIN","","TOTAL","FEMALE","","1981","701.52"
"FIN","","TOTAL","FEMALE","","1982","660.99"
"FIN","","TOTAL","FEMALE","","1983","674.35"
"FIN","","TOTAL","FEMALE","","1984","650.06"
"FIN","","TOTAL","FEMALE","","1985","677.78"
"FIN","","TOTAL","FEMALE","","1986","659.09"
"FIN","","TOTAL","FEMALE","","1987","656.56"
"FIN","","TOTAL","FEMALE","","1988","658.71"
"FIN","","TOTAL","FEMALE","","1989","647.51"
"FIN","","TOTAL","FEMALE","","1990","646.48"
"FIN","","TOTAL","FEMALE","","1991","621.7"
"FIN","","TOTAL","FEMALE","","1992","615.52"
"FIN","","TOTAL","FEMALE","","1993","628.84"
"FIN","","TOTAL","FEMALE","","1994","577.26"
"FIN","","TOTAL","FEMALE","","1995","578.47"
"FIN","","TOTAL","FEMALE","","1996","560.9"
"FIN","","TOTAL","FEMALE","","1997","560.29"
"FIN","","TOTAL","FEMALE","","1998","540.48"
"FIN","","TOTAL","FEMALE","","1999","532.61"
"FIN","","TOTAL","FEMALE","","2000","532.64"
"FIN","","TOTAL","FEMALE","","2001","510.78"
"FIN","","TOTAL","FEMALE","","2002","513.68"
"FIN","","TOTAL","FEMALE","","2003","499.5"
"FIN","","TOTAL","FEMALE","","2004","475.95"
"FIN","","TOTAL","FEMALE","","2005","463.92"
"FIN","","TOTAL","FEMALE","","2006","446.47"
"FIN","","TOTAL","FEMALE","","2007","444.61"
"FIN","","TOTAL","FEMALE","","2008","439.29"
"FIN","","TOTAL","FEMALE","","2009","431.92"
"FIN","","TOTAL","FEMALE","","2010","429.29"
"FIN","","TOTAL","FEMALE","","2011","416.38"
"FIN","","TOTAL","FEMALE","","2012","421.8"
"FIN","","TOTAL","FEMALE","","2013","408.01"
"FIN","","TOTAL","FEMALE","","2014","407.52"
"FIN","","TOTAL","FEMALE","","2016","397.2"
"FIN","","TOTAL","FEMALE","","2017","391.73"
"FIN","","TOTAL","FEMALE","","2018","391.59"
"FIN","","TOTAL","FEMALE","","2019","380.63"
"FIN","","TOTAL","FEMALE","","2020","380.63"
"FIN","","TOTAL","FEMALE","","2021","386.83"
"FRA","","TOTAL","FEMALE","","1968","818.35"
"FRA","","TOTAL","FEMALE","","1969","793.44"
"FRA","","TOTAL","FEMALE","","1970","743.82"
"FRA","","TOTAL","FEMALE","","1971","745.26"
"FRA","","TOTAL","FEMALE","","1972","722.68"
"FRA","","TOTAL","FEMALE","","1973","714.68"
"FRA","","TOTAL","FEMALE","","1974","698.61"
"FRA","","TOTAL","FEMALE","","1975","701.79"
"FRA","","TOTAL","FEMALE","","1976","684.3"
"FRA","","TOTAL","FEMALE","","1977","644.04"
"FRA","","TOTAL","FEMALE","","1978","641.94"
"FRA","","TOTAL","FEMALE","","1979","623.65"
"FRA","","TOTAL","FEMALE","","1980","618.3"
"FRA","","TOTAL","FEMALE","","1981","617.5"
"FRA","","TOTAL","FEMALE","","1982","595.04"
"FRA","","TOTAL","FEMALE","","1983","603.96"
"FRA","","TOTAL","FEMALE","","1984","571.35"
"FRA","","TOTAL","FEMALE","","1985","569.64"
"FRA","","TOTAL","FEMALE","","1986","579.19"
"FRA","","TOTAL","FEMALE","","1987","524.58"
"FRA","","TOTAL","FEMALE","","1988","514.22"
"FRA","","TOTAL","FEMALE","","1989","506.31"
"FRA","","TOTAL","FEMALE","","1990","493.15"
"FRA","","TOTAL","FEMALE","","1991","484.25"
"FRA","","TOTAL","FEMALE","","1992","472.46"
"FRA","","TOTAL","FEMALE","","1993","474.91"
"FRA","","TOTAL","FEMALE","","1994","454.4"
"FRA","","TOTAL","FEMALE","","1995","455.28"
"FRA","","TOTAL","FEMALE","","1996","452.44"
"FRA","","TOTAL","FEMALE","","1997","442.95"
"FRA","","TOTAL","FEMALE","","1998","460.81"
"FRA","","TOTAL","FEMALE","","1999","456.68"
"FRA","","TOTAL","FEMALE","","2000","444.37"
"FRA","","TOTAL","FEMALE","","2001","442.81"
"FRA","","TOTAL","FEMALE","","2002","444.69"
"FRA","","TOTAL","FEMALE","","2003","457.09"
"FRA","","TOTAL","FEMALE","","2004","413.21"
"FRA","","TOTAL","FEMALE","","2005","415.47"
"FRA","","TOTAL","FEMALE","","2006","391.64"
"FRA","","TOTAL","FEMALE","","2007","380.47"
"FRA","","TOTAL","FEMALE","","2008","381.81"
"FRA","","TOTAL","FEMALE","","2009","375.41"
"FRA","","TOTAL","FEMALE","","2010","368.61"
"FRA","","TOTAL","FEMALE","","2011","356.73"
"FRA","","TOTAL","FEMALE","","2012","362.26"
"FRA","","TOTAL","FEMALE","","2013","354.93"
"FRA","","TOTAL","FEMALE","","2014","341.92"
"FRA","","TOTAL","FEMALE","","2017","352.31"
"FRA","","TOTAL","FEMALE","","2018","346.5"
"GBR","","TOTAL","FEMALE","","1968","900.39"
"GBR","","TOTAL","FEMALE","","1969","886.33"
"GBR","","TOTAL","FEMALE","","1970","873.2"
"GBR","","TOTAL","FEMALE","","1971","837.91"
"GBR","","TOTAL","FEMALE","","1972","865.04"
"GBR","","TOTAL","FEMALE","","1973","854.32"
"GBR","","TOTAL","FEMALE","","1974","843.73"
"GBR","","TOTAL","FEMALE","","1975","826.64"
"GBR","","TOTAL","FEMALE","","1976","843.63"
"GBR","","TOTAL","FEMALE","","1977","803.08"
"GBR","","TOTAL","FEMALE","","1978","809.03"
"GBR","","TOTAL","FEMALE","","1979","810.33"
"GBR","","TOTAL","FEMALE","","1980","780.56"
"GBR","","TOTAL","FEMALE","","1981","751.81"
"GBR","","TOTAL","FEMALE","","1982","752.43"
"GBR","","TOTAL","FEMALE","","1983","737.27"
"GBR","","TOTAL","FEMALE","","1984","714.87"
"GBR","","TOTAL","FEMALE","","1985","731.94"
"GBR","","TOTAL","FEMALE","","1986","710.65"
"GBR","","TOTAL","FEMALE","","1987","685.44"
"GBR","","TOTAL","FEMALE","","1988","683.43"
"GBR","","TOTAL","FEMALE","","1989","685.87"
"GBR","","TOTAL","FEMALE","","1990","658.4"
"GBR","","TOTAL","FEMALE","","1991","649.56"
"GBR","","TOTAL","FEMALE","","1992","630.41"
"GBR","","TOTAL","FEMALE","","1993","647.29"
"GBR","","TOTAL","FEMALE","","1994","614.71"
"GBR","","TOTAL","FEMALE","","1995","622.76"
"GBR","","TOTAL","FEMALE","","1996","609.71"
"GBR","","TOTAL","FEMALE","","1997","601.99"
"GBR","","TOTAL","FEMALE","","1998","596.48"
"GBR","","TOTAL","FEMALE","","1999","596.33"
"GBR","","TOTAL","FEMALE","","2001","565.76"
"GBR","","TOTAL","FEMALE","","2002","562.92"
"GBR","","TOTAL","FEMALE","","2003","567.18"
"GBR","","TOTAL","FEMALE","","2004","536.81"
"GBR","","TOTAL","FEMALE","","2005","527.44"
"GBR","","TOTAL","FEMALE","","2006","508.57"
"GBR","","TOTAL","FEMALE","","2007","501.79"
"GBR","","TOTAL","FEMALE","","2008","499.39"
"GBR","","TOTAL","FEMALE","","2009","472.64"
"GBR","","TOTAL","FEMALE","","2010","467.36"
"GBR","","TOTAL","FEMALE","","2011","451.55"
"GBR","","TOTAL","FEMALE","","2012","460.36"
"GBR","","TOTAL","FEMALE","","2013","457.16"
"GBR","","TOTAL","FEMALE","","2014","444.03"
"GBR","","TOTAL","FEMALE","","2015","461.6"
"GBR","","TOTAL","FEMALE","","2016","452.26"
"GBR","","TOTAL","FEMALE","","2017","447.89"
"GBR","","TOTAL","FEMALE","","2018","461.12"
"GBR","","TOTAL","FEMALE","","2019","431.86"
"GBR","","TOTAL","FEMALE","","2020","478.1"
"GEO","","TOTAL","FEMALE","","1981","813.57"
"GEO","","TOTAL","FEMALE","","1982","787.4"
"GEO","","TOTAL","FEMALE","","1985","823.53"
"GEO","","TOTAL","FEMALE","","1986","815.27"
"GEO","","TOTAL","FEMALE","","1987","802.39"
"GEO","","TOTAL","FEMALE","","1988","815.16"
"GEO","","TOTAL","FEMALE","","1989","789.07"
"GEO","","TOTAL","FEMALE","","1990","755.3"
"GEO","","TOTAL","FEMALE","","1991","746.26"
"GEO","","TOTAL","FEMALE","","1992","753.25"
"GEO","","TOTAL","FEMALE","","1994","562.09"
"GEO","","TOTAL","FEMALE","","1995","667.2"
"GEO","","TOTAL","FEMALE","","1996","621.51"
"GEO","","TOTAL","FEMALE","","1997","701.7"
"GEO","","TOTAL","FEMALE","","1998","705.95"
"GEO","","TOTAL","FEMALE","","1999","730.49"
"GEO","","TOTAL","FEMALE","","2000","754.16"
"GEO","","TOTAL","FEMALE","","2001","707.55"
"GEO","","TOTAL","FEMALE","","2004","847.16"
"GEO","","TOTAL","FEMALE","","2005","669.06"
"GEO","","TOTAL","FEMALE","","2006","636.79"
"GEO","","TOTAL","FEMALE","","2007","594.1"
"GEO","","TOTAL","FEMALE","","2009","674.21"
"GEO","","TOTAL","FEMALE","","2010","635.52"
"GEO","","TOTAL","FEMALE","","2011","650.88"
"GEO","","TOTAL","FEMALE","","2012","632.22"
"GEO","","TOTAL","FEMALE","","2013","607.99"
"GEO","","TOTAL","FEMALE","","2014","734.8"
"GEO","","TOTAL","FEMALE","","2015","761.61"
"GEO","","TOTAL","FEMALE","","2016","778.88"
"GEO","","TOTAL","FEMALE","","2017","736.53"
"GEO","","TOTAL","FEMALE","","2018","714.65"
"GEO","","TOTAL","FEMALE","","2019","713.86"
"GEO","","TOTAL","FEMALE","","2020","764.3"
"GEO","","TOTAL","FEMALE","","2021","945.08"
"GRC","","TOTAL","FEMALE","","1968","881.55"
"GRC","","TOTAL","FEMALE","","1969","845.37"
"GRC","","TOTAL","FEMALE","","1970","753.96"
"GRC","","TOTAL","FEMALE","","1971","746.98"
"GRC","","TOTAL","FEMALE","","1972","760.28"
"GRC","","TOTAL","FEMALE","","1973","751.46"
"GRC","","TOTAL","FEMALE","","1974","719.26"
"GRC","","TOTAL","FEMALE","","1975","734.49"
"GRC","","TOTAL","FEMALE","","1976","735.49"
"GRC","","TOTAL","FEMALE","","1977","734.89"
"GRC","","TOTAL","FEMALE","","1978","696.77"
"GRC","","TOTAL","FEMALE","","1979","687.72"
"GRC","","TOTAL","FEMALE","","1980","713.49"
"GRC","","TOTAL","FEMALE","","1981","687.43"
"GRC","","TOTAL","FEMALE","","1982","673.04"
"GRC","","TOTAL","FEMALE","","1983","692.05"
"GRC","","TOTAL","FEMALE","","1984","655.56"
"GRC","","TOTAL","FEMALE","","1985","676.91"
"GRC","","TOTAL","FEMALE","","1986","655.99"
"GRC","","TOTAL","FEMALE","","1987","669.41"
"GRC","","TOTAL","FEMALE","","1988","626.19"
"GRC","","TOTAL","FEMALE","","1989","618.47"
"GRC","","TOTAL","FEMALE","","1990","612.37"
"GRC","","TOTAL","FEMALE","","1991","604.47"
"GRC","","TOTAL","FEMALE","","1992","609.54"
"GRC","","TOTAL","FEMALE","","1993","592.47"
"GRC","","TOTAL","FEMALE","","1994","583.91"
"GRC","","TOTAL","FEMALE","","1995","585.42"
"GRC","","TOTAL","FEMALE","","1996","579.38"
"GRC","","TOTAL","FEMALE","","1997","567.1"
"GRC","","TOTAL","FEMALE","","1998","581.07"
"GRC","","TOTAL","FEMALE","","1999","574.12"
"GRC","","TOTAL","FEMALE","","2000","572.18"
"GRC","","TOTAL","FEMALE","","2001","554.26"
"GRC","","TOTAL","FEMALE","","2002","557.26"
"GRC","","TOTAL","FEMALE","","2003","562.47"
"GRC","","TOTAL","FEMALE","","2004","553.61"
"GRC","","TOTAL","FEMALE","","2005","532.9"
"GRC","","TOTAL","FEMALE","","2006","515.75"
"GRC","","TOTAL","FEMALE","","2007","525.2"
"GRC","","TOTAL","FEMALE","","2008","496.13"
"GRC","","TOTAL","FEMALE","","2009","473.26"
"GRC","","TOTAL","FEMALE","","2010","464.15"
"GRC","","TOTAL","FEMALE","","2011","449.68"
"GRC","","TOTAL","FEMALE","","2012","433.44"
"GRC","","TOTAL","FEMALE","","2014","402.32"
"GRC","","TOTAL","FEMALE","","2015","421.15"
"GRC","","TOTAL","FEMALE","","2016","408.49"
"GRC","","TOTAL","FEMALE","","2017","414.5"
"GRC","","TOTAL","FEMALE","","2018","392.98"
"GRC","","TOTAL","FEMALE","","2019","402.45"
"GRC","","TOTAL","FEMALE","","2020","416.41"
"HRV","","TOTAL","FEMALE","","1985","904.3"
"HRV","","TOTAL","FEMALE","","1986","879.12"
"HRV","","TOTAL","FEMALE","","1987","886.24"
"HRV","","TOTAL","FEMALE","","1988","858.09"
"HRV","","TOTAL","FEMALE","","1989","855.96"
"HRV","","TOTAL","FEMALE","","1990","822.58"
"HRV","","TOTAL","FEMALE","","1991","812.68"
"HRV","","TOTAL","FEMALE","","1992","785.77"
"HRV","","TOTAL","FEMALE","","1993","793.85"
"HRV","","TOTAL","FEMALE","","1994","776.03"
"HRV","","TOTAL","FEMALE","","1995","758.04"
"HRV","","TOTAL","FEMALE","","1996","839.94"
"HRV","","TOTAL","FEMALE","","1997","851.03"
"HRV","","TOTAL","FEMALE","","1998","882.34"
"HRV","","TOTAL","FEMALE","","1999","859.1"
"HRV","","TOTAL","FEMALE","","2000","842.43"
"HRV","","TOTAL","FEMALE","","2001","711.26"
"HRV","","TOTAL","FEMALE","","2002","710.98"
"HRV","","TOTAL","FEMALE","","2003","733.33"
"HRV","","TOTAL","FEMALE","","2004","656.23"
"HRV","","TOTAL","FEMALE","","2005","680.87"
"HRV","","TOTAL","FEMALE","","2006","647.25"
"HRV","","TOTAL","FEMALE","","2007","651.91"
"HRV","","TOTAL","FEMALE","","2008","629.49"
"HRV","","TOTAL","FEMALE","","2009","624.71"
"HRV","","TOTAL","FEMALE","","2010","612.41"
"HRV","","TOTAL","FEMALE","","2011","587.7"
"HRV","","TOTAL","FEMALE","","2012","572.75"
"HRV","","TOTAL","FEMALE","","2013","551.25"
"HRV","","TOTAL","FEMALE","","2014","549.47"
"HRV","","TOTAL","FEMALE","","2015","581.6"
"HRV","","TOTAL","FEMALE","","2016","536.01"
"HRV","","TOTAL","FEMALE","","2017","557.19"
"HRV","","TOTAL","FEMALE","","2019","519.97"
"HRV","","TOTAL","FEMALE","","2020","559.44"
"HRV","","TOTAL","FEMALE","","2021","633.57"
"HUN","","TOTAL","FEMALE","","1969","1040.02"
"HUN","","TOTAL","FEMALE","","1970","1049.09"
"HUN","","TOTAL","FEMALE","","1971","1044"
"HUN","","TOTAL","FEMALE","","1972","1001.85"
"HUN","","TOTAL","FEMALE","","1973","1013.87"
"HUN","","TOTAL","FEMALE","","1974","1009.8"
"HUN","","TOTAL","FEMALE","","1975","1024.6"
"HUN","","TOTAL","FEMALE","","1976","1026.35"
"HUN","","TOTAL","FEMALE","","1977","996.58"
"HUN","","TOTAL","FEMALE","","1978","1042.92"
"HUN","","TOTAL","FEMALE","","1979","998.16"
"HUN","","TOTAL","FEMALE","","1980","1028.79"
"HUN","","TOTAL","FEMALE","","1981","1012.07"
"HUN","","TOTAL","FEMALE","","1982","997.8"
"HUN","","TOTAL","FEMALE","","1983","1017.75"
"HUN","","TOTAL","FEMALE","","1984","985.57"
"HUN","","TOTAL","FEMALE","","1985","989.71"
"HUN","","TOTAL","FEMALE","","1986","985.75"
"HUN","","TOTAL","FEMALE","","1987","945.78"
"HUN","","TOTAL","FEMALE","","1988","921.33"
"HUN","","TOTAL","FEMALE","","1989","933.57"
"HUN","","TOTAL","FEMALE","","1990","954.43"
"HUN","","TOTAL","FEMALE","","1991","938.3"
"HUN","","TOTAL","FEMALE","","1992","946.3"
"HUN","","TOTAL","FEMALE","","1993","947.88"
"HUN","","TOTAL","FEMALE","","1994","912.18"
"HUN","","TOTAL","FEMALE","","1995","892.49"
"HUN","","TOTAL","FEMALE","","1996","880.77"
"HUN","","TOTAL","FEMALE","","1997","849.2"
"HUN","","TOTAL","FEMALE","","1998","845.85"
"HUN","","TOTAL","FEMALE","","1999","888.87"
"HUN","","TOTAL","FEMALE","","2000","839.02"
"HUN","","TOTAL","FEMALE","","2001","775.38"
"HUN","","TOTAL","FEMALE","","2002","772.11"
"HUN","","TOTAL","FEMALE","","2003","784.59"
"HUN","","TOTAL","FEMALE","","2004","753.24"
"HUN","","TOTAL","FEMALE","","2005","754.71"
"HUN","","TOTAL","FEMALE","","2006","714.72"
"HUN","","TOTAL","FEMALE","","2007","711.87"
"HUN","","TOTAL","FEMALE","","2008","685.63"
"HUN","","TOTAL","FEMALE","","2009","677.45"
"HUN","","TOTAL","FEMALE","","2010","672.97"
"HUN","","TOTAL","FEMALE","","2011","660.95"
"HUN","","TOTAL","FEMALE","","2012","665.35"
"HUN","","TOTAL","FEMALE","","2013","645.11"
"HUN","","TOTAL","FEMALE","","2014","631.35"
"HUN","","TOTAL","FEMALE","","2015","632.05"
"HUN","","TOTAL","FEMALE","","2016","615.17"
"HUN","","TOTAL","FEMALE","","2017","637.09"
"HUN","","TOTAL","FEMALE","","2018","623.48"
"HUN","","TOTAL","FEMALE","","2019","613.96"
"IRL","","TOTAL","FEMALE","","1968","1014.41"
"IRL","","TOTAL","FEMALE","","1969","1028.01"
"IRL","","TOTAL","FEMALE","","1970","1009.24"
"IRL","","TOTAL","FEMALE","","1971","949.16"
"IRL","","TOTAL","FEMALE","","1972","1005.62"
"IRL","","TOTAL","FEMALE","","1973","986.36"
"IRL","","TOTAL","FEMALE","","1974","1017.61"
"IRL","","TOTAL","FEMALE","","1975","952.19"
"IRL","","TOTAL","FEMALE","","1976","957.52"
"IRL","","TOTAL","FEMALE","","1977","932.35"
"IRL","","TOTAL","FEMALE","","1978","925.56"
"IRL","","TOTAL","FEMALE","","1979","897.43"
"IRL","","TOTAL","FEMALE","","1980","894.27"
"IRL","","TOTAL","FEMALE","","1981","858.94"
"IRL","","TOTAL","FEMALE","","1982","843.29"
"IRL","","TOTAL","FEMALE","","1983","857.01"
"IRL","","TOTAL","FEMALE","","1984","803.45"
"IRL","","TOTAL","FEMALE","","1985","815.61"
"IRL","","TOTAL","FEMALE","","1986","829.32"
"IRL","","TOTAL","FEMALE","","1987","760.39"
"IRL","","TOTAL","FEMALE","","1988","769.52"
"IRL","","TOTAL","FEMALE","","1989","769.19"
"IRL","","TOTAL","FEMALE","","1990","729.18"
"IRL","","TOTAL","FEMALE","","1991","725.12"
"IRL","","TOTAL","FEMALE","","1992","697.41"
"IRL","","TOTAL","FEMALE","","1993","708.64"
"IRL","","TOTAL","FEMALE","","1994","686.48"
"IRL","","TOTAL","FEMALE","","1995","698.91"
"IRL","","TOTAL","FEMALE","","1996","676.36"
"IRL","","TOTAL","FEMALE","","1997","669.53"
"IRL","","TOTAL","FEMALE","","1998","650.81"
"IRL","","TOTAL","FEMALE","","1999","667.46"
"IRL","","TOTAL","FEMALE","","2000","639.82"
"IRL","","TOTAL","FEMALE","","2001","599.33"
"IRL","","TOTAL","FEMALE","","2002","575.3"
"IRL","","TOTAL","FEMALE","","2003","561.43"
"IRL","","TOTAL","FEMALE","","2004","535.9"
"IRL","","TOTAL","FEMALE","","2005","519.54"
"IRL","","TOTAL","FEMALE","","2006","510.13"
"IRL","","TOTAL","FEMALE","","2007","496.19"
"IRL","","TOTAL","FEMALE","","2008","484.76"
"IRL","","TOTAL","FEMALE","","2009","476.59"
"IRL","","TOTAL","FEMALE","","2010","456.63"
"IRL","","TOTAL","FEMALE","","2011","455.11"
"IRL","","TOTAL","FEMALE","","2012","451.56"
"IRL","","TOTAL","FEMALE","","2013","450.02"
"IRL","","TOTAL","FEMALE","","2015","438.77"
"IRL","","TOTAL","FEMALE","","2018","413.61"
"ISL","","TOTAL","FEMALE","","1971","752.77"
"ISL","","TOTAL","FEMALE","","1972","734.98"
"ISL","","TOTAL","FEMALE","","1973","705.15"
"ISL","","TOTAL","FEMALE","","1974","665.93"
"ISL","","TOTAL","FEMALE","","1975","622.89"
"ISL","","TOTAL","FEMALE","","1976","577.03"
"ISL","","TOTAL","FEMALE","","1977","581.32"
"ISL","","TOTAL","FEMALE","","1978","578.58"
"ISL","","TOTAL","FEMALE","","1979","594.87"
"ISL","","TOTAL","FEMALE","","1980","569.86"
"ISL","","TOTAL","FEMALE","","1981","600.04"
"ISL","","TOTAL","FEMALE","","1982","594.38"
"ISL","","TOTAL","FEMALE","","1983","552.68"
"ISL","","TOTAL","FEMALE","","1984","563.72"
"ISL","","TOTAL","FEMALE","","1985","578.8"
"ISL","","TOTAL","FEMALE","","1986","542.65"
"ISL","","TOTAL","FEMALE","","1987","586.45"
"ISL","","TOTAL","FEMALE","","1988","597.74"
"ISL","","TOTAL","FEMALE","","1989","574.61"
"ISL","","TOTAL","FEMALE","","1990","554.83"
"ISL","","TOTAL","FEMALE","","1991","523.77"
"ISL","","TOTAL","FEMALE","","1992","554.92"
"ISL","","TOTAL","FEMALE","","1993","555.88"
"ISL","","TOTAL","FEMALE","","1994","525.38"
"ISL","","TOTAL","FEMALE","","1995","578.6"
"ISL","","TOTAL","FEMALE","","1996","543.49"
"ISL","","TOTAL","FEMALE","","1997","517.06"
"ISL","","TOTAL","FEMALE","","1998","510.76"
"ISL","","TOTAL","FEMALE","","1999","528.9"
"ISL","","TOTAL","FEMALE","","2000","524.42"
"ISL","","TOTAL","FEMALE","","2001","445.5"
"ISL","","TOTAL","FEMALE","","2002","471.23"
"ISL","","TOTAL","FEMALE","","2003","475.96"
"ISL","","TOTAL","FEMALE","","2004","444.54"
"ISL","","TOTAL","FEMALE","","2005","435.36"
"ISL","","TOTAL","FEMALE","","2006","459.45"
"ISL","","TOTAL","FEMALE","","2007","442.85"
"ISL","","TOTAL","FEMALE","","2008","448.89"
"ISL","","TOTAL","FEMALE","","2009","422.5"
"ISL","","TOTAL","FEMALE","","2010","406.06"
"ISL","","TOTAL","FEMALE","","2011","412.2"
"ISL","","TOTAL","FEMALE","","2012","404.58"
"ISL","","TOTAL","FEMALE","","2013","425.32"
"ISL","","TOTAL","FEMALE","","2014","391.4"
"ISL","","TOTAL","FEMALE","","2015","421.3"
"ISL","","TOTAL","FEMALE","","2016","414.07"
"ISL","","TOTAL","FEMALE","","2017","395.42"
"ISL","","TOTAL","FEMALE","","2018","393.2"
"ISL","","TOTAL","FEMALE","","2019","384.86"
"ISL","","TOTAL","FEMALE","","2020","388.34"
"ISL","","TOTAL","FEMALE","","2021","386.11"
"ISR","","TOTAL","FEMALE","","1975","904.67"
"ISR","","TOTAL","FEMALE","","1976","852.96"
"ISR","","TOTAL","FEMALE","","1977","879.47"
"ISR","","TOTAL","FEMALE","","1978","852.58"
"ISR","","TOTAL","FEMALE","","1979","848.29"
"ISR","","TOTAL","FEMALE","","1980","844.48"
"ISR","","TOTAL","FEMALE","","1981","814.54"
"ISR","","TOTAL","FEMALE","","1982","847.57"
"ISR","","TOTAL","FEMALE","","1983","797.18"
"ISR","","TOTAL","FEMALE","","1984","773.03"
"ISR","","TOTAL","FEMALE","","1985","764.38"
"ISR","","TOTAL","FEMALE","","1986","768.93"
"ISR","","TOTAL","FEMALE","","1987","748.18"
"ISR","","TOTAL","FEMALE","","1988","725.79"
"ISR","","TOTAL","FEMALE","","1989","693.3"
"ISR","","TOTAL","FEMALE","","1990","668.5"
"ISR","","TOTAL","FEMALE","","1991","670.58"
"ISR","","TOTAL","FEMALE","","1992","674.94"
"ISR","","TOTAL","FEMALE","","1993","639.94"
"ISR","","TOTAL","FEMALE","","1994","620.35"
"ISR","","TOTAL","FEMALE","","1995","630.68"
"ISR","","TOTAL","FEMALE","","1996","576.33"
"ISR","","TOTAL","FEMALE","","1997","576.25"
"ISR","","TOTAL","FEMALE","","1998","569.03"
"ISR","","TOTAL","FEMALE","","1999","559.57"
"ISR","","TOTAL","FEMALE","","2000","541.04"
"ISR","","TOTAL","FEMALE","","2001","515.01"
"ISR","","TOTAL","FEMALE","","2002","522.99"
"ISR","","TOTAL","FEMALE","","2003","512.19"
"ISR","","TOTAL","FEMALE","","2004","490.85"
"ISR","","TOTAL","FEMALE","","2005","496.74"
"ISR","","TOTAL","FEMALE","","2006","478.9"
"ISR","","TOTAL","FEMALE","","2007","477.61"
"ISR","","TOTAL","FEMALE","","2008","453.42"
"ISR","","TOTAL","FEMALE","","2009","421.8"
"ISR","","TOTAL","FEMALE","","2010","412.2"
"ISR","","TOTAL","FEMALE","","2011","412.4"
"ISR","","TOTAL","FEMALE","","2012","413.14"
"ISR","","TOTAL","FEMALE","","2013","400.97"
"ISR","","TOTAL","FEMALE","","2014","391.63"
"ISR","","TOTAL","FEMALE","","2015","394.8"
"ISR","","TOTAL","FEMALE","","2016","388.52"
"ISR","","TOTAL","FEMALE","","2017","374.78"
"ISR","","TOTAL","FEMALE","","2018","366.83"
"ISR","","TOTAL","FEMALE","","2019","371.83"
"ISR","","TOTAL","FEMALE","","2020","374.75"
"ISR","","TOTAL","FEMALE","","2021","419.09"
"ITA","","TOTAL","FEMALE","","1968","918.62"
"ITA","","TOTAL","FEMALE","","1969","903.21"
"ITA","","TOTAL","FEMALE","","1970","849.97"
"ITA","","TOTAL","FEMALE","","1971","832.4"
"ITA","","TOTAL","FEMALE","","1972","822.94"
"ITA","","TOTAL","FEMALE","","1973","857.72"
"ITA","","TOTAL","FEMALE","","1974","789.81"
"ITA","","TOTAL","FEMALE","","1975","799.14"
"ITA","","TOTAL","FEMALE","","1976","773.98"
"ITA","","TOTAL","FEMALE","","1977","750.23"
"ITA","","TOTAL","FEMALE","","1978","720.55"
"ITA","","TOTAL","FEMALE","","1979","699.37"
"ITA","","TOTAL","FEMALE","","1980","704.67"
"ITA","","TOTAL","FEMALE","","1981","674.47"
"ITA","","TOTAL","FEMALE","","1982","682.31"
"ITA","","TOTAL","FEMALE","","1983","705.99"
"ITA","","TOTAL","FEMALE","","1984","650.18"
"ITA","","TOTAL","FEMALE","","1985","649.54"
"ITA","","TOTAL","FEMALE","","1986","629.14"
"ITA","","TOTAL","FEMALE","","1987","599.61"
"ITA","","TOTAL","FEMALE","","1988","592.82"
"ITA","","TOTAL","FEMALE","","1989","567.78"
"ITA","","TOTAL","FEMALE","","1990","564.4"
"ITA","","TOTAL","FEMALE","","1991","561.18"
"ITA","","TOTAL","FEMALE","","1992","551.67"
"ITA","","TOTAL","FEMALE","","1993","543.45"
"ITA","","TOTAL","FEMALE","","1994","534.38"
"ITA","","TOTAL","FEMALE","","1995","521.4"
"ITA","","TOTAL","FEMALE","","1996","505.9"
"ITA","","TOTAL","FEMALE","","1997","498.35"
"ITA","","TOTAL","FEMALE","","1998","497.48"
"ITA","","TOTAL","FEMALE","","1999","480.96"
"ITA","","TOTAL","FEMALE","","2000","466.82"
"ITA","","TOTAL","FEMALE","","2001","451.2"
"ITA","","TOTAL","FEMALE","","2002","441.6"
"ITA","","TOTAL","FEMALE","","2003","458.88"
"ITA","","TOTAL","FEMALE","","2004","422.85"
"ITA","","TOTAL","FEMALE","","2005","430.59"
"ITA","","TOTAL","FEMALE","","2006","401.87"
"ITA","","TOTAL","FEMALE","","2007","401.07"
"ITA","","TOTAL","FEMALE","","2008","394.9"
"ITA","","TOTAL","FEMALE","","2009","391.24"
"ITA","","TOTAL","FEMALE","","2010","376.64"
"ITA","","TOTAL","FEMALE","","2011","381.4"
"ITA","","TOTAL","FEMALE","","2012","384.72"
"ITA","","TOTAL","FEMALE","","2013","366.09"
"ITA","","TOTAL","FEMALE","","2014","356.03"
"ITA","","TOTAL","FEMALE","","2015","378.01"
"ITA","","TOTAL","FEMALE","","2016","354.88"
"ITA","","TOTAL","FEMALE","","2017","367.06"
"ITA","","TOTAL","FEMALE","","2018","356.01"
"ITA","","TOTAL","FEMALE","","2019","351.09"
"ITA","","TOTAL","FEMALE","","2020","396.59"
"KAZ","","TOTAL","FEMALE","","1981","910.12"
"KAZ","","TOTAL","FEMALE","","1982","897.6"
"KAZ","","TOTAL","FEMALE","","1985","941.78"
"KAZ","","TOTAL","FEMALE","","1986","887.76"
"KAZ","","TOTAL","FEMALE","","1987","905.89"
"KAZ","","TOTAL","FEMALE","","1988","931.93"
"KAZ","","TOTAL","FEMALE","","1989","899.24"
"KAZ","","TOTAL","FEMALE","","1990","888.4"
"KAZ","","TOTAL","FEMALE","","1991","909.89"
"KAZ","","TOTAL","FEMALE","","1992","922.94"
"KAZ","","TOTAL","FEMALE","","1993","1005.82"
"KAZ","","TOTAL","FEMALE","","1994","1087.09"
"KAZ","","TOTAL","FEMALE","","1995","1106.83"
"KAZ","","TOTAL","FEMALE","","1996","1120.54"
"KAZ","","TOTAL","FEMALE","","1997","1092.94"
"KAZ","","TOTAL","FEMALE","","1998","1078.41"
"KAZ","","TOTAL","FEMALE","","1999","1053.26"
"KAZ","","TOTAL","FEMALE","","2000","1037.72"
"KAZ","","TOTAL","FEMALE","","2001","1083.7"
"KAZ","","TOTAL","FEMALE","","2002","1085.97"
"KAZ","","TOTAL","FEMALE","","2003","1112.37"
"KAZ","","TOTAL","FEMALE","","2004","1063.45"
"KAZ","","TOTAL","FEMALE","","2005","1082.72"
"KAZ","","TOTAL","FEMALE","","2006","1053.26"
"KAZ","","TOTAL","FEMALE","","2007","1034.27"
"KAZ","","TOTAL","FEMALE","","2008","1001.12"
"KAZ","","TOTAL","FEMALE","","2009","928.28"
"KAZ","","TOTAL","FEMALE","","2010","950.62"
"KAZ","","TOTAL","FEMALE","","2011","927.78"
"KAZ","","TOTAL","FEMALE","","2012","899.1"
"KAZ","","TOTAL","FEMALE","","2013","841.05"
"KAZ","","TOTAL","FEMALE","","2014","810.27"
"KAZ","","TOTAL","FEMALE","","2015","787.3"
"KAZ","","TOTAL","FEMALE","","2016","774.13"
"KAZ","","TOTAL","FEMALE","","2017","752.44"
"KAZ","","TOTAL","FEMALE","","2018","739.35"
"KAZ","","TOTAL","FEMALE","","2019","733.2"
"KAZ","","TOTAL","FEMALE","","2020","873.12"
"KAZ","","TOTAL","FEMALE","","2021","1001.13"
"KGZ","","TOTAL","FEMALE","","1981","902.23"
"KGZ","","TOTAL","FEMALE","","1982","885.83"
"KGZ","","TOTAL","FEMALE","","1985","959.15"
"KGZ","","TOTAL","FEMALE","","1986","856.29"
"KGZ","","TOTAL","FEMALE","","1987","878.46"
"KGZ","","TOTAL","FEMALE","","1988","925.85"
"KGZ","","TOTAL","FEMALE","","1989","899.88"
"KGZ","","TOTAL","FEMALE","","1990","883.45"
"KGZ","","TOTAL","FEMALE","","1991","912.71"
"KGZ","","TOTAL","FEMALE","","1992","950.74"
"KGZ","","TOTAL","FEMALE","","1993","1041.21"
"KGZ","","TOTAL","FEMALE","","1994","1161.65"
"KGZ","","TOTAL","FEMALE","","1995","1155.33"
"KGZ","","TOTAL","FEMALE","","1996","1074.61"
"KGZ","","TOTAL","FEMALE","","1997","1043.36"
"KGZ","","TOTAL","FEMALE","","1998","1032.03"
"KGZ","","TOTAL","FEMALE","","1999","991.52"
"KGZ","","TOTAL","FEMALE","","2000","1014.01"
"KGZ","","TOTAL","FEMALE","","2001","944.1"
"KGZ","","TOTAL","FEMALE","","2002","1039.49"
"KGZ","","TOTAL","FEMALE","","2003","1052.92"
"KGZ","","TOTAL","FEMALE","","2004","993.59"
"KGZ","","TOTAL","FEMALE","","2005","1018.88"
"KGZ","","TOTAL","FEMALE","","2006","1026.49"
"KGZ","","TOTAL","FEMALE","","2007","978.38"
"KGZ","","TOTAL","FEMALE","","2008","968.93"
"KGZ","","TOTAL","FEMALE","","2009","950.89"
"KGZ","","TOTAL","FEMALE","","2010","932.96"
"KGZ","","TOTAL","FEMALE","","2011","926.68"
"KGZ","","TOTAL","FEMALE","","2012","909.74"
"KGZ","","TOTAL","FEMALE","","2013","847.86"
"KGZ","","TOTAL","FEMALE","","2014","846.74"
"KGZ","","TOTAL","FEMALE","","2015","825.01"
"KGZ","","TOTAL","FEMALE","","2016","758.7"
"LTU","","TOTAL","FEMALE","","1981","802.31"
"LTU","","TOTAL","FEMALE","","1982","776.96"
"LTU","","TOTAL","FEMALE","","1985","838.87"
"LTU","","TOTAL","FEMALE","","1986","772.83"
"LTU","","TOTAL","FEMALE","","1987","777.36"
"LTU","","TOTAL","FEMALE","","1988","776.76"
"LTU","","TOTAL","FEMALE","","1989","760.61"
"LTU","","TOTAL","FEMALE","","1990","775.42"
"LTU","","TOTAL","FEMALE","","1991","777.55"
"LTU","","TOTAL","FEMALE","","1992","769.08"
"LTU","","TOTAL","FEMALE","","1993","844.95"
"LTU","","TOTAL","FEMALE","","1994","847.19"
"LTU","","TOTAL","FEMALE","","1995","837.79"
"LTU","","TOTAL","FEMALE","","1996","791.95"
"LTU","","TOTAL","FEMALE","","1997","758.85"
"LTU","","TOTAL","FEMALE","","1998","757.43"
"LTU","","TOTAL","FEMALE","","1999","730.6"
"LTU","","TOTAL","FEMALE","","2000","711.75"
"LTU","","TOTAL","FEMALE","","2001","719.95"
"LTU","","TOTAL","FEMALE","","2002","721.73"
"LTU","","TOTAL","FEMALE","","2003","703.29"
"LTU","","TOTAL","FEMALE","","2004","701.6"
"LTU","","TOTAL","FEMALE","","2005","722.18"
"LTU","","TOTAL","FEMALE","","2006","731.65"
"LTU","","TOTAL","FEMALE","","2007","718.43"
"LTU","","TOTAL","FEMALE","","2008","699.9"
"LTU","","TOTAL","FEMALE","","2009","648.18"
"LTU","","TOTAL","FEMALE","","2010","641.49"
"LTU","","TOTAL","FEMALE","","2011","617.28"
"LTU","","TOTAL","FEMALE","","2012","604.26"
"LTU","","TOTAL","FEMALE","","2013","606.02"
"LTU","","TOTAL","FEMALE","","2014","578.47"
"LTU","","TOTAL","FEMALE","","2015","598.46"
"LTU","","TOTAL","FEMALE","","2016","579.81"
"LTU","","TOTAL","FEMALE","","2017","566.18"
"LTU","","TOTAL","FEMALE","","2018","552.28"
"LTU","","TOTAL","FEMALE","","2019","530.44"
"LTU","","TOTAL","FEMALE","","2020","591.39"
"LTU","","TOTAL","FEMALE","","2021","666.92"
"LTU","","TOTAL","FEMALE","","2022","593.66"
"LUX","","TOTAL","FEMALE","","1971","995.37"
"LUX","","TOTAL","FEMALE","","1972","917.31"
"LUX","","TOTAL","FEMALE","","1973","897.63"
"LUX","","TOTAL","FEMALE","","1974","926.61"
"LUX","","TOTAL","FEMALE","","1975","922.55"
"LUX","","TOTAL","FEMALE","","1976","936.63"
"LUX","","TOTAL","FEMALE","","1977","782.53"
"LUX","","TOTAL","FEMALE","","1978","864.23"
"LUX","","TOTAL","FEMALE","","1979","816.26"
"LUX","","TOTAL","FEMALE","","1980","869.5"
"LUX","","TOTAL","FEMALE","","1981","818.12"
"LUX","","TOTAL","FEMALE","","1982","793.76"
"LUX","","TOTAL","FEMALE","","1983","796.62"
"LUX","","TOTAL","FEMALE","","1984","774.45"
"LUX","","TOTAL","FEMALE","","1985","763.35"
"LUX","","TOTAL","FEMALE","","1986","711.44"
"LUX","","TOTAL","FEMALE","","1987","742.17"
"LUX","","TOTAL","FEMALE","","1988","652.88"
"LUX","","TOTAL","FEMALE","","1989","701.58"
"LUX","","TOTAL","FEMALE","","1990","660.24"
"LUX","","TOTAL","FEMALE","","1991","626.31"
"LUX","","TOTAL","FEMALE","","1992","630.04"
"LUX","","TOTAL","FEMALE","","1993","619.69"
"LUX","","TOTAL","FEMALE","","1994","562.5"
"LUX","","TOTAL","FEMALE","","1995","537.5"
"LUX","","TOTAL","FEMALE","","1996","543.19"
"LUX","","TOTAL","FEMALE","","1997","557.34"
"LUX","","TOTAL","FEMALE","","1998","522.91"
"LUX","","TOTAL","FEMALE","","1999","498.85"
"LUX","","TOTAL","FEMALE","","2000","488.82"
"LUX","","TOTAL","FEMALE","","2001","520.8"
"LUX","","TOTAL","FEMALE","","2002","504.99"
"LUX","","TOTAL","FEMALE","","2003","540.65"
"LUX","","TOTAL","FEMALE","","2004","453.79"
"LUX","","TOTAL","FEMALE","","2005","469.36"
"LUX","","TOTAL","FEMALE","","2006","481.35"
"LUX","","TOTAL","FEMALE","","2007","478.05"
"LUX","","TOTAL","FEMALE","","2008","431.75"
"LUX","","TOTAL","FEMALE","","2009","423.11"
"LUX","","TOTAL","FEMALE","","2010","415.98"
"LUX","","TOTAL","FEMALE","","2011","423.2"
"LUX","","TOTAL","FEMALE","","2012","406.43"
"LUX","","TOTAL","FEMALE","","2013","401.11"
"LUX","","TOTAL","FEMALE","","2014","359.66"
"LUX","","TOTAL","FEMALE","","2015","378.85"
"LUX","","TOTAL","FEMALE","","2016","360.47"
"LUX","","TOTAL","FEMALE","","2017","383.95"
"LUX","","TOTAL","FEMALE","","2018","443.45"
"LUX","","TOTAL","FEMALE","","2019","350.74"
"LUX","","TOTAL","FEMALE","","2020","367.54"
"LUX","","TOTAL","FEMALE","","2021","352.7"
"LUX","","TOTAL","FEMALE","","2022","341.23"
"LVA","","TOTAL","FEMALE","","1980","911.35"
"LVA","","TOTAL","FEMALE","","1981","895.26"
"LVA","","TOTAL","FEMALE","","1982","875.91"
"LVA","","TOTAL","FEMALE","","1983","892.75"
"LVA","","TOTAL","FEMALE","","1984","913.8"
"LVA","","TOTAL","FEMALE","","1985","957.44"
"LVA","","TOTAL","FEMALE","","1986","868.52"
"LVA","","TOTAL","FEMALE","","1987","877.94"
"LVA","","TOTAL","FEMALE","","1988","862.31"
"LVA","","TOTAL","FEMALE","","1989","845.56"
"LVA","","TOTAL","FEMALE","","1990","889.18"
"LVA","","TOTAL","FEMALE","","1991","880.13"
"LVA","","TOTAL","FEMALE","","1992","882.28"
"LVA","","TOTAL","FEMALE","","1993","959.93"
"LVA","","TOTAL","FEMALE","","1994","1013.28"
"LVA","","TOTAL","FEMALE","","1995","972.35"
"LVA","","TOTAL","FEMALE","","1996","870.31"
"LVA","","TOTAL","FEMALE","","1997","860.59"
"LVA","","TOTAL","FEMALE","","1998","879.73"
"LVA","","TOTAL","FEMALE","","1999","828.78"
"LVA","","TOTAL","FEMALE","","2000","807.68"
"LVA","","TOTAL","FEMALE","","2001","834.55"
"LVA","","TOTAL","FEMALE","","2002","813.54"
"LVA","","TOTAL","FEMALE","","2003","828.64"
"LVA","","TOTAL","FEMALE","","2004","802.53"
"LVA","","TOTAL","FEMALE","","2005","793.81"
"LVA","","TOTAL","FEMALE","","2006","802.69"
"LVA","","TOTAL","FEMALE","","2007","793.38"
"LVA","","TOTAL","FEMALE","","2008","722.22"
"LVA","","TOTAL","FEMALE","","2009","699.9"
"LVA","","TOTAL","FEMALE","","2010","691.32"
"LVA","","TOTAL","FEMALE","","2011","647.12"
"LVA","","TOTAL","FEMALE","","2012","645.26"
"LVA","","TOTAL","FEMALE","","2013","639.72"
"LVA","","TOTAL","FEMALE","","2014","603.84"
"LVA","","TOTAL","FEMALE","","2015","607.02"
"LVA","","TOTAL","FEMALE","","2016","599.96"
"LVA","","TOTAL","FEMALE","","2017","597.79"
"LVA","","TOTAL","FEMALE","","2018","598.69"
"LVA","","TOTAL","FEMALE","","2019","575.11"
"LVA","","TOTAL","FEMALE","","2020","588.44"
"LVA","","TOTAL","FEMALE","","2021","709.21"
"MDA","","TOTAL","FEMALE","","1981","1192.08"
"MDA","","TOTAL","FEMALE","","1982","1141.41"
"MDA","","TOTAL","FEMALE","","1985","1256.91"
"MDA","","TOTAL","FEMALE","","1986","1086.39"
"MDA","","TOTAL","FEMALE","","1987","1068.27"
"MDA","","TOTAL","FEMALE","","1988","1060.95"
"MDA","","TOTAL","FEMALE","","1989","1010.95"
"MDA","","TOTAL","FEMALE","","1990","1069.5"
"MDA","","TOTAL","FEMALE","","1991","1168.07"
"MDA","","TOTAL","FEMALE","","1992","1104.73"
"MDA","","TOTAL","FEMALE","","1993","1185.7"
"MDA","","TOTAL","FEMALE","","1994","1301.27"
"MDA","","TOTAL","FEMALE","","1995","1317.25"
"MDA","","TOTAL","FEMALE","","1996","1258.04"
"MDA","","TOTAL","FEMALE","","1997","1232.74"
"MDA","","TOTAL","FEMALE","","1998","1157.86"
"MDA","","TOTAL","FEMALE","","1999","1173.06"
"MDA","","TOTAL","FEMALE","","2000","1167.44"
"MDA","","TOTAL","FEMALE","","2001","1122.75"
"MDA","","TOTAL","FEMALE","","2002","1154.71"
"MDA","","TOTAL","FEMALE","","2003","1173.12"
"MDA","","TOTAL","FEMALE","","2004","1087.38"
"MDA","","TOTAL","FEMALE","","2005","1159.41"
"MDA","","TOTAL","FEMALE","","2006","1083.15"
"MDA","","TOTAL","FEMALE","","2007","1047.48"
"MDA","","TOTAL","FEMALE","","2008","1001.86"
"MDA","","TOTAL","FEMALE","","2009","983.31"
"MDA","","TOTAL","FEMALE","","2010","995.56"
"MDA","","TOTAL","FEMALE","","2011","888.67"
"MDA","","TOTAL","FEMALE","","2012","879.24"
"MDA","","TOTAL","FEMALE","","2013","835.79"
"MDA","","TOTAL","FEMALE","","2014","856.18"
"MDA","","TOTAL","FEMALE","","2015","846.99"
"MDA","","TOTAL","FEMALE","","2016","794.5"
"MDA","","TOTAL","FEMALE","","2017","749.76"
"MDA","","TOTAL","FEMALE","","2018","734.5"
"MKD","","TOTAL","FEMALE","","1991","856.8"
"MKD","","TOTAL","FEMALE","","1992","922.77"
"MKD","","TOTAL","FEMALE","","1993","871.06"
"MKD","","TOTAL","FEMALE","","1994","868.48"
"MKD","","TOTAL","FEMALE","","1995","890.81"
"MKD","","TOTAL","FEMALE","","1996","851.42"
"MKD","","TOTAL","FEMALE","","1997","874.96"
"MKD","","TOTAL","FEMALE","","1998","935.24"
"MKD","","TOTAL","FEMALE","","1999","892.16"
"MKD","","TOTAL","FEMALE","","2000","903.09"
"MKD","","TOTAL","FEMALE","","2001","834.88"
"MKD","","TOTAL","FEMALE","","2002","907.35"
"MKD","","TOTAL","FEMALE","","2003","894.38"
"MKD","","TOTAL","FEMALE","","2004","883.49"
"MKD","","TOTAL","FEMALE","","2005","886.37"
"MKD","","TOTAL","FEMALE","","2006","852.94"
"MKD","","TOTAL","FEMALE","","2007","889.44"
"MKD","","TOTAL","FEMALE","","2008","842.4"
"MKD","","TOTAL","FEMALE","","2009","822.55"
"MKD","","TOTAL","FEMALE","","2010","790.55"
"MKD","","TOTAL","FEMALE","","2011","799.91"
"MKD","","TOTAL","FEMALE","","2012","817.85"
"MKD","","TOTAL","FEMALE","","2013","754.5"
"MKD","","TOTAL","FEMALE","","2015","786.94"
"MKD","","TOTAL","FEMALE","","2016","750.61"
"MKD","","TOTAL","FEMALE","","2017","737.81"
"MKD","","TOTAL","FEMALE","","2018","692.67"
"MKD","","TOTAL","FEMALE","","2019","946.95"
"MKD","","TOTAL","FEMALE","","2020","835.88"
"MKD","","TOTAL","FEMALE","","2021","942.35"
"MLT","","TOTAL","FEMALE","","1968","1093.92"
"MLT","","TOTAL","FEMALE","","1969","1093.77"
"MLT","","TOTAL","FEMALE","","1970","1065.4"
"MLT","","TOTAL","FEMALE","","1971","1090.22"
"MLT","","TOTAL","FEMALE","","1972","1018.84"
"MLT","","TOTAL","FEMALE","","1973","1419.54"
"MLT","","TOTAL","FEMALE","","1974","1274.85"
"MLT","","TOTAL","FEMALE","","1975","1370.82"
"MLT","","TOTAL","FEMALE","","1976","1389.89"
"MLT","","TOTAL","FEMALE","","1977","1345.83"
"MLT","","TOTAL","FEMALE","","1978","1612.13"
"MLT","","TOTAL","FEMALE","","1979","1476.18"
"MLT","","TOTAL","FEMALE","","1980","1484.76"
"MLT","","TOTAL","FEMALE","","1981","1689.96"
"MLT","","TOTAL","FEMALE","","1982","942.28"
"MLT","","TOTAL","FEMALE","","1983","984.65"
"MLT","","TOTAL","FEMALE","","1984","866.75"
"MLT","","TOTAL","FEMALE","","1985","863.35"
"MLT","","TOTAL","FEMALE","","1986","817.39"
"MLT","","TOTAL","FEMALE","","1987","820.25"
"MLT","","TOTAL","FEMALE","","1988","762.77"
"MLT","","TOTAL","FEMALE","","1989","730.45"
"MLT","","TOTAL","FEMALE","","1990","703.25"
"MLT","","TOTAL","FEMALE","","1991","728.09"
"MLT","","TOTAL","FEMALE","","1992","731.66"
"MLT","","TOTAL","FEMALE","","1993","640.6"
"MLT","","TOTAL","FEMALE","","1994","655.71"
"MLT","","TOTAL","FEMALE","","1995","632.96"
"MLT","","TOTAL","FEMALE","","1996","598.63"
"MLT","","TOTAL","FEMALE","","1997","589"
"MLT","","TOTAL","FEMALE","","1998","610.84"
"MLT","","TOTAL","FEMALE","","1999","643.98"
"MLT","","TOTAL","FEMALE","","2000","585.92"
"MLT","","TOTAL","FEMALE","","2001","552.46"
"MLT","","TOTAL","FEMALE","","2002","539.24"
"MLT","","TOTAL","FEMALE","","2003","569.14"
"MLT","","TOTAL","FEMALE","","2004","531.28"
"MLT","","TOTAL","FEMALE","","2005","525.13"
"MLT","","TOTAL","FEMALE","","2006","503.32"
"MLT","","TOTAL","FEMALE","","2007","478.85"
"MLT","","TOTAL","FEMALE","","2008","478.98"
"MLT","","TOTAL","FEMALE","","2009","455.89"
"MLT","","TOTAL","FEMALE","","2010","428.68"
"MLT","","TOTAL","FEMALE","","2011","440.37"
"MLT","","TOTAL","FEMALE","","2012","444.64"
"MLT","","TOTAL","FEMALE","","2013","404.57"
"MLT","","TOTAL","FEMALE","","2014","396.93"
"MLT","","TOTAL","FEMALE","","2015","405.68"
"MLT","","TOTAL","FEMALE","","2016","390.74"
"MLT","","TOTAL","FEMALE","","2017","387.47"
"MNE","","TOTAL","FEMALE","","1985","652.54"
"MNE","","TOTAL","FEMALE","","1986","628.43"
"MNE","","TOTAL","FEMALE","","1987","642.81"
"MNE","","TOTAL","FEMALE","","1988","558.17"
"MNE","","TOTAL","FEMALE","","1989","553.6"
"MNE","","TOTAL","FEMALE","","1990","539.53"
"MNE","","TOTAL","FEMALE","","1991","586.46"
"MNE","","TOTAL","FEMALE","","1992","614.69"
"MNE","","TOTAL","FEMALE","","1993","635.22"
"MNE","","TOTAL","FEMALE","","1994","676.25"
"MNE","","TOTAL","FEMALE","","1995","686.61"
"MNE","","TOTAL","FEMALE","","1996","606.84"
"MNE","","TOTAL","FEMALE","","1997","673.31"
"MNE","","TOTAL","FEMALE","","2000","800"
"MNE","","TOTAL","FEMALE","","2001","816.73"
"MNE","","TOTAL","FEMALE","","2002","795.01"
"MNE","","TOTAL","FEMALE","","2003","837.32"
"MNE","","TOTAL","FEMALE","","2004","793.75"
"MNE","","TOTAL","FEMALE","","2005","785.62"
"MNE","","TOTAL","FEMALE","","2006","795.72"
"MNE","","TOTAL","FEMALE","","2007","786.17"
"MNE","","TOTAL","FEMALE","","2008","710.21"
"MNE","","TOTAL","FEMALE","","2009","714.7"
"MNE","","TOTAL","FEMALE","","2017","547.42"
"MNE","","TOTAL","FEMALE","","2019","509.3"
"NLD","","TOTAL","FEMALE","","1969","787.85"
"NLD","","TOTAL","FEMALE","","1970","775.78"
"NLD","","TOTAL","FEMALE","","1971","763.96"
"NLD","","TOTAL","FEMALE","","1972","764.73"
"NLD","","TOTAL","FEMALE","","1973","730.84"
"NLD","","TOTAL","FEMALE","","1974","701.97"
"NLD","","TOTAL","FEMALE","","1975","703.2"
"NLD","","TOTAL","FEMALE","","1976","686.05"
"NLD","","TOTAL","FEMALE","","1977","645.37"
"NLD","","TOTAL","FEMALE","","1978","649.16"
"NLD","","TOTAL","FEMALE","","1979","624.52"
"NLD","","TOTAL","FEMALE","","1980","610.08"
"NLD","","TOTAL","FEMALE","","1981","604.62"
"NLD","","TOTAL","FEMALE","","1982","598.28"
"NLD","","TOTAL","FEMALE","","1983","590.1"
"NLD","","TOTAL","FEMALE","","1984","588.38"
"NLD","","TOTAL","FEMALE","","1985","591.17"
"NLD","","TOTAL","FEMALE","","1986","594.85"
"NLD","","TOTAL","FEMALE","","1987","568.25"
"NLD","","TOTAL","FEMALE","","1988","563.97"
"NLD","","TOTAL","FEMALE","","1989","581.35"
"NLD","","TOTAL","FEMALE","","1990","571.56"
"NLD","","TOTAL","FEMALE","","1991","570.34"
"NLD","","TOTAL","FEMALE","","1992","562.96"
"NLD","","TOTAL","FEMALE","","1993","585.95"
"NLD","","TOTAL","FEMALE","","1994","566.87"
"NLD","","TOTAL","FEMALE","","1995","564.8"
"NLD","","TOTAL","FEMALE","","1996","565.6"
"NLD","","TOTAL","FEMALE","","1997","556.54"
"NLD","","TOTAL","FEMALE","","1998","552.52"
"NLD","","TOTAL","FEMALE","","1999","564.13"
"NLD","","TOTAL","FEMALE","","2000","556.83"
"NLD","","TOTAL","FEMALE","","2001","551.34"
"NLD","","TOTAL","FEMALE","","2002","553.99"
"NLD","","TOTAL","FEMALE","","2003","544.01"
"NLD","","TOTAL","FEMALE","","2004","516.83"
"NLD","","TOTAL","FEMALE","","2005","506.49"
"NLD","","TOTAL","FEMALE","","2006","494.08"
"NLD","","TOTAL","FEMALE","","2007","472.38"
"NLD","","TOTAL","FEMALE","","2008","474.69"
"NLD","","TOTAL","FEMALE","","2009","455.95"
"NLD","","TOTAL","FEMALE","","2010","454.34"
"NLD","","TOTAL","FEMALE","","2011","448.88"
"NLD","","TOTAL","FEMALE","","2012","452.91"
"NLD","","TOTAL","FEMALE","","2013","443.49"
"NLD","","TOTAL","FEMALE","","2014","432.01"
"NLD","","TOTAL","FEMALE","","2015","444.05"
"NLD","","TOTAL","FEMALE","","2016","442.94"
"NLD","","TOTAL","FEMALE","","2017","434.72"
"NLD","","TOTAL","FEMALE","","2018","419.88"
"NLD","","TOTAL","FEMALE","","2019","396.04"
"NLD","","TOTAL","FEMALE","","2020","437.69"
"NLD","","TOTAL","FEMALE","","2021","452.24"
"NLD","","TOTAL","FEMALE","","2022","448.39"
"NOR","","TOTAL","FEMALE","","1969","758.16"
"NOR","","TOTAL","FEMALE","","1970","731.3"
"NOR","","TOTAL","FEMALE","","1971","732.1"
"NOR","","TOTAL","FEMALE","","1972","723.87"
"NOR","","TOTAL","FEMALE","","1973","708.02"
"NOR","","TOTAL","FEMALE","","1974","697.57"
"NOR","","TOTAL","FEMALE","","1975","688"
"NOR","","TOTAL","FEMALE","","1976","677.64"
"NOR","","TOTAL","FEMALE","","1977","650.81"
"NOR","","TOTAL","FEMALE","","1978","652.37"
"NOR","","TOTAL","FEMALE","","1979","646.19"
"NOR","","TOTAL","FEMALE","","1980","622.13"
"NOR","","TOTAL","FEMALE","","1981","619.38"
"NOR","","TOTAL","FEMALE","","1982","597.22"
"NOR","","TOTAL","FEMALE","","1983","596.77"
"NOR","","TOTAL","FEMALE","","1984","592.32"
"NOR","","TOTAL","FEMALE","","1985","607.07"
"NOR","","TOTAL","FEMALE","","1986","587.8"
"NOR","","TOTAL","FEMALE","","1987","595.4"
"NOR","","TOTAL","FEMALE","","1988","603.48"
"NOR","","TOTAL","FEMALE","","1989","589.92"
"NOR","","TOTAL","FEMALE","","1990","592.92"
"NOR","","TOTAL","FEMALE","","1991","574.01"
"NOR","","TOTAL","FEMALE","","1992","564.11"
"NOR","","TOTAL","FEMALE","","1993","579.97"
"NOR","","TOTAL","FEMALE","","1994","551.07"
"NOR","","TOTAL","FEMALE","","1995","549.92"
"NOR","","TOTAL","FEMALE","","1996","534.74"
"NOR","","TOTAL","FEMALE","","1997","538.9"
"NOR","","TOTAL","FEMALE","","1998","524.01"
"NOR","","TOTAL","FEMALE","","1999","532.06"
"NOR","","TOTAL","FEMALE","","2000","518.71"
"NOR","","TOTAL","FEMALE","","2001","511.57"
"NOR","","TOTAL","FEMALE","","2002","514.46"
"NOR","","TOTAL","FEMALE","","2003","491.62"
"NOR","","TOTAL","FEMALE","","2004","470.99"
"NOR","","TOTAL","FEMALE","","2005","461.48"
"NOR","","TOTAL","FEMALE","","2006","459.17"
"NOR","","TOTAL","FEMALE","","2007","457.66"
"NOR","","TOTAL","FEMALE","","2008","445.67"
"NOR","","TOTAL","FEMALE","","2009","440.7"
"NOR","","TOTAL","FEMALE","","2010","438.73"
"NOR","","TOTAL","FEMALE","","2011","427.18"
"NOR","","TOTAL","FEMALE","","2012","434.37"
"NOR","","TOTAL","FEMALE","","2013","422.26"
"NOR","","TOTAL","FEMALE","","2014","405.03"
"NOR","","TOTAL","FEMALE","","2015","405.14"
"NOR","","TOTAL","FEMALE","","2016","403.69"
"","NORDIC","TOTAL","FEMALE","","1969","841.69"
"","NORDIC","TOTAL","FEMALE","","1970","796.09"
"","NORDIC","TOTAL","FEMALE","","1971","792.39"
"","NORDIC","TOTAL","FEMALE","","1972","777.53"
"","NORDIC","TOTAL","FEMALE","","1973","752.15"
"","NORDIC","TOTAL","FEMALE","","1974","743.16"
"","NORDIC","TOTAL","FEMALE","","1975","728.14"
"","NORDIC","TOTAL","FEMALE","","1976","729.2"
"","NORDIC","TOTAL","FEMALE","","1977","684.68"
"","NORDIC","TOTAL","FEMALE","","1978","681.02"
"","NORDIC","TOTAL","FEMALE","","1979","677.33"
"","NORDIC","TOTAL","FEMALE","","1980","672.21"
"","NORDIC","TOTAL","FEMALE","","1981","662.06"
"","NORDIC","TOTAL","FEMALE","","1982","637.5"
"","NORDIC","TOTAL","FEMALE","","1983","637.3"
"","NORDIC","TOTAL","FEMALE","","1984","625.38"
"","NORDIC","TOTAL","FEMALE","","1985","640.96"
"","NORDIC","TOTAL","FEMALE","","1986","624.91"
"","NORDIC","TOTAL","FEMALE","","1987","620.66"
"","NORDIC","TOTAL","FEMALE","","1988","630.37"
"","NORDIC","TOTAL","FEMALE","","1989","610.4"
"","NORDIC","TOTAL","FEMALE","","1990","615.66"
"","NORDIC","TOTAL","FEMALE","","1991","599.25"
"","NORDIC","TOTAL","FEMALE","","1992","593.99"
"","NORDIC","TOTAL","FEMALE","","1993","606.43"
"","NORDIC","TOTAL","FEMALE","","1994","571.78"
"","NORDIC","TOTAL","FEMALE","","1995","576.58"
"","NORDIC","TOTAL","FEMALE","","1996","562.73"
"","NORDIC","TOTAL","FEMALE","","1997","556.13"
"","NORDIC","TOTAL","FEMALE","","1998","541.95"
"","NORDIC","TOTAL","FEMALE","","1999","548.67"
"","NORDIC","TOTAL","FEMALE","","2000","535.67"
"","NORDIC","TOTAL","FEMALE","","2001","528.54"
"","NORDIC","TOTAL","FEMALE","","2002","531.37"
"","NORDIC","TOTAL","FEMALE","","2003","512.9"
"","NORDIC","TOTAL","FEMALE","","2004","496.1"
"","NORDIC","TOTAL","FEMALE","","2005","485.03"
"","NORDIC","TOTAL","FEMALE","","2006","477.39"
"","NORDIC","TOTAL","FEMALE","","2007","475.75"
"","NORDIC","TOTAL","FEMALE","","2008","465.15"
"","NORDIC","TOTAL","FEMALE","","2009","457.92"
"","NORDIC","TOTAL","FEMALE","","2010","451.73"
"","NORDIC","TOTAL","FEMALE","","2011","438.34"
"","NORDIC","TOTAL","FEMALE","","2012","441.85"
"","NORDIC","TOTAL","FEMALE","","2013","431.3"
"","NORDIC","TOTAL","FEMALE","","2014","418.41"
"","NORDIC","TOTAL","FEMALE","","2015","420.47"
"","NORDIC","TOTAL","FEMALE","","2016","415.84"
"","NORDIC","TOTAL","FEMALE","","2017","411.81"
"","NORDIC","TOTAL","FEMALE","","2018","411.03"
"","NORDIC","TOTAL","FEMALE","","2019","396.9"
"","NORDIC","TOTAL","FEMALE","","2020","404.05"
"","NORDIC","TOTAL","FEMALE","","2021","390.59"
"POL","","TOTAL","FEMALE","","1969","912.28"
"POL","","TOTAL","FEMALE","","1970","976.91"
"POL","","TOTAL","FEMALE","","1971","941.43"
"POL","","TOTAL","FEMALE","","1972","870.12"
"POL","","TOTAL","FEMALE","","1973","875.86"
"POL","","TOTAL","FEMALE","","1974","834.55"
"POL","","TOTAL","FEMALE","","1975","854.05"
"POL","","TOTAL","FEMALE","","1976","852.04"
"POL","","TOTAL","FEMALE","","1977","843.61"
"POL","","TOTAL","FEMALE","","1978","850.11"
"POL","","TOTAL","FEMALE","","1979","831.16"
"POL","","TOTAL","FEMALE","","1980","889.72"
"POL","","TOTAL","FEMALE","","1981","824.94"
"POL","","TOTAL","FEMALE","","1982","830.1"
"POL","","TOTAL","FEMALE","","1983","848.13"
"POL","","TOTAL","FEMALE","","1984","874.62"
"POL","","TOTAL","FEMALE","","1985","901.97"
"POL","","TOTAL","FEMALE","","1986","872.71"
"POL","","TOTAL","FEMALE","","1987","867.68"
"POL","","TOTAL","FEMALE","","1988","828.34"
"POL","","TOTAL","FEMALE","","1989","838.03"
"POL","","TOTAL","FEMALE","","1990","832.82"
"POL","","TOTAL","FEMALE","","1991","853.64"
"POL","","TOTAL","FEMALE","","1992","826.74"
"POL","","TOTAL","FEMALE","","1993","823.53"
"POL","","TOTAL","FEMALE","","1994","807.42"
"POL","","TOTAL","FEMALE","","1995","790.69"
"POL","","TOTAL","FEMALE","","1996","786.54"
"POL","","TOTAL","FEMALE","","1999","735.62"
"POL","","TOTAL","FEMALE","","2000","699.62"
"POL","","TOTAL","FEMALE","","2001","677.34"
"POL","","TOTAL","FEMALE","","2002","654.74"
"POL","","TOTAL","FEMALE","","2003","659.68"
"POL","","TOTAL","FEMALE","","2004","635.09"
"POL","","TOTAL","FEMALE","","2005","627.34"
"POL","","TOTAL","FEMALE","","2006","607.88"
"POL","","TOTAL","FEMALE","","2007","600.69"
"POL","","TOTAL","FEMALE","","2008","588.93"
"POL","","TOTAL","FEMALE","","2009","583.9"
"POL","","TOTAL","FEMALE","","2010","555.69"
"POL","","TOTAL","FEMALE","","2011","538.12"
"POL","","TOTAL","FEMALE","","2012","539.03"
"POL","","TOTAL","FEMALE","","2013","534.02"
"POL","","TOTAL","FEMALE","","2014","507.42"
"POL","","TOTAL","FEMALE","","2015","518.78"
"POL","","TOTAL","FEMALE","","2016","496.37"
"POL","","TOTAL","FEMALE","","2017","508.1"
"POL","","TOTAL","FEMALE","","2018","506.3"
"POL","","TOTAL","FEMALE","","2019","500.5"
"POL","","TOTAL","FEMALE","","2020","560.96"
"POL","","TOTAL","FEMALE","","2021","621.21"
"PRT","","TOTAL","FEMALE","","1971","1117.45"
"PRT","","TOTAL","FEMALE","","1972","1033.13"
"PRT","","TOTAL","FEMALE","","1973","1085.75"
"PRT","","TOTAL","FEMALE","","1974","1090.42"
"PRT","","TOTAL","FEMALE","","1975","995.79"
"PRT","","TOTAL","FEMALE","","1976","1041.18"
"PRT","","TOTAL","FEMALE","","1977","968.78"
"PRT","","TOTAL","FEMALE","","1978","990.53"
"PRT","","TOTAL","FEMALE","","1979","949.15"
"PRT","","TOTAL","FEMALE","","1980","905.33"
"PRT","","TOTAL","FEMALE","","1981","834.88"
"PRT","","TOTAL","FEMALE","","1982","788.31"
"PRT","","TOTAL","FEMALE","","1983","813.57"
"PRT","","TOTAL","FEMALE","","1984","802.8"
"PRT","","TOTAL","FEMALE","","1985","784.96"
"PRT","","TOTAL","FEMALE","","1986","754.24"
"PRT","","TOTAL","FEMALE","","1987","730.17"
"PRT","","TOTAL","FEMALE","","1988","727.79"
"PRT","","TOTAL","FEMALE","","1989","693.25"
"PRT","","TOTAL","FEMALE","","1990","727.21"
"PRT","","TOTAL","FEMALE","","1991","714.91"
"PRT","","TOTAL","FEMALE","","1992","673.41"
"PRT","","TOTAL","FEMALE","","1993","695.14"
"PRT","","TOTAL","FEMALE","","1994","636.02"
"PRT","","TOTAL","FEMALE","","1995","644.19"
"PRT","","TOTAL","FEMALE","","1996","641.52"
"PRT","","TOTAL","FEMALE","","1997","616.68"
"PRT","","TOTAL","FEMALE","","1998","605.59"
"PRT","","TOTAL","FEMALE","","1999","600.69"
"PRT","","TOTAL","FEMALE","","2000","567.37"
"PRT","","TOTAL","FEMALE","","2001","548.73"
"PRT","","TOTAL","FEMALE","","2002","543"
"PRT","","TOTAL","FEMALE","","2003","551.32"
"PRT","","TOTAL","FEMALE","","2004","502.33"
"PRT","","TOTAL","FEMALE","","2007","472.21"
"PRT","","TOTAL","FEMALE","","2008","464.98"
"PRT","","TOTAL","FEMALE","","2009","457.14"
"PRT","","TOTAL","FEMALE","","2010","446.54"
"PRT","","TOTAL","FEMALE","","2011","417.25"
"PRT","","TOTAL","FEMALE","","2012","424.48"
"PRT","","TOTAL","FEMALE","","2013","409.14"
"PRT","","TOTAL","FEMALE","","2014","393.97"
"PRT","","TOTAL","FEMALE","","2015","403.26"
"PRT","","TOTAL","FEMALE","","2016","398.65"
"PRT","","TOTAL","FEMALE","","2017","389.37"
"PRT","","TOTAL","FEMALE","","2018","390.14"
"ROU","","TOTAL","FEMALE","","1969","1144.9"
"ROU","","TOTAL","FEMALE","","1970","1085.77"
"ROU","","TOTAL","FEMALE","","1971","1073.69"
"ROU","","TOTAL","FEMALE","","1972","1041.27"
"ROU","","TOTAL","FEMALE","","1973","1120.23"
"ROU","","TOTAL","FEMALE","","1974","1002.43"
"ROU","","TOTAL","FEMALE","","1975","1007.49"
"ROU","","TOTAL","FEMALE","","1976","1035.42"
"ROU","","TOTAL","FEMALE","","1977","1174.8"
"ROU","","TOTAL","FEMALE","","1978","1013.74"
"ROU","","TOTAL","FEMALE","","1980","1113.59"
"ROU","","TOTAL","FEMALE","","1981","1040.03"
"ROU","","TOTAL","FEMALE","","1982","1040.99"
"ROU","","TOTAL","FEMALE","","1983","1086.63"
"ROU","","TOTAL","FEMALE","","1984","1066.59"
"ROU","","TOTAL","FEMALE","","1985","1084.7"
"ROU","","TOTAL","FEMALE","","1986","1030.18"
"ROU","","TOTAL","FEMALE","","1987","1077.13"
"ROU","","TOTAL","FEMALE","","1988","1051.65"
"ROU","","TOTAL","FEMALE","","1989","1009.19"
"ROU","","TOTAL","FEMALE","","1990","974.04"
"ROU","","TOTAL","FEMALE","","1991","983.33"
"ROU","","TOTAL","FEMALE","","1992","983.48"
"ROU","","TOTAL","FEMALE","","1993","975.08"
"ROU","","TOTAL","FEMALE","","1994","965.01"
"ROU","","TOTAL","FEMALE","","1995","961.7"
"ROU","","TOTAL","FEMALE","","1996","1019.43"
"ROU","","TOTAL","FEMALE","","1997","971.13"
"ROU","","TOTAL","FEMALE","","1998","942.29"
"ROU","","TOTAL","FEMALE","","1999","930.73"
"ROU","","TOTAL","FEMALE","","2000","879.38"
"ROU","","TOTAL","FEMALE","","2001","867.21"
"ROU","","TOTAL","FEMALE","","2002","901.87"
"ROU","","TOTAL","FEMALE","","2003","885.47"
"ROU","","TOTAL","FEMALE","","2004","845.79"
"ROU","","TOTAL","FEMALE","","2005","841.6"
"ROU","","TOTAL","FEMALE","","2006","808.33"
"ROU","","TOTAL","FEMALE","","2007","764.38"
"ROU","","TOTAL","FEMALE","","2008","740.56"
"ROU","","TOTAL","FEMALE","","2009","733.01"
"ROU","","TOTAL","FEMALE","","2010","724.75"
"ROU","","TOTAL","FEMALE","","2011","693.36"
"ROU","","TOTAL","FEMALE","","2012","688.45"
"ROU","","TOTAL","FEMALE","","2013","660.61"
"ROU","","TOTAL","FEMALE","","2014","655.93"
"ROU","","TOTAL","FEMALE","","2015","658.73"
"ROU","","TOTAL","FEMALE","","2016","640.15"
"ROU","","TOTAL","FEMALE","","2017","640.17"
"ROU","","TOTAL","FEMALE","","2018","634.41"
"ROU","","TOTAL","FEMALE","","2019","615.33"
"RUS","","TOTAL","FEMALE","","1980","958.44"
"RUS","","TOTAL","FEMALE","","1981","937.98"
"RUS","","TOTAL","FEMALE","","1982","906.83"
"RUS","","TOTAL","FEMALE","","1983","930.56"
"RUS","","TOTAL","FEMALE","","1984","973.31"
"RUS","","TOTAL","FEMALE","","1985","965.67"
"RUS","","TOTAL","FEMALE","","1986","894.94"
"RUS","","TOTAL","FEMALE","","1987","898.03"
"RUS","","TOTAL","FEMALE","","1988","902.07"
"RUS","","TOTAL","FEMALE","","1989","874.98"
"RUS","","TOTAL","FEMALE","","1990","892.16"
"RUS","","TOTAL","FEMALE","","1991","889.6"
"RUS","","TOTAL","FEMALE","","1992","918.54"
"RUS","","TOTAL","FEMALE","","1993","1048.25"
"RUS","","TOTAL","FEMALE","","1994","1104.87"
"RUS","","TOTAL","FEMALE","","1995","1057.27"
"RUS","","TOTAL","FEMALE","","1996","1007.32"
"RUS","","TOTAL","FEMALE","","1997","983.46"
"RUS","","TOTAL","FEMALE","","1998","961.03"
"RUS","","TOTAL","FEMALE","","1999","1012.46"
"RUS","","TOTAL","FEMALE","","2000","1023.78"
"RUS","","TOTAL","FEMALE","","2001","1027.03"
"RUS","","TOTAL","FEMALE","","2002","1051.2"
"RUS","","TOTAL","FEMALE","","2003","1078.23"
"RUS","","TOTAL","FEMALE","","2004","1034.92"
"RUS","","TOTAL","FEMALE","","2005","1030.52"
"RUS","","TOTAL","FEMALE","","2006","974.06"
"RUS","","TOTAL","FEMALE","","2007","922.42"
"RUS","","TOTAL","FEMALE","","2008","905.41"
"RUS","","TOTAL","FEMALE","","2009","869.24"
"RUS","","TOTAL","FEMALE","","2010","857.57"
"RUS","","TOTAL","FEMALE","","2011","797.63"
"RUS","","TOTAL","FEMALE","","2012","778.06"
"RUS","","TOTAL","FEMALE","","2013","754.2"
"RUS","","TOTAL","FEMALE","","2014","760.52"
"RUS","","TOTAL","FEMALE","","2015","739.83"
"RUS","","TOTAL","FEMALE","","2019","666.67"
"","SEEHN","TOTAL","FEMALE","","1985","1009"
"","SEEHN","TOTAL","FEMALE","","1986","965.24"
"","SEEHN","TOTAL","FEMALE","","1987","976.76"
"","SEEHN","TOTAL","FEMALE","","1988","959.18"
"","SEEHN","TOTAL","FEMALE","","1989","936.15"
"","SEEHN","TOTAL","FEMALE","","1990","915.99"
"","SEEHN","TOTAL","FEMALE","","1991","928.41"
"","SEEHN","TOTAL","FEMALE","","1992","919.31"
"","SEEHN","TOTAL","FEMALE","","1993","914.37"
"","SEEHN","TOTAL","FEMALE","","1994","913.2"
"","SEEHN","TOTAL","FEMALE","","1995","918.21"
"","SEEHN","TOTAL","FEMALE","","1996","933.2"
"","SEEHN","TOTAL","FEMALE","","1997","915.8"
"","SEEHN","TOTAL","FEMALE","","1998","899.21"
"","SEEHN","TOTAL","FEMALE","","1999","878.14"
"","SEEHN","TOTAL","FEMALE","","2000","866.02"
"","SEEHN","TOTAL","FEMALE","","2001","826.93"
"","SEEHN","TOTAL","FEMALE","","2002","850.3"
"","SEEHN","TOTAL","FEMALE","","2003","843.08"
"","SEEHN","TOTAL","FEMALE","","2004","806.88"
"","SEEHN","TOTAL","FEMALE","","2005","807.12"
"","SEEHN","TOTAL","FEMALE","","2006","773.79"
"","SEEHN","TOTAL","FEMALE","","2007","744.72"
"","SEEHN","TOTAL","FEMALE","","2008","722.31"
"","SEEHN","TOTAL","FEMALE","","2009","707.02"
"","SEEHN","TOTAL","FEMALE","","2010","699.01"
"","SEEHN","TOTAL","FEMALE","","2011","674.9"
"","SEEHN","TOTAL","FEMALE","","2012","668.39"
"","SEEHN","TOTAL","FEMALE","","2013","638.65"
"","SEEHN","TOTAL","FEMALE","","2014","639.53"
"","SEEHN","TOTAL","FEMALE","","2015","643.39"
"","SEEHN","TOTAL","FEMALE","","2016","625.58"
"","SEEHN","TOTAL","FEMALE","","2017","623.41"
"","SEEHN","TOTAL","FEMALE","","2018","612.06"
"","SEEHN","TOTAL","FEMALE","","2019","611.8"
"","SEEHN","TOTAL","FEMALE","","2021","681.23"
"","SMALL","TOTAL","FEMALE","","1985","658.91"
"","SMALL","TOTAL","FEMALE","","1986","631.34"
"","SMALL","TOTAL","FEMALE","","1987","645.97"
"","SMALL","TOTAL","FEMALE","","1988","597.92"
"","SMALL","TOTAL","FEMALE","","1989","597.16"
"","SMALL","TOTAL","FEMALE","","1990","579.13"
"","SMALL","TOTAL","FEMALE","","1991","586.84"
"","SMALL","TOTAL","FEMALE","","1992","598.98"
"","SMALL","TOTAL","FEMALE","","1993","588.02"
"","SMALL","TOTAL","FEMALE","","1994","587.73"
"","SMALL","TOTAL","FEMALE","","1995","588.18"
"","SMALL","TOTAL","FEMALE","","1996","557.9"
"","SMALL","TOTAL","FEMALE","","1997","573.62"
"","SMALL","TOTAL","FEMALE","","1998","581.44"
"","SMALL","TOTAL","FEMALE","","1999","595.37"
"","SMALL","TOTAL","FEMALE","","2000","591.6"
"","SMALL","TOTAL","FEMALE","","2001","586.74"
"","SMALL","TOTAL","FEMALE","","2002","584.51"
"","SMALL","TOTAL","FEMALE","","2003","600.56"
"","SMALL","TOTAL","FEMALE","","2004","555.76"
"","SMALL","TOTAL","FEMALE","","2005","564.77"
"","SMALL","TOTAL","FEMALE","","2006","555.44"
"","SMALL","TOTAL","FEMALE","","2007","543.16"
"","SMALL","TOTAL","FEMALE","","2008","508.35"
"","SMALL","TOTAL","FEMALE","","2009","491.6"
"","SMALL","TOTAL","FEMALE","","2010","472.34"
"","SMALL","TOTAL","FEMALE","","2011","483.49"
"","SMALL","TOTAL","FEMALE","","2012","472.1"
"","SMALL","TOTAL","FEMALE","","2013","446.48"
"","SMALL","TOTAL","FEMALE","","2014","435.48"
"","SMALL","TOTAL","FEMALE","","2015","449.93"
"","SMALL","TOTAL","FEMALE","","2016","420.59"
"","SMALL","TOTAL","FEMALE","","2017","428.83"
"","SMALL","TOTAL","FEMALE","","2019","408.29"
"SMR","","TOTAL","FEMALE","","1995","383.6"
"SMR","","TOTAL","FEMALE","","1996","352.1"
"SMR","","TOTAL","FEMALE","","1997","365.11"
"SMR","","TOTAL","FEMALE","","1998","385.73"
"SMR","","TOTAL","FEMALE","","1999","402.24"
"SMR","","TOTAL","FEMALE","","2000","329.78"
"SMR","","TOTAL","FEMALE","","2005","374.43"
"SRB","","TOTAL","FEMALE","","1998","971.23"
"SRB","","TOTAL","FEMALE","","1999","977.53"
"SRB","","TOTAL","FEMALE","","2000","984.9"
"SRB","","TOTAL","FEMALE","","2001","920.73"
"SRB","","TOTAL","FEMALE","","2002","945.54"
"SRB","","TOTAL","FEMALE","","2003","941.37"
"SRB","","TOTAL","FEMALE","","2004","908.03"
"SRB","","TOTAL","FEMALE","","2005","903.37"
"SRB","","TOTAL","FEMALE","","2006","845.87"
"SRB","","TOTAL","FEMALE","","2007","827.79"
"SRB","","TOTAL","FEMALE","","2008","813.17"
"SRB","","TOTAL","FEMALE","","2009","805.81"
"SRB","","TOTAL","FEMALE","","2010","786.69"
"SRB","","TOTAL","FEMALE","","2011","783.37"
"SRB","","TOTAL","FEMALE","","2012","767.81"
"SRB","","TOTAL","FEMALE","","2013","733.58"
"SRB","","TOTAL","FEMALE","","2014","731.31"
"SRB","","TOTAL","FEMALE","","2015","738.41"
"SRB","","TOTAL","FEMALE","","2016","710.23"
"SRB","","TOTAL","FEMALE","","2017","726.2"
"SRB","","TOTAL","FEMALE","","2018","700.9"
"SRB","","TOTAL","FEMALE","","2019","686.11"
"SRB","","TOTAL","FEMALE","","2020","769.89"
"SRB","","TOTAL","FEMALE","","2021","917.95"
"SRB","","TOTAL","FEMALE","","2022","765.79"
"SVK","","TOTAL","FEMALE","","1992","768.07"
"SVK","","TOTAL","FEMALE","","1993","758.42"
"SVK","","TOTAL","FEMALE","","1994","786.79"
"SVK","","TOTAL","FEMALE","","1995","798.45"
"SVK","","TOTAL","FEMALE","","1996","761.92"
"SVK","","TOTAL","FEMALE","","1997","770.55"
"SVK","","TOTAL","FEMALE","","1998","766.69"
"SVK","","TOTAL","FEMALE","","1999","744.52"
"SVK","","TOTAL","FEMALE","","2000","736.18"
"SVK","","TOTAL","FEMALE","","2001","736.6"
"SVK","","TOTAL","FEMALE","","2002","725.63"
"SVK","","TOTAL","FEMALE","","2003","729.13"
"SVK","","TOTAL","FEMALE","","2004","709.34"
"SVK","","TOTAL","FEMALE","","2005","713.37"
"SVK","","TOTAL","FEMALE","","2006","689.49"
"SVK","","TOTAL","FEMALE","","2007","681.39"
"SVK","","TOTAL","FEMALE","","2008","653.11"
"SVK","","TOTAL","FEMALE","","2009","644.77"
"SVK","","TOTAL","FEMALE","","2010","635.85"
"SVK","","TOTAL","FEMALE","","2012","605.31"
"SVK","","TOTAL","FEMALE","","2013","585.47"
"SVK","","TOTAL","FEMALE","","2014","564.84"
"SVK","","TOTAL","FEMALE","","2016","557"
"SVK","","TOTAL","FEMALE","","2017","561.35"
"SVK","","TOTAL","FEMALE","","2018","554.36"
"SVK","","TOTAL","FEMALE","","2019","530.43"
"SVK","","TOTAL","FEMALE","","2020","569.03"
"SVK","","TOTAL","FEMALE","","2021","719.72"
"SVN","","TOTAL","FEMALE","","1985","809.17"
"SVN","","TOTAL","FEMALE","","1986","788.14"
"SVN","","TOTAL","FEMALE","","1987","786.67"
"SVN","","TOTAL","FEMALE","","1988","748.64"
"SVN","","TOTAL","FEMALE","","1989","722.85"
"SVN","","TOTAL","FEMALE","","1990","709.45"
"SVN","","TOTAL","FEMALE","","1991","739.72"
"SVN","","TOTAL","FEMALE","","1992","722.43"
"SVN","","TOTAL","FEMALE","","1993","735.76"
"SVN","","TOTAL","FEMALE","","1994","705.48"
"SVN","","TOTAL","FEMALE","","1995","670.36"
"SVN","","TOTAL","FEMALE","","1996","651.45"
"SVN","","TOTAL","FEMALE","","1997","649.07"
"SVN","","TOTAL","FEMALE","","1998","642.86"
"SVN","","TOTAL","FEMALE","","1999","625.82"
"SVN","","TOTAL","FEMALE","","2000","595.82"
"SVN","","TOTAL","FEMALE","","2001","575.71"
"SVN","","TOTAL","FEMALE","","2002","569.25"
"SVN","","TOTAL","FEMALE","","2003","587.05"
"SVN","","TOTAL","FEMALE","","2004","553.77"
"SVN","","TOTAL","FEMALE","","2005","554.29"
"SVN","","TOTAL","FEMALE","","2006","502.05"
"SVN","","TOTAL","FEMALE","","2007","493.66"
"SVN","","TOTAL","FEMALE","","2008","471.98"
"SVN","","TOTAL","FEMALE","","2009","469.22"
"SVN","","TOTAL","FEMALE","","2010","448.44"
"SVN","","TOTAL","FEMALE","","2011","442.31"
"SVN","","TOTAL","FEMALE","","2012","443.68"
"SVN","","TOTAL","FEMALE","","2013","428.6"
"SVN","","TOTAL","FEMALE","","2014","409.55"
"SVN","","TOTAL","FEMALE","","2015","420.23"
"SVN","","TOTAL","FEMALE","","2016","404.37"
"SVN","","TOTAL","FEMALE","","2017","412.82"
"SVN","","TOTAL","FEMALE","","2018","405.65"
"SVN","","TOTAL","FEMALE","","2019","391.44"
"SVN","","TOTAL","FEMALE","","2020","442.04"
"SWE","","TOTAL","FEMALE","","1969","780.97"
"SWE","","TOTAL","FEMALE","","1970","728.1"
"SWE","","TOTAL","FEMALE","","1971","717.38"
"SWE","","TOTAL","FEMALE","","1972","713.47"
"SWE","","TOTAL","FEMALE","","1973","704.4"
"SWE","","TOTAL","FEMALE","","1974","690.46"
"SWE","","TOTAL","FEMALE","","1975","691.21"
"SWE","","TOTAL","FEMALE","","1976","694.35"
"SWE","","TOTAL","FEMALE","","1977","654.39"
"SWE","","TOTAL","FEMALE","","1978","648.86"
"SWE","","TOTAL","FEMALE","","1979","646.57"
"SWE","","TOTAL","FEMALE","","1980","643.18"
"SWE","","TOTAL","FEMALE","","1981","630.54"
"SWE","","TOTAL","FEMALE","","1982","609.51"
"SWE","","TOTAL","FEMALE","","1983","596.32"
"SWE","","TOTAL","FEMALE","","1984","583.12"
"SWE","","TOTAL","FEMALE","","1985","596.19"
"SWE","","TOTAL","FEMALE","","1986","579.47"
"SWE","","TOTAL","FEMALE","","1987","571.06"
"SWE","","TOTAL","FEMALE","","1988","587.39"
"SWE","","TOTAL","FEMALE","","1989","550.28"
"SWE","","TOTAL","FEMALE","","1990","560.24"
"SWE","","TOTAL","FEMALE","","1991","549.91"
"SWE","","TOTAL","FEMALE","","1992","539.09"
"SWE","","TOTAL","FEMALE","","1993","545.68"
"SWE","","TOTAL","FEMALE","","1994","510.57"
"SWE","","TOTAL","FEMALE","","1995","511.24"
"SWE","","TOTAL","FEMALE","","1996","509.02"
"SWE","","TOTAL","FEMALE","","1997","497.17"
"SWE","","TOTAL","FEMALE","","1998","493.45"
"SWE","","TOTAL","FEMALE","","1999","499.97"
"SWE","","TOTAL","FEMALE","","2000","491.71"
"SWE","","TOTAL","FEMALE","","2001","490.59"
"SWE","","TOTAL","FEMALE","","2002","492.41"
"SWE","","TOTAL","FEMALE","","2003","475.3"
"SWE","","TOTAL","FEMALE","","2004","468.86"
"SWE","","TOTAL","FEMALE","","2005","459.84"
"SWE","","TOTAL","FEMALE","","2006","451.86"
"SWE","","TOTAL","FEMALE","","2007","451.1"
"SWE","","TOTAL","FEMALE","","2008","443.55"
"SWE","","TOTAL","FEMALE","","2009","433.61"
"SWE","","TOTAL","FEMALE","","2010","428.13"
"SWE","","TOTAL","FEMALE","","2011","420.47"
"SWE","","TOTAL","FEMALE","","2012","429.36"
"SWE","","TOTAL","FEMALE","","2013","420.74"
"SWE","","TOTAL","FEMALE","","2014","407.09"
"SWE","","TOTAL","FEMALE","","2015","413.04"
"SWE","","TOTAL","FEMALE","","2016","406.65"
"SWE","","TOTAL","FEMALE","","2017","406.71"
"SWE","","TOTAL","FEMALE","","2018","400.49"
"SWE","","TOTAL","FEMALE","","2019","381.17"
"SWE","","TOTAL","FEMALE","","2020","403.56"
"SWE","","TOTAL","FEMALE","","2021","377.08"
"SWE","","TOTAL","FEMALE","","2022","381.64"
"TJK","","TOTAL","FEMALE","","1981","912.97"
"TJK","","TOTAL","FEMALE","","1982","910.16"
"TJK","","TOTAL","FEMALE","","1985","883.19"
"TJK","","TOTAL","FEMALE","","1986","841.55"
"TJK","","TOTAL","FEMALE","","1987","877.6"
"TJK","","TOTAL","FEMALE","","1988","912.06"
"TJK","","TOTAL","FEMALE","","1989","875.24"
"TJK","","TOTAL","FEMALE","","1990","855.93"
"TJK","","TOTAL","FEMALE","","1991","841.98"
"TJK","","TOTAL","FEMALE","","1992","916.69"
"TJK","","TOTAL","FEMALE","","1993","1069.69"
"TJK","","TOTAL","FEMALE","","1994","1089.94"
"TJK","","TOTAL","FEMALE","","1995","969.05"
"TJK","","TOTAL","FEMALE","","1996","971.45"
"TJK","","TOTAL","FEMALE","","1997","887.67"
"TJK","","TOTAL","FEMALE","","1998","916.2"
"TJK","","TOTAL","FEMALE","","1999","897.2"
"TJK","","TOTAL","FEMALE","","2000","877.41"
"TJK","","TOTAL","FEMALE","","2001","874.5"
"TJK","","TOTAL","FEMALE","","2002","904.63"
"TJK","","TOTAL","FEMALE","","2003","862.53"
"TJK","","TOTAL","FEMALE","","2004","819.15"
"TJK","","TOTAL","FEMALE","","2005","799.44"
"TJK","","TOTAL","FEMALE","","2017","796.23"
"TKM","","TOTAL","FEMALE","","1981","1100.71"
"TKM","","TOTAL","FEMALE","","1982","1059.86"
"TKM","","TOTAL","FEMALE","","1985","1092.19"
"TKM","","TOTAL","FEMALE","","1986","1127.91"
"TKM","","TOTAL","FEMALE","","1987","1079.23"
"TKM","","TOTAL","FEMALE","","1988","1088.28"
"TKM","","TOTAL","FEMALE","","1989","1097.9"
"TKM","","TOTAL","FEMALE","","1990","1023.62"
"TKM","","TOTAL","FEMALE","","1991","1159.99"
"TKM","","TOTAL","FEMALE","","1992","1183.75"
"TKM","","TOTAL","FEMALE","","1993","1312.16"
"TKM","","TOTAL","FEMALE","","1994","1481.49"
"TKM","","TOTAL","FEMALE","","1995","1177.59"
"TKM","","TOTAL","FEMALE","","1996","1226.94"
"TKM","","TOTAL","FEMALE","","1997","1132.38"
"TKM","","TOTAL","FEMALE","","1998","1080.68"
"TKM","","TOTAL","FEMALE","","1999","1039.76"
"TKM","","TOTAL","FEMALE","","2000","1057.35"
"TKM","","TOTAL","FEMALE","","2001","968.08"
"TKM","","TOTAL","FEMALE","","2002","1008.37"
"TKM","","TOTAL","FEMALE","","2003","1000.82"
"TKM","","TOTAL","FEMALE","","2004","965.9"
"TKM","","TOTAL","FEMALE","","2005","1010.78"
"TKM","","TOTAL","FEMALE","","2006","947.96"
"TKM","","TOTAL","FEMALE","","2007","938.2"
"TKM","","TOTAL","FEMALE","","2008","922.46"
"TKM","","TOTAL","FEMALE","","2009","838.24"
"TKM","","TOTAL","FEMALE","","2010","840.26"
"TKM","","TOTAL","FEMALE","","2011","884.74"
"TKM","","TOTAL","FEMALE","","2012","876.45"
"TKM","","TOTAL","FEMALE","","2013","874.2"
"TUR","","TOTAL","FEMALE","","2009","620.83"
"TUR","","TOTAL","FEMALE","","2010","589.48"
"TUR","","TOTAL","FEMALE","","2011","572.81"
"TUR","","TOTAL","FEMALE","","2012","471.45"
"TUR","","TOTAL","FEMALE","","2013","501.12"
"TUR","","TOTAL","FEMALE","","2014","520.7"
"TUR","","TOTAL","FEMALE","","2015","518.34"
"TUR","","TOTAL","FEMALE","","2016","528.57"
"TUR","","TOTAL","FEMALE","","2017","516.67"
"TUR","","TOTAL","FEMALE","","2018","499.9"
"TUR","","TOTAL","FEMALE","","2019","492.67"
"UKR","","TOTAL","FEMALE","","1981","908.61"
"UKR","","TOTAL","FEMALE","","1982","888.19"
"UKR","","TOTAL","FEMALE","","1985","947.79"
"UKR","","TOTAL","FEMALE","","1986","865.53"
"UKR","","TOTAL","FEMALE","","1987","878.97"
"UKR","","TOTAL","FEMALE","","1988","889.22"
"UKR","","TOTAL","FEMALE","","1989","853.66"
"UKR","","TOTAL","FEMALE","","1990","878.31"
"UKR","","TOTAL","FEMALE","","1991","918.56"
"UKR","","TOTAL","FEMALE","","1992","937.97"
"UKR","","TOTAL","FEMALE","","1993","1002"
"UKR","","TOTAL","FEMALE","","1994","1021.29"
"UKR","","TOTAL","FEMALE","","1995","1042.13"
"UKR","","TOTAL","FEMALE","","1996","1022.77"
"UKR","","TOTAL","FEMALE","","1997","996.4"
"UKR","","TOTAL","FEMALE","","1998","953.59"
"UKR","","TOTAL","FEMALE","","1999","969.25"
"UKR","","TOTAL","FEMALE","","2000","979.86"
"UKR","","TOTAL","FEMALE","","2001","962.27"
"UKR","","TOTAL","FEMALE","","2002","978.06"
"UKR","","TOTAL","FEMALE","","2003","997.8"
"UKR","","TOTAL","FEMALE","","2004","977.47"
"UKR","","TOTAL","FEMALE","","2005","994.56"
"UKR","","TOTAL","FEMALE","","2006","959.92"
"UKR","","TOTAL","FEMALE","","2007","946.74"
"UKR","","TOTAL","FEMALE","","2008","929.87"
"UKR","","TOTAL","FEMALE","","2009","878.76"
"UKR","","TOTAL","FEMALE","","2010","864.82"
"UKR","","TOTAL","FEMALE","","2011","810.43"
"UKR","","TOTAL","FEMALE","","2012","796.19"
"UKR","","TOTAL","FEMALE","","2014","783.34"
"UKR","","TOTAL","FEMALE","","2015","731.55"
"UKR","","TOTAL","FEMALE","","2017","687.61"
"UKR","","TOTAL","FEMALE","","2018","694.52"
"UKR","","TOTAL","FEMALE","","2019","681.18"
"UZB","","TOTAL","FEMALE","","1981","880.43"
"UZB","","TOTAL","FEMALE","","1982","901.59"
"UZB","","TOTAL","FEMALE","","1985","928.7"
"UZB","","TOTAL","FEMALE","","1986","913.02"
"UZB","","TOTAL","FEMALE","","1987","918.89"
"UZB","","TOTAL","FEMALE","","1988","930.25"
"UZB","","TOTAL","FEMALE","","1989","895.11"
"UZB","","TOTAL","FEMALE","","1990","874.2"
"UZB","","TOTAL","FEMALE","","1991","923.94"
"UZB","","TOTAL","FEMALE","","1992","957.3"
"UZB","","TOTAL","FEMALE","","1993","1047.52"
"UZB","","TOTAL","FEMALE","","1994","1107.4"
"UZB","","TOTAL","FEMALE","","1995","1084.45"
"UZB","","TOTAL","FEMALE","","1996","1085.74"
"UZB","","TOTAL","FEMALE","","1997","1024.45"
"UZB","","TOTAL","FEMALE","","1998","1070.64"
"UZB","","TOTAL","FEMALE","","1999","976.33"
"UZB","","TOTAL","FEMALE","","2000","1023.76"
"UZB","","TOTAL","FEMALE","","2001","985.25"
"UZB","","TOTAL","FEMALE","","2002","1015.33"
"UZB","","TOTAL","FEMALE","","2003","996.03"
"UZB","","TOTAL","FEMALE","","2004","932.76"
"UZB","","TOTAL","FEMALE","","2005","984.17"
"UZB","","TOTAL","FEMALE","","2009","839.52"
"UZB","","TOTAL","FEMALE","","2010","849.07"
"UZB","","TOTAL","FEMALE","","2011","850.31"
"UZB","","TOTAL","FEMALE","","2012","830.46"
"UZB","","TOTAL","FEMALE","","2013","810.87"
"UZB","","TOTAL","FEMALE","","2014","807.54"
"UZB","","TOTAL","FEMALE","","2015","788.06"
"UZB","","TOTAL","FEMALE","","2016","779.21"
"","WESTERN_BALKANS","TOTAL","FEMALE","","1987","894.88"
"","WESTERN_BALKANS","TOTAL","FEMALE","","1988","881.86"
"","WESTERN_BALKANS","TOTAL","FEMALE","","1989","892.19"
"","WESTERN_BALKANS","TOTAL","FEMALE","","1991","867.87"
"","WESTERN_BALKANS","TOTAL","FEMALE","","1992","867.14"
"","WESTERN_BALKANS","TOTAL","FEMALE","","1993","855.98"
"","WESTERN_BALKANS","TOTAL","FEMALE","","1994","838.1"
"","WESTERN_BALKANS","TOTAL","FEMALE","","1995","851.37"
"","WESTERN_BALKANS","TOTAL","FEMALE","","1996","846.05"
"","WESTERN_BALKANS","TOTAL","FEMALE","","1997","834.1"
"","WESTERN_BALKANS","TOTAL","FEMALE","","1998","853.06"
"","WESTERN_BALKANS","TOTAL","FEMALE","","1999","841.75"
"","WESTERN_BALKANS","TOTAL","FEMALE","","2000","874.5"
"","WESTERN_BALKANS","TOTAL","FEMALE","","2001","804.56"
"","WESTERN_BALKANS","TOTAL","FEMALE","","2002","832.34"
"","WESTERN_BALKANS","TOTAL","FEMALE","","2003","840.71"
"","WESTERN_BALKANS","TOTAL","FEMALE","","2004","815.72"
"","WESTERN_BALKANS","TOTAL","FEMALE","","2005","805.19"
"","WESTERN_BALKANS","TOTAL","FEMALE","","2006","768.75"
"","WESTERN_BALKANS","TOTAL","FEMALE","","2007","744.65"
"","WESTERN_BALKANS","TOTAL","FEMALE","","2008","734.21"
"","WESTERN_BALKANS","TOTAL","FEMALE","","2009","724.44"
"","WESTERN_BALKANS","TOTAL","FEMALE","","2011","706"
"","WESTERN_BALKANS","TOTAL","FEMALE","","2016","671.32"
"","WESTERN_BALKANS","TOTAL","FEMALE","","2017","679.65"
"","WESTERN_BALKANS","TOTAL","FEMALE","","2019","693.62"
"","WESTERN_BALKANS","TOTAL","FEMALE","","2021","798.56"
"","WHO_EURO","TOTAL","FEMALE","","1981","792.6"
"","WHO_EURO","TOTAL","FEMALE","","1982","780.7"
"","WHO_EURO","TOTAL","FEMALE","","1985","797.14"
"","WHO_EURO","TOTAL","FEMALE","","1986","766.68"
"","WHO_EURO","TOTAL","FEMALE","","1987","758.22"
"","WHO_EURO","TOTAL","FEMALE","","1988","757.71"
"","WHO_EURO","TOTAL","FEMALE","","1989","741.36"
"","WHO_EURO","TOTAL","FEMALE","","1990","740.02"
"","WHO_EURO","TOTAL","FEMALE","","1991","741.49"
"","WHO_EURO","TOTAL","FEMALE","","1992","740.41"
"","WHO_EURO","TOTAL","FEMALE","","1993","774.86"
"","WHO_EURO","TOTAL","FEMALE","","1994","778.86"
"","WHO_EURO","TOTAL","FEMALE","","1995","767.12"
"","WHO_EURO","TOTAL","FEMALE","","1996","753.29"
"","WHO_EURO","TOTAL","FEMALE","","1997","734.37"
"","WHO_EURO","TOTAL","FEMALE","","1998","724.91"
"","WHO_EURO","TOTAL","FEMALE","","1999","727.07"
"","WHO_EURO","TOTAL","FEMALE","","2000","719.34"
"","WHO_EURO","TOTAL","FEMALE","","2001","706.66"
"","WHO_EURO","TOTAL","FEMALE","","2002","714.33"
"","WHO_EURO","TOTAL","FEMALE","","2003","722.68"
"","WHO_EURO","TOTAL","FEMALE","","2004","690.76"
"","WHO_EURO","TOTAL","FEMALE","","2005","689.53"
"","WHO_EURO","TOTAL","FEMALE","","2006","660.63"
"","WHO_EURO","TOTAL","FEMALE","","2007","642.59"
"","WHO_EURO","TOTAL","FEMALE","","2008","631.83"
"","WHO_EURO","TOTAL","FEMALE","","2009","613.54"
"","WHO_EURO","TOTAL","FEMALE","","2010","602.73"
"","WHO_EURO","TOTAL","FEMALE","","2011","581.38"
"","WHO_EURO","TOTAL","FEMALE","","2012","567.61"
"","WHO_EURO","TOTAL","FEMALE","","2013","557.51"
"","WHO_EURO","TOTAL","FEMALE","","2014","550.87"
"","WHO_EURO","TOTAL","FEMALE","","2015","551.44"
"","WHO_EURO","TOTAL","FEMALE","","2016","538.93"
"","WHO_EURO","TOTAL","FEMALE","","2017","535.01"
"","WHO_EURO","TOTAL","FEMALE","","2018","528.94"
"","WHO_EURO","TOTAL","FEMALE","","2019","518.14"
"","WHO_EURO","TOTAL","FEMALE","","2020","537.17"
"ALB","","TOTAL","MALE","","1987","1206.23"
"ALB","","TOTAL","MALE","","1988","1204.27"
"ALB","","TOTAL","MALE","","1989","1252.61"
"ALB","","TOTAL","MALE","","1992","1108.64"
"ALB","","TOTAL","MALE","","1993","1068.42"
"ALB","","TOTAL","MALE","","1994","986.67"
"ALB","","TOTAL","MALE","","1995","1050.98"
"ALB","","TOTAL","MALE","","1996","1157.31"
"ALB","","TOTAL","MALE","","1997","1097.74"
"ALB","","TOTAL","MALE","","1998","1118.94"
"ALB","","TOTAL","MALE","","1999","1009.72"
"ALB","","TOTAL","MALE","","2000","1161.17"
"ALB","","TOTAL","MALE","","2001","891.57"
"ALB","","TOTAL","MALE","","2002","951.34"
"ALB","","TOTAL","MALE","","2003","1046.34"
"ALB","","TOTAL","MALE","","2004","992.46"
"ALB","","TOTAL","MALE","","2005","928.11"
"ALB","","TOTAL","MALE","","2006","853.74"
"ALB","","TOTAL","MALE","","2007","728.7"
"ALB","","TOTAL","MALE","","2008","788.79"
"ALB","","TOTAL","MALE","","2009","720.28"
"ARM","","TOTAL","MALE","","1981","1072.38"
"ARM","","TOTAL","MALE","","1982","1096.52"
"ARM","","TOTAL","MALE","","1985","1124.03"
"ARM","","TOTAL","MALE","","1986","1110.02"
"ARM","","TOTAL","MALE","","1987","1122.17"
"ARM","","TOTAL","MALE","","1988","1567.04"
"ARM","","TOTAL","MALE","","1989","1210.01"
"ARM","","TOTAL","MALE","","1990","1288.38"
"ARM","","TOTAL","MALE","","1991","1243.62"
"ARM","","TOTAL","MALE","","1992","1316.44"
"ARM","","TOTAL","MALE","","1993","1362.63"
"ARM","","TOTAL","MALE","","1994","1212.13"
"ARM","","TOTAL","MALE","","1995","1187.55"
"ARM","","TOTAL","MALE","","1996","1153.91"
"ARM","","TOTAL","MALE","","1997","1061.03"
"ARM","","TOTAL","MALE","","1998","985.14"
"ARM","","TOTAL","MALE","","1999","994.41"
"ARM","","TOTAL","MALE","","2000","936.12"
"ARM","","TOTAL","MALE","","2001","939"
"ARM","","TOTAL","MALE","","2002","1319.77"
"ARM","","TOTAL","MALE","","2003","1348.95"
"ARM","","TOTAL","MALE","","2008","1321.58"
"ARM","","TOTAL","MALE","","2012","1137.13"
"ARM","","TOTAL","MALE","","2013","1093.58"
"ARM","","TOTAL","MALE","","2014","1122.79"
"ARM","","TOTAL","MALE","","2015","1114.8"
"ARM","","TOTAL","MALE","","2016","1115.79"
"ARM","","TOTAL","MALE","","2017","1057.29"
"ARM","","TOTAL","MALE","","2018","983.37"
"ARM","","TOTAL","MALE","","2019","999.14"
"ARM","","TOTAL","MALE","","2022","1012.49"
"AUT","","TOTAL","MALE","","1969","1544.55"
"AUT","","TOTAL","MALE","","1970","1548.2"
"AUT","","TOTAL","MALE","","1971","1511.71"
"AUT","","TOTAL","MALE","","1972","1473.46"
"AUT","","TOTAL","MALE","","1973","1422.94"
"AUT","","TOTAL","MALE","","1974","1434.82"
"AUT","","TOTAL","MALE","","1975","1446.81"
"AUT","","TOTAL","MALE","","1976","1410.98"
"AUT","","TOTAL","MALE","","1977","1359.75"
"AUT","","TOTAL","MALE","","1978","1386.9"
"AUT","","TOTAL","MALE","","1979","1338.95"
"AUT","","TOTAL","MALE","","1980","1320.08"
"AUT","","TOTAL","MALE","","1981","1328.29"
"AUT","","TOTAL","MALE","","1982","1296.16"
"AUT","","TOTAL","MALE","","1983","1306.6"
"AUT","","TOTAL","MALE","","1984","1240.01"
"AUT","","TOTAL","MALE","","1985","1231.77"
"AUT","","TOTAL","MALE","","1986","1180.67"
"AUT","","TOTAL","MALE","","1987","1137.27"
"AUT","","TOTAL","MALE","","1988","1106.26"
"AUT","","TOTAL","MALE","","1989","1104"
"AUT","","TOTAL","MALE","","1990","1076.41"
"AUT","","TOTAL","MALE","","1991","1072.74"
"AUT","","TOTAL","MALE","","1992","1061.81"
"AUT","","TOTAL","MALE","","1993","1044.32"
"AUT","","TOTAL","MALE","","1994","1003.8"
"AUT","","TOTAL","MALE","","1995","998.21"
"AUT","","TOTAL","MALE","","1996","975.64"
"AUT","","TOTAL","MALE","","1997","958.43"
"AUT","","TOTAL","MALE","","1998","929.56"
"AUT","","TOTAL","MALE","","1999","900.53"
"AUT","","TOTAL","MALE","","2000","867.68"
"AUT","","TOTAL","MALE","","2001","834.81"
"AUT","","TOTAL","MALE","","2002","836.74"
"AUT","","TOTAL","MALE","","2003","833.33"
"AUT","","TOTAL","MALE","","2004","796.08"
"AUT","","TOTAL","MALE","","2005","777.39"
"AUT","","TOTAL","MALE","","2006","747.7"
"AUT","","TOTAL","MALE","","2007","727.48"
"AUT","","TOTAL","MALE","","2008","711.1"
"AUT","","TOTAL","MALE","","2009","720.46"
"AUT","","TOTAL","MALE","","2010","701.51"
"AUT","","TOTAL","MALE","","2011","677.83"
"AUT","","TOTAL","MALE","","2012","674.07"
"AUT","","TOTAL","MALE","","2013","664.48"
"AUT","","TOTAL","MALE","","2014","635.79"
"AUT","","TOTAL","MALE","","2015","655.99"
"AUT","","TOTAL","MALE","","2016","626.51"
"AUT","","TOTAL","MALE","","2017","623.54"
"AUT","","TOTAL","MALE","","2018","624.22"
"AUT","","TOTAL","MALE","","2019","607.46"
"AUT","","TOTAL","MALE","","2020","654.51"
"AUT","","TOTAL","MALE","","2021","659.78"
"AZE","","TOTAL","MALE","","1981","1405.91"
"AZE","","TOTAL","MALE","","1982","1385.1"
"AZE","","TOTAL","MALE","","1985","1404.76"
"AZE","","TOTAL","MALE","","1986","1353.88"
"AZE","","TOTAL","MALE","","1987","1374.62"
"AZE","","TOTAL","MALE","","1988","1391.88"
"AZE","","TOTAL","MALE","","1989","1313"
"AZE","","TOTAL","MALE","","1990","1289.47"
"AZE","","TOTAL","MALE","","1991","1323.12"
"AZE","","TOTAL","MALE","","1992","1452.2"
"AZE","","TOTAL","MALE","","1993","1495.42"
"AZE","","TOTAL","MALE","","1994","1530.7"
"AZE","","TOTAL","MALE","","1995","1439.13"
"AZE","","TOTAL","MALE","","1996","1362.09"
"AZE","","TOTAL","MALE","","1997","1321.88"
"AZE","","TOTAL","MALE","","1998","1288.73"
"AZE","","TOTAL","MALE","","1999","1297.38"
"AZE","","TOTAL","MALE","","2000","1273.61"
"AZE","","TOTAL","MALE","","2001","1183.13"
"AZE","","TOTAL","MALE","","2002","1197.48"
"AZE","","TOTAL","MALE","","2003","1226.71"
"AZE","","TOTAL","MALE","","2004","1197.96"
"AZE","","TOTAL","MALE","","2007","1098.52"
"BEL","","TOTAL","MALE","","1968","1498.66"
"BEL","","TOTAL","MALE","","1969","1481.91"
"BEL","","TOTAL","MALE","","1970","1441.37"
"BEL","","TOTAL","MALE","","1971","1446.26"
"BEL","","TOTAL","MALE","","1972","1420.7"
"BEL","","TOTAL","MALE","","1973","1415.33"
"BEL","","TOTAL","MALE","","1974","1371.44"
"BEL","","TOTAL","MALE","","1975","1396.71"
"BEL","","TOTAL","MALE","","1976","1385.49"
"BEL","","TOTAL","MALE","","1977","1302.86"
"BEL","","TOTAL","MALE","","1978","1321.41"
"BEL","","TOTAL","MALE","","1979","1272.66"
"BEL","","TOTAL","MALE","","1980","1291.13"
"BEL","","TOTAL","MALE","","1981","1275.14"
"BEL","","TOTAL","MALE","","1982","1239.09"
"BEL","","TOTAL","MALE","","1983","1251.36"
"BEL","","TOTAL","MALE","","1984","1213.98"
"BEL","","TOTAL","MALE","","1985","1188.32"
"BEL","","TOTAL","MALE","","1986","1157.81"
"BEL","","TOTAL","MALE","","1987","1099.19"
"BEL","","TOTAL","MALE","","1988","1091.23"
"BEL","","TOTAL","MALE","","1989","1097.8"
"BEL","","TOTAL","MALE","","1990","1055.03"
"BEL","","TOTAL","MALE","","1991","1038.62"
"BEL","","TOTAL","MALE","","1992","1030.49"
"BEL","","TOTAL","MALE","","1993","1047.05"
"BEL","","TOTAL","MALE","","1994","998.89"
"BEL","","TOTAL","MALE","","1995","994.69"
"BEL","","TOTAL","MALE","","1996","971.4"
"BEL","","TOTAL","MALE","","1997","955.35"
"BEL","","TOTAL","MALE","","1998","934.25"
"BEL","","TOTAL","MALE","","1999","925.41"
"BEL","","TOTAL","MALE","","2000","911.23"
"BEL","","TOTAL","MALE","","2001","879.85"
"BEL","","TOTAL","MALE","","2002","883.15"
"BEL","","TOTAL","MALE","","2003","870.1"
"BEL","","TOTAL","MALE","","2004","823.62"
"BEL","","TOTAL","MALE","","2005","811.39"
"BEL","","TOTAL","MALE","","2006","764.51"
"BEL","","TOTAL","MALE","","2007","751.49"
"BEL","","TOTAL","MALE","","2008","750.11"
"BEL","","TOTAL","MALE","","2009","728.94"
"BEL","","TOTAL","MALE","","2010","729.16"
"BEL","","TOTAL","MALE","","2011","702.85"
"BEL","","TOTAL","MALE","","2012","715.81"
"BEL","","TOTAL","MALE","","2013","695.34"
"BEL","","TOTAL","MALE","","2014","650.56"
"BEL","","TOTAL","MALE","","2015","660.08"
"BEL","","TOTAL","MALE","","2016","641.94"
"BEL","","TOTAL","MALE","","2017","633.19"
"BEL","","TOTAL","MALE","","2018","622.22"
"BEL","","TOTAL","MALE","","2019","599.4"
"BEL","","TOTAL","MALE","","2020","681.27"
"BGR","","TOTAL","MALE","","1968","1201.34"
"BGR","","TOTAL","MALE","","1969","1323.66"
"BGR","","TOTAL","MALE","","1970","1244.28"
"BGR","","TOTAL","MALE","","1971","1333.34"
"BGR","","TOTAL","MALE","","1972","1347.66"
"BGR","","TOTAL","MALE","","1973","1283.82"
"BGR","","TOTAL","MALE","","1974","1317.23"
"BGR","","TOTAL","MALE","","1975","1341.47"
"BGR","","TOTAL","MALE","","1976","1305.46"
"BGR","","TOTAL","MALE","","1977","1375.25"
"BGR","","TOTAL","MALE","","1978","1318.14"
"BGR","","TOTAL","MALE","","1979","1344.36"
"BGR","","TOTAL","MALE","","1980","1372.04"
"BGR","","TOTAL","MALE","","1981","1303.52"
"BGR","","TOTAL","MALE","","1982","1348.96"
"BGR","","TOTAL","MALE","","1983","1376.85"
"BGR","","TOTAL","MALE","","1984","1357.47"
"BGR","","TOTAL","MALE","","1985","1439.81"
"BGR","","TOTAL","MALE","","1986","1390.92"
"BGR","","TOTAL","MALE","","1987","1423.51"
"BGR","","TOTAL","MALE","","1988","1411.38"
"BGR","","TOTAL","MALE","","1989","1396.35"
"BGR","","TOTAL","MALE","","1990","1396.87"
"BGR","","TOTAL","MALE","","1991","1389.45"
"BGR","","TOTAL","MALE","","1992","1411.12"
"BGR","","TOTAL","MALE","","1993","1438.08"
"BGR","","TOTAL","MALE","","1994","1453.25"
"BGR","","TOTAL","MALE","","1995","1465.34"
"BGR","","TOTAL","MALE","","1996","1483.3"
"BGR","","TOTAL","MALE","","1997","1574.34"
"BGR","","TOTAL","MALE","","1998","1564.17"
"BGR","","TOTAL","MALE","","1999","1396.91"
"BGR","","TOTAL","MALE","","2000","1410.47"
"BGR","","TOTAL","MALE","","2001","1383.84"
"BGR","","TOTAL","MALE","","2002","1379.6"
"BGR","","TOTAL","MALE","","2003","1373.64"
"BGR","","TOTAL","MALE","","2004","1344.64"
"BGR","","TOTAL","MALE","","2005","1362.78"
"BGR","","TOTAL","MALE","","2006","1339.63"
"BGR","","TOTAL","MALE","","2007","1319.94"
"BGR","","TOTAL","MALE","","2008","1278.96"
"BGR","","TOTAL","MALE","","2009","1240.54"
"BGR","","TOTAL","MALE","","2010","1250.88"
"BGR","","TOTAL","MALE","","2011","1209.15"
"BGR","","TOTAL","MALE","","2012","1194.9"
"BGR","","TOTAL","MALE","","2013","1150.82"
"BGR","","TOTAL","MALE","","2014","1179.7"
"BGR","","TOTAL","MALE","","2015","1180.26"
"BGR","","TOTAL","MALE","","2016","1160.08"
"BGR","","TOTAL","MALE","","2017","1167.25"
"BGR","","TOTAL","MALE","","2018","1154.88"
"BGR","","TOTAL","MALE","","2019","1145.65"
"BGR","","TOTAL","MALE","","2020","1339.05"
"BGR","","TOTAL","MALE","","2021","1588.05"
"BIH","","TOTAL","MALE","","1985","1294.87"
"BIH","","TOTAL","MALE","","1986","1256.9"
"BIH","","TOTAL","MALE","","1987","1255.08"
"BIH","","TOTAL","MALE","","1988","1272.21"
"BIH","","TOTAL","MALE","","1989","1262.8"
"BIH","","TOTAL","MALE","","1990","1221.66"
"BIH","","TOTAL","MALE","","1991","1224.2"
"BIH","","TOTAL","MALE","","2011","962.32"
"BIH","","TOTAL","MALE","","2014","915.98"
"BIH","","TOTAL","MALE","","2016","1044.23"
"BIH","","TOTAL","MALE","","2021","1195.32"
"BIH","","TOTAL","MALE","","2022","965.38"
"BLR","","TOTAL","MALE","","1981","1438.07"
"BLR","","TOTAL","MALE","","1982","1422.01"
"BLR","","TOTAL","MALE","","1985","1518.66"
"BLR","","TOTAL","MALE","","1986","1375.1"
"BLR","","TOTAL","MALE","","1987","1388.86"
"BLR","","TOTAL","MALE","","1988","1409.1"
"BLR","","TOTAL","MALE","","1989","1424.44"
"BLR","","TOTAL","MALE","","1990","1490.16"
"BLR","","TOTAL","MALE","","1991","1558.29"
"BLR","","TOTAL","MALE","","1992","1577.36"
"BLR","","TOTAL","MALE","","1993","1747.08"
"BLR","","TOTAL","MALE","","1994","1762.37"
"BLR","","TOTAL","MALE","","1995","1842.16"
"BLR","","TOTAL","MALE","","1996","1801.49"
"BLR","","TOTAL","MALE","","1997","1865.21"
"BLR","","TOTAL","MALE","","1998","1871.46"
"BLR","","TOTAL","MALE","","1999","1928.64"
"BLR","","TOTAL","MALE","","2000","1816.35"
"BLR","","TOTAL","MALE","","2001","1891.86"
"BLR","","TOTAL","MALE","","2002","1981.48"
"BLR","","TOTAL","MALE","","2003","1940.83"
"BLR","","TOTAL","MALE","","2004","1893.74"
"BLR","","TOTAL","MALE","","2005","1914.42"
"BLR","","TOTAL","MALE","","2007","1735.18"
"BLR","","TOTAL","MALE","","2008","1734.2"
"BLR","","TOTAL","MALE","","2009","1724.9"
"BLR","","TOTAL","MALE","","2010","1733.72"
"BLR","","TOTAL","MALE","","2011","1706.33"
"BLR","","TOTAL","MALE","","2013","1493.75"
"BLR","","TOTAL","MALE","","2014","1440.02"
"BLR","","TOTAL","MALE","","2018","1350.27"
"","CARINFONET","TOTAL","MALE","","1981","1483.23"
"","CARINFONET","TOTAL","MALE","","1982","1481.02"
"","CARINFONET","TOTAL","MALE","","1985","1482.52"
"","CARINFONET","TOTAL","MALE","","1986","1392.03"
"","CARINFONET","TOTAL","MALE","","1987","1401.3"
"","CARINFONET","TOTAL","MALE","","1988","1435.51"
"","CARINFONET","TOTAL","MALE","","1989","1428.97"
"","CARINFONET","TOTAL","MALE","","1990","1427.31"
"","CARINFONET","TOTAL","MALE","","1991","1473.66"
"","CARINFONET","TOTAL","MALE","","1992","1492.57"
"","CARINFONET","TOTAL","MALE","","1993","1672.52"
"","CARINFONET","TOTAL","MALE","","1994","1730.1"
"","CARINFONET","TOTAL","MALE","","1995","1724.12"
"","CARINFONET","TOTAL","MALE","","1996","1723.25"
"","CARINFONET","TOTAL","MALE","","1997","1633.04"
"","CARINFONET","TOTAL","MALE","","1998","1636.12"
"","CARINFONET","TOTAL","MALE","","1999","1532.09"
"","CARINFONET","TOTAL","MALE","","2000","1571.24"
"","CARINFONET","TOTAL","MALE","","2001","1514.22"
"","CARINFONET","TOTAL","MALE","","2002","1539.92"
"","CARINFONET","TOTAL","MALE","","2003","1551.42"
"","CARINFONET","TOTAL","MALE","","2004","1469.55"
"","CARINFONET","TOTAL","MALE","","2005","1519.06"
"","CARINFONET","TOTAL","MALE","","2006","1480.07"
"","CARINFONET","TOTAL","MALE","","2007","1450.49"
"","CARINFONET","TOTAL","MALE","","2008","1384.82"
"","CARINFONET","TOTAL","MALE","","2009","1311.22"
"","CARINFONET","TOTAL","MALE","","2010","1322.99"
"","CARINFONET","TOTAL","MALE","","2011","1315.07"
"","CARINFONET","TOTAL","MALE","","2012","1301.07"
"","CARINFONET","TOTAL","MALE","","2013","1252.82"
"","CARINFONET","TOTAL","MALE","","2014","1238.08"
"","CARINFONET","TOTAL","MALE","","2015","1208.32"
"","CARINFONET","TOTAL","MALE","","2016","1183.94"
"CHE","","TOTAL","MALE","","1969","1268.64"
"CHE","","TOTAL","MALE","","1970","1231.76"
"CHE","","TOTAL","MALE","","1971","1225.64"
"CHE","","TOTAL","MALE","","1972","1176.24"
"CHE","","TOTAL","MALE","","1973","1159.95"
"CHE","","TOTAL","MALE","","1974","1145.34"
"CHE","","TOTAL","MALE","","1975","1122.93"
"CHE","","TOTAL","MALE","","1976","1128.88"
"CHE","","TOTAL","MALE","","1977","1079.04"
"CHE","","TOTAL","MALE","","1978","1094.77"
"CHE","","TOTAL","MALE","","1979","1063.71"
"CHE","","TOTAL","MALE","","1980","1069.56"
"CHE","","TOTAL","MALE","","1981","1062.07"
"CHE","","TOTAL","MALE","","1982","1026.76"
"CHE","","TOTAL","MALE","","1983","1038.4"
"CHE","","TOTAL","MALE","","1984","983.65"
"CHE","","TOTAL","MALE","","1985","982.83"
"CHE","","TOTAL","MALE","","1986","961.68"
"CHE","","TOTAL","MALE","","1987","938.62"
"CHE","","TOTAL","MALE","","1988","937.36"
"CHE","","TOTAL","MALE","","1989","924.09"
"CHE","","TOTAL","MALE","","1990","943.79"
"CHE","","TOTAL","MALE","","1991","914.13"
"CHE","","TOTAL","MALE","","1992","888.16"
"CHE","","TOTAL","MALE","","1993","870.68"
"CHE","","TOTAL","MALE","","1994","847.38"
"CHE","","TOTAL","MALE","","1995","846.61"
"CHE","","TOTAL","MALE","","1996","809.52"
"CHE","","TOTAL","MALE","","1997","796.77"
"CHE","","TOTAL","MALE","","1998","791.75"
"CHE","","TOTAL","MALE","","1999","763.39"
"CHE","","TOTAL","MALE","","2000","748.99"
"CHE","","TOTAL","MALE","","2001","723.94"
"CHE","","TOTAL","MALE","","2002","692.53"
"CHE","","TOTAL","MALE","","2003","697.64"
"CHE","","TOTAL","MALE","","2004","655.57"
"CHE","","TOTAL","MALE","","2005","653.54"
"CHE","","TOTAL","MALE","","2006","624.95"
"CHE","","TOTAL","MALE","","2007","614.89"
"CHE","","TOTAL","MALE","","2008","596.04"
"CHE","","TOTAL","MALE","","2009","590.34"
"CHE","","TOTAL","MALE","","2010","576.74"
"CHE","","TOTAL","MALE","","2011","565.34"
"CHE","","TOTAL","MALE","","2012","560.79"
"CHE","","TOTAL","MALE","","2013","554.94"
"CHE","","TOTAL","MALE","","2015","547.16"
"CHE","","TOTAL","MALE","","2016","508"
"CHE","","TOTAL","MALE","","2017","512.95"
"CHE","","TOTAL","MALE","","2018","498.2"
"CHE","","TOTAL","MALE","","2019","488.28"
"","CIS","TOTAL","MALE","","1981","1691.12"
"","CIS","TOTAL","MALE","","1982","1653.13"
"","CIS","TOTAL","MALE","","1985","1684.27"
"","CIS","TOTAL","MALE","","1986","1525.54"
"","CIS","TOTAL","MALE","","1987","1537.73"
"","CIS","TOTAL","MALE","","1988","1555.8"
"","CIS","TOTAL","MALE","","1989","1552.35"
"","CIS","TOTAL","MALE","","1990","1589.77"
"","CIS","TOTAL","MALE","","1991","1626.11"
"","CIS","TOTAL","MALE","","1992","1699.86"
"","CIS","TOTAL","MALE","","1993","1938.39"
"","CIS","TOTAL","MALE","","1994","2047.38"
"","CIS","TOTAL","MALE","","1995","1995.16"
"","CIS","TOTAL","MALE","","1996","1899.14"
"","CIS","TOTAL","MALE","","1997","1812.53"
"","CIS","TOTAL","MALE","","1998","1762.98"
"","CIS","TOTAL","MALE","","1999","1828.4"
"","CIS","TOTAL","MALE","","2000","1882.01"
"","CIS","TOTAL","MALE","","2001","1867.25"
"","CIS","TOTAL","MALE","","2002","1923.76"
"","CIS","TOTAL","MALE","","2003","1968.69"
"","CIS","TOTAL","MALE","","2004","1909.44"
"","CIS","TOTAL","MALE","","2005","1924.23"
"","CIS","TOTAL","MALE","","2006","1804.26"
"","CIS","TOTAL","MALE","","2007","1739.29"
"","CIS","TOTAL","MALE","","2008","1700.26"
"","CIS","TOTAL","MALE","","2009","1613.84"
"","CIS","TOTAL","MALE","","2010","1594.54"
"","CIS","TOTAL","MALE","","2011","1512.14"
"","CIS","TOTAL","MALE","","2012","1473.41"
"","CIS","TOTAL","MALE","","2013","1427.46"
"","CIS","TOTAL","MALE","","2014","1431.49"
"","CIS","TOTAL","MALE","","2015","1375.55"
"CYP","","TOTAL","MALE","","2001","743.56"
"CYP","","TOTAL","MALE","","2002","780.23"
"CYP","","TOTAL","MALE","","2003","749.92"
"CYP","","TOTAL","MALE","","2004","743.8"
"CYP","","TOTAL","MALE","","2005","741.5"
"CYP","","TOTAL","MALE","","2006","666.74"
"CYP","","TOTAL","MALE","","2007","681.62"
"CYP","","TOTAL","MALE","","2008","644.21"
"CYP","","TOTAL","MALE","","2009","633.05"
"CYP","","TOTAL","MALE","","2010","597.49"
"CYP","","TOTAL","MALE","","2011","595.41"
"CYP","","TOTAL","MALE","","2012","616.95"
"CYP","","TOTAL","MALE","","2013","598.05"
"CYP","","TOTAL","MALE","","2014","588.5"
"CYP","","TOTAL","MALE","","2015","632.45"
"CYP","","TOTAL","MALE","","2016","583.95"
"CYP","","TOTAL","MALE","","2017","610.01"
"CYP","","TOTAL","MALE","","2018","565.17"
"CYP","","TOTAL","MALE","","2019","590.46"
"CYP","","TOTAL","MALE","","2020","589.06"
"CYP","","TOTAL","MALE","","2021","649.14"
"CZE","","TOTAL","MALE","","1986","1590.57"
"CZE","","TOTAL","MALE","","1987","1537.81"
"CZE","","TOTAL","MALE","","1988","1518.41"
"CZE","","TOTAL","MALE","","1989","1528.91"
"CZE","","TOTAL","MALE","","1990","1565.4"
"CZE","","TOTAL","MALE","","1991","1487.9"
"CZE","","TOTAL","MALE","","1992","1443.17"
"CZE","","TOTAL","MALE","","1993","1375.07"
"CZE","","TOTAL","MALE","","1994","1345.51"
"CZE","","TOTAL","MALE","","1995","1335.63"
"CZE","","TOTAL","MALE","","1996","1268.85"
"CZE","","TOTAL","MALE","","1997","1251.63"
"CZE","","TOTAL","MALE","","1998","1203.07"
"CZE","","TOTAL","MALE","","1999","1178.97"
"CZE","","TOTAL","MALE","","2000","1161.59"
"CZE","","TOTAL","MALE","","2001","1136"
"CZE","","TOTAL","MALE","","2002","1146.29"
"CZE","","TOTAL","MALE","","2003","1164.85"
"CZE","","TOTAL","MALE","","2004","1106.63"
"CZE","","TOTAL","MALE","","2005","1076.74"
"CZE","","TOTAL","MALE","","2006","1024.12"
"CZE","","TOTAL","MALE","","2007","991.2"
"CZE","","TOTAL","MALE","","2008","966.46"
"CZE","","TOTAL","MALE","","2009","962.54"
"CZE","","TOTAL","MALE","","2010","940.8"
"CZE","","TOTAL","MALE","","2011","918.4"
"CZE","","TOTAL","MALE","","2012","903.15"
"CZE","","TOTAL","MALE","","2013","892.17"
"CZE","","TOTAL","MALE","","2014","849.81"
"CZE","","TOTAL","MALE","","2015","863.97"
"CZE","","TOTAL","MALE","","2016","828.42"
"CZE","","TOTAL","MALE","","2017","832.53"
"CZE","","TOTAL","MALE","","2018","824.97"
"CZE","","TOTAL","MALE","","2019","808.75"
"CZE","","TOTAL","MALE","","2020","918.53"
"CZE","","TOTAL","MALE","","2021","1014.47"
"DEU","","TOTAL","MALE","","1990","1119.22"
"DEU","","TOTAL","MALE","","1991","1100"
"DEU","","TOTAL","MALE","","1992","1058.99"
"DEU","","TOTAL","MALE","","1993","1060.46"
"DEU","","TOTAL","MALE","","1994","1028.49"
"DEU","","TOTAL","MALE","","1995","1012.55"
"DEU","","TOTAL","MALE","","1996","989.4"
"DEU","","TOTAL","MALE","","1997","951.81"
"DEU","","TOTAL","MALE","","1998","926.85"
"DEU","","TOTAL","MALE","","1999","902.13"
"DEU","","TOTAL","MALE","","2000","876.98"
"DEU","","TOTAL","MALE","","2001","845.89"
"DEU","","TOTAL","MALE","","2002","841.06"
"DEU","","TOTAL","MALE","","2003","840.88"
"DEU","","TOTAL","MALE","","2004","790.64"
"DEU","","TOTAL","MALE","","2005","776.25"
"DEU","","TOTAL","MALE","","2006","744.29"
"DEU","","TOTAL","MALE","","2007","730.71"
"DEU","","TOTAL","MALE","","2008","720.52"
"DEU","","TOTAL","MALE","","2009","712.17"
"DEU","","TOTAL","MALE","","2010","697.07"
"DEU","","TOTAL","MALE","","2011","674.06"
"DEU","","TOTAL","MALE","","2012","666.32"
"DEU","","TOTAL","MALE","","2013","698.12"
"DEU","","TOTAL","MALE","","2014","666.35"
"DEU","","TOTAL","MALE","","2015","687.01"
"DEU","","TOTAL","MALE","","2016","669.47"
"DEU","","TOTAL","MALE","","2017","665.64"
"DEU","","TOTAL","MALE","","2018","670.43"
"DEU","","TOTAL","MALE","","2019","648.94"
"DEU","","TOTAL","MALE","","2020","667.21"
"DNK","","TOTAL","MALE","","1969","1169.57"
"DNK","","TOTAL","MALE","","1970","1151.94"
"DNK","","TOTAL","MALE","","1971","1175.76"
"DNK","","TOTAL","MALE","","1972","1180.33"
"DNK","","TOTAL","MALE","","1973","1169.15"
"DNK","","TOTAL","MALE","","1974","1173.54"
"DNK","","TOTAL","MALE","","1975","1141.93"
"DNK","","TOTAL","MALE","","1976","1187.92"
"DNK","","TOTAL","MALE","","1977","1101.51"
"DNK","","TOTAL","MALE","","1978","1129.32"
"DNK","","TOTAL","MALE","","1979","1159.13"
"DNK","","TOTAL","MALE","","1980","1177.16"
"DNK","","TOTAL","MALE","","1981","1165.5"
"DNK","","TOTAL","MALE","","1982","1123.1"
"DNK","","TOTAL","MALE","","1983","1146.51"
"DNK","","TOTAL","MALE","","1984","1127.22"
"DNK","","TOTAL","MALE","","1985","1136.01"
"DNK","","TOTAL","MALE","","1986","1112.89"
"DNK","","TOTAL","MALE","","1987","1103.22"
"DNK","","TOTAL","MALE","","1988","1092.79"
"DNK","","TOTAL","MALE","","1989","1091.85"
"DNK","","TOTAL","MALE","","1990","1106.4"
"DNK","","TOTAL","MALE","","1991","1061.07"
"DNK","","TOTAL","MALE","","1992","1071.65"
"DNK","","TOTAL","MALE","","1993","1084.77"
"DNK","","TOTAL","MALE","","1994","1062.82"
"DNK","","TOTAL","MALE","","1995","1072.97"
"DNK","","TOTAL","MALE","","1996","1036.9"
"DNK","","TOTAL","MALE","","1997","999.26"
"DNK","","TOTAL","MALE","","1998","970.14"
"DNK","","TOTAL","MALE","","1999","955.51"
"DNK","","TOTAL","MALE","","2000","918.6"
"DNK","","TOTAL","MALE","","2001","909.6"
"DNK","","TOTAL","MALE","","2002","910.43"
"DNK","","TOTAL","MALE","","2003","898.71"
"DNK","","TOTAL","MALE","","2004","867.4"
"DNK","","TOTAL","MALE","","2005","830.53"
"DNK","","TOTAL","MALE","","2006","826.76"
"DNK","","TOTAL","MALE","","2007","807.79"
"DNK","","TOTAL","MALE","","2008","787"
"DNK","","TOTAL","MALE","","2009","772.74"
"DNK","","TOTAL","MALE","","2010","752.98"
"DNK","","TOTAL","MALE","","2011","714.73"
"DNK","","TOTAL","MALE","","2012","695.35"
"DNK","","TOTAL","MALE","","2013","687.1"
"DNK","","TOTAL","MALE","","2014","658.52"
"DNK","","TOTAL","MALE","","2015","654.7"
"DNK","","TOTAL","MALE","","2016","641.86"
"DNK","","TOTAL","MALE","","2017","633.95"
"DNK","","TOTAL","MALE","","2018","644.24"
"DNK","","TOTAL","MALE","","2019","614.09"
"DNK","","TOTAL","MALE","","2020","610.5"
"DNK","","TOTAL","MALE","","2021","574"
"ESP","","TOTAL","MALE","","1968","1228.57"
"ESP","","TOTAL","MALE","","1969","1282.81"
"ESP","","TOTAL","MALE","","1971","1265.9"
"ESP","","TOTAL","MALE","","1972","1153.27"
"ESP","","TOTAL","MALE","","1973","1207.34"
"ESP","","TOTAL","MALE","","1974","1178.27"
"ESP","","TOTAL","MALE","","1975","1197.24"
"ESP","","TOTAL","MALE","","1976","1170.24"
"ESP","","TOTAL","MALE","","1977","1133.3"
"ESP","","TOTAL","MALE","","1978","1122.83"
"ESP","","TOTAL","MALE","","1979","1086.05"
"ESP","","TOTAL","MALE","","1980","1037.69"
"ESP","","TOTAL","MALE","","1981","1027.88"
"ESP","","TOTAL","MALE","","1982","980.26"
"ESP","","TOTAL","MALE","","1983","1004.08"
"ESP","","TOTAL","MALE","","1984","979.97"
"ESP","","TOTAL","MALE","","1985","998.13"
"ESP","","TOTAL","MALE","","1986","966.07"
"ESP","","TOTAL","MALE","","1987","946.27"
"ESP","","TOTAL","MALE","","1988","955.49"
"ESP","","TOTAL","MALE","","1989","954.37"
"ESP","","TOTAL","MALE","","1990","961.28"
"ESP","","TOTAL","MALE","","1991","955.3"
"ESP","","TOTAL","MALE","","1992","922.78"
"ESP","","TOTAL","MALE","","1993","913.05"
"ESP","","TOTAL","MALE","","1994","892.96"
"ESP","","TOTAL","MALE","","1995","896.77"
"ESP","","TOTAL","MALE","","1996","892.1"
"ESP","","TOTAL","MALE","","1997","865.86"
"ESP","","TOTAL","MALE","","1998","872.23"
"ESP","","TOTAL","MALE","","1999","870.18"
"ESP","","TOTAL","MALE","","2000","812.13"
"ESP","","TOTAL","MALE","","2001","795.05"
"ESP","","TOTAL","MALE","","2002","787.36"
"ESP","","TOTAL","MALE","","2003","791.66"
"ESP","","TOTAL","MALE","","2004","749.96"
"ESP","","TOTAL","MALE","","2005","751.47"
"ESP","","TOTAL","MALE","","2006","704.15"
"ESP","","TOTAL","MALE","","2007","705.29"
"ESP","","TOTAL","MALE","","2008","681.05"
"ESP","","TOTAL","MALE","","2009","660.97"
"ESP","","TOTAL","MALE","","2010","641.25"
"ESP","","TOTAL","MALE","","2011","630.84"
"ESP","","TOTAL","MALE","","2012","624.65"
"ESP","","TOTAL","MALE","","2013","591.78"
"ESP","","TOTAL","MALE","","2014","583.03"
"ESP","","TOTAL","MALE","","2015","599.05"
"ESP","","TOTAL","MALE","","2016","575.43"
"ESP","","TOTAL","MALE","","2017","574.59"
"ESP","","TOTAL","MALE","","2018","569.83"
"ESP","","TOTAL","MALE","","2019","548.5"
"ESP","","TOTAL","MALE","","2020","626.81"
"ESP","","TOTAL","MALE","","2021","579.48"
"EST","","TOTAL","MALE","","1981","1715"
"EST","","TOTAL","MALE","","1982","1641.17"
"EST","","TOTAL","MALE","","1985","1713.48"
"EST","","TOTAL","MALE","","1986","1566.25"
"EST","","TOTAL","MALE","","1987","1545.62"
"EST","","TOTAL","MALE","","1988","1531.94"
"EST","","TOTAL","MALE","","1989","1526.38"
"EST","","TOTAL","MALE","","1990","1643.18"
"EST","","TOTAL","MALE","","1991","1653.53"
"EST","","TOTAL","MALE","","1992","1736.48"
"EST","","TOTAL","MALE","","1993","1849.91"
"EST","","TOTAL","MALE","","1994","1965.68"
"EST","","TOTAL","MALE","","1995","1874.21"
"EST","","TOTAL","MALE","","1996","1688.31"
"EST","","TOTAL","MALE","","1997","1634.29"
"EST","","TOTAL","MALE","","1998","1701.35"
"EST","","TOTAL","MALE","","1999","1616.26"
"EST","","TOTAL","MALE","","2000","1528.27"
"EST","","TOTAL","MALE","","2001","1568.7"
"EST","","TOTAL","MALE","","2002","1531.49"
"EST","","TOTAL","MALE","","2003","1512.02"
"EST","","TOTAL","MALE","","2004","1474.83"
"EST","","TOTAL","MALE","","2005","1432.29"
"EST","","TOTAL","MALE","","2006","1422.85"
"EST","","TOTAL","MALE","","2007","1411.83"
"EST","","TOTAL","MALE","","2008","1304"
"EST","","TOTAL","MALE","","2009","1227.25"
"EST","","TOTAL","MALE","","2010","1167.77"
"EST","","TOTAL","MALE","","2011","1104.43"
"EST","","TOTAL","MALE","","2012","1101.38"
"EST","","TOTAL","MALE","","2013","1037.71"
"EST","","TOTAL","MALE","","2014","1045.11"
"EST","","TOTAL","MALE","","2015","987.46"
"EST","","TOTAL","MALE","","2016","983.15"
"","EU_AFTER_MAY2004","TOTAL","MALE","","1981","1466.22"
"","EU_AFTER_MAY2004","TOTAL","MALE","","1982","1454.36"
"","EU_AFTER_MAY2004","TOTAL","MALE","","1985","1538.69"
"","EU_AFTER_MAY2004","TOTAL","MALE","","1986","1497.08"
"","EU_AFTER_MAY2004","TOTAL","MALE","","1987","1496.88"
"","EU_AFTER_MAY2004","TOTAL","MALE","","1988","1472.3"
"","EU_AFTER_MAY2004","TOTAL","MALE","","1989","1465.08"
"","EU_AFTER_MAY2004","TOTAL","MALE","","1990","1480.39"
"","EU_AFTER_MAY2004","TOTAL","MALE","","1991","1501.91"
"","EU_AFTER_MAY2004","TOTAL","MALE","","1992","1501.29"
"","EU_AFTER_MAY2004","TOTAL","MALE","","1993","1497.55"
"","EU_AFTER_MAY2004","TOTAL","MALE","","1994","1485.82"
"","EU_AFTER_MAY2004","TOTAL","MALE","","1995","1471.17"
"","EU_AFTER_MAY2004","TOTAL","MALE","","1996","1458.98"
"","EU_AFTER_MAY2004","TOTAL","MALE","","1997","1440.61"
"","EU_AFTER_MAY2004","TOTAL","MALE","","1998","1416.36"
"","EU_AFTER_MAY2004","TOTAL","MALE","","1999","1382.08"
"","EU_AFTER_MAY2004","TOTAL","MALE","","2000","1331.8"
"","EU_AFTER_MAY2004","TOTAL","MALE","","2001","1300.14"
"","EU_AFTER_MAY2004","TOTAL","MALE","","2002","1300.96"
"","EU_AFTER_MAY2004","TOTAL","MALE","","2003","1300.23"
"","EU_AFTER_MAY2004","TOTAL","MALE","","2004","1256"
"","EU_AFTER_MAY2004","TOTAL","MALE","","2005","1250.9"
"","EU_AFTER_MAY2004","TOTAL","MALE","","2006","1216.81"
"","EU_AFTER_MAY2004","TOTAL","MALE","","2007","1198.46"
"","EU_AFTER_MAY2004","TOTAL","MALE","","2008","1167.78"
"","EU_AFTER_MAY2004","TOTAL","MALE","","2009","1148.37"
"","EU_AFTER_MAY2004","TOTAL","MALE","","2010","1117.1"
"","EU_AFTER_MAY2004","TOTAL","MALE","","2011","1076.68"
"","EU_AFTER_MAY2004","TOTAL","MALE","","2012","1067.89"
"","EU_AFTER_MAY2004","TOTAL","MALE","","2013","1037.52"
"","EU_AFTER_MAY2004","TOTAL","MALE","","2014","1009.48"
"","EU_AFTER_MAY2004","TOTAL","MALE","","2015","1018.38"
"","EU_AFTER_MAY2004","TOTAL","MALE","","2016","992.58"
"","EU_AFTER_MAY2004","TOTAL","MALE","","2017","994.62"
"","EU_AFTER_MAY2004","TOTAL","MALE","","2018","987.14"
"","EU_AFTER_MAY2004","TOTAL","MALE","","2019","966.92"
"","EU_AFTER_MAY2004","TOTAL","MALE","","2020","1056.16"
"","EU_AFTER_MAY2004","TOTAL","MALE","","2021","1136.49"
"","EU_BEFORE_FEB2020","TOTAL","MALE","","1969","1350.04"
"","EU_BEFORE_FEB2020","TOTAL","MALE","","1970","1320.11"
"","EU_BEFORE_FEB2020","TOTAL","MALE","","1971","1318.8"
"","EU_BEFORE_FEB2020","TOTAL","MALE","","1972","1295.67"
"","EU_BEFORE_FEB2020","TOTAL","MALE","","1973","1306.6"
"","EU_BEFORE_FEB2020","TOTAL","MALE","","1974","1275.16"
"","EU_BEFORE_FEB2020","TOTAL","MALE","","1975","1284.08"
"","EU_BEFORE_FEB2020","TOTAL","MALE","","1976","1285.79"
"","EU_BEFORE_FEB2020","TOTAL","MALE","","1977","1258.22"
"","EU_BEFORE_FEB2020","TOTAL","MALE","","1978","1259.02"
"","EU_BEFORE_FEB2020","TOTAL","MALE","","1979","1245.59"
"","EU_BEFORE_FEB2020","TOTAL","MALE","","1980","1247"
"","EU_BEFORE_FEB2020","TOTAL","MALE","","1981","1217.75"
"","EU_BEFORE_FEB2020","TOTAL","MALE","","1982","1203.99"
"","EU_BEFORE_FEB2020","TOTAL","MALE","","1983","1219.66"
"","EU_BEFORE_FEB2020","TOTAL","MALE","","1984","1196.56"
"","EU_BEFORE_FEB2020","TOTAL","MALE","","1985","1210.94"
"","EU_BEFORE_FEB2020","TOTAL","MALE","","1986","1189.51"
"","EU_BEFORE_FEB2020","TOTAL","MALE","","1987","1159.59"
"","EU_BEFORE_FEB2020","TOTAL","MALE","","1988","1147.12"
"","EU_BEFORE_FEB2020","TOTAL","MALE","","1989","1135.96"
"","EU_BEFORE_FEB2020","TOTAL","MALE","","1990","1130.39"
"","EU_BEFORE_FEB2020","TOTAL","MALE","","1991","1126.34"
"","EU_BEFORE_FEB2020","TOTAL","MALE","","1992","1103.64"
"","EU_BEFORE_FEB2020","TOTAL","MALE","","1993","1103.52"
"","EU_BEFORE_FEB2020","TOTAL","MALE","","1994","1073.36"
"","EU_BEFORE_FEB2020","TOTAL","MALE","","1995","1066.5"
"","EU_BEFORE_FEB2020","TOTAL","MALE","","1996","1048.59"
"","EU_BEFORE_FEB2020","TOTAL","MALE","","1997","1022.5"
"","EU_BEFORE_FEB2020","TOTAL","MALE","","1998","1012.42"
"","EU_BEFORE_FEB2020","TOTAL","MALE","","1999","992.98"
"","EU_BEFORE_FEB2020","TOTAL","MALE","","2000","957.92"
"","EU_BEFORE_FEB2020","TOTAL","MALE","","2001","932.04"
"","EU_BEFORE_FEB2020","TOTAL","MALE","","2002","923.87"
"","EU_BEFORE_FEB2020","TOTAL","MALE","","2003","921.59"
"","EU_BEFORE_FEB2020","TOTAL","MALE","","2004","873.83"
"","EU_BEFORE_FEB2020","TOTAL","MALE","","2005","863.92"
"","EU_BEFORE_FEB2020","TOTAL","MALE","","2006","829.71"
"","EU_BEFORE_FEB2020","TOTAL","MALE","","2007","815.35"
"","EU_BEFORE_FEB2020","TOTAL","MALE","","2008","797.15"
"","EU_BEFORE_FEB2020","TOTAL","MALE","","2009","780.84"
"","EU_BEFORE_FEB2020","TOTAL","MALE","","2010","761.04"
"","EU_BEFORE_FEB2020","TOTAL","MALE","","2011","738.16"
"","EU_BEFORE_FEB2020","TOTAL","MALE","","2012","733.38"
"","EU_BEFORE_FEB2020","TOTAL","MALE","","2013","720.8"
"","EU_BEFORE_FEB2020","TOTAL","MALE","","2014","696.38"
"","EU_BEFORE_FEB2020","TOTAL","MALE","","2015","708.08"
"","EU_BEFORE_FEB2020","TOTAL","MALE","","2016","689.69"
"","EU_BEFORE_FEB2020","TOTAL","MALE","","2017","687.91"
"","EU_BEFORE_FEB2020","TOTAL","MALE","","2018","684.16"
"","EU_BEFORE_FEB2020","TOTAL","MALE","","2019","665.25"
"","EU_BEFORE_FEB2020","TOTAL","MALE","","2020","720.66"
"","EU_BEFORE_FEB2020","TOTAL","MALE","","2021","731.26"
"","EU_BEFORE_MAY2004","TOTAL","MALE","","1969","1317.97"
"","EU_BEFORE_MAY2004","TOTAL","MALE","","1970","1279.73"
"","EU_BEFORE_MAY2004","TOTAL","MALE","","1971","1270.13"
"","EU_BEFORE_MAY2004","TOTAL","MALE","","1972","1258.97"
"","EU_BEFORE_MAY2004","TOTAL","MALE","","1973","1264.3"
"","EU_BEFORE_MAY2004","TOTAL","MALE","","1974","1239.12"
"","EU_BEFORE_MAY2004","TOTAL","MALE","","1975","1242.41"
"","EU_BEFORE_MAY2004","TOTAL","MALE","","1976","1239.43"
"","EU_BEFORE_MAY2004","TOTAL","MALE","","1977","1201.99"
"","EU_BEFORE_MAY2004","TOTAL","MALE","","1978","1199.66"
"","EU_BEFORE_MAY2004","TOTAL","MALE","","1979","1181.66"
"","EU_BEFORE_MAY2004","TOTAL","MALE","","1980","1164.96"
"","EU_BEFORE_MAY2004","TOTAL","MALE","","1981","1142.79"
"","EU_BEFORE_MAY2004","TOTAL","MALE","","1982","1128.03"
"","EU_BEFORE_MAY2004","TOTAL","MALE","","1983","1137.76"
"","EU_BEFORE_MAY2004","TOTAL","MALE","","1984","1104.4"
"","EU_BEFORE_MAY2004","TOTAL","MALE","","1985","1110.68"
"","EU_BEFORE_MAY2004","TOTAL","MALE","","1986","1095.21"
"","EU_BEFORE_MAY2004","TOTAL","MALE","","1987","1055.99"
"","EU_BEFORE_MAY2004","TOTAL","MALE","","1988","1047.06"
"","EU_BEFORE_MAY2004","TOTAL","MALE","","1989","1034.71"
"","EU_BEFORE_MAY2004","TOTAL","MALE","","1990","1023.07"
"","EU_BEFORE_MAY2004","TOTAL","MALE","","1991","1011.73"
"","EU_BEFORE_MAY2004","TOTAL","MALE","","1992","983.67"
"","EU_BEFORE_MAY2004","TOTAL","MALE","","1993","985.38"
"","EU_BEFORE_MAY2004","TOTAL","MALE","","1994","950.21"
"","EU_BEFORE_MAY2004","TOTAL","MALE","","1995","946.27"
"","EU_BEFORE_MAY2004","TOTAL","MALE","","1996","927.61"
"","EU_BEFORE_MAY2004","TOTAL","MALE","","1997","899.77"
"","EU_BEFORE_MAY2004","TOTAL","MALE","","1998","894.44"
"","EU_BEFORE_MAY2004","TOTAL","MALE","","1999","879.86"
"","EU_BEFORE_MAY2004","TOTAL","MALE","","2000","850.58"
"","EU_BEFORE_MAY2004","TOTAL","MALE","","2001","826.56"
"","EU_BEFORE_MAY2004","TOTAL","MALE","","2002","817.38"
"","EU_BEFORE_MAY2004","TOTAL","MALE","","2003","815.6"
"","EU_BEFORE_MAY2004","TOTAL","MALE","","2004","767.64"
"","EU_BEFORE_MAY2004","TOTAL","MALE","","2005","757.2"
"","EU_BEFORE_MAY2004","TOTAL","MALE","","2006","723.94"
"","EU_BEFORE_MAY2004","TOTAL","MALE","","2007","711.43"
"","EU_BEFORE_MAY2004","TOTAL","MALE","","2008","697.2"
"","EU_BEFORE_MAY2004","TOTAL","MALE","","2009","682.16"
"","EU_BEFORE_MAY2004","TOTAL","MALE","","2010","665.96"
"","EU_BEFORE_MAY2004","TOTAL","MALE","","2011","648.12"
"","EU_BEFORE_MAY2004","TOTAL","MALE","","2012","646.18"
"","EU_BEFORE_MAY2004","TOTAL","MALE","","2013","638.31"
"","EU_BEFORE_MAY2004","TOTAL","MALE","","2014","615.38"
"","EU_BEFORE_MAY2004","TOTAL","MALE","","2015","628.46"
"","EU_BEFORE_MAY2004","TOTAL","MALE","","2016","612.56"
"","EU_BEFORE_MAY2004","TOTAL","MALE","","2017","610.17"
"","EU_BEFORE_MAY2004","TOTAL","MALE","","2018","607.22"
"","EU_BEFORE_MAY2004","TOTAL","MALE","","2019","589.33"
"","EU_BEFORE_MAY2004","TOTAL","MALE","","2020","636.37"
"","EU_MEMBERS","TOTAL","MALE","","1969","1335.02"
"","EU_MEMBERS","TOTAL","MALE","","1970","1303.76"
"","EU_MEMBERS","TOTAL","MALE","","1971","1311.31"
"","EU_MEMBERS","TOTAL","MALE","","1972","1277.8"
"","EU_MEMBERS","TOTAL","MALE","","1973","1293.65"
"","EU_MEMBERS","TOTAL","MALE","","1974","1260.07"
"","EU_MEMBERS","TOTAL","MALE","","1975","1273.43"
"","EU_MEMBERS","TOTAL","MALE","","1976","1272.74"
"","EU_MEMBERS","TOTAL","MALE","","1977","1250.19"
"","EU_MEMBERS","TOTAL","MALE","","1978","1249.34"
"","EU_MEMBERS","TOTAL","MALE","","1979","1233.99"
"","EU_MEMBERS","TOTAL","MALE","","1980","1242.13"
"","EU_MEMBERS","TOTAL","MALE","","1981","1215.78"
"","EU_MEMBERS","TOTAL","MALE","","1982","1201.31"
"","EU_MEMBERS","TOTAL","MALE","","1983","1221.54"
"","EU_MEMBERS","TOTAL","MALE","","1984","1201.11"
"","EU_MEMBERS","TOTAL","MALE","","1985","1214.64"
"","EU_MEMBERS","TOTAL","MALE","","1986","1194.3"
"","EU_MEMBERS","TOTAL","MALE","","1987","1168.21"
"","EU_MEMBERS","TOTAL","MALE","","1988","1155.35"
"","EU_MEMBERS","TOTAL","MALE","","1989","1144.06"
"","EU_MEMBERS","TOTAL","MALE","","1990","1142.65"
"","EU_MEMBERS","TOTAL","MALE","","1991","1138.59"
"","EU_MEMBERS","TOTAL","MALE","","1992","1117.49"
"","EU_MEMBERS","TOTAL","MALE","","1993","1114.89"
"","EU_MEMBERS","TOTAL","MALE","","1994","1088.27"
"","EU_MEMBERS","TOTAL","MALE","","1995","1079.53"
"","EU_MEMBERS","TOTAL","MALE","","1996","1063.09"
"","EU_MEMBERS","TOTAL","MALE","","1997","1037.21"
"","EU_MEMBERS","TOTAL","MALE","","1998","1027.52"
"","EU_MEMBERS","TOTAL","MALE","","1999","1006.8"
"","EU_MEMBERS","TOTAL","MALE","","2000","970.83"
"","EU_MEMBERS","TOTAL","MALE","","2001","944.97"
"","EU_MEMBERS","TOTAL","MALE","","2002","937.14"
"","EU_MEMBERS","TOTAL","MALE","","2003","936.01"
"","EU_MEMBERS","TOTAL","MALE","","2004","887.66"
"","EU_MEMBERS","TOTAL","MALE","","2005","879.49"
"","EU_MEMBERS","TOTAL","MALE","","2006","844.05"
"","EU_MEMBERS","TOTAL","MALE","","2007","829.89"
"","EU_MEMBERS","TOTAL","MALE","","2008","810.77"
"","EU_MEMBERS","TOTAL","MALE","","2009","796.4"
"","EU_MEMBERS","TOTAL","MALE","","2010","776.18"
"","EU_MEMBERS","TOTAL","MALE","","2011","753.67"
"","EU_MEMBERS","TOTAL","MALE","","2012","748.24"
"","EU_MEMBERS","TOTAL","MALE","","2013","734.04"
"","EU_MEMBERS","TOTAL","MALE","","2014","708.63"
"","EU_MEMBERS","TOTAL","MALE","","2015","719.72"
"","EU_MEMBERS","TOTAL","MALE","","2016","700.39"
"","EU_MEMBERS","TOTAL","MALE","","2017","699.14"
"","EU_MEMBERS","TOTAL","MALE","","2018","692.31"
"","EU_MEMBERS","TOTAL","MALE","","2019","676.23"
"","EU_MEMBERS","TOTAL","MALE","","2020","727.7"
"","EU_MEMBERS","TOTAL","MALE","","2021","739.93"
"FIN","","TOTAL","MALE","","1969","1722.73"
"FIN","","TOTAL","MALE","","1970","1644.29"
"FIN","","TOTAL","MALE","","1971","1673.38"
"FIN","","TOTAL","MALE","","1972","1572.24"
"FIN","","TOTAL","MALE","","1973","1539.44"
"FIN","","TOTAL","MALE","","1974","1553.42"
"FIN","","TOTAL","MALE","","1975","1497.41"
"FIN","","TOTAL","MALE","","1976","1507.39"
"FIN","","TOTAL","MALE","","1977","1456.86"
"FIN","","TOTAL","MALE","","1978","1409.27"
"FIN","","TOTAL","MALE","","1979","1363.68"
"FIN","","TOTAL","MALE","","1980","1365.5"
"FIN","","TOTAL","MALE","","1981","1311.27"
"FIN","","TOTAL","MALE","","1982","1258.29"
"FIN","","TOTAL","MALE","","1983","1277.33"
"FIN","","TOTAL","MALE","","1984","1231.63"
"FIN","","TOTAL","MALE","","1985","1305.58"
"FIN","","TOTAL","MALE","","1986","1221.31"
"FIN","","TOTAL","MALE","","1987","1210.8"
"FIN","","TOTAL","MALE","","1988","1207.47"
"FIN","","TOTAL","MALE","","1989","1181.08"
"FIN","","TOTAL","MALE","","1990","1186.05"
"FIN","","TOTAL","MALE","","1991","1140.62"
"FIN","","TOTAL","MALE","","1992","1130.47"
"FIN","","TOTAL","MALE","","1993","1112.91"
"FIN","","TOTAL","MALE","","1994","1030.98"
"FIN","","TOTAL","MALE","","1995","1046.72"
"FIN","","TOTAL","MALE","","1996","1024.93"
"FIN","","TOTAL","MALE","","1997","994.09"
"FIN","","TOTAL","MALE","","1998","993.21"
"FIN","","TOTAL","MALE","","1999","976.08"
"FIN","","TOTAL","MALE","","2000","941.29"
"FIN","","TOTAL","MALE","","2001","908.67"
"FIN","","TOTAL","MALE","","2002","895.06"
"FIN","","TOTAL","MALE","","2003","873.9"
"FIN","","TOTAL","MALE","","2004","849.56"
"FIN","","TOTAL","MALE","","2005","826.31"
"FIN","","TOTAL","MALE","","2006","812.72"
"FIN","","TOTAL","MALE","","2007","803.88"
"FIN","","TOTAL","MALE","","2008","771.18"
"FIN","","TOTAL","MALE","","2009","768.29"
"FIN","","TOTAL","MALE","","2010","754.68"
"FIN","","TOTAL","MALE","","2011","726.71"
"FIN","","TOTAL","MALE","","2012","712.12"
"FIN","","TOTAL","MALE","","2013","691.39"
"FIN","","TOTAL","MALE","","2014","677.28"
"FIN","","TOTAL","MALE","","2016","664.78"
"FIN","","TOTAL","MALE","","2017","644.26"
"FIN","","TOTAL","MALE","","2018","636.33"
"FIN","","TOTAL","MALE","","2019","618.41"
"FIN","","TOTAL","MALE","","2020","624.47"
"FIN","","TOTAL","MALE","","2021","628.84"
"FRA","","TOTAL","MALE","","1968","1414.96"
"FRA","","TOTAL","MALE","","1969","1383.53"
"FRA","","TOTAL","MALE","","1970","1285.7"
"FRA","","TOTAL","MALE","","1971","1300.62"
"FRA","","TOTAL","MALE","","1972","1280.05"
"FRA","","TOTAL","MALE","","1973","1267.22"
"FRA","","TOTAL","MALE","","1974","1260.56"
"FRA","","TOTAL","MALE","","1975","1256.6"
"FRA","","TOTAL","MALE","","1976","1239.84"
"FRA","","TOTAL","MALE","","1977","1184.44"
"FRA","","TOTAL","MALE","","1978","1190.29"
"FRA","","TOTAL","MALE","","1979","1161.41"
"FRA","","TOTAL","MALE","","1980","1149.27"
"FRA","","TOTAL","MALE","","1981","1143.06"
"FRA","","TOTAL","MALE","","1982","1112.88"
"FRA","","TOTAL","MALE","","1983","1121"
"FRA","","TOTAL","MALE","","1984","1079.57"
"FRA","","TOTAL","MALE","","1985","1078.65"
"FRA","","TOTAL","MALE","","1986","1102.29"
"FRA","","TOTAL","MALE","","1987","1007.58"
"FRA","","TOTAL","MALE","","1988","979.73"
"FRA","","TOTAL","MALE","","1989","967.97"
"FRA","","TOTAL","MALE","","1990","944.92"
"FRA","","TOTAL","MALE","","1991","930.19"
"FRA","","TOTAL","MALE","","1992","912.7"
"FRA","","TOTAL","MALE","","1993","909.22"
"FRA","","TOTAL","MALE","","1994","877.86"
"FRA","","TOTAL","MALE","","1995","872.51"
"FRA","","TOTAL","MALE","","1996","864.58"
"FRA","","TOTAL","MALE","","1997","838.22"
"FRA","","TOTAL","MALE","","1998","862.47"
"FRA","","TOTAL","MALE","","1999","854.61"
"FRA","","TOTAL","MALE","","2000","832.2"
"FRA","","TOTAL","MALE","","2001","821.26"
"FRA","","TOTAL","MALE","","2002","812.03"
"FRA","","TOTAL","MALE","","2003","815.42"
"FRA","","TOTAL","MALE","","2004","751.55"
"FRA","","TOTAL","MALE","","2005","751.25"
"FRA","","TOTAL","MALE","","2006","715.69"
"FRA","","TOTAL","MALE","","2007","700.2"
"FRA","","TOTAL","MALE","","2008","689.67"
"FRA","","TOTAL","MALE","","2009","677.76"
"FRA","","TOTAL","MALE","","2010","667.34"
"FRA","","TOTAL","MALE","","2011","645.18"
"FRA","","TOTAL","MALE","","2012","643"
"FRA","","TOTAL","MALE","","2013","627.09"
"FRA","","TOTAL","MALE","","2014","599.5"
"FRA","","TOTAL","MALE","","2017","595.47"
"FRA","","TOTAL","MALE","","2018","589.5"
"GBR","","TOTAL","MALE","","1968","1460.57"
"GBR","","TOTAL","MALE","","1969","1454.29"
"GBR","","TOTAL","MALE","","1970","1433.8"
"GBR","","TOTAL","MALE","","1971","1371.35"
"GBR","","TOTAL","MALE","","1972","1421.21"
"GBR","","TOTAL","MALE","","1973","1397.76"
"GBR","","TOTAL","MALE","","1974","1381.99"
"GBR","","TOTAL","MALE","","1975","1359.96"
"GBR","","TOTAL","MALE","","1976","1379.5"
"GBR","","TOTAL","MALE","","1977","1316.26"
"GBR","","TOTAL","MALE","","1978","1329.3"
"GBR","","TOTAL","MALE","","1979","1330.09"
"GBR","","TOTAL","MALE","","1980","1282.55"
"GBR","","TOTAL","MALE","","1981","1232.13"
"GBR","","TOTAL","MALE","","1982","1223.58"
"GBR","","TOTAL","MALE","","1983","1205.93"
"GBR","","TOTAL","MALE","","1984","1163.22"
"GBR","","TOTAL","MALE","","1985","1183.79"
"GBR","","TOTAL","MALE","","1986","1154.47"
"GBR","","TOTAL","MALE","","1987","1096.53"
"GBR","","TOTAL","MALE","","1988","1086.83"
"GBR","","TOTAL","MALE","","1989","1076.72"
"GBR","","TOTAL","MALE","","1990","1040.85"
"GBR","","TOTAL","MALE","","1991","1037.35"
"GBR","","TOTAL","MALE","","1992","1003.38"
"GBR","","TOTAL","MALE","","1993","1021.24"
"GBR","","TOTAL","MALE","","1994","965.63"
"GBR","","TOTAL","MALE","","1995","972.68"
"GBR","","TOTAL","MALE","","1996","944.48"
"GBR","","TOTAL","MALE","","1997","917.27"
"GBR","","TOTAL","MALE","","1998","904.76"
"GBR","","TOTAL","MALE","","1999","894.98"
"GBR","","TOTAL","MALE","","2001","838.63"
"GBR","","TOTAL","MALE","","2002","828.17"
"GBR","","TOTAL","MALE","","2003","817.66"
"GBR","","TOTAL","MALE","","2004","774.41"
"GBR","","TOTAL","MALE","","2005","752.4"
"GBR","","TOTAL","MALE","","2006","727.2"
"GBR","","TOTAL","MALE","","2007","711.61"
"GBR","","TOTAL","MALE","","2008","700.4"
"GBR","","TOTAL","MALE","","2009","670.69"
"GBR","","TOTAL","MALE","","2010","654.69"
"GBR","","TOTAL","MALE","","2011","630.56"
"GBR","","TOTAL","MALE","","2012","631.45"
"GBR","","TOTAL","MALE","","2013","630.83"
"GBR","","TOTAL","MALE","","2014","613.52"
"GBR","","TOTAL","MALE","","2015","629.83"
"GBR","","TOTAL","MALE","","2016","618.17"
"GBR","","TOTAL","MALE","","2017","613.22"
"GBR","","TOTAL","MALE","","2018","628.64"
"GBR","","TOTAL","MALE","","2019","592.91"
"GBR","","TOTAL","MALE","","2020","674.42"
"GEO","","TOTAL","MALE","","1981","1365.14"
"GEO","","TOTAL","MALE","","1982","1320.43"
"GEO","","TOTAL","MALE","","1985","1353.95"
"GEO","","TOTAL","MALE","","1986","1337.39"
"GEO","","TOTAL","MALE","","1987","1320.7"
"GEO","","TOTAL","MALE","","1988","1319.46"
"GEO","","TOTAL","MALE","","1989","1290.63"
"GEO","","TOTAL","MALE","","1990","1228.38"
"GEO","","TOTAL","MALE","","1991","1233.23"
"GEO","","TOTAL","MALE","","1992","1236.57"
"GEO","","TOTAL","MALE","","1994","999.68"
"GEO","","TOTAL","MALE","","1995","1144.63"
"GEO","","TOTAL","MALE","","1996","1055.81"
"GEO","","TOTAL","MALE","","1997","1136.16"
"GEO","","TOTAL","MALE","","1998","1225.6"
"GEO","","TOTAL","MALE","","1999","1234.89"
"GEO","","TOTAL","MALE","","2000","1228.25"
"GEO","","TOTAL","MALE","","2001","1157.76"
"GEO","","TOTAL","MALE","","2004","1475.48"
"GEO","","TOTAL","MALE","","2005","1203.85"
"GEO","","TOTAL","MALE","","2006","1196.62"
"GEO","","TOTAL","MALE","","2007","1152.34"
"GEO","","TOTAL","MALE","","2009","1207.37"
"GEO","","TOTAL","MALE","","2010","1147.26"
"GEO","","TOTAL","MALE","","2011","1170.81"
"GEO","","TOTAL","MALE","","2012","1141.2"
"GEO","","TOTAL","MALE","","2013","1095.88"
"GEO","","TOTAL","MALE","","2014","1310.73"
"GEO","","TOTAL","MALE","","2015","1376.51"
"GEO","","TOTAL","MALE","","2016","1429.95"
"GEO","","TOTAL","MALE","","2017","1330.52"
"GEO","","TOTAL","MALE","","2018","1292.05"
"GEO","","TOTAL","MALE","","2019","1299.51"
"GEO","","TOTAL","MALE","","2020","1416.42"
"GEO","","TOTAL","MALE","","2021","1645.49"
"GRC","","TOTAL","MALE","","1968","1142.51"
"GRC","","TOTAL","MALE","","1969","1109.96"
"GRC","","TOTAL","MALE","","1970","1016.25"
"GRC","","TOTAL","MALE","","1971","1001.69"
"GRC","","TOTAL","MALE","","1972","1015.2"
"GRC","","TOTAL","MALE","","1973","1011.07"
"GRC","","TOTAL","MALE","","1974","975.14"
"GRC","","TOTAL","MALE","","1975","1005.77"
"GRC","","TOTAL","MALE","","1976","1004.03"
"GRC","","TOTAL","MALE","","1977","1007.58"
"GRC","","TOTAL","MALE","","1978","967.16"
"GRC","","TOTAL","MALE","","1979","953.02"
"GRC","","TOTAL","MALE","","1980","972.9"
"GRC","","TOTAL","MALE","","1981","950.27"
"GRC","","TOTAL","MALE","","1982","938.04"
"GRC","","TOTAL","MALE","","1983","962.07"
"GRC","","TOTAL","MALE","","1984","931.51"
"GRC","","TOTAL","MALE","","1985","959.79"
"GRC","","TOTAL","MALE","","1986","932.36"
"GRC","","TOTAL","MALE","","1987","940.68"
"GRC","","TOTAL","MALE","","1988","904.19"
"GRC","","TOTAL","MALE","","1989","892.71"
"GRC","","TOTAL","MALE","","1990","886.73"
"GRC","","TOTAL","MALE","","1991","883.34"
"GRC","","TOTAL","MALE","","1992","889.58"
"GRC","","TOTAL","MALE","","1993","866.53"
"GRC","","TOTAL","MALE","","1994","859.09"
"GRC","","TOTAL","MALE","","1995","871.69"
"GRC","","TOTAL","MALE","","1996","865.69"
"GRC","","TOTAL","MALE","","1997","842.17"
"GRC","","TOTAL","MALE","","1998","849.62"
"GRC","","TOTAL","MALE","","1999","847.23"
"GRC","","TOTAL","MALE","","2000","855.46"
"GRC","","TOTAL","MALE","","2001","820.29"
"GRC","","TOTAL","MALE","","2002","806.25"
"GRC","","TOTAL","MALE","","2003","795.98"
"GRC","","TOTAL","MALE","","2004","784.91"
"GRC","","TOTAL","MALE","","2005","762.57"
"GRC","","TOTAL","MALE","","2006","728.45"
"GRC","","TOTAL","MALE","","2007","739.12"
"GRC","","TOTAL","MALE","","2008","705.75"
"GRC","","TOTAL","MALE","","2009","693.18"
"GRC","","TOTAL","MALE","","2010","662.68"
"GRC","","TOTAL","MALE","","2011","658.74"
"GRC","","TOTAL","MALE","","2012","689.16"
"GRC","","TOTAL","MALE","","2014","649.08"
"GRC","","TOTAL","MALE","","2015","668.58"
"GRC","","TOTAL","MALE","","2016","642.78"
"GRC","","TOTAL","MALE","","2017","651.48"
"GRC","","TOTAL","MALE","","2018","627.09"
"GRC","","TOTAL","MALE","","2019","631.5"
"GRC","","TOTAL","MALE","","2020","652.22"
"HRV","","TOTAL","MALE","","1985","1490.71"
"HRV","","TOTAL","MALE","","1986","1452.35"
"HRV","","TOTAL","MALE","","1987","1455.25"
"HRV","","TOTAL","MALE","","1988","1447.33"
"HRV","","TOTAL","MALE","","1989","1408.09"
"HRV","","TOTAL","MALE","","1990","1387.91"
"HRV","","TOTAL","MALE","","1991","1470.84"
"HRV","","TOTAL","MALE","","1992","1386.33"
"HRV","","TOTAL","MALE","","1993","1355.24"
"HRV","","TOTAL","MALE","","1994","1336.78"
"HRV","","TOTAL","MALE","","1995","1289.98"
"HRV","","TOTAL","MALE","","1996","1442.91"
"HRV","","TOTAL","MALE","","1997","1459.14"
"HRV","","TOTAL","MALE","","1998","1515.51"
"HRV","","TOTAL","MALE","","1999","1492.15"
"HRV","","TOTAL","MALE","","2000","1426.16"
"HRV","","TOTAL","MALE","","2001","1206.94"
"HRV","","TOTAL","MALE","","2002","1213.73"
"HRV","","TOTAL","MALE","","2003","1242.1"
"HRV","","TOTAL","MALE","","2004","1119.68"
"HRV","","TOTAL","MALE","","2005","1164.69"
"HRV","","TOTAL","MALE","","2006","1106.22"
"HRV","","TOTAL","MALE","","2007","1120.59"
"HRV","","TOTAL","MALE","","2008","1095.23"
"HRV","","TOTAL","MALE","","2009","1061.51"
"HRV","","TOTAL","MALE","","2010","1023.17"
"HRV","","TOTAL","MALE","","2011","990.44"
"HRV","","TOTAL","MALE","","2012","992.52"
"HRV","","TOTAL","MALE","","2013","946.62"
"HRV","","TOTAL","MALE","","2014","924.95"
"HRV","","TOTAL","MALE","","2015","966.47"
"HRV","","TOTAL","MALE","","2016","913.3"
"HRV","","TOTAL","MALE","","2017","917.18"
"HRV","","TOTAL","MALE","","2019","872.53"
"HRV","","TOTAL","MALE","","2020","942.52"
"HRV","","TOTAL","MALE","","2021","1062.11"
"HUN","","TOTAL","MALE","","1969","1490.76"
"HUN","","TOTAL","MALE","","1970","1513.96"
"HUN","","TOTAL","MALE","","1971","1528.96"
"HUN","","TOTAL","MALE","","1972","1463.43"
"HUN","","TOTAL","MALE","","1973","1498.58"
"HUN","","TOTAL","MALE","","1974","1492.57"
"HUN","","TOTAL","MALE","","1975","1529.17"
"HUN","","TOTAL","MALE","","1976","1526.62"
"HUN","","TOTAL","MALE","","1977","1523.68"
"HUN","","TOTAL","MALE","","1978","1610.49"
"HUN","","TOTAL","MALE","","1979","1575.28"
"HUN","","TOTAL","MALE","","1980","1666.76"
"HUN","","TOTAL","MALE","","1981","1647.32"
"HUN","","TOTAL","MALE","","1982","1646.8"
"HUN","","TOTAL","MALE","","1983","1699.41"
"HUN","","TOTAL","MALE","","1984","1683.32"
"HUN","","TOTAL","MALE","","1985","1680.53"
"HUN","","TOTAL","MALE","","1986","1653.53"
"HUN","","TOTAL","MALE","","1987","1607.54"
"HUN","","TOTAL","MALE","","1988","1566.27"
"HUN","","TOTAL","MALE","","1989","1625.17"
"HUN","","TOTAL","MALE","","1990","1669.03"
"HUN","","TOTAL","MALE","","1991","1660.42"
"HUN","","TOTAL","MALE","","1992","1713.84"
"HUN","","TOTAL","MALE","","1993","1731.5"
"HUN","","TOTAL","MALE","","1994","1678.14"
"HUN","","TOTAL","MALE","","1995","1639.74"
"HUN","","TOTAL","MALE","","1996","1581.14"
"HUN","","TOTAL","MALE","","1997","1540.84"
"HUN","","TOTAL","MALE","","1998","1553.71"
"HUN","","TOTAL","MALE","","1999","1608.81"
"HUN","","TOTAL","MALE","","2000","1516.76"
"HUN","","TOTAL","MALE","","2001","1391.29"
"HUN","","TOTAL","MALE","","2002","1395.55"
"HUN","","TOTAL","MALE","","2003","1410.31"
"HUN","","TOTAL","MALE","","2004","1360.97"
"HUN","","TOTAL","MALE","","2005","1373.05"
"HUN","","TOTAL","MALE","","2006","1316.54"
"HUN","","TOTAL","MALE","","2007","1308.71"
"HUN","","TOTAL","MALE","","2008","1258.38"
"HUN","","TOTAL","MALE","","2009","1244.51"
"HUN","","TOTAL","MALE","","2010","1208.34"
"HUN","","TOTAL","MALE","","2011","1171.18"
"HUN","","TOTAL","MALE","","2012","1158.06"
"HUN","","TOTAL","MALE","","2013","1114.89"
"HUN","","TOTAL","MALE","","2014","1099.06"
"HUN","","TOTAL","MALE","","2015","1085.59"
"HUN","","TOTAL","MALE","","2016","1080.48"
"HUN","","TOTAL","MALE","","2017","1090.71"
"HUN","","TOTAL","MALE","","2018","1077.85"
"HUN","","TOTAL","MALE","","2019","1044.76"
"IRL","","TOTAL","MALE","","1968","1409.53"
"IRL","","TOTAL","MALE","","1969","1432.17"
"IRL","","TOTAL","MALE","","1970","1432.6"
"IRL","","TOTAL","MALE","","1971","1332.96"
"IRL","","TOTAL","MALE","","1972","1428.62"
"IRL","","TOTAL","MALE","","1973","1411.62"
"IRL","","TOTAL","MALE","","1974","1447.85"
"IRL","","TOTAL","MALE","","1975","1376.55"
"IRL","","TOTAL","MALE","","1976","1389.9"
"IRL","","TOTAL","MALE","","1977","1375.14"
"IRL","","TOTAL","MALE","","1978","1375.42"
"IRL","","TOTAL","MALE","","1979","1390.11"
"IRL","","TOTAL","MALE","","1980","1357.74"
"IRL","","TOTAL","MALE","","1981","1336.61"
"IRL","","TOTAL","MALE","","1982","1312.31"
"IRL","","TOTAL","MALE","","1983","1330.58"
"IRL","","TOTAL","MALE","","1984","1265.49"
"IRL","","TOTAL","MALE","","1985","1318.11"
"IRL","","TOTAL","MALE","","1986","1324.69"
"IRL","","TOTAL","MALE","","1987","1212.4"
"IRL","","TOTAL","MALE","","1988","1207.88"
"IRL","","TOTAL","MALE","","1989","1198.55"
"IRL","","TOTAL","MALE","","1990","1189.17"
"IRL","","TOTAL","MALE","","1991","1140.85"
"IRL","","TOTAL","MALE","","1992","1109.94"
"IRL","","TOTAL","MALE","","1993","1132.12"
"IRL","","TOTAL","MALE","","1994","1093.04"
"IRL","","TOTAL","MALE","","1995","1121.77"
"IRL","","TOTAL","MALE","","1996","1080.73"
"IRL","","TOTAL","MALE","","1997","1052.86"
"IRL","","TOTAL","MALE","","1998","1040.06"
"IRL","","TOTAL","MALE","","1999","1058.6"
"IRL","","TOTAL","MALE","","2000","993.01"
"IRL","","TOTAL","MALE","","2001","946"
"IRL","","TOTAL","MALE","","2002","906.75"
"IRL","","TOTAL","MALE","","2003","854.69"
"IRL","","TOTAL","MALE","","2004","825.12"
"IRL","","TOTAL","MALE","","2005","776.29"
"IRL","","TOTAL","MALE","","2006","772.03"
"IRL","","TOTAL","MALE","","2007","743.97"
"IRL","","TOTAL","MALE","","2008","724.97"
"IRL","","TOTAL","MALE","","2009","729.79"
"IRL","","TOTAL","MALE","","2010","673.72"
"IRL","","TOTAL","MALE","","2011","665.63"
"IRL","","TOTAL","MALE","","2012","665.94"
"IRL","","TOTAL","MALE","","2013","648.68"
"IRL","","TOTAL","MALE","","2015","620.29"
"IRL","","TOTAL","MALE","","2018","580.23"
"ISL","","TOTAL","MALE","","1971","1153.36"
"ISL","","TOTAL","MALE","","1972","1074.93"
"ISL","","TOTAL","MALE","","1973","1044.34"
"ISL","","TOTAL","MALE","","1974","1057.58"
"ISL","","TOTAL","MALE","","1975","997.01"
"ISL","","TOTAL","MALE","","1976","908.99"
"ISL","","TOTAL","MALE","","1977","906.95"
"ISL","","TOTAL","MALE","","1978","885.34"
"ISL","","TOTAL","MALE","","1979","891.44"
"ISL","","TOTAL","MALE","","1980","927.54"
"ISL","","TOTAL","MALE","","1981","993.35"
"ISL","","TOTAL","MALE","","1982","886.09"
"ISL","","TOTAL","MALE","","1983","977.39"
"ISL","","TOTAL","MALE","","1984","866.75"
"ISL","","TOTAL","MALE","","1985","858.04"
"ISL","","TOTAL","MALE","","1986","844.56"
"ISL","","TOTAL","MALE","","1987","873.99"
"ISL","","TOTAL","MALE","","1988","913.12"
"ISL","","TOTAL","MALE","","1989","817.67"
"ISL","","TOTAL","MALE","","1990","815.66"
"ISL","","TOTAL","MALE","","1991","893.17"
"ISL","","TOTAL","MALE","","1992","772.63"
"ISL","","TOTAL","MALE","","1993","748.9"
"ISL","","TOTAL","MALE","","1994","762.35"
"ISL","","TOTAL","MALE","","1995","820.22"
"ISL","","TOTAL","MALE","","1996","801.93"
"ISL","","TOTAL","MALE","","1997","799.54"
"ISL","","TOTAL","MALE","","1998","740.79"
"ISL","","TOTAL","MALE","","1999","752.31"
"ISL","","TOTAL","MALE","","2000","690.11"
"ISL","","TOTAL","MALE","","2001","681.24"
"ISL","","TOTAL","MALE","","2002","669.49"
"ISL","","TOTAL","MALE","","2003","632.58"
"ISL","","TOTAL","MALE","","2004","657.54"
"ISL","","TOTAL","MALE","","2005","623.82"
"ISL","","TOTAL","MALE","","2006","620.58"
"ISL","","TOTAL","MALE","","2007","614.66"
"ISL","","TOTAL","MALE","","2008","595.07"
"ISL","","TOTAL","MALE","","2009","603.57"
"ISL","","TOTAL","MALE","","2010","606.05"
"ISL","","TOTAL","MALE","","2011","558.87"
"ISL","","TOTAL","MALE","","2012","511.29"
"ISL","","TOTAL","MALE","","2013","569.89"
"ISL","","TOTAL","MALE","","2014","535.48"
"ISL","","TOTAL","MALE","","2015","526.63"
"ISL","","TOTAL","MALE","","2016","575.84"
"ISL","","TOTAL","MALE","","2017","529.4"
"ISL","","TOTAL","MALE","","2018","517.37"
"ISL","","TOTAL","MALE","","2019","508.54"
"ISL","","TOTAL","MALE","","2020","502.35"
"ISL","","TOTAL","MALE","","2021","493.17"
"ISR","","TOTAL","MALE","","1975","1133.22"
"ISR","","TOTAL","MALE","","1976","1084.32"
"ISR","","TOTAL","MALE","","1977","1094.6"
"ISR","","TOTAL","MALE","","1978","1075.94"
"ISR","","TOTAL","MALE","","1979","1069.76"
"ISR","","TOTAL","MALE","","1980","1067.03"
"ISR","","TOTAL","MALE","","1981","1010.27"
"ISR","","TOTAL","MALE","","1982","1059.86"
"ISR","","TOTAL","MALE","","1983","991.58"
"ISR","","TOTAL","MALE","","1984","990.83"
"ISR","","TOTAL","MALE","","1985","975.64"
"ISR","","TOTAL","MALE","","1986","1000.55"
"ISR","","TOTAL","MALE","","1987","974.9"
"ISR","","TOTAL","MALE","","1988","950.17"
"ISR","","TOTAL","MALE","","1989","906.53"
"ISR","","TOTAL","MALE","","1990","872.55"
"ISR","","TOTAL","MALE","","1991","885.02"
"ISR","","TOTAL","MALE","","1992","909.8"
"ISR","","TOTAL","MALE","","1993","868.64"
"ISR","","TOTAL","MALE","","1994","853.38"
"ISR","","TOTAL","MALE","","1995","859.25"
"ISR","","TOTAL","MALE","","1996","790.09"
"ISR","","TOTAL","MALE","","1997","801.21"
"ISR","","TOTAL","MALE","","1998","800.8"
"ISR","","TOTAL","MALE","","1999","779.43"
"ISR","","TOTAL","MALE","","2000","767.9"
"ISR","","TOTAL","MALE","","2001","742"
"ISR","","TOTAL","MALE","","2002","737.96"
"ISR","","TOTAL","MALE","","2003","722.87"
"ISR","","TOTAL","MALE","","2004","694.29"
"ISR","","TOTAL","MALE","","2005","687.47"
"ISR","","TOTAL","MALE","","2006","655.59"
"ISR","","TOTAL","MALE","","2007","660.59"
"ISR","","TOTAL","MALE","","2008","629.55"
"ISR","","TOTAL","MALE","","2009","586.64"
"ISR","","TOTAL","MALE","","2010","582.97"
"ISR","","TOTAL","MALE","","2011","575.61"
"ISR","","TOTAL","MALE","","2012","579.89"
"ISR","","TOTAL","MALE","","2013","558.23"
"ISR","","TOTAL","MALE","","2014","555.42"
"ISR","","TOTAL","MALE","","2015","573.51"
"ISR","","TOTAL","MALE","","2016","542.6"
"ISR","","TOTAL","MALE","","2017","546.12"
"ISR","","TOTAL","MALE","","2018","527.72"
"ISR","","TOTAL","MALE","","2019","525.27"
"ISR","","TOTAL","MALE","","2020","553.33"
"ISR","","TOTAL","MALE","","2021","565.01"
"ITA","","TOTAL","MALE","","1968","1377.27"
"ITA","","TOTAL","MALE","","1969","1379.83"
"ITA","","TOTAL","MALE","","1970","1295.38"
"ITA","","TOTAL","MALE","","1971","1295.65"
"ITA","","TOTAL","MALE","","1972","1290.09"
"ITA","","TOTAL","MALE","","1973","1334.39"
"ITA","","TOTAL","MALE","","1974","1229.37"
"ITA","","TOTAL","MALE","","1975","1260.16"
"ITA","","TOTAL","MALE","","1976","1235.7"
"ITA","","TOTAL","MALE","","1977","1212.48"
"ITA","","TOTAL","MALE","","1978","1184.66"
"ITA","","TOTAL","MALE","","1979","1160.55"
"ITA","","TOTAL","MALE","","1980","1166.73"
"ITA","","TOTAL","MALE","","1981","1122.73"
"ITA","","TOTAL","MALE","","1982","1137.35"
"ITA","","TOTAL","MALE","","1983","1177.13"
"ITA","","TOTAL","MALE","","1984","1100.2"
"ITA","","TOTAL","MALE","","1985","1096.51"
"ITA","","TOTAL","MALE","","1986","1065.98"
"ITA","","TOTAL","MALE","","1987","1024.24"
"ITA","","TOTAL","MALE","","1988","1011.12"
"ITA","","TOTAL","MALE","","1989","976.71"
"ITA","","TOTAL","MALE","","1990","967.61"
"ITA","","TOTAL","MALE","","1991","964.31"
"ITA","","TOTAL","MALE","","1992","935.85"
"ITA","","TOTAL","MALE","","1993","920.69"
"ITA","","TOTAL","MALE","","1994","907.93"
"ITA","","TOTAL","MALE","","1995","891.68"
"ITA","","TOTAL","MALE","","1996","860.82"
"ITA","","TOTAL","MALE","","1997","845.25"
"ITA","","TOTAL","MALE","","1998","842.77"
"ITA","","TOTAL","MALE","","1999","815.25"
"ITA","","TOTAL","MALE","","2000","786.17"
"ITA","","TOTAL","MALE","","2001","762.78"
"ITA","","TOTAL","MALE","","2002","745.45"
"ITA","","TOTAL","MALE","","2003","757.98"
"ITA","","TOTAL","MALE","","2004","706.26"
"ITA","","TOTAL","MALE","","2005","708.07"
"ITA","","TOTAL","MALE","","2006","668.82"
"ITA","","TOTAL","MALE","","2007","657.5"
"ITA","","TOTAL","MALE","","2008","644.62"
"ITA","","TOTAL","MALE","","2009","632.21"
"ITA","","TOTAL","MALE","","2010","610.86"
"ITA","","TOTAL","MALE","","2011","613.13"
"ITA","","TOTAL","MALE","","2012","610.8"
"ITA","","TOTAL","MALE","","2013","582.24"
"ITA","","TOTAL","MALE","","2014","563.08"
"ITA","","TOTAL","MALE","","2015","581.75"
"ITA","","TOTAL","MALE","","2016","551.45"
"ITA","","TOTAL","MALE","","2017","560.7"
"ITA","","TOTAL","MALE","","2018","542.78"
"ITA","","TOTAL","MALE","","2019","529.3"
"ITA","","TOTAL","MALE","","2020","617.52"
"KAZ","","TOTAL","MALE","","1981","1693.65"
"KAZ","","TOTAL","MALE","","1982","1645.27"
"KAZ","","TOTAL","MALE","","1985","1674.56"
"KAZ","","TOTAL","MALE","","1986","1550.37"
"KAZ","","TOTAL","MALE","","1987","1572.71"
"KAZ","","TOTAL","MALE","","1988","1600.5"
"KAZ","","TOTAL","MALE","","1989","1609.23"
"KAZ","","TOTAL","MALE","","1990","1606.44"
"KAZ","","TOTAL","MALE","","1991","1651.63"
"KAZ","","TOTAL","MALE","","1992","1673.56"
"KAZ","","TOTAL","MALE","","1993","1856.52"
"KAZ","","TOTAL","MALE","","1994","2017.13"
"KAZ","","TOTAL","MALE","","1995","2102.62"
"KAZ","","TOTAL","MALE","","1996","2149.55"
"KAZ","","TOTAL","MALE","","1997","2083.38"
"KAZ","","TOTAL","MALE","","1998","2127.85"
"KAZ","","TOTAL","MALE","","1999","2013.44"
"KAZ","","TOTAL","MALE","","2000","2071.52"
"KAZ","","TOTAL","MALE","","2001","1999.32"
"KAZ","","TOTAL","MALE","","2002","1992.9"
"KAZ","","TOTAL","MALE","","2003","2070.44"
"KAZ","","TOTAL","MALE","","2004","1981.15"
"KAZ","","TOTAL","MALE","","2005","2004.75"
"KAZ","","TOTAL","MALE","","2006","1957.45"
"KAZ","","TOTAL","MALE","","2007","1951.43"
"KAZ","","TOTAL","MALE","","2008","1821.5"
"KAZ","","TOTAL","MALE","","2009","1658.11"
"KAZ","","TOTAL","MALE","","2010","1694.82"
"KAZ","","TOTAL","MALE","","2011","1651.91"
"KAZ","","TOTAL","MALE","","2012","1614.25"
"KAZ","","TOTAL","MALE","","2013","1513.11"
"KAZ","","TOTAL","MALE","","2014","1440.6"
"KAZ","","TOTAL","MALE","","2015","1402.04"
"KAZ","","TOTAL","MALE","","2016","1374.56"
"KAZ","","TOTAL","MALE","","2017","1306.33"
"KAZ","","TOTAL","MALE","","2018","1294.06"
"KAZ","","TOTAL","MALE","","2019","1292.87"
"KAZ","","TOTAL","MALE","","2020","1559.3"
"KAZ","","TOTAL","MALE","","2021","1677"
"KGZ","","TOTAL","MALE","","1981","1510.62"
"KGZ","","TOTAL","MALE","","1982","1498.88"
"KGZ","","TOTAL","MALE","","1985","1534.8"
"KGZ","","TOTAL","MALE","","1986","1353.69"
"KGZ","","TOTAL","MALE","","1987","1406.05"
"KGZ","","TOTAL","MALE","","1988","1462.25"
"KGZ","","TOTAL","MALE","","1989","1492.99"
"KGZ","","TOTAL","MALE","","1990","1498.46"
"KGZ","","TOTAL","MALE","","1991","1502.94"
"KGZ","","TOTAL","MALE","","1992","1558.32"
"KGZ","","TOTAL","MALE","","1993","1708.26"
"KGZ","","TOTAL","MALE","","1994","1930.67"
"KGZ","","TOTAL","MALE","","1995","1888.91"
"KGZ","","TOTAL","MALE","","1996","1783.62"
"KGZ","","TOTAL","MALE","","1997","1729.57"
"KGZ","","TOTAL","MALE","","1998","1653.34"
"KGZ","","TOTAL","MALE","","1999","1532.18"
"KGZ","","TOTAL","MALE","","2000","1620.28"
"KGZ","","TOTAL","MALE","","2001","1544.52"
"KGZ","","TOTAL","MALE","","2002","1625.91"
"KGZ","","TOTAL","MALE","","2003","1650.43"
"KGZ","","TOTAL","MALE","","2004","1539.19"
"KGZ","","TOTAL","MALE","","2005","1620.54"
"KGZ","","TOTAL","MALE","","2006","1655.3"
"KGZ","","TOTAL","MALE","","2007","1614.32"
"KGZ","","TOTAL","MALE","","2008","1550.61"
"KGZ","","TOTAL","MALE","","2009","1537.37"
"KGZ","","TOTAL","MALE","","2010","1517.28"
"KGZ","","TOTAL","MALE","","2011","1496.61"
"KGZ","","TOTAL","MALE","","2012","1479.71"
"KGZ","","TOTAL","MALE","","2013","1391.17"
"KGZ","","TOTAL","MALE","","2014","1400.81"
"KGZ","","TOTAL","MALE","","2015","1324.87"
"KGZ","","TOTAL","MALE","","2016","1225.96"
"LTU","","TOTAL","MALE","","1981","1449.45"
"LTU","","TOTAL","MALE","","1982","1414.77"
"LTU","","TOTAL","MALE","","1985","1513.35"
"LTU","","TOTAL","MALE","","1986","1334.98"
"LTU","","TOTAL","MALE","","1987","1361.83"
"LTU","","TOTAL","MALE","","1988","1365.68"
"LTU","","TOTAL","MALE","","1989","1379.52"
"LTU","","TOTAL","MALE","","1990","1436.58"
"LTU","","TOTAL","MALE","","1991","1492.48"
"LTU","","TOTAL","MALE","","1992","1520.99"
"LTU","","TOTAL","MALE","","1993","1691.24"
"LTU","","TOTAL","MALE","","1994","1735.33"
"LTU","","TOTAL","MALE","","1995","1676.94"
"LTU","","TOTAL","MALE","","1996","1588.06"
"LTU","","TOTAL","MALE","","1997","1504.86"
"LTU","","TOTAL","MALE","","1998","1472.99"
"LTU","","TOTAL","MALE","","1999","1453.82"
"LTU","","TOTAL","MALE","","2000","1415.06"
"LTU","","TOTAL","MALE","","2001","1486.84"
"LTU","","TOTAL","MALE","","2002","1484.86"
"LTU","","TOTAL","MALE","","2003","1479.1"
"LTU","","TOTAL","MALE","","2004","1462.51"
"LTU","","TOTAL","MALE","","2005","1556.07"
"LTU","","TOTAL","MALE","","2006","1571.96"
"LTU","","TOTAL","MALE","","2007","1615.37"
"LTU","","TOTAL","MALE","","2008","1498.09"
"LTU","","TOTAL","MALE","","2009","1410.97"
"LTU","","TOTAL","MALE","","2010","1389.24"
"LTU","","TOTAL","MALE","","2011","1339.62"
"LTU","","TOTAL","MALE","","2012","1312.53"
"LTU","","TOTAL","MALE","","2013","1306.51"
"LTU","","TOTAL","MALE","","2014","1252.55"
"LTU","","TOTAL","MALE","","2015","1267.48"
"LTU","","TOTAL","MALE","","2016","1249.48"
"LTU","","TOTAL","MALE","","2017","1168.52"
"LTU","","TOTAL","MALE","","2018","1147.15"
"LTU","","TOTAL","MALE","","2019","1101.55"
"LTU","","TOTAL","MALE","","2020","1257.71"
"LTU","","TOTAL","MALE","","2021","1319.22"
"LTU","","TOTAL","MALE","","2022","1165.38"
"LUX","","TOTAL","MALE","","1971","1609.06"
"LUX","","TOTAL","MALE","","1972","1464.53"
"LUX","","TOTAL","MALE","","1973","1518.32"
"LUX","","TOTAL","MALE","","1974","1481"
"LUX","","TOTAL","MALE","","1975","1463.59"
"LUX","","TOTAL","MALE","","1976","1522.08"
"LUX","","TOTAL","MALE","","1977","1382.68"
"LUX","","TOTAL","MALE","","1978","1444.47"
"LUX","","TOTAL","MALE","","1979","1367.72"
"LUX","","TOTAL","MALE","","1980","1326.05"
"LUX","","TOTAL","MALE","","1981","1371"
"LUX","","TOTAL","MALE","","1982","1358.68"
"LUX","","TOTAL","MALE","","1983","1335.85"
"LUX","","TOTAL","MALE","","1984","1292.88"
"LUX","","TOTAL","MALE","","1985","1288.92"
"LUX","","TOTAL","MALE","","1986","1277.01"
"LUX","","TOTAL","MALE","","1987","1243.57"
"LUX","","TOTAL","MALE","","1988","1230.76"
"LUX","","TOTAL","MALE","","1989","1157.08"
"LUX","","TOTAL","MALE","","1990","1086.43"
"LUX","","TOTAL","MALE","","1991","1077.86"
"LUX","","TOTAL","MALE","","1992","1049.59"
"LUX","","TOTAL","MALE","","1993","1054.01"
"LUX","","TOTAL","MALE","","1994","998.04"
"LUX","","TOTAL","MALE","","1995","997.93"
"LUX","","TOTAL","MALE","","1996","1008.75"
"LUX","","TOTAL","MALE","","1997","931.35"
"LUX","","TOTAL","MALE","","1998","928.93"
"LUX","","TOTAL","MALE","","1999","867.43"
"LUX","","TOTAL","MALE","","2000","860.54"
"LUX","","TOTAL","MALE","","2001","828.56"
"LUX","","TOTAL","MALE","","2002","838.51"
"LUX","","TOTAL","MALE","","2003","899.53"
"LUX","","TOTAL","MALE","","2004","793.03"
"LUX","","TOTAL","MALE","","2005","743.51"
"LUX","","TOTAL","MALE","","2006","747.46"
"LUX","","TOTAL","MALE","","2007","747.29"
"LUX","","TOTAL","MALE","","2008","657.06"
"LUX","","TOTAL","MALE","","2009","674.89"
"LUX","","TOTAL","MALE","","2010","678.63"
"LUX","","TOTAL","MALE","","2011","650.87"
"LUX","","TOTAL","MALE","","2012","601.26"
"LUX","","TOTAL","MALE","","2013","567.7"
"LUX","","TOTAL","MALE","","2014","594.92"
"LUX","","TOTAL","MALE","","2015","554.87"
"LUX","","TOTAL","MALE","","2016","558.5"
"LUX","","TOTAL","MALE","","2017","549.47"
"LUX","","TOTAL","MALE","","2018","519.44"
"LUX","","TOTAL","MALE","","2019","524.87"
"LUX","","TOTAL","MALE","","2020","558.89"
"LUX","","TOTAL","MALE","","2021","531.49"
"LUX","","TOTAL","MALE","","2022","499.47"
"LVA","","TOTAL","MALE","","1980","1666.86"
"LVA","","TOTAL","MALE","","1981","1684.79"
"LVA","","TOTAL","MALE","","1982","1606.65"
"LVA","","TOTAL","MALE","","1983","1645.62"
"LVA","","TOTAL","MALE","","1984","1677.23"
"LVA","","TOTAL","MALE","","1985","1670.86"
"LVA","","TOTAL","MALE","","1986","1513.17"
"LVA","","TOTAL","MALE","","1987","1531.73"
"LVA","","TOTAL","MALE","","1988","1532"
"LVA","","TOTAL","MALE","","1989","1549.66"
"LVA","","TOTAL","MALE","","1990","1664.72"
"LVA","","TOTAL","MALE","","1991","1684.9"
"LVA","","TOTAL","MALE","","1992","1756.43"
"LVA","","TOTAL","MALE","","1993","1997.04"
"LVA","","TOTAL","MALE","","1994","2183.12"
"LVA","","TOTAL","MALE","","1995","2038.11"
"LVA","","TOTAL","MALE","","1996","1772.07"
"LVA","","TOTAL","MALE","","1997","1689.25"
"LVA","","TOTAL","MALE","","1998","1699.5"
"LVA","","TOTAL","MALE","","1999","1645.53"
"LVA","","TOTAL","MALE","","2000","1637.01"
"LVA","","TOTAL","MALE","","2001","1677.8"
"LVA","","TOTAL","MALE","","2002","1658.94"
"LVA","","TOTAL","MALE","","2003","1613.19"
"LVA","","TOTAL","MALE","","2004","1610.17"
"LVA","","TOTAL","MALE","","2005","1667.4"
"LVA","","TOTAL","MALE","","2006","1657.58"
"LVA","","TOTAL","MALE","","2007","1616.93"
"LVA","","TOTAL","MALE","","2008","1519.58"
"LVA","","TOTAL","MALE","","2009","1420.68"
"LVA","","TOTAL","MALE","","2010","1415.68"
"LVA","","TOTAL","MALE","","2011","1334.27"
"LVA","","TOTAL","MALE","","2012","1320.87"
"LVA","","TOTAL","MALE","","2013","1274.23"
"LVA","","TOTAL","MALE","","2014","1264.4"
"LVA","","TOTAL","MALE","","2015","1215.17"
"LVA","","TOTAL","MALE","","2016","1215.49"
"LVA","","TOTAL","MALE","","2017","1218.01"
"LVA","","TOTAL","MALE","","2018","1205.5"
"LVA","","TOTAL","MALE","","2019","1145.91"
"LVA","","TOTAL","MALE","","2020","1184.18"
"LVA","","TOTAL","MALE","","2021","1419.63"
"MDA","","TOTAL","MALE","","1981","1747.7"
"MDA","","TOTAL","MALE","","1982","1669.56"
"MDA","","TOTAL","MALE","","1985","1822.43"
"MDA","","TOTAL","MALE","","1986","1569.52"
"MDA","","TOTAL","MALE","","1987","1532.45"
"MDA","","TOTAL","MALE","","1988","1542.85"
"MDA","","TOTAL","MALE","","1989","1484.7"
"MDA","","TOTAL","MALE","","1990","1595.44"
"MDA","","TOTAL","MALE","","1991","1750.92"
"MDA","","TOTAL","MALE","","1992","1737.14"
"MDA","","TOTAL","MALE","","1993","1788.48"
"MDA","","TOTAL","MALE","","1994","1974.73"
"MDA","","TOTAL","MALE","","1995","2036.7"
"MDA","","TOTAL","MALE","","1996","1956.81"
"MDA","","TOTAL","MALE","","1997","1913.04"
"MDA","","TOTAL","MALE","","1998","1815.66"
"MDA","","TOTAL","MALE","","1999","1861.09"
"MDA","","TOTAL","MALE","","2000","1829.09"
"MDA","","TOTAL","MALE","","2001","1775.32"
"MDA","","TOTAL","MALE","","2002","1831.59"
"MDA","","TOTAL","MALE","","2003","1836.92"
"MDA","","TOTAL","MALE","","2004","1771.5"
"MDA","","TOTAL","MALE","","2005","1886.43"
"MDA","","TOTAL","MALE","","2006","1761.75"
"MDA","","TOTAL","MALE","","2007","1661.03"
"MDA","","TOTAL","MALE","","2008","1607.94"
"MDA","","TOTAL","MALE","","2009","1626.44"
"MDA","","TOTAL","MALE","","2010","1670.56"
"MDA","","TOTAL","MALE","","2011","1488.44"
"MDA","","TOTAL","MALE","","2012","1475.37"
"MDA","","TOTAL","MALE","","2013","1388.25"
"MDA","","TOTAL","MALE","","2014","1416.53"
"MDA","","TOTAL","MALE","","2015","1417.67"
"MDA","","TOTAL","MALE","","2016","1358.14"
"MDA","","TOTAL","MALE","","2017","1258.22"
"MDA","","TOTAL","MALE","","2018","1263"
"MKD","","TOTAL","MALE","","1991","1186.29"
"MKD","","TOTAL","MALE","","1992","1280.96"
"MKD","","TOTAL","MALE","","1993","1243.66"
"MKD","","TOTAL","MALE","","1994","1231.21"
"MKD","","TOTAL","MALE","","1995","1242.17"
"MKD","","TOTAL","MALE","","1996","1210.36"
"MKD","","TOTAL","MALE","","1997","1229.33"
"MKD","","TOTAL","MALE","","1998","1268.8"
"MKD","","TOTAL","MALE","","1999","1247.38"
"MKD","","TOTAL","MALE","","2000","1241.32"
"MKD","","TOTAL","MALE","","2001","1207.77"
"MKD","","TOTAL","MALE","","2002","1272.09"
"MKD","","TOTAL","MALE","","2003","1262.92"
"MKD","","TOTAL","MALE","","2004","1209.55"
"MKD","","TOTAL","MALE","","2005","1198.65"
"MKD","","TOTAL","MALE","","2006","1184.56"
"MKD","","TOTAL","MALE","","2007","1212.88"
"MKD","","TOTAL","MALE","","2008","1142.33"
"MKD","","TOTAL","MALE","","2009","1126.83"
"MKD","","TOTAL","MALE","","2010","1114.24"
"MKD","","TOTAL","MALE","","2011","1093.22"
"MKD","","TOTAL","MALE","","2012","1120.7"
"MKD","","TOTAL","MALE","","2013","1059.21"
"MKD","","TOTAL","MALE","","2015","1054.04"
"MKD","","TOTAL","MALE","","2016","1051.31"
"MKD","","TOTAL","MALE","","2017","1012.08"
"MKD","","TOTAL","MALE","","2018","970.74"
"MKD","","TOTAL","MALE","","2019","779.97"
"MKD","","TOTAL","MALE","","2020","1244.26"
"MKD","","TOTAL","MALE","","2021","1311.73"
"MLT","","TOTAL","MALE","","1968","1400.61"
"MLT","","TOTAL","MALE","","1969","1408.64"
"MLT","","TOTAL","MALE","","1970","1417.96"
"MLT","","TOTAL","MALE","","1971","1424.26"
"MLT","","TOTAL","MALE","","1972","1298.86"
"MLT","","TOTAL","MALE","","1973","1728.42"
"MLT","","TOTAL","MALE","","1974","1632.81"
"MLT","","TOTAL","MALE","","1975","1737.94"
"MLT","","TOTAL","MALE","","1976","1936.74"
"MLT","","TOTAL","MALE","","1977","1695.38"
"MLT","","TOTAL","MALE","","1978","1986.29"
"MLT","","TOTAL","MALE","","1979","1797.19"
"MLT","","TOTAL","MALE","","1980","1961.76"
"MLT","","TOTAL","MALE","","1981","2250.36"
"MLT","","TOTAL","MALE","","1982","1335.21"
"MLT","","TOTAL","MALE","","1983","1362.58"
"MLT","","TOTAL","MALE","","1984","1258.05"
"MLT","","TOTAL","MALE","","1985","1236.24"
"MLT","","TOTAL","MALE","","1986","1142.35"
"MLT","","TOTAL","MALE","","1987","1193.39"
"MLT","","TOTAL","MALE","","1988","1073.66"
"MLT","","TOTAL","MALE","","1989","976.44"
"MLT","","TOTAL","MALE","","1990","1015.93"
"MLT","","TOTAL","MALE","","1991","1040.88"
"MLT","","TOTAL","MALE","","1992","1044.02"
"MLT","","TOTAL","MALE","","1993","970.79"
"MLT","","TOTAL","MALE","","1994","941.45"
"MLT","","TOTAL","MALE","","1995","893.12"
"MLT","","TOTAL","MALE","","1996","909.66"
"MLT","","TOTAL","MALE","","1997","949.85"
"MLT","","TOTAL","MALE","","1998","968.61"
"MLT","","TOTAL","MALE","","1999","928.69"
"MLT","","TOTAL","MALE","","2000","871.92"
"MLT","","TOTAL","MALE","","2001","814.34"
"MLT","","TOTAL","MALE","","2002","853.86"
"MLT","","TOTAL","MALE","","2003","830.86"
"MLT","","TOTAL","MALE","","2004","753.16"
"MLT","","TOTAL","MALE","","2005","760.75"
"MLT","","TOTAL","MALE","","2006","783.36"
"MLT","","TOTAL","MALE","","2007","731.59"
"MLT","","TOTAL","MALE","","2008","741.87"
"MLT","","TOTAL","MALE","","2009","718.88"
"MLT","","TOTAL","MALE","","2010","619.76"
"MLT","","TOTAL","MALE","","2011","659.29"
"MLT","","TOTAL","MALE","","2012","676.88"
"MLT","","TOTAL","MALE","","2013","608.82"
"MLT","","TOTAL","MALE","","2014","595.94"
"MLT","","TOTAL","MALE","","2015","604.13"
"MLT","","TOTAL","MALE","","2016","547.96"
"MLT","","TOTAL","MALE","","2017","574.63"
"MNE","","TOTAL","MALE","","1985","968.82"
"MNE","","TOTAL","MALE","","1986","934.56"
"MNE","","TOTAL","MALE","","1987","897.62"
"MNE","","TOTAL","MALE","","1988","831.41"
"MNE","","TOTAL","MALE","","1989","878.92"
"MNE","","TOTAL","MALE","","1990","870.11"
"MNE","","TOTAL","MALE","","1991","1041.25"
"MNE","","TOTAL","MALE","","1992","1070.13"
"MNE","","TOTAL","MALE","","1993","1056.33"
"MNE","","TOTAL","MALE","","1994","1025.07"
"MNE","","TOTAL","MALE","","1995","1061.93"
"MNE","","TOTAL","MALE","","1996","1069.98"
"MNE","","TOTAL","MALE","","1997","1089.69"
"MNE","","TOTAL","MALE","","2000","1130.67"
"MNE","","TOTAL","MALE","","2001","1092.39"
"MNE","","TOTAL","MALE","","2002","1147.4"
"MNE","","TOTAL","MALE","","2003","1134.97"
"MNE","","TOTAL","MALE","","2004","1160.03"
"MNE","","TOTAL","MALE","","2005","1161.69"
"MNE","","TOTAL","MALE","","2006","1131.91"
"MNE","","TOTAL","MALE","","2007","1096.14"
"MNE","","TOTAL","MALE","","2008","1037.17"
"MNE","","TOTAL","MALE","","2009","996.27"
"MNE","","TOTAL","MALE","","2017","824.35"
"MNE","","TOTAL","MALE","","2019","743.52"
"NLD","","TOTAL","MALE","","1969","1170.59"
"NLD","","TOTAL","MALE","","1970","1183.44"
"NLD","","TOTAL","MALE","","1971","1171.99"
"NLD","","TOTAL","MALE","","1972","1198.15"
"NLD","","TOTAL","MALE","","1973","1153.63"
"NLD","","TOTAL","MALE","","1974","1124.15"
"NLD","","TOTAL","MALE","","1975","1164.25"
"NLD","","TOTAL","MALE","","1976","1155.47"
"NLD","","TOTAL","MALE","","1977","1088.36"
"NLD","","TOTAL","MALE","","1978","1116.79"
"NLD","","TOTAL","MALE","","1979","1074.54"
"NLD","","TOTAL","MALE","","1980","1077.83"
"NLD","","TOTAL","MALE","","1981","1065.96"
"NLD","","TOTAL","MALE","","1982","1065.3"
"NLD","","TOTAL","MALE","","1983","1060.91"
"NLD","","TOTAL","MALE","","1984","1055.01"
"NLD","","TOTAL","MALE","","1985","1059.2"
"NLD","","TOTAL","MALE","","1986","1058.42"
"NLD","","TOTAL","MALE","","1987","1016.29"
"NLD","","TOTAL","MALE","","1988","1006.6"
"NLD","","TOTAL","MALE","","1989","1021.01"
"NLD","","TOTAL","MALE","","1990","1001.37"
"NLD","","TOTAL","MALE","","1991","988.23"
"NLD","","TOTAL","MALE","","1992","967.36"
"NLD","","TOTAL","MALE","","1993","1007.93"
"NLD","","TOTAL","MALE","","1994","952.65"
"NLD","","TOTAL","MALE","","1995","954.52"
"NLD","","TOTAL","MALE","","1996","950.43"
"NLD","","TOTAL","MALE","","1997","911.08"
"NLD","","TOTAL","MALE","","1998","910.04"
"NLD","","TOTAL","MALE","","1999","903.03"
"NLD","","TOTAL","MALE","","2000","883.52"
"NLD","","TOTAL","MALE","","2001","860.72"
"NLD","","TOTAL","MALE","","2002","852.07"
"NLD","","TOTAL","MALE","","2003","837.24"
"NLD","","TOTAL","MALE","","2004","786.93"
"NLD","","TOTAL","MALE","","2005","767.37"
"NLD","","TOTAL","MALE","","2006","734.92"
"NLD","","TOTAL","MALE","","2007","708.11"
"NLD","","TOTAL","MALE","","2008","688.11"
"NLD","","TOTAL","MALE","","2009","671.56"
"NLD","","TOTAL","MALE","","2010","658.71"
"NLD","","TOTAL","MALE","","2011","630.95"
"NLD","","TOTAL","MALE","","2012","636.83"
"NLD","","TOTAL","MALE","","2013","622.28"
"NLD","","TOTAL","MALE","","2014","592.63"
"NLD","","TOTAL","MALE","","2015","606.84"
"NLD","","TOTAL","MALE","","2016","598.46"
"NLD","","TOTAL","MALE","","2017","584.54"
"NLD","","TOTAL","MALE","","2018","555.47"
"NLD","","TOTAL","MALE","","2019","530.71"
"NLD","","TOTAL","MALE","","2020","595.1"
"NLD","","TOTAL","MALE","","2021","615.28"
"NLD","","TOTAL","MALE","","2022","586.95"
"NOR","","TOTAL","MALE","","1969","1167.28"
"NOR","","TOTAL","MALE","","1970","1155.03"
"NOR","","TOTAL","MALE","","1971","1139.87"
"NOR","","TOTAL","MALE","","1972","1134.33"
"NOR","","TOTAL","MALE","","1973","1134.08"
"NOR","","TOTAL","MALE","","1974","1104.16"
"NOR","","TOTAL","MALE","","1975","1107.16"
"NOR","","TOTAL","MALE","","1976","1097.96"
"NOR","","TOTAL","MALE","","1977","1075.54"
"NOR","","TOTAL","MALE","","1978","1071.57"
"NOR","","TOTAL","MALE","","1979","1083.79"
"NOR","","TOTAL","MALE","","1980","1065.63"
"NOR","","TOTAL","MALE","","1981","1063.87"
"NOR","","TOTAL","MALE","","1982","1042.14"
"NOR","","TOTAL","MALE","","1983","1043.39"
"NOR","","TOTAL","MALE","","1984","1030.88"
"NOR","","TOTAL","MALE","","1985","1056.5"
"NOR","","TOTAL","MALE","","1986","1036.76"
"NOR","","TOTAL","MALE","","1987","1046.92"
"NOR","","TOTAL","MALE","","1988","1025.64"
"NOR","","TOTAL","MALE","","1989","1010.53"
"NOR","","TOTAL","MALE","","1990","1009.71"
"NOR","","TOTAL","MALE","","1991","967.1"
"NOR","","TOTAL","MALE","","1992","958"
"NOR","","TOTAL","MALE","","1993","978.34"
"NOR","","TOTAL","MALE","","1994","912.46"
"NOR","","TOTAL","MALE","","1995","929.71"
"NOR","","TOTAL","MALE","","1996","880.49"
"NOR","","TOTAL","MALE","","1997","878.6"
"NOR","","TOTAL","MALE","","1998","863.39"
"NOR","","TOTAL","MALE","","1999","864.62"
"NOR","","TOTAL","MALE","","2000","827.13"
"NOR","","TOTAL","MALE","","2001","814.62"
"NOR","","TOTAL","MALE","","2002","808.44"
"NOR","","TOTAL","MALE","","2003","761.24"
"NOR","","TOTAL","MALE","","2004","727.37"
"NOR","","TOTAL","MALE","","2005","713.88"
"NOR","","TOTAL","MALE","","2006","686.06"
"NOR","","TOTAL","MALE","","2007","690.69"
"NOR","","TOTAL","MALE","","2008","683.18"
"NOR","","TOTAL","MALE","","2009","657.05"
"NOR","","TOTAL","MALE","","2010","646.42"
"NOR","","TOTAL","MALE","","2011","635.93"
"NOR","","TOTAL","MALE","","2012","620.72"
"NOR","","TOTAL","MALE","","2013","606.3"
"NOR","","TOTAL","MALE","","2014","586.4"
"NOR","","TOTAL","MALE","","2015","571.54"
"NOR","","TOTAL","MALE","","2016","557.44"
"","NORDIC","TOTAL","MALE","","1969","1268.72"
"","NORDIC","TOTAL","MALE","","1970","1222.3"
"","NORDIC","TOTAL","MALE","","1971","1241.69"
"","NORDIC","TOTAL","MALE","","1972","1217.25"
"","NORDIC","TOTAL","MALE","","1973","1212.11"
"","NORDIC","TOTAL","MALE","","1974","1209.09"
"","NORDIC","TOTAL","MALE","","1975","1191.83"
"","NORDIC","TOTAL","MALE","","1976","1207.84"
"","NORDIC","TOTAL","MALE","","1977","1160.53"
"","NORDIC","TOTAL","MALE","","1978","1155.34"
"","NORDIC","TOTAL","MALE","","1979","1155.12"
"","NORDIC","TOTAL","MALE","","1980","1151.52"
"","NORDIC","TOTAL","MALE","","1981","1131.3"
"","NORDIC","TOTAL","MALE","","1982","1094.24"
"","NORDIC","TOTAL","MALE","","1983","1100.68"
"","NORDIC","TOTAL","MALE","","1984","1073.76"
"","NORDIC","TOTAL","MALE","","1985","1103.05"
"","NORDIC","TOTAL","MALE","","1986","1067.48"
"","NORDIC","TOTAL","MALE","","1987","1060.24"
"","NORDIC","TOTAL","MALE","","1988","1056.32"
"","NORDIC","TOTAL","MALE","","1989","1024.24"
"","NORDIC","TOTAL","MALE","","1990","1030.55"
"","NORDIC","TOTAL","MALE","","1991","999.86"
"","NORDIC","TOTAL","MALE","","1992","986.8"
"","NORDIC","TOTAL","MALE","","1993","989.7"
"","NORDIC","TOTAL","MALE","","1994","935.25"
"","NORDIC","TOTAL","MALE","","1995","946.24"
"","NORDIC","TOTAL","MALE","","1996","917.26"
"","NORDIC","TOTAL","MALE","","1997","897.78"
"","NORDIC","TOTAL","MALE","","1998","885.16"
"","NORDIC","TOTAL","MALE","","1999","875.07"
"","NORDIC","TOTAL","MALE","","2000","842.27"
"","NORDIC","TOTAL","MALE","","2001","826.28"
"","NORDIC","TOTAL","MALE","","2002","820.31"
"","NORDIC","TOTAL","MALE","","2003","798.11"
"","NORDIC","TOTAL","MALE","","2004","770.76"
"","NORDIC","TOTAL","MALE","","2005","752.63"
"","NORDIC","TOTAL","MALE","","2006","735.77"
"","NORDIC","TOTAL","MALE","","2007","724.99"
"","NORDIC","TOTAL","MALE","","2008","708.3"
"","NORDIC","TOTAL","MALE","","2009","693.94"
"","NORDIC","TOTAL","MALE","","2010","681.45"
"","NORDIC","TOTAL","MALE","","2011","659.14"
"","NORDIC","TOTAL","MALE","","2012","647.77"
"","NORDIC","TOTAL","MALE","","2013","633.76"
"","NORDIC","TOTAL","MALE","","2014","614.67"
"","NORDIC","TOTAL","MALE","","2015","614.75"
"","NORDIC","TOTAL","MALE","","2016","599.61"
"","NORDIC","TOTAL","MALE","","2017","590.39"
"","NORDIC","TOTAL","MALE","","2018","588.57"
"","NORDIC","TOTAL","MALE","","2019","568.57"
"","NORDIC","TOTAL","MALE","","2020","587.02"
"","NORDIC","TOTAL","MALE","","2021","563.24"
"POL","","TOTAL","MALE","","1969","1414"
"POL","","TOTAL","MALE","","1970","1472.71"
"POL","","TOTAL","MALE","","1971","1526.99"
"POL","","TOTAL","MALE","","1972","1383.06"
"POL","","TOTAL","MALE","","1973","1418.51"
"POL","","TOTAL","MALE","","1974","1335.41"
"POL","","TOTAL","MALE","","1975","1387.37"
"POL","","TOTAL","MALE","","1976","1424.3"
"POL","","TOTAL","MALE","","1977","1432.27"
"POL","","TOTAL","MALE","","1978","1464.94"
"POL","","TOTAL","MALE","","1979","1430.3"
"POL","","TOTAL","MALE","","1980","1537.37"
"POL","","TOTAL","MALE","","1981","1430.92"
"POL","","TOTAL","MALE","","1982","1420.31"
"POL","","TOTAL","MALE","","1983","1456.73"
"POL","","TOTAL","MALE","","1984","1499.33"
"POL","","TOTAL","MALE","","1985","1567.35"
"POL","","TOTAL","MALE","","1986","1539.48"
"POL","","TOTAL","MALE","","1987","1533.33"
"POL","","TOTAL","MALE","","1988","1494.02"
"POL","","TOTAL","MALE","","1989","1497.58"
"POL","","TOTAL","MALE","","1990","1516.25"
"POL","","TOTAL","MALE","","1991","1565.64"
"POL","","TOTAL","MALE","","1992","1504.74"
"POL","","TOTAL","MALE","","1993","1474.54"
"POL","","TOTAL","MALE","","1994","1438.24"
"POL","","TOTAL","MALE","","1995","1422.26"
"POL","","TOTAL","MALE","","1996","1397.35"
"POL","","TOTAL","MALE","","1999","1334.47"
"POL","","TOTAL","MALE","","2000","1283.13"
"POL","","TOTAL","MALE","","2001","1246.91"
"POL","","TOTAL","MALE","","2002","1213.13"
"POL","","TOTAL","MALE","","2003","1217.99"
"POL","","TOTAL","MALE","","2004","1192.61"
"POL","","TOTAL","MALE","","2005","1178.22"
"POL","","TOTAL","MALE","","2006","1154.96"
"POL","","TOTAL","MALE","","2007","1150.11"
"POL","","TOTAL","MALE","","2008","1126.06"
"POL","","TOTAL","MALE","","2009","1112.11"
"POL","","TOTAL","MALE","","2010","1060.06"
"POL","","TOTAL","MALE","","2011","1028.29"
"POL","","TOTAL","MALE","","2012","1025.11"
"POL","","TOTAL","MALE","","2013","1002.73"
"POL","","TOTAL","MALE","","2014","949.64"
"POL","","TOTAL","MALE","","2015","971"
"POL","","TOTAL","MALE","","2016","938.36"
"POL","","TOTAL","MALE","","2017","943.86"
"POL","","TOTAL","MALE","","2018","936.93"
"POL","","TOTAL","MALE","","2019","924.92"
"POL","","TOTAL","MALE","","2020","1068.45"
"POL","","TOTAL","MALE","","2021","1151.4"
"PRT","","TOTAL","MALE","","1971","1682.88"
"PRT","","TOTAL","MALE","","1972","1554.73"
"PRT","","TOTAL","MALE","","1973","1641.98"
"PRT","","TOTAL","MALE","","1974","1657.32"
"PRT","","TOTAL","MALE","","1975","1594.85"
"PRT","","TOTAL","MALE","","1976","1709.12"
"PRT","","TOTAL","MALE","","1977","1618.04"
"PRT","","TOTAL","MALE","","1978","1598.16"
"PRT","","TOTAL","MALE","","1979","1544.64"
"PRT","","TOTAL","MALE","","1980","1417.05"
"PRT","","TOTAL","MALE","","1981","1327.01"
"PRT","","TOTAL","MALE","","1982","1264.18"
"PRT","","TOTAL","MALE","","1983","1299.96"
"PRT","","TOTAL","MALE","","1984","1304.99"
"PRT","","TOTAL","MALE","","1985","1293.41"
"PRT","","TOTAL","MALE","","1986","1237.8"
"PRT","","TOTAL","MALE","","1987","1198.85"
"PRT","","TOTAL","MALE","","1988","1213.05"
"PRT","","TOTAL","MALE","","1989","1149.01"
"PRT","","TOTAL","MALE","","1990","1182.09"
"PRT","","TOTAL","MALE","","1991","1174.76"
"PRT","","TOTAL","MALE","","1992","1127.08"
"PRT","","TOTAL","MALE","","1993","1166.85"
"PRT","","TOTAL","MALE","","1994","1070.76"
"PRT","","TOTAL","MALE","","1995","1084.02"
"PRT","","TOTAL","MALE","","1996","1097.74"
"PRT","","TOTAL","MALE","","1997","1047.66"
"PRT","","TOTAL","MALE","","1998","1037.96"
"PRT","","TOTAL","MALE","","1999","1025.25"
"PRT","","TOTAL","MALE","","2000","975.25"
"PRT","","TOTAL","MALE","","2001","947.01"
"PRT","","TOTAL","MALE","","2002","937.94"
"PRT","","TOTAL","MALE","","2003","930.48"
"PRT","","TOTAL","MALE","","2004","870.36"
"PRT","","TOTAL","MALE","","2007","817.28"
"PRT","","TOTAL","MALE","","2008","803.06"
"PRT","","TOTAL","MALE","","2009","783.76"
"PRT","","TOTAL","MALE","","2010","776.01"
"PRT","","TOTAL","MALE","","2011","733.16"
"PRT","","TOTAL","MALE","","2012","740.87"
"PRT","","TOTAL","MALE","","2013","725.49"
"PRT","","TOTAL","MALE","","2014","701.72"
"PRT","","TOTAL","MALE","","2015","696.56"
"PRT","","TOTAL","MALE","","2016","701.83"
"PRT","","TOTAL","MALE","","2017","682.94"
"PRT","","TOTAL","MALE","","2018","690.2"
"ROU","","TOTAL","MALE","","1969","1502.26"
"ROU","","TOTAL","MALE","","1970","1422.98"
"ROU","","TOTAL","MALE","","1971","1422.06"
"ROU","","TOTAL","MALE","","1972","1366.48"
"ROU","","TOTAL","MALE","","1973","1458.65"
"ROU","","TOTAL","MALE","","1974","1323.32"
"ROU","","TOTAL","MALE","","1975","1342.9"
"ROU","","TOTAL","MALE","","1976","1382.59"
"ROU","","TOTAL","MALE","","1977","1369.77"
"ROU","","TOTAL","MALE","","1978","1347.36"
"ROU","","TOTAL","MALE","","1980","1484.48"
"ROU","","TOTAL","MALE","","1981","1431.45"
"ROU","","TOTAL","MALE","","1982","1405.6"
"ROU","","TOTAL","MALE","","1983","1466.48"
"ROU","","TOTAL","MALE","","1984","1452.88"
"ROU","","TOTAL","MALE","","1985","1498.74"
"ROU","","TOTAL","MALE","","1986","1442.83"
"ROU","","TOTAL","MALE","","1987","1476.07"
"ROU","","TOTAL","MALE","","1988","1462.67"
"ROU","","TOTAL","MALE","","1989","1404.96"
"ROU","","TOTAL","MALE","","1990","1393.65"
"ROU","","TOTAL","MALE","","1991","1426.54"
"ROU","","TOTAL","MALE","","1992","1508.87"
"ROU","","TOTAL","MALE","","1993","1511.41"
"ROU","","TOTAL","MALE","","1994","1518.93"
"ROU","","TOTAL","MALE","","1995","1534.52"
"ROU","","TOTAL","MALE","","1996","1601.7"
"ROU","","TOTAL","MALE","","1997","1564"
"ROU","","TOTAL","MALE","","1998","1487.35"
"ROU","","TOTAL","MALE","","1999","1436.91"
"ROU","","TOTAL","MALE","","2000","1358.19"
"ROU","","TOTAL","MALE","","2001","1371.68"
"ROU","","TOTAL","MALE","","2002","1442.36"
"ROU","","TOTAL","MALE","","2003","1418.21"
"ROU","","TOTAL","MALE","","2004","1356.79"
"ROU","","TOTAL","MALE","","2005","1333.72"
"ROU","","TOTAL","MALE","","2006","1292.08"
"ROU","","TOTAL","MALE","","2007","1241.76"
"ROU","","TOTAL","MALE","","2008","1237.48"
"ROU","","TOTAL","MALE","","2009","1236.34"
"ROU","","TOTAL","MALE","","2010","1222.69"
"ROU","","TOTAL","MALE","","2011","1158.96"
"ROU","","TOTAL","MALE","","2012","1160.11"
"ROU","","TOTAL","MALE","","2013","1117.12"
"ROU","","TOTAL","MALE","","2014","1120.58"
"ROU","","TOTAL","MALE","","2015","1125.25"
"ROU","","TOTAL","MALE","","2016","1108.68"
"ROU","","TOTAL","MALE","","2017","1107.66"
"ROU","","TOTAL","MALE","","2018","1114.36"
"ROU","","TOTAL","MALE","","2019","1089.72"
"RUS","","TOTAL","MALE","","1980","1866.38"
"RUS","","TOTAL","MALE","","1981","1829.15"
"RUS","","TOTAL","MALE","","1982","1770.25"
"RUS","","TOTAL","MALE","","1983","1806.54"
"RUS","","TOTAL","MALE","","1984","1872.69"
"RUS","","TOTAL","MALE","","1985","1802.54"
"RUS","","TOTAL","MALE","","1986","1621.21"
"RUS","","TOTAL","MALE","","1987","1627.03"
"RUS","","TOTAL","MALE","","1988","1636.35"
"RUS","","TOTAL","MALE","","1989","1643.63"
"RUS","","TOTAL","MALE","","1990","1688.33"
"RUS","","TOTAL","MALE","","1991","1698.97"
"RUS","","TOTAL","MALE","","1992","1803.65"
"RUS","","TOTAL","MALE","","1993","2145.15"
"RUS","","TOTAL","MALE","","1994","2305.77"
"RUS","","TOTAL","MALE","","1995","2170.21"
"RUS","","TOTAL","MALE","","1996","2012.05"
"RUS","","TOTAL","MALE","","1997","1907.19"
"RUS","","TOTAL","MALE","","1998","1854.67"
"RUS","","TOTAL","MALE","","1999","1999.37"
"RUS","","TOTAL","MALE","","2000","2082.57"
"RUS","","TOTAL","MALE","","2001","2094.3"
"RUS","","TOTAL","MALE","","2002","2145.99"
"RUS","","TOTAL","MALE","","2003","2228.03"
"RUS","","TOTAL","MALE","","2004","2155.38"
"RUS","","TOTAL","MALE","","2005","2148.66"
"RUS","","TOTAL","MALE","","2006","1977.63"
"RUS","","TOTAL","MALE","","2007","1873.84"
"RUS","","TOTAL","MALE","","2008","1846.83"
"RUS","","TOTAL","MALE","","2009","1768.43"
"RUS","","TOTAL","MALE","","2010","1746.16"
"RUS","","TOTAL","MALE","","2011","1626.99"
"RUS","","TOTAL","MALE","","2012","1571.35"
"RUS","","TOTAL","MALE","","2013","1517.45"
"RUS","","TOTAL","MALE","","2014","1538.88"
"RUS","","TOTAL","MALE","","2015","1473.48"
"RUS","","TOTAL","MALE","","2019","1296.65"
"","SEEHN","TOTAL","MALE","","1985","1412.28"
"","SEEHN","TOTAL","MALE","","1986","1362.95"
"","SEEHN","TOTAL","MALE","","1987","1375.52"
"","SEEHN","TOTAL","MALE","","1988","1367.13"
"","SEEHN","TOTAL","MALE","","1989","1336.55"
"","SEEHN","TOTAL","MALE","","1990","1330.22"
"","SEEHN","TOTAL","MALE","","1991","1351.41"
"","SEEHN","TOTAL","MALE","","1992","1386.01"
"","SEEHN","TOTAL","MALE","","1993","1385.64"
"","SEEHN","TOTAL","MALE","","1994","1395.41"
"","SEEHN","TOTAL","MALE","","1995","1410.19"
"","SEEHN","TOTAL","MALE","","1996","1429.13"
"","SEEHN","TOTAL","MALE","","1997","1415.15"
"","SEEHN","TOTAL","MALE","","1998","1378.17"
"","SEEHN","TOTAL","MALE","","1999","1324.25"
"","SEEHN","TOTAL","MALE","","2000","1300.92"
"","SEEHN","TOTAL","MALE","","2001","1265.99"
"","SEEHN","TOTAL","MALE","","2002","1300.79"
"","SEEHN","TOTAL","MALE","","2003","1289.91"
"","SEEHN","TOTAL","MALE","","2004","1244.44"
"","SEEHN","TOTAL","MALE","","2005","1238.43"
"","SEEHN","TOTAL","MALE","","2006","1190.85"
"","SEEHN","TOTAL","MALE","","2007","1153.42"
"","SEEHN","TOTAL","MALE","","2008","1132.35"
"","SEEHN","TOTAL","MALE","","2009","1114.35"
"","SEEHN","TOTAL","MALE","","2010","1106.09"
"","SEEHN","TOTAL","MALE","","2011","1062.67"
"","SEEHN","TOTAL","MALE","","2012","1053.26"
"","SEEHN","TOTAL","MALE","","2013","1013.92"
"","SEEHN","TOTAL","MALE","","2014","1015.33"
"","SEEHN","TOTAL","MALE","","2015","1023.52"
"","SEEHN","TOTAL","MALE","","2016","1003.37"
"","SEEHN","TOTAL","MALE","","2017","997.26"
"","SEEHN","TOTAL","MALE","","2018","990.03"
"","SEEHN","TOTAL","MALE","","2019","971.8"
"","SEEHN","TOTAL","MALE","","2021","1099.56"
"","SMALL","TOTAL","MALE","","1985","992.41"
"","SMALL","TOTAL","MALE","","1986","964.57"
"","SMALL","TOTAL","MALE","","1987","959.42"
"","SMALL","TOTAL","MALE","","1988","923.56"
"","SMALL","TOTAL","MALE","","1989","898.36"
"","SMALL","TOTAL","MALE","","1990","889.7"
"","SMALL","TOTAL","MALE","","1991","948.39"
"","SMALL","TOTAL","MALE","","1992","937.16"
"","SMALL","TOTAL","MALE","","1993","919.1"
"","SMALL","TOTAL","MALE","","1994","897.59"
"","SMALL","TOTAL","MALE","","1995","906.35"
"","SMALL","TOTAL","MALE","","1996","909.2"
"","SMALL","TOTAL","MALE","","1997","906.49"
"","SMALL","TOTAL","MALE","","1998","906.16"
"","SMALL","TOTAL","MALE","","1999","893.21"
"","SMALL","TOTAL","MALE","","2000","875.57"
"","SMALL","TOTAL","MALE","","2001","849.16"
"","SMALL","TOTAL","MALE","","2002","879.24"
"","SMALL","TOTAL","MALE","","2003","869.75"
"","SMALL","TOTAL","MALE","","2004","844.59"
"","SMALL","TOTAL","MALE","","2005","831.53"
"","SMALL","TOTAL","MALE","","2006","804.97"
"","SMALL","TOTAL","MALE","","2007","790.57"
"","SMALL","TOTAL","MALE","","2008","747.25"
"","SMALL","TOTAL","MALE","","2009","734.61"
"","SMALL","TOTAL","MALE","","2010","702.89"
"","SMALL","TOTAL","MALE","","2011","692.07"
"","SMALL","TOTAL","MALE","","2012","680.66"
"","SMALL","TOTAL","MALE","","2013","659.66"
"","SMALL","TOTAL","MALE","","2014","651.11"
"","SMALL","TOTAL","MALE","","2015","651"
"","SMALL","TOTAL","MALE","","2016","628.69"
"","SMALL","TOTAL","MALE","","2017","627.46"
"","SMALL","TOTAL","MALE","","2019","595.87"
"SMR","","TOTAL","MALE","","1995","814.95"
"SMR","","TOTAL","MALE","","1996","672.01"
"SMR","","TOTAL","MALE","","1997","637.54"
"SMR","","TOTAL","MALE","","1998","683.36"
"SMR","","TOTAL","MALE","","1999","622.92"
"SMR","","TOTAL","MALE","","2000","660.74"
"SMR","","TOTAL","MALE","","2005","608.85"
"SRB","","TOTAL","MALE","","1998","1392.34"
"SRB","","TOTAL","MALE","","1999","1385.35"
"SRB","","TOTAL","MALE","","2000","1400.42"
"SRB","","TOTAL","MALE","","2001","1312.75"
"SRB","","TOTAL","MALE","","2002","1331.88"
"SRB","","TOTAL","MALE","","2003","1319.52"
"SRB","","TOTAL","MALE","","2004","1293.24"
"SRB","","TOTAL","MALE","","2005","1290.66"
"SRB","","TOTAL","MALE","","2006","1216.31"
"SRB","","TOTAL","MALE","","2007","1201.77"
"SRB","","TOTAL","MALE","","2008","1167.72"
"SRB","","TOTAL","MALE","","2009","1163.04"
"SRB","","TOTAL","MALE","","2010","1134.62"
"SRB","","TOTAL","MALE","","2011","1148.61"
"SRB","","TOTAL","MALE","","2012","1120.46"
"SRB","","TOTAL","MALE","","2013","1087.02"
"SRB","","TOTAL","MALE","","2014","1072.08"
"SRB","","TOTAL","MALE","","2015","1082.89"
"SRB","","TOTAL","MALE","","2016","1039.79"
"SRB","","TOTAL","MALE","","2017","1046.68"
"SRB","","TOTAL","MALE","","2018","1019.79"
"SRB","","TOTAL","MALE","","2019","1018.54"
"SRB","","TOTAL","MALE","","2020","1195.95"
"SRB","","TOTAL","MALE","","2021","1391.78"
"SRB","","TOTAL","MALE","","2022","1120.11"
"SVK","","TOTAL","MALE","","1992","1392.9"
"SVK","","TOTAL","MALE","","1993","1353.23"
"SVK","","TOTAL","MALE","","1994","1391.9"
"SVK","","TOTAL","MALE","","1995","1407.2"
"SVK","","TOTAL","MALE","","1996","1361.24"
"SVK","","TOTAL","MALE","","1997","1355.51"
"SVK","","TOTAL","MALE","","1998","1380.67"
"SVK","","TOTAL","MALE","","1999","1341"
"SVK","","TOTAL","MALE","","2000","1327.39"
"SVK","","TOTAL","MALE","","2001","1327.93"
"SVK","","TOTAL","MALE","","2002","1295.6"
"SVK","","TOTAL","MALE","","2003","1299.63"
"SVK","","TOTAL","MALE","","2004","1256.81"
"SVK","","TOTAL","MALE","","2005","1272.26"
"SVK","","TOTAL","MALE","","2006","1247.96"
"SVK","","TOTAL","MALE","","2007","1226.19"
"SVK","","TOTAL","MALE","","2008","1195.11"
"SVK","","TOTAL","MALE","","2009","1152.05"
"SVK","","TOTAL","MALE","","2010","1142.52"
"SVK","","TOTAL","MALE","","2012","1068.86"
"SVK","","TOTAL","MALE","","2013","1045.53"
"SVK","","TOTAL","MALE","","2014","1008.28"
"SVK","","TOTAL","MALE","","2016","970.94"
"SVK","","TOTAL","MALE","","2017","975.35"
"SVK","","TOTAL","MALE","","2018","960.62"
"SVK","","TOTAL","MALE","","2019","923.5"
"SVK","","TOTAL","MALE","","2020","993.38"
"SVK","","TOTAL","MALE","","2021","1228.88"
"SVN","","TOTAL","MALE","","1985","1414.96"
"SVN","","TOTAL","MALE","","1986","1366.5"
"SVN","","TOTAL","MALE","","1987","1386.42"
"SVN","","TOTAL","MALE","","1988","1334.91"
"SVN","","TOTAL","MALE","","1989","1318.91"
"SVN","","TOTAL","MALE","","1990","1266.02"
"SVN","","TOTAL","MALE","","1991","1286.93"
"SVN","","TOTAL","MALE","","1992","1302.56"
"SVN","","TOTAL","MALE","","1993","1321.01"
"SVN","","TOTAL","MALE","","1994","1231.89"
"SVN","","TOTAL","MALE","","1995","1192.78"
"SVN","","TOTAL","MALE","","1996","1175.11"
"SVN","","TOTAL","MALE","","1997","1173.19"
"SVN","","TOTAL","MALE","","1998","1159.76"
"SVN","","TOTAL","MALE","","1999","1135.22"
"SVN","","TOTAL","MALE","","2000","1092.89"
"SVN","","TOTAL","MALE","","2001","1087.45"
"SVN","","TOTAL","MALE","","2002","1074.49"
"SVN","","TOTAL","MALE","","2003","1093.95"
"SVN","","TOTAL","MALE","","2004","1001.63"
"SVN","","TOTAL","MALE","","2005","976.83"
"SVN","","TOTAL","MALE","","2006","921.01"
"SVN","","TOTAL","MALE","","2007","905.76"
"SVN","","TOTAL","MALE","","2008","844.26"
"SVN","","TOTAL","MALE","","2009","830.25"
"SVN","","TOTAL","MALE","","2010","800.1"
"SVN","","TOTAL","MALE","","2011","774.78"
"SVN","","TOTAL","MALE","","2012","763.93"
"SVN","","TOTAL","MALE","","2013","748.19"
"SVN","","TOTAL","MALE","","2014","697.8"
"SVN","","TOTAL","MALE","","2015","717.35"
"SVN","","TOTAL","MALE","","2016","692.33"
"SVN","","TOTAL","MALE","","2017","700.98"
"SVN","","TOTAL","MALE","","2018","690.5"
"SVN","","TOTAL","MALE","","2019","655.05"
"SVN","","TOTAL","MALE","","2020","737.01"
"SWE","","TOTAL","MALE","","1969","1125.9"
"SWE","","TOTAL","MALE","","1970","1065.45"
"SWE","","TOTAL","MALE","","1971","1095.15"
"SWE","","TOTAL","MALE","","1972","1087.25"
"SWE","","TOTAL","MALE","","1973","1098.73"
"SWE","","TOTAL","MALE","","1974","1093.92"
"SWE","","TOTAL","MALE","","1975","1098.29"
"SWE","","TOTAL","MALE","","1976","1114.52"
"SWE","","TOTAL","MALE","","1977","1079.65"
"SWE","","TOTAL","MALE","","1978","1077.7"
"SWE","","TOTAL","MALE","","1979","1078.13"
"SWE","","TOTAL","MALE","","1980","1064.17"
"SWE","","TOTAL","MALE","","1981","1046.04"
"SWE","","TOTAL","MALE","","1982","1015.26"
"SWE","","TOTAL","MALE","","1983","1003.79"
"SWE","","TOTAL","MALE","","1984","977.86"
"SWE","","TOTAL","MALE","","1985","996.74"
"SWE","","TOTAL","MALE","","1986","973"
"SWE","","TOTAL","MALE","","1987","959.45"
"SWE","","TOTAL","MALE","","1988","966.83"
"SWE","","TOTAL","MALE","","1989","906.53"
"SWE","","TOTAL","MALE","","1990","912.97"
"SWE","","TOTAL","MALE","","1991","902.27"
"SWE","","TOTAL","MALE","","1992","874.89"
"SWE","","TOTAL","MALE","","1993","875.76"
"SWE","","TOTAL","MALE","","1994","821.69"
"SWE","","TOTAL","MALE","","1995","826.03"
"SWE","","TOTAL","MALE","","1996","806.37"
"SWE","","TOTAL","MALE","","1997","794.6"
"SWE","","TOTAL","MALE","","1998","787.65"
"SWE","","TOTAL","MALE","","1999","777.81"
"SWE","","TOTAL","MALE","","2000","751.87"
"SWE","","TOTAL","MALE","","2001","739.35"
"SWE","","TOTAL","MALE","","2002","734.06"
"SWE","","TOTAL","MALE","","2003","718.35"
"SWE","","TOTAL","MALE","","2004","693.49"
"SWE","","TOTAL","MALE","","2005","687.85"
"SWE","","TOTAL","MALE","","2006","666.88"
"SWE","","TOTAL","MALE","","2007","652.3"
"SWE","","TOTAL","MALE","","2008","642.93"
"SWE","","TOTAL","MALE","","2009","627.63"
"SWE","","TOTAL","MALE","","2010","619"
"SWE","","TOTAL","MALE","","2011","604.22"
"SWE","","TOTAL","MALE","","2012","602.9"
"SWE","","TOTAL","MALE","","2013","587.4"
"SWE","","TOTAL","MALE","","2014","572.37"
"SWE","","TOTAL","MALE","","2015","586.32"
"SWE","","TOTAL","MALE","","2016","563.1"
"SWE","","TOTAL","MALE","","2017","556.14"
"SWE","","TOTAL","MALE","","2018","550.59"
"SWE","","TOTAL","MALE","","2019","524.76"
"SWE","","TOTAL","MALE","","2020","572.78"
"SWE","","TOTAL","MALE","","2021","528.58"
"SWE","","TOTAL","MALE","","2022","522.2"
"TJK","","TOTAL","MALE","","1981","1231.92"
"TJK","","TOTAL","MALE","","1982","1224.45"
"TJK","","TOTAL","MALE","","1985","1175.03"
"TJK","","TOTAL","MALE","","1986","1144.24"
"TJK","","TOTAL","MALE","","1987","1158.14"
"TJK","","TOTAL","MALE","","1988","1227.65"
"TJK","","TOTAL","MALE","","1989","1196.62"
"TJK","","TOTAL","MALE","","1990","1193.1"
"TJK","","TOTAL","MALE","","1991","1190.61"
"TJK","","TOTAL","MALE","","1992","1258.94"
"TJK","","TOTAL","MALE","","1993","1879.26"
"TJK","","TOTAL","MALE","","1994","1470.77"
"TJK","","TOTAL","MALE","","1995","1391.79"
"TJK","","TOTAL","MALE","","1996","1317.59"
"TJK","","TOTAL","MALE","","1997","1228.7"
"TJK","","TOTAL","MALE","","1998","1191.12"
"TJK","","TOTAL","MALE","","1999","1159.58"
"TJK","","TOTAL","MALE","","2000","1115.38"
"TJK","","TOTAL","MALE","","2001","1210.44"
"TJK","","TOTAL","MALE","","2002","1216.68"
"TJK","","TOTAL","MALE","","2003","1230.66"
"TJK","","TOTAL","MALE","","2004","1166.07"
"TJK","","TOTAL","MALE","","2005","1131.78"
"TJK","","TOTAL","MALE","","2017","1054.33"
"TKM","","TOTAL","MALE","","1981","1656.61"
"TKM","","TOTAL","MALE","","1982","1572.94"
"TKM","","TOTAL","MALE","","1985","1621.86"
"TKM","","TOTAL","MALE","","1986","1583.13"
"TKM","","TOTAL","MALE","","1987","1555.81"
"TKM","","TOTAL","MALE","","1988","1594.65"
"TKM","","TOTAL","MALE","","1989","1606.4"
"TKM","","TOTAL","MALE","","1990","1548.11"
"TKM","","TOTAL","MALE","","1991","1721.88"
"TKM","","TOTAL","MALE","","1992","1688.12"
"TKM","","TOTAL","MALE","","1993","1730.24"
"TKM","","TOTAL","MALE","","1994","1731.07"
"TKM","","TOTAL","MALE","","1995","1693.04"
"TKM","","TOTAL","MALE","","1996","1763.25"
"TKM","","TOTAL","MALE","","1997","1640.05"
"TKM","","TOTAL","MALE","","1998","1642.57"
"TKM","","TOTAL","MALE","","1999","1562.16"
"TKM","","TOTAL","MALE","","2000","1559.06"
"TKM","","TOTAL","MALE","","2001","1402.39"
"TKM","","TOTAL","MALE","","2002","1477.59"
"TKM","","TOTAL","MALE","","2003","1479.93"
"TKM","","TOTAL","MALE","","2004","1403.84"
"TKM","","TOTAL","MALE","","2005","1503.89"
"TKM","","TOTAL","MALE","","2006","1420.21"
"TKM","","TOTAL","MALE","","2007","1406.02"
"TKM","","TOTAL","MALE","","2008","1358.59"
"TKM","","TOTAL","MALE","","2009","1254.35"
"TKM","","TOTAL","MALE","","2010","1261.12"
"TKM","","TOTAL","MALE","","2011","1286.54"
"TKM","","TOTAL","MALE","","2012","1254.81"
"TKM","","TOTAL","MALE","","2013","1314.9"
"TUR","","TOTAL","MALE","","2009","954.64"
"TUR","","TOTAL","MALE","","2010","902.73"
"TUR","","TOTAL","MALE","","2011","897.85"
"TUR","","TOTAL","MALE","","2012","743.32"
"TUR","","TOTAL","MALE","","2013","801.02"
"TUR","","TOTAL","MALE","","2014","816.64"
"TUR","","TOTAL","MALE","","2015","816.29"
"TUR","","TOTAL","MALE","","2016","832.92"
"TUR","","TOTAL","MALE","","2017","814.97"
"TUR","","TOTAL","MALE","","2018","790.78"
"TUR","","TOTAL","MALE","","2019","778.79"
"UKR","","TOTAL","MALE","","1981","1614.5"
"UKR","","TOTAL","MALE","","1982","1598.08"
"UKR","","TOTAL","MALE","","1985","1639.07"
"UKR","","TOTAL","MALE","","1986","1460.97"
"UKR","","TOTAL","MALE","","1987","1498.13"
"UKR","","TOTAL","MALE","","1988","1497.46"
"UKR","","TOTAL","MALE","","1989","1503.1"
"UKR","","TOTAL","MALE","","1990","1555.36"
"UKR","","TOTAL","MALE","","1991","1649.04"
"UKR","","TOTAL","MALE","","1992","1708.75"
"UKR","","TOTAL","MALE","","1993","1795.77"
"UKR","","TOTAL","MALE","","1994","1859.07"
"UKR","","TOTAL","MALE","","1995","1966.58"
"UKR","","TOTAL","MALE","","1996","1924.7"
"UKR","","TOTAL","MALE","","1997","1859.75"
"UKR","","TOTAL","MALE","","1998","1754.46"
"UKR","","TOTAL","MALE","","1999","1803.55"
"UKR","","TOTAL","MALE","","2000","1856.38"
"UKR","","TOTAL","MALE","","2001","1820.94"
"UKR","","TOTAL","MALE","","2002","1905.86"
"UKR","","TOTAL","MALE","","2003","1911.83"
"UKR","","TOTAL","MALE","","2004","1918.17"
"UKR","","TOTAL","MALE","","2005","1966.23"
"UKR","","TOTAL","MALE","","2006","1875.86"
"UKR","","TOTAL","MALE","","2007","1886.86"
"UKR","","TOTAL","MALE","","2008","1842.89"
"UKR","","TOTAL","MALE","","2009","1676.22"
"UKR","","TOTAL","MALE","","2010","1618.82"
"UKR","","TOTAL","MALE","","2011","1525.23"
"UKR","","TOTAL","MALE","","2012","1508.53"
"UKR","","TOTAL","MALE","","2014","1499.44"
"UKR","","TOTAL","MALE","","2015","1400.73"
"UKR","","TOTAL","MALE","","2017","1325.14"
"UKR","","TOTAL","MALE","","2018","1353.48"
"UKR","","TOTAL","MALE","","2019","1329.31"
"UZB","","TOTAL","MALE","","1981","1318.84"
"UZB","","TOTAL","MALE","","1982","1378.74"
"UZB","","TOTAL","MALE","","1985","1360.8"
"UZB","","TOTAL","MALE","","1986","1296.67"
"UZB","","TOTAL","MALE","","1987","1293.19"
"UZB","","TOTAL","MALE","","1988","1319.96"
"UZB","","TOTAL","MALE","","1989","1297.98"
"UZB","","TOTAL","MALE","","1990","1307.52"
"UZB","","TOTAL","MALE","","1991","1353.56"
"UZB","","TOTAL","MALE","","1992","1365.67"
"UZB","","TOTAL","MALE","","1993","1460.79"
"UZB","","TOTAL","MALE","","1994","1544.56"
"UZB","","TOTAL","MALE","","1995","1514.61"
"UZB","","TOTAL","MALE","","1996","1517.69"
"UZB","","TOTAL","MALE","","1997","1419.09"
"UZB","","TOTAL","MALE","","1998","1442.78"
"UZB","","TOTAL","MALE","","1999","1334.11"
"UZB","","TOTAL","MALE","","2000","1387.06"
"UZB","","TOTAL","MALE","","2001","1328.06"
"UZB","","TOTAL","MALE","","2002","1360.96"
"UZB","","TOTAL","MALE","","2003","1336.56"
"UZB","","TOTAL","MALE","","2004","1261.38"
"UZB","","TOTAL","MALE","","2005","1334.06"
"UZB","","TOTAL","MALE","","2009","1142.4"
"UZB","","TOTAL","MALE","","2010","1152.3"
"UZB","","TOTAL","MALE","","2011","1162.97"
"UZB","","TOTAL","MALE","","2012","1163.69"
"UZB","","TOTAL","MALE","","2013","1121.93"
"UZB","","TOTAL","MALE","","2014","1129.58"
"UZB","","TOTAL","MALE","","2015","1102.28"
"UZB","","TOTAL","MALE","","2016","1084.81"
"","WESTERN_BALKANS","TOTAL","MALE","","1987","1283.93"
"","WESTERN_BALKANS","TOTAL","MALE","","1988","1284.97"
"","WESTERN_BALKANS","TOTAL","MALE","","1989","1292.92"
"","WESTERN_BALKANS","TOTAL","MALE","","1991","1271.08"
"","WESTERN_BALKANS","TOTAL","MALE","","1992","1271.64"
"","WESTERN_BALKANS","TOTAL","MALE","","1993","1257.31"
"","WESTERN_BALKANS","TOTAL","MALE","","1994","1236.53"
"","WESTERN_BALKANS","TOTAL","MALE","","1995","1247.82"
"","WESTERN_BALKANS","TOTAL","MALE","","1996","1261.78"
"","WESTERN_BALKANS","TOTAL","MALE","","1997","1251.09"
"","WESTERN_BALKANS","TOTAL","MALE","","1998","1258.11"
"","WESTERN_BALKANS","TOTAL","MALE","","1999","1227.87"
"","WESTERN_BALKANS","TOTAL","MALE","","2000","1261.6"
"","WESTERN_BALKANS","TOTAL","MALE","","2001","1166.19"
"","WESTERN_BALKANS","TOTAL","MALE","","2002","1192.28"
"","WESTERN_BALKANS","TOTAL","MALE","","2003","1199.61"
"","WESTERN_BALKANS","TOTAL","MALE","","2004","1169.38"
"","WESTERN_BALKANS","TOTAL","MALE","","2005","1153.61"
"","WESTERN_BALKANS","TOTAL","MALE","","2006","1101.76"
"","WESTERN_BALKANS","TOTAL","MALE","","2007","1072.33"
"","WESTERN_BALKANS","TOTAL","MALE","","2008","1054.48"
"","WESTERN_BALKANS","TOTAL","MALE","","2009","1033.83"
"","WESTERN_BALKANS","TOTAL","MALE","","2011","1015.58"
"","WESTERN_BALKANS","TOTAL","MALE","","2016","976.91"
"","WESTERN_BALKANS","TOTAL","MALE","","2017","979.86"
"","WESTERN_BALKANS","TOTAL","MALE","","2019","946.83"
"","WESTERN_BALKANS","TOTAL","MALE","","2021","1187.7"
"","WHO_EURO","TOTAL","MALE","","1981","1346.77"
"","WHO_EURO","TOTAL","MALE","","1982","1326.85"
"","WHO_EURO","TOTAL","MALE","","1985","1340.65"
"","WHO_EURO","TOTAL","MALE","","1986","1278.61"
"","WHO_EURO","TOTAL","MALE","","1987","1265.13"
"","WHO_EURO","TOTAL","MALE","","1988","1263.72"
"","WHO_EURO","TOTAL","MALE","","1989","1255.93"
"","WHO_EURO","TOTAL","MALE","","1990","1264.26"
"","WHO_EURO","TOTAL","MALE","","1991","1272.98"
"","WHO_EURO","TOTAL","MALE","","1992","1283.96"
"","WHO_EURO","TOTAL","MALE","","1993","1357.22"
"","WHO_EURO","TOTAL","MALE","","1994","1372.61"
"","WHO_EURO","TOTAL","MALE","","1995","1352.69"
"","WHO_EURO","TOTAL","MALE","","1996","1309.6"
"","WHO_EURO","TOTAL","MALE","","1997","1266.43"
"","WHO_EURO","TOTAL","MALE","","1998","1244.73"
"","WHO_EURO","TOTAL","MALE","","1999","1252.14"
"","WHO_EURO","TOTAL","MALE","","2000","1248.06"
"","WHO_EURO","TOTAL","MALE","","2001","1225.36"
"","WHO_EURO","TOTAL","MALE","","2002","1236.37"
"","WHO_EURO","TOTAL","MALE","","2003","1248.02"
"","WHO_EURO","TOTAL","MALE","","2004","1201.36"
"","WHO_EURO","TOTAL","MALE","","2005","1196.78"
"","WHO_EURO","TOTAL","MALE","","2006","1137.66"
"","WHO_EURO","TOTAL","MALE","","2007","1107.76"
"","WHO_EURO","TOTAL","MALE","","2008","1084.42"
"","WHO_EURO","TOTAL","MALE","","2009","1048.1"
"","WHO_EURO","TOTAL","MALE","","2010","1026.63"
"","WHO_EURO","TOTAL","MALE","","2011","989.01"
"","WHO_EURO","TOTAL","MALE","","2012","960.98"
"","WHO_EURO","TOTAL","MALE","","2013","944.06"
"","WHO_EURO","TOTAL","MALE","","2014","932.5"
"","WHO_EURO","TOTAL","MALE","","2015","924.15"
"","WHO_EURO","TOTAL","MALE","","2016","903.16"
"","WHO_EURO","TOTAL","MALE","","2017","890.04"
"","WHO_EURO","TOTAL","MALE","","2018","879.19"
"","WHO_EURO","TOTAL","MALE","","2019","858.71"
"","WHO_EURO","TOTAL","MALE","","2020","897.95"
"ALB","","TOTAL","ALL","","1987","969.14"
"ALB","","TOTAL","ALL","","1988","958.76"
"ALB","","TOTAL","ALL","","1989","983.63"
"ALB","","TOTAL","ALL","","1992","860.26"
"ALB","","TOTAL","ALL","","1993","828.58"
"ALB","","TOTAL","ALL","","1994","734.07"
"ALB","","TOTAL","ALL","","1995","808.31"
"ALB","","TOTAL","ALL","","1996","859.67"
"ALB","","TOTAL","ALL","","1997","791.15"
"ALB","","TOTAL","ALL","","1998","838.5"
"ALB","","TOTAL","ALL","","1999","769.87"
"ALB","","TOTAL","ALL","","2000","918.11"
"ALB","","TOTAL","ALL","","2001","702.69"
"ALB","","TOTAL","ALL","","2002","765.43"
"ALB","","TOTAL","ALL","","2003","847.17"
"ALB","","TOTAL","ALL","","2004","810.24"
"ALB","","TOTAL","ALL","","2005","757.11"
"ALB","","TOTAL","ALL","","2006","705.35"
"ALB","","TOTAL","ALL","","2007","592.04"
"ALB","","TOTAL","ALL","","2008","640.56"
"ALB","","TOTAL","ALL","","2009","602.5"
"ARM","","TOTAL","ALL","","1981","844.62"
"ARM","","TOTAL","ALL","","1982","877.14"
"ARM","","TOTAL","ALL","","1985","934.26"
"ARM","","TOTAL","ALL","","1986","915.63"
"ARM","","TOTAL","ALL","","1987","924.8"
"ARM","","TOTAL","ALL","","1988","1435.11"
"ARM","","TOTAL","ALL","","1989","991.96"
"ARM","","TOTAL","ALL","","1990","1016.69"
"ARM","","TOTAL","ALL","","1991","987.19"
"ARM","","TOTAL","ALL","","1992","1056.24"
"ARM","","TOTAL","ALL","","1993","1106.79"
"ARM","","TOTAL","ALL","","1994","973.29"
"ARM","","TOTAL","ALL","","1995","974.82"
"ARM","","TOTAL","ALL","","1996","962.27"
"ARM","","TOTAL","ALL","","1997","895.15"
"ARM","","TOTAL","ALL","","1998","842.81"
"ARM","","TOTAL","ALL","","1999","857.05"
"ARM","","TOTAL","ALL","","2000","796.44"
"ARM","","TOTAL","ALL","","2001","793.75"
"ARM","","TOTAL","ALL","","2002","1073.7"
"ARM","","TOTAL","ALL","","2003","1083.26"
"ARM","","TOTAL","ALL","","2008","1048.66"
"ARM","","TOTAL","ALL","","2012","907.63"
"ARM","","TOTAL","ALL","","2013","882.62"
"ARM","","TOTAL","ALL","","2014","892.06"
"ARM","","TOTAL","ALL","","2015","883.95"
"ARM","","TOTAL","ALL","","2016","878.95"
"ARM","","TOTAL","ALL","","2017","834.12"
"ARM","","TOTAL","ALL","","2018","779.73"
"ARM","","TOTAL","ALL","","2019","783.27"
"ARM","","TOTAL","ALL","","2022","775.61"
"AUT","","TOTAL","ALL","","1969","1212.95"
"AUT","","TOTAL","ALL","","1970","1206.18"
"AUT","","TOTAL","ALL","","1971","1185.12"
"AUT","","TOTAL","ALL","","1972","1142.91"
"AUT","","TOTAL","ALL","","1973","1102.19"
"AUT","","TOTAL","ALL","","1974","1104.54"
"AUT","","TOTAL","ALL","","1975","1114.01"
"AUT","","TOTAL","ALL","","1976","1093.82"
"AUT","","TOTAL","ALL","","1977","1050.47"
"AUT","","TOTAL","ALL","","1978","1063.89"
"AUT","","TOTAL","ALL","","1979","1024.44"
"AUT","","TOTAL","ALL","","1980","1015.7"
"AUT","","TOTAL","ALL","","1981","1006.32"
"AUT","","TOTAL","ALL","","1982","983.6"
"AUT","","TOTAL","ALL","","1983","993.94"
"AUT","","TOTAL","ALL","","1984","938.79"
"AUT","","TOTAL","ALL","","1985","934.03"
"AUT","","TOTAL","ALL","","1986","899.82"
"AUT","","TOTAL","ALL","","1987","868.04"
"AUT","","TOTAL","ALL","","1988","841.28"
"AUT","","TOTAL","ALL","","1989","834.07"
"AUT","","TOTAL","ALL","","1990","816.38"
"AUT","","TOTAL","ALL","","1991","813.89"
"AUT","","TOTAL","ALL","","1992","803.82"
"AUT","","TOTAL","ALL","","1993","790.93"
"AUT","","TOTAL","ALL","","1994","763.33"
"AUT","","TOTAL","ALL","","1995","753.45"
"AUT","","TOTAL","ALL","","1996","741.65"
"AUT","","TOTAL","ALL","","1997","720.84"
"AUT","","TOTAL","ALL","","1998","702.77"
"AUT","","TOTAL","ALL","","1999","692.07"
"AUT","","TOTAL","ALL","","2000","670.37"
"AUT","","TOTAL","ALL","","2001","644.52"
"AUT","","TOTAL","ALL","","2002","647.46"
"AUT","","TOTAL","ALL","","2003","654.74"
"AUT","","TOTAL","ALL","","2004","622.47"
"AUT","","TOTAL","ALL","","2005","610.05"
"AUT","","TOTAL","ALL","","2006","584.04"
"AUT","","TOTAL","ALL","","2007","570.36"
"AUT","","TOTAL","ALL","","2008","558.02"
"AUT","","TOTAL","ALL","","2009","564.24"
"AUT","","TOTAL","ALL","","2010","549.1"
"AUT","","TOTAL","ALL","","2011","532.24"
"AUT","","TOTAL","ALL","","2012","538.13"
"AUT","","TOTAL","ALL","","2013","529.06"
"AUT","","TOTAL","ALL","","2014","511.26"
"AUT","","TOTAL","ALL","","2015","527.85"
"AUT","","TOTAL","ALL","","2016","505.69"
"AUT","","TOTAL","ALL","","2017","509.11"
"AUT","","TOTAL","ALL","","2018","507.37"
"AUT","","TOTAL","ALL","","2019","494.79"
"AUT","","TOTAL","ALL","","2020","529"
"AUT","","TOTAL","ALL","","2021","532.13"
"AZE","","TOTAL","ALL","","1981","1058.78"
"AZE","","TOTAL","ALL","","1982","1044.41"
"AZE","","TOTAL","ALL","","1985","1063.84"
"AZE","","TOTAL","ALL","","1986","1039.67"
"AZE","","TOTAL","ALL","","1987","1043.63"
"AZE","","TOTAL","ALL","","1988","1068.17"
"AZE","","TOTAL","ALL","","1989","999.77"
"AZE","","TOTAL","ALL","","1990","974.49"
"AZE","","TOTAL","ALL","","1991","991.6"
"AZE","","TOTAL","ALL","","1992","1095.75"
"AZE","","TOTAL","ALL","","1993","1125.69"
"AZE","","TOTAL","ALL","","1994","1145.74"
"AZE","","TOTAL","ALL","","1995","1101.44"
"AZE","","TOTAL","ALL","","1996","1052.61"
"AZE","","TOTAL","ALL","","1997","1021.98"
"AZE","","TOTAL","ALL","","1998","996.52"
"AZE","","TOTAL","ALL","","1999","1009.32"
"AZE","","TOTAL","ALL","","2000","1050.13"
"AZE","","TOTAL","ALL","","2001","989.02"
"AZE","","TOTAL","ALL","","2002","1002.88"
"AZE","","TOTAL","ALL","","2003","1038.65"
"AZE","","TOTAL","ALL","","2004","1019.99"
"AZE","","TOTAL","ALL","","2007","940.4"
"BEL","","TOTAL","ALL","","1968","1202.43"
"BEL","","TOTAL","ALL","","1969","1181.14"
"BEL","","TOTAL","ALL","","1970","1151.54"
"BEL","","TOTAL","ALL","","1971","1149.58"
"BEL","","TOTAL","ALL","","1972","1119.71"
"BEL","","TOTAL","ALL","","1973","1112.1"
"BEL","","TOTAL","ALL","","1974","1082.34"
"BEL","","TOTAL","ALL","","1975","1093.63"
"BEL","","TOTAL","ALL","","1976","1078.44"
"BEL","","TOTAL","ALL","","1977","1011.1"
"BEL","","TOTAL","ALL","","1978","1029.09"
"BEL","","TOTAL","ALL","","1979","981.02"
"BEL","","TOTAL","ALL","","1980","995.05"
"BEL","","TOTAL","ALL","","1981","969.69"
"BEL","","TOTAL","ALL","","1982","946.08"
"BEL","","TOTAL","ALL","","1983","957.09"
"BEL","","TOTAL","ALL","","1984","918.46"
"BEL","","TOTAL","ALL","","1985","896.82"
"BEL","","TOTAL","ALL","","1986","879.33"
"BEL","","TOTAL","ALL","","1987","831.41"
"BEL","","TOTAL","ALL","","1988","818.65"
"BEL","","TOTAL","ALL","","1989","823.94"
"BEL","","TOTAL","ALL","","1990","789.18"
"BEL","","TOTAL","ALL","","1991","778.96"
"BEL","","TOTAL","ALL","","1992","770.18"
"BEL","","TOTAL","ALL","","1993","778.67"
"BEL","","TOTAL","ALL","","1994","749.5"
"BEL","","TOTAL","ALL","","1995","742.91"
"BEL","","TOTAL","ALL","","1996","727.15"
"BEL","","TOTAL","ALL","","1997","719.98"
"BEL","","TOTAL","ALL","","1998","711.45"
"BEL","","TOTAL","ALL","","1999","703.16"
"BEL","","TOTAL","ALL","","2000","694.68"
"BEL","","TOTAL","ALL","","2001","674.37"
"BEL","","TOTAL","ALL","","2002","680.65"
"BEL","","TOTAL","ALL","","2003","679.04"
"BEL","","TOTAL","ALL","","2004","639.22"
"BEL","","TOTAL","ALL","","2005","635.23"
"BEL","","TOTAL","ALL","","2006","600.84"
"BEL","","TOTAL","ALL","","2007","593.89"
"BEL","","TOTAL","ALL","","2008","591.14"
"BEL","","TOTAL","ALL","","2009","577.28"
"BEL","","TOTAL","ALL","","2010","576.66"
"BEL","","TOTAL","ALL","","2011","559.48"
"BEL","","TOTAL","ALL","","2012","568.01"
"BEL","","TOTAL","ALL","","2013","555.66"
"BEL","","TOTAL","ALL","","2014","522.19"
"BEL","","TOTAL","ALL","","2015","537.69"
"BEL","","TOTAL","ALL","","2016","516.87"
"BEL","","TOTAL","ALL","","2017","513.5"
"BEL","","TOTAL","ALL","","2018","509.08"
"BEL","","TOTAL","ALL","","2019","491.95"
"BEL","","TOTAL","ALL","","2020","556.43"
"BGR","","TOTAL","ALL","","1968","1061.04"
"BGR","","TOTAL","ALL","","1969","1159.45"
"BGR","","TOTAL","ALL","","1970","1089.71"
"BGR","","TOTAL","ALL","","1971","1153.43"
"BGR","","TOTAL","ALL","","1972","1169.39"
"BGR","","TOTAL","ALL","","1973","1113.68"
"BGR","","TOTAL","ALL","","1974","1142.2"
"BGR","","TOTAL","ALL","","1975","1164.44"
"BGR","","TOTAL","ALL","","1976","1117.19"
"BGR","","TOTAL","ALL","","1977","1178.05"
"BGR","","TOTAL","ALL","","1978","1136.42"
"BGR","","TOTAL","ALL","","1979","1145.92"
"BGR","","TOTAL","ALL","","1980","1162.1"
"BGR","","TOTAL","ALL","","1981","1103.57"
"BGR","","TOTAL","ALL","","1982","1142.85"
"BGR","","TOTAL","ALL","","1983","1150.39"
"BGR","","TOTAL","ALL","","1984","1127.87"
"BGR","","TOTAL","ALL","","1985","1210.55"
"BGR","","TOTAL","ALL","","1986","1170.47"
"BGR","","TOTAL","ALL","","1987","1167.07"
"BGR","","TOTAL","ALL","","1988","1157.78"
"BGR","","TOTAL","ALL","","1989","1140.73"
"BGR","","TOTAL","ALL","","1990","1138.25"
"BGR","","TOTAL","ALL","","1991","1141.76"
"BGR","","TOTAL","ALL","","1992","1139.09"
"BGR","","TOTAL","ALL","","1993","1148.64"
"BGR","","TOTAL","ALL","","1994","1162.17"
"BGR","","TOTAL","ALL","","1995","1170.32"
"BGR","","TOTAL","ALL","","1996","1195.7"
"BGR","","TOTAL","ALL","","1997","1278.93"
"BGR","","TOTAL","ALL","","1998","1255.91"
"BGR","","TOTAL","ALL","","1999","1134.83"
"BGR","","TOTAL","ALL","","2000","1145.78"
"BGR","","TOTAL","ALL","","2001","1105.54"
"BGR","","TOTAL","ALL","","2002","1102.62"
"BGR","","TOTAL","ALL","","2003","1089.51"
"BGR","","TOTAL","ALL","","2004","1056.37"
"BGR","","TOTAL","ALL","","2005","1065.32"
"BGR","","TOTAL","ALL","","2006","1046"
"BGR","","TOTAL","ALL","","2007","1028.22"
"BGR","","TOTAL","ALL","","2008","995.39"
"BGR","","TOTAL","ALL","","2009","964.65"
"BGR","","TOTAL","ALL","","2010","970.26"
"BGR","","TOTAL","ALL","","2011","937.89"
"BGR","","TOTAL","ALL","","2012","930.46"
"BGR","","TOTAL","ALL","","2013","883.86"
"BGR","","TOTAL","ALL","","2014","914.59"
"BGR","","TOTAL","ALL","","2015","913.28"
"BGR","","TOTAL","ALL","","2016","891.82"
"BGR","","TOTAL","ALL","","2017","900.55"
"BGR","","TOTAL","ALL","","2018","886.37"
"BGR","","TOTAL","ALL","","2019","875.34"
"BGR","","TOTAL","ALL","","2020","1006.26"
"BGR","","TOTAL","ALL","","2021","1212.07"
"BIH","","TOTAL","ALL","","1985","1099.17"
"BIH","","TOTAL","ALL","","1986","1054.05"
"BIH","","TOTAL","ALL","","1987","1053.32"
"BIH","","TOTAL","ALL","","1988","1044.7"
"BIH","","TOTAL","ALL","","1989","1062.86"
"BIH","","TOTAL","ALL","","1990","1004.38"
"BIH","","TOTAL","ALL","","1991","1020.72"
"BIH","","TOTAL","ALL","","2011","802.17"
"BIH","","TOTAL","ALL","","2014","753.34"
"BIH","","TOTAL","ALL","","2016","855.9"
"BIH","","TOTAL","ALL","","2021","964.11"
"BIH","","TOTAL","ALL","","2022","784.6"
"BLR","","TOTAL","ALL","","1981","1024.58"
"BLR","","TOTAL","ALL","","1982","1019.27"
"BLR","","TOTAL","ALL","","1985","1102.46"
"BLR","","TOTAL","ALL","","1986","1004.08"
"BLR","","TOTAL","ALL","","1987","1016.99"
"BLR","","TOTAL","ALL","","1988","1029.23"
"BLR","","TOTAL","ALL","","1989","1025.73"
"BLR","","TOTAL","ALL","","1990","1079.48"
"BLR","","TOTAL","ALL","","1991","1121.75"
"BLR","","TOTAL","ALL","","1992","1132.02"
"BLR","","TOTAL","ALL","","1993","1241.78"
"BLR","","TOTAL","ALL","","1994","1247.67"
"BLR","","TOTAL","ALL","","1995","1278.97"
"BLR","","TOTAL","ALL","","1996","1363.27"
"BLR","","TOTAL","ALL","","1997","1293.1"
"BLR","","TOTAL","ALL","","1998","1291.3"
"BLR","","TOTAL","ALL","","1999","1350.22"
"BLR","","TOTAL","ALL","","2000","1270.33"
"BLR","","TOTAL","ALL","","2001","1317.71"
"BLR","","TOTAL","ALL","","2002","1374.48"
"BLR","","TOTAL","ALL","","2003","1332.89"
"BLR","","TOTAL","ALL","","2004","1295.04"
"BLR","","TOTAL","ALL","","2005","1300.69"
"BLR","","TOTAL","ALL","","2007","1179.17"
"BLR","","TOTAL","ALL","","2008","1167.08"
"BLR","","TOTAL","ALL","","2009","1159.93"
"BLR","","TOTAL","ALL","","2010","1167.89"
"BLR","","TOTAL","ALL","","2011","1137.17"
"BLR","","TOTAL","ALL","","2013","1012.52"
"BLR","","TOTAL","ALL","","2014","971.41"
"BLR","","TOTAL","ALL","","2018","910.64"
"","CARINFONET","TOTAL","ALL","","1981","1141.41"
"","CARINFONET","TOTAL","ALL","","1982","1140.98"
"","CARINFONET","TOTAL","ALL","","1985","1158.88"
"","CARINFONET","TOTAL","ALL","","1986","1100.05"
"","CARINFONET","TOTAL","ALL","","1987","1110.64"
"","CARINFONET","TOTAL","ALL","","1988","1138.96"
"","CARINFONET","TOTAL","ALL","","1989","1119.28"
"","CARINFONET","TOTAL","ALL","","1990","1107.6"
"","CARINFONET","TOTAL","ALL","","1991","1150.27"
"","CARINFONET","TOTAL","ALL","","1992","1175.13"
"","CARINFONET","TOTAL","ALL","","1993","1315.74"
"","CARINFONET","TOTAL","ALL","","1994","1378.04"
"","CARINFONET","TOTAL","ALL","","1995","1357.74"
"","CARINFONET","TOTAL","ALL","","1996","1363.17"
"","CARINFONET","TOTAL","ALL","","1997","1293.94"
"","CARINFONET","TOTAL","ALL","","1998","1300.51"
"","CARINFONET","TOTAL","ALL","","1999","1223.49"
"","CARINFONET","TOTAL","ALL","","2000","1251.34"
"","CARINFONET","TOTAL","ALL","","2001","1221.38"
"","CARINFONET","TOTAL","ALL","","2002","1250.87"
"","CARINFONET","TOTAL","ALL","","2003","1250.12"
"","CARINFONET","TOTAL","ALL","","2004","1187.07"
"","CARINFONET","TOTAL","ALL","","2005","1228.53"
"","CARINFONET","TOTAL","ALL","","2006","1195.68"
"","CARINFONET","TOTAL","ALL","","2007","1167.36"
"","CARINFONET","TOTAL","ALL","","2008","1122.53"
"","CARINFONET","TOTAL","ALL","","2009","1065.66"
"","CARINFONET","TOTAL","ALL","","2010","1076.15"
"","CARINFONET","TOTAL","ALL","","2011","1070.52"
"","CARINFONET","TOTAL","ALL","","2012","1052.88"
"","CARINFONET","TOTAL","ALL","","2013","1015.09"
"","CARINFONET","TOTAL","ALL","","2014","1002.31"
"","CARINFONET","TOTAL","ALL","","2015","980.25"
"","CARINFONET","TOTAL","ALL","","2016","961.85"
"CHE","","TOTAL","ALL","","1969","1020.09"
"CHE","","TOTAL","ALL","","1970","987.73"
"CHE","","TOTAL","ALL","","1971","981.91"
"CHE","","TOTAL","ALL","","1972","936.78"
"CHE","","TOTAL","ALL","","1973","925.63"
"CHE","","TOTAL","ALL","","1974","895.36"
"CHE","","TOTAL","ALL","","1975","868.53"
"CHE","","TOTAL","ALL","","1976","869.96"
"CHE","","TOTAL","ALL","","1977","826.61"
"CHE","","TOTAL","ALL","","1978","836.47"
"CHE","","TOTAL","ALL","","1979","814.69"
"CHE","","TOTAL","ALL","","1980","818.34"
"CHE","","TOTAL","ALL","","1981","806.34"
"CHE","","TOTAL","ALL","","1982","781.25"
"CHE","","TOTAL","ALL","","1983","784.45"
"CHE","","TOTAL","ALL","","1984","742.61"
"CHE","","TOTAL","ALL","","1985","737.06"
"CHE","","TOTAL","ALL","","1986","726.04"
"CHE","","TOTAL","ALL","","1987","704.43"
"CHE","","TOTAL","ALL","","1988","701.72"
"CHE","","TOTAL","ALL","","1989","689.18"
"CHE","","TOTAL","ALL","","1990","706.58"
"CHE","","TOTAL","ALL","","1991","683.52"
"CHE","","TOTAL","ALL","","1992","666.8"
"CHE","","TOTAL","ALL","","1993","655.75"
"CHE","","TOTAL","ALL","","1994","638.38"
"CHE","","TOTAL","ALL","","1995","640.7"
"CHE","","TOTAL","ALL","","1996","619.17"
"CHE","","TOTAL","ALL","","1997","613.26"
"CHE","","TOTAL","ALL","","1998","600.25"
"CHE","","TOTAL","ALL","","1999","588.88"
"CHE","","TOTAL","ALL","","2000","581.66"
"CHE","","TOTAL","ALL","","2001","561.06"
"CHE","","TOTAL","ALL","","2002","546.59"
"CHE","","TOTAL","ALL","","2003","551.11"
"CHE","","TOTAL","ALL","","2004","519.96"
"CHE","","TOTAL","ALL","","2005","514.42"
"CHE","","TOTAL","ALL","","2006","496.81"
"CHE","","TOTAL","ALL","","2007","490.07"
"CHE","","TOTAL","ALL","","2008","477.8"
"CHE","","TOTAL","ALL","","2009","475.64"
"CHE","","TOTAL","ALL","","2010","464.08"
"CHE","","TOTAL","ALL","","2011","455.76"
"CHE","","TOTAL","ALL","","2012","457.69"
"CHE","","TOTAL","ALL","","2013","452.85"
"CHE","","TOTAL","ALL","","2015","448.3"
"CHE","","TOTAL","ALL","","2016","421.64"
"CHE","","TOTAL","ALL","","2017","423.38"
"CHE","","TOTAL","ALL","","2018","416.01"
"CHE","","TOTAL","ALL","","2019","409.02"
"","CIS","TOTAL","ALL","","1981","1205.97"
"","CIS","TOTAL","ALL","","1982","1179.12"
"","CIS","TOTAL","ALL","","1985","1225.27"
"","CIS","TOTAL","ALL","","1986","1121.81"
"","CIS","TOTAL","ALL","","1987","1131.27"
"","CIS","TOTAL","ALL","","1988","1151.05"
"","CIS","TOTAL","ALL","","1989","1131.58"
"","CIS","TOTAL","ALL","","1990","1157.04"
"","CIS","TOTAL","ALL","","1991","1182.81"
"","CIS","TOTAL","ALL","","1992","1233.39"
"","CIS","TOTAL","ALL","","1993","1397.24"
"","CIS","TOTAL","ALL","","1994","1473.94"
"","CIS","TOTAL","ALL","","1995","1440.14"
"","CIS","TOTAL","ALL","","1996","1387.33"
"","CIS","TOTAL","ALL","","1997","1329.67"
"","CIS","TOTAL","ALL","","1998","1298.65"
"","CIS","TOTAL","ALL","","1999","1341.16"
"","CIS","TOTAL","ALL","","2000","1372.1"
"","CIS","TOTAL","ALL","","2001","1365.21"
"","CIS","TOTAL","ALL","","2002","1404.18"
"","CIS","TOTAL","ALL","","2003","1427.17"
"","CIS","TOTAL","ALL","","2004","1380.25"
"","CIS","TOTAL","ALL","","2005","1392.15"
"","CIS","TOTAL","ALL","","2006","1315.74"
"","CIS","TOTAL","ALL","","2007","1266.09"
"","CIS","TOTAL","ALL","","2008","1238.1"
"","CIS","TOTAL","ALL","","2009","1177.6"
"","CIS","TOTAL","ALL","","2010","1164.84"
"","CIS","TOTAL","ALL","","2011","1105.71"
"","CIS","TOTAL","ALL","","2012","1079.23"
"","CIS","TOTAL","ALL","","2013","1048.06"
"","CIS","TOTAL","ALL","","2014","1048.63"
"","CIS","TOTAL","ALL","","2015","1012.29"
"CYP","","TOTAL","ALL","","2001","619.76"
"CYP","","TOTAL","ALL","","2002","645.73"
"CYP","","TOTAL","ALL","","2003","619.52"
"CYP","","TOTAL","ALL","","2004","602.64"
"CYP","","TOTAL","ALL","","2005","621.47"
"CYP","","TOTAL","ALL","","2006","564.81"
"CYP","","TOTAL","ALL","","2007","567.5"
"CYP","","TOTAL","ALL","","2008","535.27"
"CYP","","TOTAL","ALL","","2009","514.03"
"CYP","","TOTAL","ALL","","2010","488.78"
"CYP","","TOTAL","ALL","","2011","509.61"
"CYP","","TOTAL","ALL","","2012","514.84"
"CYP","","TOTAL","ALL","","2013","478.03"
"CYP","","TOTAL","ALL","","2014","485.92"
"CYP","","TOTAL","ALL","","2015","523.69"
"CYP","","TOTAL","ALL","","2016","471.28"
"CYP","","TOTAL","ALL","","2017","504.64"
"CYP","","TOTAL","ALL","","2018","469.22"
"CYP","","TOTAL","ALL","","2019","489.53"
"CYP","","TOTAL","ALL","","2020","489.49"
"CYP","","TOTAL","ALL","","2021","536.83"
"CZE","","TOTAL","ALL","","1986","1219.49"
"CZE","","TOTAL","ALL","","1987","1171.91"
"CZE","","TOTAL","ALL","","1988","1152.54"
"CZE","","TOTAL","ALL","","1989","1163.31"
"CZE","","TOTAL","ALL","","1990","1171.17"
"CZE","","TOTAL","ALL","","1991","1121.74"
"CZE","","TOTAL","ALL","","1992","1080.62"
"CZE","","TOTAL","ALL","","1993","1052.46"
"CZE","","TOTAL","ALL","","1994","1032.91"
"CZE","","TOTAL","ALL","","1995","1024.82"
"CZE","","TOTAL","ALL","","1996","970.25"
"CZE","","TOTAL","ALL","","1997","960.84"
"CZE","","TOTAL","ALL","","1998","922.28"
"CZE","","TOTAL","ALL","","1999","911.04"
"CZE","","TOTAL","ALL","","2000","891.51"
"CZE","","TOTAL","ALL","","2001","878.3"
"CZE","","TOTAL","ALL","","2002","881.05"
"CZE","","TOTAL","ALL","","2003","899.6"
"CZE","","TOTAL","ALL","","2004","851.92"
"CZE","","TOTAL","ALL","","2005","837.61"
"CZE","","TOTAL","ALL","","2006","789.26"
"CZE","","TOTAL","ALL","","2007","767.48"
"CZE","","TOTAL","ALL","","2008","746.21"
"CZE","","TOTAL","ALL","","2009","743.94"
"CZE","","TOTAL","ALL","","2010","724.19"
"CZE","","TOTAL","ALL","","2011","708.43"
"CZE","","TOTAL","ALL","","2012","700.65"
"CZE","","TOTAL","ALL","","2013","691.86"
"CZE","","TOTAL","ALL","","2014","656"
"CZE","","TOTAL","ALL","","2015","673.39"
"CZE","","TOTAL","ALL","","2016","642.29"
"CZE","","TOTAL","ALL","","2017","648.95"
"CZE","","TOTAL","ALL","","2018","645.68"
"CZE","","TOTAL","ALL","","2019","631.12"
"CZE","","TOTAL","ALL","","2020","708.25"
"CZE","","TOTAL","ALL","","2021","773.7"
"DEU","","TOTAL","ALL","","1990","847.31"
"DEU","","TOTAL","ALL","","1991","830.78"
"DEU","","TOTAL","ALL","","1992","799.62"
"DEU","","TOTAL","ALL","","1993","800.14"
"DEU","","TOTAL","ALL","","1994","778.24"
"DEU","","TOTAL","ALL","","1995","764.09"
"DEU","","TOTAL","ALL","","1996","751.13"
"DEU","","TOTAL","ALL","","1997","724.13"
"DEU","","TOTAL","ALL","","1998","708.68"
"DEU","","TOTAL","ALL","","1999","693.27"
"DEU","","TOTAL","ALL","","2000","675.65"
"DEU","","TOTAL","ALL","","2001","657.62"
"DEU","","TOTAL","ALL","","2002","661.03"
"DEU","","TOTAL","ALL","","2003","665.2"
"DEU","","TOTAL","ALL","","2004","628.63"
"DEU","","TOTAL","ALL","","2005","620.48"
"DEU","","TOTAL","ALL","","2006","596.56"
"DEU","","TOTAL","ALL","","2007","585.21"
"DEU","","TOTAL","ALL","","2008","582.46"
"DEU","","TOTAL","ALL","","2009","575.92"
"DEU","","TOTAL","ALL","","2010","565.56"
"DEU","","TOTAL","ALL","","2011","549.44"
"DEU","","TOTAL","ALL","","2012","545.34"
"DEU","","TOTAL","ALL","","2013","563.89"
"DEU","","TOTAL","ALL","","2014","537.49"
"DEU","","TOTAL","ALL","","2015","557.03"
"DEU","","TOTAL","ALL","","2016","541.17"
"DEU","","TOTAL","ALL","","2017","541.25"
"DEU","","TOTAL","ALL","","2018","547.27"
"DEU","","TOTAL","ALL","","2019","529.06"
"DEU","","TOTAL","ALL","","2020","540.5"
"DNK","","TOTAL","ALL","","1969","973.56"
"DNK","","TOTAL","ALL","","1970","958.46"
"DNK","","TOTAL","ALL","","1971","962.61"
"DNK","","TOTAL","ALL","","1972","968.34"
"DNK","","TOTAL","ALL","","1973","946.91"
"DNK","","TOTAL","ALL","","1974","939.21"
"DNK","","TOTAL","ALL","","1975","918.45"
"DNK","","TOTAL","ALL","","1976","949.58"
"DNK","","TOTAL","ALL","","1977","871.57"
"DNK","","TOTAL","ALL","","1978","893.31"
"DNK","","TOTAL","ALL","","1979","907.85"
"DNK","","TOTAL","ALL","","1980","921.68"
"DNK","","TOTAL","ALL","","1981","909.24"
"DNK","","TOTAL","ALL","","1982","880.71"
"DNK","","TOTAL","ALL","","1983","896.59"
"DNK","","TOTAL","ALL","","1984","884.34"
"DNK","","TOTAL","ALL","","1985","893.15"
"DNK","","TOTAL","ALL","","1986","877.72"
"DNK","","TOTAL","ALL","","1987","868.19"
"DNK","","TOTAL","ALL","","1988","866.59"
"DNK","","TOTAL","ALL","","1989","864.64"
"DNK","","TOTAL","ALL","","1990","873.67"
"DNK","","TOTAL","ALL","","1991","845.93"
"DNK","","TOTAL","ALL","","1992","853.81"
"DNK","","TOTAL","ALL","","1993","870.14"
"DNK","","TOTAL","ALL","","1994","849.52"
"DNK","","TOTAL","ALL","","1995","863.07"
"DNK","","TOTAL","ALL","","1996","832.19"
"DNK","","TOTAL","ALL","","1997","808.53"
"DNK","","TOTAL","ALL","","1998","781.14"
"DNK","","TOTAL","ALL","","1999","787.96"
"DNK","","TOTAL","ALL","","2000","751.75"
"DNK","","TOTAL","ALL","","2001","749.12"
"DNK","","TOTAL","ALL","","2002","752.58"
"DNK","","TOTAL","ALL","","2003","734.68"
"DNK","","TOTAL","ALL","","2004","707.64"
"DNK","","TOTAL","ALL","","2005","683.97"
"DNK","","TOTAL","ALL","","2006","682.11"
"DNK","","TOTAL","ALL","","2007","673.56"
"DNK","","TOTAL","ALL","","2008","652.17"
"DNK","","TOTAL","ALL","","2009","644.37"
"DNK","","TOTAL","ALL","","2010","628.53"
"DNK","","TOTAL","ALL","","2011","597.29"
"DNK","","TOTAL","ALL","","2012","583.14"
"DNK","","TOTAL","ALL","","2013","574.14"
"DNK","","TOTAL","ALL","","2014","551.46"
"DNK","","TOTAL","ALL","","2015","551.26"
"DNK","","TOTAL","ALL","","2016","543.84"
"DNK","","TOTAL","ALL","","2017","533.84"
"DNK","","TOTAL","ALL","","2018","542.12"
"DNK","","TOTAL","ALL","","2019","518.02"
"DNK","","TOTAL","ALL","","2020","512.27"
"DNK","","TOTAL","ALL","","2021","484.15"
"ESP","","TOTAL","ALL","","1968","1033.53"
"ESP","","TOTAL","ALL","","1969","1066.41"
"ESP","","TOTAL","ALL","","1971","1035.56"
"ESP","","TOTAL","ALL","","1972","948.45"
"ESP","","TOTAL","ALL","","1973","991.77"
"ESP","","TOTAL","ALL","","1974","964.28"
"ESP","","TOTAL","ALL","","1975","969.83"
"ESP","","TOTAL","ALL","","1976","940.22"
"ESP","","TOTAL","ALL","","1977","908.42"
"ESP","","TOTAL","ALL","","1978","899.31"
"ESP","","TOTAL","ALL","","1979","866.26"
"ESP","","TOTAL","ALL","","1980","819.51"
"ESP","","TOTAL","ALL","","1981","810.74"
"ESP","","TOTAL","ALL","","1982","771.07"
"ESP","","TOTAL","ALL","","1983","790.35"
"ESP","","TOTAL","ALL","","1984","762.37"
"ESP","","TOTAL","ALL","","1985","776.29"
"ESP","","TOTAL","ALL","","1986","754.57"
"ESP","","TOTAL","ALL","","1987","733.13"
"ESP","","TOTAL","ALL","","1988","737.67"
"ESP","","TOTAL","ALL","","1989","732.85"
"ESP","","TOTAL","ALL","","1990","735.12"
"ESP","","TOTAL","ALL","","1991","729.35"
"ESP","","TOTAL","ALL","","1992","696.45"
"ESP","","TOTAL","ALL","","1993","692.02"
"ESP","","TOTAL","ALL","","1994","674.47"
"ESP","","TOTAL","ALL","","1995","674.54"
"ESP","","TOTAL","ALL","","1996","669.24"
"ESP","","TOTAL","ALL","","1997","649.07"
"ESP","","TOTAL","ALL","","1998","652.67"
"ESP","","TOTAL","ALL","","1999","652.55"
"ESP","","TOTAL","ALL","","2000","610.7"
"ESP","","TOTAL","ALL","","2001","596.51"
"ESP","","TOTAL","ALL","","2002","592.73"
"ESP","","TOTAL","ALL","","2003","600.06"
"ESP","","TOTAL","ALL","","2004","565.23"
"ESP","","TOTAL","ALL","","2005","568.47"
"ESP","","TOTAL","ALL","","2006","532.35"
"ESP","","TOTAL","ALL","","2007","533.99"
"ESP","","TOTAL","ALL","","2008","519.73"
"ESP","","TOTAL","ALL","","2009","503.66"
"ESP","","TOTAL","ALL","","2010","487.01"
"ESP","","TOTAL","ALL","","2011","481.45"
"ESP","","TOTAL","ALL","","2012","477.08"
"ESP","","TOTAL","ALL","","2013","452.91"
"ESP","","TOTAL","ALL","","2014","447.76"
"ESP","","TOTAL","ALL","","2015","462.08"
"ESP","","TOTAL","ALL","","2016","442.26"
"ESP","","TOTAL","ALL","","2017","445.02"
"ESP","","TOTAL","ALL","","2018","440.57"
"ESP","","TOTAL","ALL","","2019","423.83"
"ESP","","TOTAL","ALL","","2020","485.42"
"ESP","","TOTAL","ALL","","2021","445.53"
"EST","","TOTAL","ALL","","1981","1217.14"
"EST","","TOTAL","ALL","","1982","1180.93"
"EST","","TOTAL","ALL","","1985","1235.83"
"EST","","TOTAL","ALL","","1986","1133.46"
"EST","","TOTAL","ALL","","1987","1132.4"
"EST","","TOTAL","ALL","","1988","1132.87"
"EST","","TOTAL","ALL","","1989","1120.97"
"EST","","TOTAL","ALL","","1990","1175.98"
"EST","","TOTAL","ALL","","1991","1186.55"
"EST","","TOTAL","ALL","","1992","1218.32"
"EST","","TOTAL","ALL","","1993","1302.11"
"EST","","TOTAL","ALL","","1994","1374.6"
"EST","","TOTAL","ALL","","1995","1294.94"
"EST","","TOTAL","ALL","","1996","1172.53"
"EST","","TOTAL","ALL","","1997","1141.64"
"EST","","TOTAL","ALL","","1998","1187.68"
"EST","","TOTAL","ALL","","1999","1116.95"
"EST","","TOTAL","ALL","","2000","1076.56"
"EST","","TOTAL","ALL","","2001","1087.29"
"EST","","TOTAL","ALL","","2002","1065.7"
"EST","","TOTAL","ALL","","2003","1046.01"
"EST","","TOTAL","ALL","","2004","1010.73"
"EST","","TOTAL","ALL","","2005","977.95"
"EST","","TOTAL","ALL","","2006","963.43"
"EST","","TOTAL","ALL","","2007","948.71"
"EST","","TOTAL","ALL","","2008","885.32"
"EST","","TOTAL","ALL","","2009","832.93"
"EST","","TOTAL","ALL","","2010","793.18"
"EST","","TOTAL","ALL","","2011","753.55"
"EST","","TOTAL","ALL","","2012","747.1"
"EST","","TOTAL","ALL","","2013","720.31"
"EST","","TOTAL","ALL","","2014","714.21"
"EST","","TOTAL","ALL","","2015","688.06"
"EST","","TOTAL","ALL","","2016","681.41"
"","EU_AFTER_MAY2004","TOTAL","ALL","","1981","1149.63"
"","EU_AFTER_MAY2004","TOTAL","ALL","","1982","1144.5"
"","EU_AFTER_MAY2004","TOTAL","ALL","","1985","1202.76"
"","EU_AFTER_MAY2004","TOTAL","ALL","","1986","1167.09"
"","EU_AFTER_MAY2004","TOTAL","ALL","","1987","1166"
"","EU_AFTER_MAY2004","TOTAL","ALL","","1988","1140.29"
"","EU_AFTER_MAY2004","TOTAL","ALL","","1989","1135.68"
"","EU_AFTER_MAY2004","TOTAL","ALL","","1990","1137.58"
"","EU_AFTER_MAY2004","TOTAL","ALL","","1991","1150.88"
"","EU_AFTER_MAY2004","TOTAL","ALL","","1992","1141.5"
"","EU_AFTER_MAY2004","TOTAL","ALL","","1993","1140.67"
"","EU_AFTER_MAY2004","TOTAL","ALL","","1994","1130.44"
"","EU_AFTER_MAY2004","TOTAL","ALL","","1995","1118.19"
"","EU_AFTER_MAY2004","TOTAL","ALL","","1996","1113.87"
"","EU_AFTER_MAY2004","TOTAL","ALL","","1997","1098.26"
"","EU_AFTER_MAY2004","TOTAL","ALL","","1998","1078.51"
"","EU_AFTER_MAY2004","TOTAL","ALL","","1999","1054.08"
"","EU_AFTER_MAY2004","TOTAL","ALL","","2000","1012.97"
"","EU_AFTER_MAY2004","TOTAL","ALL","","2001","985.16"
"","EU_AFTER_MAY2004","TOTAL","ALL","","2002","983.17"
"","EU_AFTER_MAY2004","TOTAL","ALL","","2003","982.85"
"","EU_AFTER_MAY2004","TOTAL","ALL","","2004","946.19"
"","EU_AFTER_MAY2004","TOTAL","ALL","","2005","943.23"
"","EU_AFTER_MAY2004","TOTAL","ALL","","2006","913.79"
"","EU_AFTER_MAY2004","TOTAL","ALL","","2007","897.17"
"","EU_AFTER_MAY2004","TOTAL","ALL","","2008","872.16"
"","EU_AFTER_MAY2004","TOTAL","ALL","","2009","858.03"
"","EU_AFTER_MAY2004","TOTAL","ALL","","2010","835.89"
"","EU_AFTER_MAY2004","TOTAL","ALL","","2011","806.88"
"","EU_AFTER_MAY2004","TOTAL","ALL","","2012","800.97"
"","EU_AFTER_MAY2004","TOTAL","ALL","","2013","778.86"
"","EU_AFTER_MAY2004","TOTAL","ALL","","2014","758.13"
"","EU_AFTER_MAY2004","TOTAL","ALL","","2015","767.39"
"","EU_AFTER_MAY2004","TOTAL","ALL","","2016","744.39"
"","EU_AFTER_MAY2004","TOTAL","ALL","","2017","750.53"
"","EU_AFTER_MAY2004","TOTAL","ALL","","2018","744.92"
"","EU_AFTER_MAY2004","TOTAL","ALL","","2019","729.67"
"","EU_AFTER_MAY2004","TOTAL","ALL","","2020","789.76"
"","EU_AFTER_MAY2004","TOTAL","ALL","","2021","855.03"
"","EU_BEFORE_FEB2020","TOTAL","ALL","","1969","1067.45"
"","EU_BEFORE_FEB2020","TOTAL","ALL","","1970","1043.79"
"","EU_BEFORE_FEB2020","TOTAL","ALL","","1971","1036.22"
"","EU_BEFORE_FEB2020","TOTAL","ALL","","1972","1017.19"
"","EU_BEFORE_FEB2020","TOTAL","ALL","","1973","1025.25"
"","EU_BEFORE_FEB2020","TOTAL","ALL","","1974","999.05"
"","EU_BEFORE_FEB2020","TOTAL","ALL","","1975","1002.86"
"","EU_BEFORE_FEB2020","TOTAL","ALL","","1976","1000.46"
"","EU_BEFORE_FEB2020","TOTAL","ALL","","1977","980.08"
"","EU_BEFORE_FEB2020","TOTAL","ALL","","1978","974.88"
"","EU_BEFORE_FEB2020","TOTAL","ALL","","1979","962.85"
"","EU_BEFORE_FEB2020","TOTAL","ALL","","1980","963.76"
"","EU_BEFORE_FEB2020","TOTAL","ALL","","1981","938.77"
"","EU_BEFORE_FEB2020","TOTAL","ALL","","1982","928.33"
"","EU_BEFORE_FEB2020","TOTAL","ALL","","1983","940.06"
"","EU_BEFORE_FEB2020","TOTAL","ALL","","1984","919.28"
"","EU_BEFORE_FEB2020","TOTAL","ALL","","1985","929.68"
"","EU_BEFORE_FEB2020","TOTAL","ALL","","1986","912.21"
"","EU_BEFORE_FEB2020","TOTAL","ALL","","1987","889.7"
"","EU_BEFORE_FEB2020","TOTAL","ALL","","1988","878.94"
"","EU_BEFORE_FEB2020","TOTAL","ALL","","1989","870.77"
"","EU_BEFORE_FEB2020","TOTAL","ALL","","1990","864.02"
"","EU_BEFORE_FEB2020","TOTAL","ALL","","1991","859.26"
"","EU_BEFORE_FEB2020","TOTAL","ALL","","1992","839.86"
"","EU_BEFORE_FEB2020","TOTAL","ALL","","1993","841.19"
"","EU_BEFORE_FEB2020","TOTAL","ALL","","1994","818.43"
"","EU_BEFORE_FEB2020","TOTAL","ALL","","1995","812.46"
"","EU_BEFORE_FEB2020","TOTAL","ALL","","1996","801.34"
"","EU_BEFORE_FEB2020","TOTAL","ALL","","1997","783.15"
"","EU_BEFORE_FEB2020","TOTAL","ALL","","1998","776.11"
"","EU_BEFORE_FEB2020","TOTAL","ALL","","1999","763.59"
"","EU_BEFORE_FEB2020","TOTAL","ALL","","2000","737.42"
"","EU_BEFORE_FEB2020","TOTAL","ALL","","2001","718.37"
"","EU_BEFORE_FEB2020","TOTAL","ALL","","2002","714.4"
"","EU_BEFORE_FEB2020","TOTAL","ALL","","2003","716.59"
"","EU_BEFORE_FEB2020","TOTAL","ALL","","2004","678.08"
"","EU_BEFORE_FEB2020","TOTAL","ALL","","2005","672.66"
"","EU_BEFORE_FEB2020","TOTAL","ALL","","2006","645.13"
"","EU_BEFORE_FEB2020","TOTAL","ALL","","2007","634.28"
"","EU_BEFORE_FEB2020","TOTAL","ALL","","2008","622.45"
"","EU_BEFORE_FEB2020","TOTAL","ALL","","2009","609.38"
"","EU_BEFORE_FEB2020","TOTAL","ALL","","2010","595.01"
"","EU_BEFORE_FEB2020","TOTAL","ALL","","2011","578.77"
"","EU_BEFORE_FEB2020","TOTAL","ALL","","2012","577.05"
"","EU_BEFORE_FEB2020","TOTAL","ALL","","2013","566.59"
"","EU_BEFORE_FEB2020","TOTAL","ALL","","2014","548.15"
"","EU_BEFORE_FEB2020","TOTAL","ALL","","2015","560.93"
"","EU_BEFORE_FEB2020","TOTAL","ALL","","2016","545.44"
"","EU_BEFORE_FEB2020","TOTAL","ALL","","2017","546.9"
"","EU_BEFORE_FEB2020","TOTAL","ALL","","2018","544.44"
"","EU_BEFORE_FEB2020","TOTAL","ALL","","2019","529.39"
"","EU_BEFORE_FEB2020","TOTAL","ALL","","2020","569.64"
"","EU_BEFORE_FEB2020","TOTAL","ALL","","2021","578.41"
"","EU_BEFORE_MAY2004","TOTAL","ALL","","1969","1034.88"
"","EU_BEFORE_MAY2004","TOTAL","ALL","","1970","1003.37"
"","EU_BEFORE_MAY2004","TOTAL","ALL","","1971","992.53"
"","EU_BEFORE_MAY2004","TOTAL","ALL","","1972","981.18"
"","EU_BEFORE_MAY2004","TOTAL","ALL","","1973","985.11"
"","EU_BEFORE_MAY2004","TOTAL","ALL","","1974","963.59"
"","EU_BEFORE_MAY2004","TOTAL","ALL","","1975","962.89"
"","EU_BEFORE_MAY2004","TOTAL","ALL","","1976","957.56"
"","EU_BEFORE_MAY2004","TOTAL","ALL","","1977","925.71"
"","EU_BEFORE_MAY2004","TOTAL","ALL","","1978","921.72"
"","EU_BEFORE_MAY2004","TOTAL","ALL","","1979","905.98"
"","EU_BEFORE_MAY2004","TOTAL","ALL","","1980","893.46"
"","EU_BEFORE_MAY2004","TOTAL","ALL","","1981","875.18"
"","EU_BEFORE_MAY2004","TOTAL","ALL","","1982","862.85"
"","EU_BEFORE_MAY2004","TOTAL","ALL","","1983","870.27"
"","EU_BEFORE_MAY2004","TOTAL","ALL","","1984","841.68"
"","EU_BEFORE_MAY2004","TOTAL","ALL","","1985","846.27"
"","EU_BEFORE_MAY2004","TOTAL","ALL","","1986","834.19"
"","EU_BEFORE_MAY2004","TOTAL","ALL","","1987","804.96"
"","EU_BEFORE_MAY2004","TOTAL","ALL","","1988","798.64"
"","EU_BEFORE_MAY2004","TOTAL","ALL","","1989","789.36"
"","EU_BEFORE_MAY2004","TOTAL","ALL","","1990","780.17"
"","EU_BEFORE_MAY2004","TOTAL","ALL","","1991","770.19"
"","EU_BEFORE_MAY2004","TOTAL","ALL","","1992","748.62"
"","EU_BEFORE_MAY2004","TOTAL","ALL","","1993","751.06"
"","EU_BEFORE_MAY2004","TOTAL","ALL","","1994","724.85"
"","EU_BEFORE_MAY2004","TOTAL","ALL","","1995","721.14"
"","EU_BEFORE_MAY2004","TOTAL","ALL","","1996","708.62"
"","EU_BEFORE_MAY2004","TOTAL","ALL","","1997","689.98"
"","EU_BEFORE_MAY2004","TOTAL","ALL","","1998","687.09"
"","EU_BEFORE_MAY2004","TOTAL","ALL","","1999","678.46"
"","EU_BEFORE_MAY2004","TOTAL","ALL","","2000","657.54"
"","EU_BEFORE_MAY2004","TOTAL","ALL","","2001","641.25"
"","EU_BEFORE_MAY2004","TOTAL","ALL","","2002","637.75"
"","EU_BEFORE_MAY2004","TOTAL","ALL","","2003","641.25"
"","EU_BEFORE_MAY2004","TOTAL","ALL","","2004","602.73"
"","EU_BEFORE_MAY2004","TOTAL","ALL","","2005","597.13"
"","EU_BEFORE_MAY2004","TOTAL","ALL","","2006","570.81"
"","EU_BEFORE_MAY2004","TOTAL","ALL","","2007","562.05"
"","EU_BEFORE_MAY2004","TOTAL","ALL","","2008","554.22"
"","EU_BEFORE_MAY2004","TOTAL","ALL","","2009","541.73"
"","EU_BEFORE_MAY2004","TOTAL","ALL","","2010","529.88"
"","EU_BEFORE_MAY2004","TOTAL","ALL","","2011","517.35"
"","EU_BEFORE_MAY2004","TOTAL","ALL","","2012","518"
"","EU_BEFORE_MAY2004","TOTAL","ALL","","2013","510.73"
"","EU_BEFORE_MAY2004","TOTAL","ALL","","2014","493.26"
"","EU_BEFORE_MAY2004","TOTAL","ALL","","2015","507.31"
"","EU_BEFORE_MAY2004","TOTAL","ALL","","2016","494.14"
"","EU_BEFORE_MAY2004","TOTAL","ALL","","2017","494.68"
"","EU_BEFORE_MAY2004","TOTAL","ALL","","2018","492.96"
"","EU_BEFORE_MAY2004","TOTAL","ALL","","2019","478.38"
"","EU_BEFORE_MAY2004","TOTAL","ALL","","2020","513.69"
"","EU_MEMBERS","TOTAL","ALL","","1969","1060.46"
"","EU_MEMBERS","TOTAL","ALL","","1970","1035.82"
"","EU_MEMBERS","TOTAL","ALL","","1971","1033.59"
"","EU_MEMBERS","TOTAL","ALL","","1972","1006.81"
"","EU_MEMBERS","TOTAL","ALL","","1973","1018.16"
"","EU_MEMBERS","TOTAL","ALL","","1974","990.13"
"","EU_MEMBERS","TOTAL","ALL","","1975","997.33"
"","EU_MEMBERS","TOTAL","ALL","","1976","992.07"
"","EU_MEMBERS","TOTAL","ALL","","1977","975.73"
"","EU_MEMBERS","TOTAL","ALL","","1978","968.63"
"","EU_MEMBERS","TOTAL","ALL","","1979","954.81"
"","EU_MEMBERS","TOTAL","ALL","","1980","960.95"
"","EU_MEMBERS","TOTAL","ALL","","1981","937.6"
"","EU_MEMBERS","TOTAL","ALL","","1982","926.08"
"","EU_MEMBERS","TOTAL","ALL","","1983","941.56"
"","EU_MEMBERS","TOTAL","ALL","","1984","922.08"
"","EU_MEMBERS","TOTAL","ALL","","1985","931.41"
"","EU_MEMBERS","TOTAL","ALL","","1986","914.79"
"","EU_MEMBERS","TOTAL","ALL","","1987","894.2"
"","EU_MEMBERS","TOTAL","ALL","","1988","882.55"
"","EU_MEMBERS","TOTAL","ALL","","1989","873.72"
"","EU_MEMBERS","TOTAL","ALL","","1990","870.09"
"","EU_MEMBERS","TOTAL","ALL","","1991","866.02"
"","EU_MEMBERS","TOTAL","ALL","","1992","847.39"
"","EU_MEMBERS","TOTAL","ALL","","1993","846.47"
"","EU_MEMBERS","TOTAL","ALL","","1994","826.3"
"","EU_MEMBERS","TOTAL","ALL","","1995","818.38"
"","EU_MEMBERS","TOTAL","ALL","","1996","808.31"
"","EU_MEMBERS","TOTAL","ALL","","1997","789.71"
"","EU_MEMBERS","TOTAL","ALL","","1998","782.76"
"","EU_MEMBERS","TOTAL","ALL","","1999","769.02"
"","EU_MEMBERS","TOTAL","ALL","","2000","742.03"
"","EU_MEMBERS","TOTAL","ALL","","2001","723.07"
"","EU_MEMBERS","TOTAL","ALL","","2002","719.27"
"","EU_MEMBERS","TOTAL","ALL","","2003","722"
"","EU_MEMBERS","TOTAL","ALL","","2004","683.05"
"","EU_MEMBERS","TOTAL","ALL","","2005","678.86"
"","EU_MEMBERS","TOTAL","ALL","","2006","650.46"
"","EU_MEMBERS","TOTAL","ALL","","2007","639.51"
"","EU_MEMBERS","TOTAL","ALL","","2008","626.86"
"","EU_MEMBERS","TOTAL","ALL","","2009","615.94"
"","EU_MEMBERS","TOTAL","ALL","","2010","600.93"
"","EU_MEMBERS","TOTAL","ALL","","2011","585.2"
"","EU_MEMBERS","TOTAL","ALL","","2012","582.61"
"","EU_MEMBERS","TOTAL","ALL","","2013","570.91"
"","EU_MEMBERS","TOTAL","ALL","","2014","551.98"
"","EU_MEMBERS","TOTAL","ALL","","2015","564.07"
"","EU_MEMBERS","TOTAL","ALL","","2016","547.84"
"","EU_MEMBERS","TOTAL","ALL","","2017","550.17"
"","EU_MEMBERS","TOTAL","ALL","","2018","545.16"
"","EU_MEMBERS","TOTAL","ALL","","2019","532.75"
"","EU_MEMBERS","TOTAL","ALL","","2020","569.64"
"","EU_MEMBERS","TOTAL","ALL","","2021","579.75"
"FIN","","TOTAL","ALL","","1969","1327.87"
"FIN","","TOTAL","ALL","","1970","1245.42"
"FIN","","TOTAL","ALL","","1971","1265.88"
"FIN","","TOTAL","ALL","","1972","1188.75"
"FIN","","TOTAL","ALL","","1973","1138.89"
"FIN","","TOTAL","ALL","","1974","1148.64"
"FIN","","TOTAL","ALL","","1975","1093.94"
"FIN","","TOTAL","ALL","","1976","1088.81"
"FIN","","TOTAL","ALL","","1977","1045.73"
"FIN","","TOTAL","ALL","","1978","1008.5"
"FIN","","TOTAL","ALL","","1979","981.08"
"FIN","","TOTAL","ALL","","1980","974.01"
"FIN","","TOTAL","ALL","","1981","948.14"
"FIN","","TOTAL","ALL","","1982","900.6"
"FIN","","TOTAL","ALL","","1983","912.88"
"FIN","","TOTAL","ALL","","1984","883.5"
"FIN","","TOTAL","ALL","","1985","926.79"
"FIN","","TOTAL","ALL","","1986","887.9"
"FIN","","TOTAL","ALL","","1987","880.36"
"FIN","","TOTAL","ALL","","1988","882.04"
"FIN","","TOTAL","ALL","","1989","867.03"
"FIN","","TOTAL","ALL","","1990","866.41"
"FIN","","TOTAL","ALL","","1991","834.94"
"FIN","","TOTAL","ALL","","1992","825.26"
"FIN","","TOTAL","ALL","","1993","827.9"
"FIN","","TOTAL","ALL","","1994","765.43"
"FIN","","TOTAL","ALL","","1995","772.4"
"FIN","","TOTAL","ALL","","1996","753.73"
"FIN","","TOTAL","ALL","","1997","740.84"
"FIN","","TOTAL","ALL","","1998","728.21"
"FIN","","TOTAL","ALL","","1999","717.75"
"FIN","","TOTAL","ALL","","2000","703.6"
"FIN","","TOTAL","ALL","","2001","677.63"
"FIN","","TOTAL","ALL","","2002","675.87"
"FIN","","TOTAL","ALL","","2003","660.05"
"FIN","","TOTAL","ALL","","2004","636.82"
"FIN","","TOTAL","ALL","","2005","620.82"
"FIN","","TOTAL","ALL","","2006","605"
"FIN","","TOTAL","ALL","","2007","602.34"
"FIN","","TOTAL","ALL","","2008","586.78"
"FIN","","TOTAL","ALL","","2009","579.94"
"FIN","","TOTAL","ALL","","2010","573.77"
"FIN","","TOTAL","ALL","","2011","554.36"
"FIN","","TOTAL","ALL","","2012","551.01"
"FIN","","TOTAL","ALL","","2013","535.12"
"FIN","","TOTAL","ALL","","2014","529.23"
"FIN","","TOTAL","ALL","","2016","518.11"
"FIN","","TOTAL","ALL","","2017","505.58"
"FIN","","TOTAL","ALL","","2018","503.04"
"FIN","","TOTAL","ALL","","2019","488.86"
"FIN","","TOTAL","ALL","","2020","492.94"
"FIN","","TOTAL","ALL","","2021","497.63"
"FRA","","TOTAL","ALL","","1968","1063.33"
"FRA","","TOTAL","ALL","","1969","1040.03"
"FRA","","TOTAL","ALL","","1970","970.53"
"FRA","","TOTAL","ALL","","1971","978.03"
"FRA","","TOTAL","ALL","","1972","957.1"
"FRA","","TOTAL","ALL","","1973","945.98"
"FRA","","TOTAL","ALL","","1974","934.86"
"FRA","","TOTAL","ALL","","1975","937.38"
"FRA","","TOTAL","ALL","","1976","921.2"
"FRA","","TOTAL","ALL","","1977","874.61"
"FRA","","TOTAL","ALL","","1978","874.94"
"FRA","","TOTAL","ALL","","1979","853.17"
"FRA","","TOTAL","ALL","","1980","845.57"
"FRA","","TOTAL","ALL","","1981","842.41"
"FRA","","TOTAL","ALL","","1982","816.53"
"FRA","","TOTAL","ALL","","1983","825.39"
"FRA","","TOTAL","ALL","","1984","789.48"
"FRA","","TOTAL","ALL","","1985","787.93"
"FRA","","TOTAL","ALL","","1986","800.68"
"FRA","","TOTAL","ALL","","1987","732.29"
"FRA","","TOTAL","ALL","","1988","715.17"
"FRA","","TOTAL","ALL","","1989","706.64"
"FRA","","TOTAL","ALL","","1990","689.41"
"FRA","","TOTAL","ALL","","1991","678.54"
"FRA","","TOTAL","ALL","","1992","664.56"
"FRA","","TOTAL","ALL","","1993","664.48"
"FRA","","TOTAL","ALL","","1994","639.65"
"FRA","","TOTAL","ALL","","1995","638.04"
"FRA","","TOTAL","ALL","","1996","632.74"
"FRA","","TOTAL","ALL","","1997","616.07"
"FRA","","TOTAL","ALL","","1998","635.96"
"FRA","","TOTAL","ALL","","1999","629.83"
"FRA","","TOTAL","ALL","","2000","613.61"
"FRA","","TOTAL","ALL","","2001","608.25"
"FRA","","TOTAL","ALL","","2002","605.47"
"FRA","","TOTAL","ALL","","2003","614.41"
"FRA","","TOTAL","ALL","","2004","561.08"
"FRA","","TOTAL","ALL","","2005","563.13"
"FRA","","TOTAL","ALL","","2006","533.56"
"FRA","","TOTAL","ALL","","2007","520.74"
"FRA","","TOTAL","ALL","","2008","517.07"
"FRA","","TOTAL","ALL","","2009","508.83"
"FRA","","TOTAL","ALL","","2010","500.62"
"FRA","","TOTAL","ALL","","2011","484.55"
"FRA","","TOTAL","ALL","","2012","486.87"
"FRA","","TOTAL","ALL","","2013","475.97"
"FRA","","TOTAL","ALL","","2014","456.71"
"FRA","","TOTAL","ALL","","2017","461.56"
"FRA","","TOTAL","ALL","","2018","455.39"
"GBR","","TOTAL","ALL","","1968","1126.09"
"GBR","","TOTAL","ALL","","1969","1115.93"
"GBR","","TOTAL","ALL","","1970","1099.15"
"GBR","","TOTAL","ALL","","1971","1054.62"
"GBR","","TOTAL","ALL","","1972","1090"
"GBR","","TOTAL","ALL","","1973","1075.09"
"GBR","","TOTAL","ALL","","1974","1062.07"
"GBR","","TOTAL","ALL","","1975","1042.23"
"GBR","","TOTAL","ALL","","1976","1060.57"
"GBR","","TOTAL","ALL","","1977","1011.47"
"GBR","","TOTAL","ALL","","1978","1020.18"
"GBR","","TOTAL","ALL","","1979","1021.33"
"GBR","","TOTAL","ALL","","1980","984.27"
"GBR","","TOTAL","ALL","","1981","947.32"
"GBR","","TOTAL","ALL","","1982","944.75"
"GBR","","TOTAL","ALL","","1983","929.06"
"GBR","","TOTAL","ALL","","1984","898.81"
"GBR","","TOTAL","ALL","","1985","916.95"
"GBR","","TOTAL","ALL","","1986","893.27"
"GBR","","TOTAL","ALL","","1987","856.79"
"GBR","","TOTAL","ALL","","1988","852.51"
"GBR","","TOTAL","ALL","","1989","849.24"
"GBR","","TOTAL","ALL","","1990","819.59"
"GBR","","TOTAL","ALL","","1991","809.94"
"GBR","","TOTAL","ALL","","1992","785.13"
"GBR","","TOTAL","ALL","","1993","802.84"
"GBR","","TOTAL","ALL","","1994","761.27"
"GBR","","TOTAL","ALL","","1995","769.56"
"GBR","","TOTAL","ALL","","1996","750.98"
"GBR","","TOTAL","ALL","","1997","735.84"
"GBR","","TOTAL","ALL","","1998","728.3"
"GBR","","TOTAL","ALL","","1999","724.66"
"GBR","","TOTAL","ALL","","2001","684.36"
"GBR","","TOTAL","ALL","","2002","679.17"
"GBR","","TOTAL","ALL","","2003","677.44"
"GBR","","TOTAL","ALL","","2004","642.22"
"GBR","","TOTAL","ALL","","2005","628.01"
"GBR","","TOTAL","ALL","","2006","606.84"
"GBR","","TOTAL","ALL","","2007","596.75"
"GBR","","TOTAL","ALL","","2008","590.91"
"GBR","","TOTAL","ALL","","2009","562.64"
"GBR","","TOTAL","ALL","","2010","553.08"
"GBR","","TOTAL","ALL","","2011","533.63"
"GBR","","TOTAL","ALL","","2012","538.59"
"GBR","","TOTAL","ALL","","2013","536.92"
"GBR","","TOTAL","ALL","","2014","521.96"
"GBR","","TOTAL","ALL","","2015","539.59"
"GBR","","TOTAL","ALL","","2016","529.23"
"GBR","","TOTAL","ALL","","2017","524.93"
"GBR","","TOTAL","ALL","","2018","539.49"
"GBR","","TOTAL","ALL","","2019","507.05"
"GBR","","TOTAL","ALL","","2020","569.58"
"GEO","","TOTAL","ALL","","1981","1028.49"
"GEO","","TOTAL","ALL","","1982","995.53"
"GEO","","TOTAL","ALL","","1985","1029.89"
"GEO","","TOTAL","ALL","","1986","1018.64"
"GEO","","TOTAL","ALL","","1987","1004.68"
"GEO","","TOTAL","ALL","","1988","1016.39"
"GEO","","TOTAL","ALL","","1989","991.87"
"GEO","","TOTAL","ALL","","1990","949.1"
"GEO","","TOTAL","ALL","","1991","947.42"
"GEO","","TOTAL","ALL","","1992","954"
"GEO","","TOTAL","ALL","","1994","749.8"
"GEO","","TOTAL","ALL","","1995","866.12"
"GEO","","TOTAL","ALL","","1996","803.05"
"GEO","","TOTAL","ALL","","1997","881.37"
"GEO","","TOTAL","ALL","","1998","914.95"
"GEO","","TOTAL","ALL","","1999","932.49"
"GEO","","TOTAL","ALL","","2000","946.87"
"GEO","","TOTAL","ALL","","2001","892.87"
"GEO","","TOTAL","ALL","","2004","1086.54"
"GEO","","TOTAL","ALL","","2005","874.62"
"GEO","","TOTAL","ALL","","2006","862.75"
"GEO","","TOTAL","ALL","","2007","816.84"
"GEO","","TOTAL","ALL","","2009","894.43"
"GEO","","TOTAL","ALL","","2010","855.77"
"GEO","","TOTAL","ALL","","2011","872.56"
"GEO","","TOTAL","ALL","","2012","850.37"
"GEO","","TOTAL","ALL","","2013","819.86"
"GEO","","TOTAL","ALL","","2014","984.37"
"GEO","","TOTAL","ALL","","2015","1021.84"
"GEO","","TOTAL","ALL","","2016","1053.65"
"GEO","","TOTAL","ALL","","2017","989.82"
"GEO","","TOTAL","ALL","","2018","962.08"
"GEO","","TOTAL","ALL","","2019","963.72"
"GEO","","TOTAL","ALL","","2020","1038.71"
"GEO","","TOTAL","ALL","","2021","1235.77"
"GRC","","TOTAL","ALL","","1968","999.68"
"GRC","","TOTAL","ALL","","1969","965.66"
"GRC","","TOTAL","ALL","","1970","874.75"
"GRC","","TOTAL","ALL","","1971","863.38"
"GRC","","TOTAL","ALL","","1972","877.79"
"GRC","","TOTAL","ALL","","1973","870.71"
"GRC","","TOTAL","ALL","","1974","836.86"
"GRC","","TOTAL","ALL","","1975","858.99"
"GRC","","TOTAL","ALL","","1976","859.77"
"GRC","","TOTAL","ALL","","1977","860.87"
"GRC","","TOTAL","ALL","","1978","821.82"
"GRC","","TOTAL","ALL","","1979","810.32"
"GRC","","TOTAL","ALL","","1980","834"
"GRC","","TOTAL","ALL","","1981","809.54"
"GRC","","TOTAL","ALL","","1982","796.62"
"GRC","","TOTAL","ALL","","1983","817.53"
"GRC","","TOTAL","ALL","","1984","783.13"
"GRC","","TOTAL","ALL","","1985","808.1"
"GRC","","TOTAL","ALL","","1986","783.69"
"GRC","","TOTAL","ALL","","1987","795.9"
"GRC","","TOTAL","ALL","","1988","755.52"
"GRC","","TOTAL","ALL","","1989","746.11"
"GRC","","TOTAL","ALL","","1990","739.87"
"GRC","","TOTAL","ALL","","1991","734.54"
"GRC","","TOTAL","ALL","","1992","740"
"GRC","","TOTAL","ALL","","1993","720.44"
"GRC","","TOTAL","ALL","","1994","712.49"
"GRC","","TOTAL","ALL","","1995","719.01"
"GRC","","TOTAL","ALL","","1996","713.08"
"GRC","","TOTAL","ALL","","1997","695.83"
"GRC","","TOTAL","ALL","","1998","706.83"
"GRC","","TOTAL","ALL","","1999","702.07"
"GRC","","TOTAL","ALL","","2000","704.65"
"GRC","","TOTAL","ALL","","2001","679.31"
"GRC","","TOTAL","ALL","","2002","674.67"
"GRC","","TOTAL","ALL","","2003","673.51"
"GRC","","TOTAL","ALL","","2004","663.58"
"GRC","","TOTAL","ALL","","2005","641.96"
"GRC","","TOTAL","ALL","","2006","616.83"
"GRC","","TOTAL","ALL","","2007","626.95"
"GRC","","TOTAL","ALL","","2008","595.53"
"GRC","","TOTAL","ALL","","2009","577.2"
"GRC","","TOTAL","ALL","","2010","557.98"
"GRC","","TOTAL","ALL","","2011","547.86"
"GRC","","TOTAL","ALL","","2012","553.13"
"GRC","","TOTAL","ALL","","2014","517.56"
"GRC","","TOTAL","ALL","","2015","536.88"
"GRC","","TOTAL","ALL","","2016","517.9"
"GRC","","TOTAL","ALL","","2017","525.08"
"GRC","","TOTAL","ALL","","2018","502.17"
"GRC","","TOTAL","ALL","","2019","509.49"
"GRC","","TOTAL","ALL","","2020","526.46"
"HRV","","TOTAL","ALL","","1985","1148.27"
"HRV","","TOTAL","ALL","","1986","1117"
"HRV","","TOTAL","ALL","","1987","1124.01"
"HRV","","TOTAL","ALL","","1988","1105.06"
"HRV","","TOTAL","ALL","","1989","1086.16"
"HRV","","TOTAL","ALL","","1990","1060.16"
"HRV","","TOTAL","ALL","","1991","1097.22"
"HRV","","TOTAL","ALL","","1992","1045.52"
"HRV","","TOTAL","ALL","","1993","1031.33"
"HRV","","TOTAL","ALL","","1994","1008.95"
"HRV","","TOTAL","ALL","","1995","984.04"
"HRV","","TOTAL","ALL","","1996","1086.52"
"HRV","","TOTAL","ALL","","1997","1101.8"
"HRV","","TOTAL","ALL","","1998","1138.56"
"HRV","","TOTAL","ALL","","1999","1115.27"
"HRV","","TOTAL","ALL","","2000","1083.78"
"HRV","","TOTAL","ALL","","2001","920.71"
"HRV","","TOTAL","ALL","","2002","922.93"
"HRV","","TOTAL","ALL","","2003","947.29"
"HRV","","TOTAL","ALL","","2004","854.03"
"HRV","","TOTAL","ALL","","2005","886.55"
"HRV","","TOTAL","ALL","","2006","841.8"
"HRV","","TOTAL","ALL","","2007","851.79"
"HRV","","TOTAL","ALL","","2008","829.53"
"HRV","","TOTAL","ALL","","2009","812.92"
"HRV","","TOTAL","ALL","","2010","789.53"
"HRV","","TOTAL","ALL","","2011","761.14"
"HRV","","TOTAL","ALL","","2012","754.02"
"HRV","","TOTAL","ALL","","2013","721.47"
"HRV","","TOTAL","ALL","","2014","713.21"
"HRV","","TOTAL","ALL","","2015","749.41"
"HRV","","TOTAL","ALL","","2016","700.3"
"HRV","","TOTAL","ALL","","2017","715.48"
"HRV","","TOTAL","ALL","","2019","676.08"
"HRV","","TOTAL","ALL","","2020","728.73"
"HRV","","TOTAL","ALL","","2021","822.27"
"HUN","","TOTAL","ALL","","1969","1236"
"HUN","","TOTAL","ALL","","1970","1252.12"
"HUN","","TOTAL","ALL","","1971","1255.14"
"HUN","","TOTAL","ALL","","1972","1201.79"
"HUN","","TOTAL","ALL","","1973","1222.35"
"HUN","","TOTAL","ALL","","1974","1218.89"
"HUN","","TOTAL","ALL","","1975","1243.11"
"HUN","","TOTAL","ALL","","1976","1241.67"
"HUN","","TOTAL","ALL","","1977","1223.61"
"HUN","","TOTAL","ALL","","1978","1288.4"
"HUN","","TOTAL","ALL","","1979","1247.35"
"HUN","","TOTAL","ALL","","1980","1301.68"
"HUN","","TOTAL","ALL","","1981","1285.86"
"HUN","","TOTAL","ALL","","1982","1276.18"
"HUN","","TOTAL","ALL","","1983","1311.32"
"HUN","","TOTAL","ALL","","1984","1285.01"
"HUN","","TOTAL","ALL","","1985","1284.65"
"HUN","","TOTAL","ALL","","1986","1272.65"
"HUN","","TOTAL","ALL","","1987","1229.61"
"HUN","","TOTAL","ALL","","1988","1197.34"
"HUN","","TOTAL","ALL","","1989","1229.85"
"HUN","","TOTAL","ALL","","1990","1260.13"
"HUN","","TOTAL","ALL","","1991","1247.44"
"HUN","","TOTAL","ALL","","1992","1275.5"
"HUN","","TOTAL","ALL","","1993","1282.86"
"HUN","","TOTAL","ALL","","1994","1240.17"
"HUN","","TOTAL","ALL","","1995","1211.28"
"HUN","","TOTAL","ALL","","1996","1178.81"
"HUN","","TOTAL","ALL","","1997","1142.25"
"HUN","","TOTAL","ALL","","1998","1146.39"
"HUN","","TOTAL","ALL","","1999","1192.49"
"HUN","","TOTAL","ALL","","2000","1123.27"
"HUN","","TOTAL","ALL","","2001","1035.46"
"HUN","","TOTAL","ALL","","2002","1034.43"
"HUN","","TOTAL","ALL","","2003","1047.87"
"HUN","","TOTAL","ALL","","2004","1009.75"
"HUN","","TOTAL","ALL","","2005","1015.39"
"HUN","","TOTAL","ALL","","2006","968.87"
"HUN","","TOTAL","ALL","","2007","962.5"
"HUN","","TOTAL","ALL","","2008","926.18"
"HUN","","TOTAL","ALL","","2009","914.82"
"HUN","","TOTAL","ALL","","2010","898.48"
"HUN","","TOTAL","ALL","","2011","875.3"
"HUN","","TOTAL","ALL","","2012","871.43"
"HUN","","TOTAL","ALL","","2013","840.71"
"HUN","","TOTAL","ALL","","2014","826.94"
"HUN","","TOTAL","ALL","","2015","823.14"
"HUN","","TOTAL","ALL","","2016","810.53"
"HUN","","TOTAL","ALL","","2017","828.31"
"HUN","","TOTAL","ALL","","2018","816.32"
"HUN","","TOTAL","ALL","","2019","797.62"
"IRL","","TOTAL","ALL","","1968","1201.23"
"IRL","","TOTAL","ALL","","1969","1218.36"
"IRL","","TOTAL","ALL","","1970","1208.52"
"IRL","","TOTAL","ALL","","1971","1131.01"
"IRL","","TOTAL","ALL","","1972","1204.93"
"IRL","","TOTAL","ALL","","1973","1186.49"
"IRL","","TOTAL","ALL","","1974","1219.22"
"IRL","","TOTAL","ALL","","1975","1151.08"
"IRL","","TOTAL","ALL","","1976","1158.29"
"IRL","","TOTAL","ALL","","1977","1135.9"
"IRL","","TOTAL","ALL","","1978","1134.53"
"IRL","","TOTAL","ALL","","1979","1123.73"
"IRL","","TOTAL","ALL","","1980","1105.37"
"IRL","","TOTAL","ALL","","1981","1075.55"
"IRL","","TOTAL","ALL","","1982","1054.37"
"IRL","","TOTAL","ALL","","1983","1072.4"
"IRL","","TOTAL","ALL","","1984","1009.79"
"IRL","","TOTAL","ALL","","1985","1038.96"
"IRL","","TOTAL","ALL","","1986","1048.55"
"IRL","","TOTAL","ALL","","1987","961.35"
"IRL","","TOTAL","ALL","","1988","964.77"
"IRL","","TOTAL","ALL","","1989","959.68"
"IRL","","TOTAL","ALL","","1990","927.48"
"IRL","","TOTAL","ALL","","1991","909.19"
"IRL","","TOTAL","ALL","","1992","878.3"
"IRL","","TOTAL","ALL","","1993","895.44"
"IRL","","TOTAL","ALL","","1994","864.37"
"IRL","","TOTAL","ALL","","1995","883.14"
"IRL","","TOTAL","ALL","","1996","853.28"
"IRL","","TOTAL","ALL","","1997","837.15"
"IRL","","TOTAL","ALL","","1998","821.68"
"IRL","","TOTAL","ALL","","1999","837.38"
"IRL","","TOTAL","ALL","","2000","794.58"
"IRL","","TOTAL","ALL","","2001","750.48"
"IRL","","TOTAL","ALL","","2002","721.29"
"IRL","","TOTAL","ALL","","2003","690.26"
"IRL","","TOTAL","ALL","","2004","663.81"
"IRL","","TOTAL","ALL","","2005","633.56"
"IRL","","TOTAL","ALL","","2006","626.68"
"IRL","","TOTAL","ALL","","2007","606.9"
"IRL","","TOTAL","ALL","","2008","593.61"
"IRL","","TOTAL","ALL","","2009","591.06"
"IRL","","TOTAL","ALL","","2010","553.96"
"IRL","","TOTAL","ALL","","2011","550.8"
"IRL","","TOTAL","ALL","","2012","548.35"
"IRL","","TOTAL","ALL","","2013","540.72"
"IRL","","TOTAL","ALL","","2015","521.77"
"IRL","","TOTAL","ALL","","2018","491.11"
"ISL","","TOTAL","ALL","","1971","936.47"
"ISL","","TOTAL","ALL","","1972","889.23"
"ISL","","TOTAL","ALL","","1973","866.61"
"ISL","","TOTAL","ALL","","1974","853.84"
"ISL","","TOTAL","ALL","","1975","798.24"
"ISL","","TOTAL","ALL","","1976","735.2"
"ISL","","TOTAL","ALL","","1977","736"
"ISL","","TOTAL","ALL","","1978","720.29"
"ISL","","TOTAL","ALL","","1979","732.64"
"ISL","","TOTAL","ALL","","1980","735.8"
"ISL","","TOTAL","ALL","","1981","781.02"
"ISL","","TOTAL","ALL","","1982","729.48"
"ISL","","TOTAL","ALL","","1983","750.51"
"ISL","","TOTAL","ALL","","1984","704"
"ISL","","TOTAL","ALL","","1985","711.12"
"ISL","","TOTAL","ALL","","1986","682.17"
"ISL","","TOTAL","ALL","","1987","716.21"
"ISL","","TOTAL","ALL","","1988","743.72"
"ISL","","TOTAL","ALL","","1989","684.41"
"ISL","","TOTAL","ALL","","1990","675.49"
"ISL","","TOTAL","ALL","","1991","691.15"
"ISL","","TOTAL","ALL","","1992","655.15"
"ISL","","TOTAL","ALL","","1993","645.9"
"ISL","","TOTAL","ALL","","1994","630.11"
"ISL","","TOTAL","ALL","","1995","689.52"
"ISL","","TOTAL","ALL","","1996","661.13"
"ISL","","TOTAL","ALL","","1997","647.48"
"ISL","","TOTAL","ALL","","1998","613.74"
"ISL","","TOTAL","ALL","","1999","630.55"
"ISL","","TOTAL","ALL","","2000","601.66"
"ISL","","TOTAL","ALL","","2001","550.96"
"ISL","","TOTAL","ALL","","2002","562.73"
"ISL","","TOTAL","ALL","","2003","546.77"
"ISL","","TOTAL","ALL","","2004","538.35"
"ISL","","TOTAL","ALL","","2005","521.94"
"ISL","","TOTAL","ALL","","2006","532.99"
"ISL","","TOTAL","ALL","","2007","520.07"
"ISL","","TOTAL","ALL","","2008","517.51"
"ISL","","TOTAL","ALL","","2009","507.38"
"ISL","","TOTAL","ALL","","2010","496.55"
"ISL","","TOTAL","ALL","","2011","480.14"
"ISL","","TOTAL","ALL","","2012","455.1"
"ISL","","TOTAL","ALL","","2013","491.79"
"ISL","","TOTAL","ALL","","2014","456.55"
"ISL","","TOTAL","ALL","","2015","469.67"
"ISL","","TOTAL","ALL","","2016","487.58"
"ISL","","TOTAL","ALL","","2017","461.54"
"ISL","","TOTAL","ALL","","2018","453.2"
"ISL","","TOTAL","ALL","","2019","444.44"
"ISL","","TOTAL","ALL","","2020","444.77"
"ISL","","TOTAL","ALL","","2021","439.07"
"ISR","","TOTAL","ALL","","1975","1015.6"
"ISR","","TOTAL","ALL","","1976","965.08"
"ISR","","TOTAL","ALL","","1977","983.19"
"ISR","","TOTAL","ALL","","1978","960.06"
"ISR","","TOTAL","ALL","","1979","954.45"
"ISR","","TOTAL","ALL","","1980","950.94"
"ISR","","TOTAL","ALL","","1981","907.66"
"ISR","","TOTAL","ALL","","1982","948.27"
"ISR","","TOTAL","ALL","","1983","889.59"
"ISR","","TOTAL","ALL","","1984","876.01"
"ISR","","TOTAL","ALL","","1985","863.73"
"ISR","","TOTAL","ALL","","1986","877.41"
"ISR","","TOTAL","ALL","","1987","854.18"
"ISR","","TOTAL","ALL","","1988","830.46"
"ISR","","TOTAL","ALL","","1989","792.42"
"ISR","","TOTAL","ALL","","1990","762.52"
"ISR","","TOTAL","ALL","","1991","768.6"
"ISR","","TOTAL","ALL","","1992","781.75"
"ISR","","TOTAL","ALL","","1993","743.59"
"ISR","","TOTAL","ALL","","1994","725.33"
"ISR","","TOTAL","ALL","","1995","734.04"
"ISR","","TOTAL","ALL","","1996","672.67"
"ISR","","TOTAL","ALL","","1997","677.17"
"ISR","","TOTAL","ALL","","1998","673.52"
"ISR","","TOTAL","ALL","","1999","657.81"
"ISR","","TOTAL","ALL","","2000","642.87"
"ISR","","TOTAL","ALL","","2001","616.05"
"ISR","","TOTAL","ALL","","2002","619.25"
"ISR","","TOTAL","ALL","","2003","606.47"
"ISR","","TOTAL","ALL","","2004","582.47"
"ISR","","TOTAL","ALL","","2005","583.01"
"ISR","","TOTAL","ALL","","2006","559.27"
"ISR","","TOTAL","ALL","","2007","560.57"
"ISR","","TOTAL","ALL","","2008","533.4"
"ISR","","TOTAL","ALL","","2009","496.58"
"ISR","","TOTAL","ALL","","2010","489.79"
"ISR","","TOTAL","ALL","","2011","486.6"
"ISR","","TOTAL","ALL","","2012","489.23"
"ISR","","TOTAL","ALL","","2013","472.9"
"ISR","","TOTAL","ALL","","2014","466.31"
"ISR","","TOTAL","ALL","","2015","475.97"
"ISR","","TOTAL","ALL","","2016","459.53"
"ISR","","TOTAL","ALL","","2017","452.36"
"ISR","","TOTAL","ALL","","2018","440.75"
"ISR","","TOTAL","ALL","","2019","442.53"
"ISR","","TOTAL","ALL","","2020","456.76"
"ISR","","TOTAL","ALL","","2021","488.22"
"ITA","","TOTAL","ALL","","1968","1119.65"
"ITA","","TOTAL","ALL","","1969","1112.43"
"ITA","","TOTAL","ALL","","1970","1045.08"
"ITA","","TOTAL","ALL","","1971","1033.6"
"ITA","","TOTAL","ALL","","1972","1025.69"
"ITA","","TOTAL","ALL","","1973","1064.24"
"ITA","","TOTAL","ALL","","1974","983"
"ITA","","TOTAL","ALL","","1975","1001.43"
"ITA","","TOTAL","ALL","","1976","975.73"
"ITA","","TOTAL","ALL","","1977","952.24"
"ITA","","TOTAL","ALL","","1978","922.95"
"ITA","","TOTAL","ALL","","1979","899.88"
"ITA","","TOTAL","ALL","","1980","905.32"
"ITA","","TOTAL","ALL","","1981","868.96"
"ITA","","TOTAL","ALL","","1982","877.3"
"ITA","","TOTAL","ALL","","1983","907.36"
"ITA","","TOTAL","ALL","","1984","842.37"
"ITA","","TOTAL","ALL","","1985","839.97"
"ITA","","TOTAL","ALL","","1986","815.05"
"ITA","","TOTAL","ALL","","1987","780.34"
"ITA","","TOTAL","ALL","","1988","770.74"
"ITA","","TOTAL","ALL","","1989","741.79"
"ITA","","TOTAL","ALL","","1990","736.73"
"ITA","","TOTAL","ALL","","1991","734.29"
"ITA","","TOTAL","ALL","","1992","718.26"
"ITA","","TOTAL","ALL","","1993","705.84"
"ITA","","TOTAL","ALL","","1994","695.47"
"ITA","","TOTAL","ALL","","1995","680.78"
"ITA","","TOTAL","ALL","","1996","658.53"
"ITA","","TOTAL","ALL","","1997","647.63"
"ITA","","TOTAL","ALL","","1998","645.77"
"ITA","","TOTAL","ALL","","1999","624.6"
"ITA","","TOTAL","ALL","","2000","603.61"
"ITA","","TOTAL","ALL","","2001","584.98"
"ITA","","TOTAL","ALL","","2002","571.48"
"ITA","","TOTAL","ALL","","2003","586.85"
"ITA","","TOTAL","ALL","","2004","544.56"
"ITA","","TOTAL","ALL","","2005","549.84"
"ITA","","TOTAL","ALL","","2006","516.73"
"ITA","","TOTAL","ALL","","2007","511.65"
"ITA","","TOTAL","ALL","","2008","502.9"
"ITA","","TOTAL","ALL","","2009","495.57"
"ITA","","TOTAL","ALL","","2010","478.11"
"ITA","","TOTAL","ALL","","2011","481.92"
"ITA","","TOTAL","ALL","","2012","483.17"
"ITA","","TOTAL","ALL","","2013","460.44"
"ITA","","TOTAL","ALL","","2014","446.69"
"ITA","","TOTAL","ALL","","2015","467.98"
"ITA","","TOTAL","ALL","","2016","441.6"
"ITA","","TOTAL","ALL","","2017","452.92"
"ITA","","TOTAL","ALL","","2018","439.48"
"ITA","","TOTAL","ALL","","2019","431.41"
"ITA","","TOTAL","ALL","","2020","495.9"
"KAZ","","TOTAL","ALL","","1981","1212.39"
"KAZ","","TOTAL","ALL","","1982","1188.8"
"KAZ","","TOTAL","ALL","","1985","1223.49"
"KAZ","","TOTAL","ALL","","1986","1139.2"
"KAZ","","TOTAL","ALL","","1987","1159.02"
"KAZ","","TOTAL","ALL","","1988","1188.41"
"KAZ","","TOTAL","ALL","","1989","1171.24"
"KAZ","","TOTAL","ALL","","1990","1165.61"
"KAZ","","TOTAL","ALL","","1991","1197.95"
"KAZ","","TOTAL","ALL","","1992","1214.77"
"KAZ","","TOTAL","ALL","","1993","1343.68"
"KAZ","","TOTAL","ALL","","1994","1445.65"
"KAZ","","TOTAL","ALL","","1995","1506.3"
"KAZ","","TOTAL","ALL","","1996","1537.64"
"KAZ","","TOTAL","ALL","","1997","1493.43"
"KAZ","","TOTAL","ALL","","1998","1495.79"
"KAZ","","TOTAL","ALL","","1999","1430.69"
"KAZ","","TOTAL","ALL","","2000","1444.39"
"KAZ","","TOTAL","ALL","","2001","1461.51"
"KAZ","","TOTAL","ALL","","2002","1462.58"
"KAZ","","TOTAL","ALL","","2003","1508.15"
"KAZ","","TOTAL","ALL","","2004","1450.06"
"KAZ","","TOTAL","ALL","","2005","1472.93"
"KAZ","","TOTAL","ALL","","2006","1436.22"
"KAZ","","TOTAL","ALL","","2007","1420.83"
"KAZ","","TOTAL","ALL","","2008","1344.29"
"KAZ","","TOTAL","ALL","","2009","1234.41"
"KAZ","","TOTAL","ALL","","2010","1264.57"
"KAZ","","TOTAL","ALL","","2011","1231.62"
"KAZ","","TOTAL","ALL","","2012","1197.28"
"KAZ","","TOTAL","ALL","","2013","1121.54"
"KAZ","","TOTAL","ALL","","2014","1071.31"
"KAZ","","TOTAL","ALL","","2015","1041.83"
"KAZ","","TOTAL","ALL","","2016","1022.28"
"KAZ","","TOTAL","ALL","","2017","982.76"
"KAZ","","TOTAL","ALL","","2018","969.69"
"KAZ","","TOTAL","ALL","","2019","966.25"
"KAZ","","TOTAL","ALL","","2020","1150.84"
"KAZ","","TOTAL","ALL","","2021","1274.67"
"KGZ","","TOTAL","ALL","","1981","1145.51"
"KGZ","","TOTAL","ALL","","1982","1129.16"
"KGZ","","TOTAL","ALL","","1985","1184.66"
"KGZ","","TOTAL","ALL","","1986","1047.98"
"KGZ","","TOTAL","ALL","","1987","1084.08"
"KGZ","","TOTAL","ALL","","1988","1135.74"
"KGZ","","TOTAL","ALL","","1989","1137.34"
"KGZ","","TOTAL","ALL","","1990","1131.5"
"KGZ","","TOTAL","ALL","","1991","1151.41"
"KGZ","","TOTAL","ALL","","1992","1195.87"
"KGZ","","TOTAL","ALL","","1993","1319.35"
"KGZ","","TOTAL","ALL","","1994","1483.44"
"KGZ","","TOTAL","ALL","","1995","1465.12"
"KGZ","","TOTAL","ALL","","1996","1372.87"
"KGZ","","TOTAL","ALL","","1997","1334.6"
"KGZ","","TOTAL","ALL","","1998","1298.15"
"KGZ","","TOTAL","ALL","","1999","1231.01"
"KGZ","","TOTAL","ALL","","2000","1282.81"
"KGZ","","TOTAL","ALL","","2001","1209.79"
"KGZ","","TOTAL","ALL","","2002","1307.36"
"KGZ","","TOTAL","ALL","","2003","1321.84"
"KGZ","","TOTAL","ALL","","2004","1247.01"
"KGZ","","TOTAL","ALL","","2005","1292.04"
"KGZ","","TOTAL","ALL","","2006","1311.07"
"KGZ","","TOTAL","ALL","","2007","1267"
"KGZ","","TOTAL","ALL","","2008","1232.9"
"KGZ","","TOTAL","ALL","","2009","1214.37"
"KGZ","","TOTAL","ALL","","2010","1195.34"
"KGZ","","TOTAL","ALL","","2011","1181.69"
"KGZ","","TOTAL","ALL","","2012","1162.65"
"KGZ","","TOTAL","ALL","","2013","1087.91"
"KGZ","","TOTAL","ALL","","2014","1089.77"
"KGZ","","TOTAL","ALL","","2015","1044.34"
"KGZ","","TOTAL","ALL","","2016","961.17"
"LTU","","TOTAL","ALL","","1981","1071.21"
"LTU","","TOTAL","ALL","","1982","1041.6"
"LTU","","TOTAL","ALL","","1985","1113.54"
"LTU","","TOTAL","ALL","","1986","1001.7"
"LTU","","TOTAL","ALL","","1987","1014.19"
"LTU","","TOTAL","ALL","","1988","1016.15"
"LTU","","TOTAL","ALL","","1989","1014.07"
"LTU","","TOTAL","ALL","","1990","1046.81"
"LTU","","TOTAL","ALL","","1991","1073.16"
"LTU","","TOTAL","ALL","","1992","1079.62"
"LTU","","TOTAL","ALL","","1993","1197.08"
"LTU","","TOTAL","ALL","","1994","1216.76"
"LTU","","TOTAL","ALL","","1995","1188.36"
"LTU","","TOTAL","ALL","","1996","1118.93"
"LTU","","TOTAL","ALL","","1997","1066.6"
"LTU","","TOTAL","ALL","","1998","1051.73"
"LTU","","TOTAL","ALL","","1999","1025.25"
"LTU","","TOTAL","ALL","","2000","999.79"
"LTU","","TOTAL","ALL","","2001","1035.26"
"LTU","","TOTAL","ALL","","2002","1034.2"
"LTU","","TOTAL","ALL","","2003","1017.74"
"LTU","","TOTAL","ALL","","2004","1015.24"
"LTU","","TOTAL","ALL","","2005","1067.92"
"LTU","","TOTAL","ALL","","2006","1081.18"
"LTU","","TOTAL","ALL","","2007","1089.41"
"LTU","","TOTAL","ALL","","2008","1027.8"
"LTU","","TOTAL","ALL","","2009","957.86"
"LTU","","TOTAL","ALL","","2010","945.79"
"LTU","","TOTAL","ALL","","2011","911.04"
"LTU","","TOTAL","ALL","","2012","893.1"
"LTU","","TOTAL","ALL","","2013","890.77"
"LTU","","TOTAL","ALL","","2014","852.25"
"LTU","","TOTAL","ALL","","2015","871.26"
"LTU","","TOTAL","ALL","","2016","851.89"
"LTU","","TOTAL","ALL","","2017","808.75"
"LTU","","TOTAL","ALL","","2018","792.82"
"LTU","","TOTAL","ALL","","2019","762.29"
"LTU","","TOTAL","ALL","","2020","861.46"
"LTU","","TOTAL","ALL","","2021","932.91"
"LTU","","TOTAL","ALL","","2022","826.7"
"LUX","","TOTAL","ALL","","1971","1265.49"
"LUX","","TOTAL","ALL","","1972","1158.56"
"LUX","","TOTAL","ALL","","1973","1169.56"
"LUX","","TOTAL","ALL","","1974","1169.21"
"LUX","","TOTAL","ALL","","1975","1163.41"
"LUX","","TOTAL","ALL","","1976","1188.25"
"LUX","","TOTAL","ALL","","1977","1040.31"
"LUX","","TOTAL","ALL","","1978","1116.34"
"LUX","","TOTAL","ALL","","1979","1050.69"
"LUX","","TOTAL","ALL","","1980","1064.44"
"LUX","","TOTAL","ALL","","1981","1052.83"
"LUX","","TOTAL","ALL","","1982","1028.43"
"LUX","","TOTAL","ALL","","1983","1020.65"
"LUX","","TOTAL","ALL","","1984","992.8"
"LUX","","TOTAL","ALL","","1985","976.7"
"LUX","","TOTAL","ALL","","1986","945.28"
"LUX","","TOTAL","ALL","","1987","949.18"
"LUX","","TOTAL","ALL","","1988","886.86"
"LUX","","TOTAL","ALL","","1989","893.25"
"LUX","","TOTAL","ALL","","1990","836.34"
"LUX","","TOTAL","ALL","","1991","816.56"
"LUX","","TOTAL","ALL","","1992","805.35"
"LUX","","TOTAL","ALL","","1993","799.42"
"LUX","","TOTAL","ALL","","1994","741.47"
"LUX","","TOTAL","ALL","","1995","724.43"
"LUX","","TOTAL","ALL","","1996","735.61"
"LUX","","TOTAL","ALL","","1997","707.44"
"LUX","","TOTAL","ALL","","1998","690.23"
"LUX","","TOTAL","ALL","","1999","650.28"
"LUX","","TOTAL","ALL","","2000","637.81"
"LUX","","TOTAL","ALL","","2001","648.79"
"LUX","","TOTAL","ALL","","2002","646"
"LUX","","TOTAL","ALL","","2003","689.13"
"LUX","","TOTAL","ALL","","2004","593.07"
"LUX","","TOTAL","ALL","","2005","587.47"
"LUX","","TOTAL","ALL","","2006","597.26"
"LUX","","TOTAL","ALL","","2007","587.66"
"LUX","","TOTAL","ALL","","2008","528.77"
"LUX","","TOTAL","ALL","","2009","527.77"
"LUX","","TOTAL","ALL","","2010","524.44"
"LUX","","TOTAL","ALL","","2011","519.96"
"LUX","","TOTAL","ALL","","2012","495.92"
"LUX","","TOTAL","ALL","","2013","476.6"
"LUX","","TOTAL","ALL","","2014","463.64"
"LUX","","TOTAL","ALL","","2015","459.98"
"LUX","","TOTAL","ALL","","2016","450.24"
"LUX","","TOTAL","ALL","","2017","460.7"
"LUX","","TOTAL","ALL","","2018","439.73"
"LUX","","TOTAL","ALL","","2019","430.74"
"LUX","","TOTAL","ALL","","2020","455.17"
"LUX","","TOTAL","ALL","","2021","435.7"
"LUX","","TOTAL","ALL","","2022","415.99"
"LVA","","TOTAL","ALL","","1980","1205.7"
"LVA","","TOTAL","ALL","","1981","1202.62"
"LVA","","TOTAL","ALL","","1982","1161.47"
"LVA","","TOTAL","ALL","","1983","1187.81"
"LVA","","TOTAL","ALL","","1984","1211.48"
"LVA","","TOTAL","ALL","","1985","1231.39"
"LVA","","TOTAL","ALL","","1986","1113.21"
"LVA","","TOTAL","ALL","","1987","1126.49"
"LVA","","TOTAL","ALL","","1988","1117.39"
"LVA","","TOTAL","ALL","","1989","1119.26"
"LVA","","TOTAL","ALL","","1990","1191.78"
"LVA","","TOTAL","ALL","","1991","1197.72"
"LVA","","TOTAL","ALL","","1992","1229.51"
"LVA","","TOTAL","ALL","","1993","1375.03"
"LVA","","TOTAL","ALL","","1994","1481.81"
"LVA","","TOTAL","ALL","","1995","1398.34"
"LVA","","TOTAL","ALL","","1996","1224.25"
"LVA","","TOTAL","ALL","","1997","1187.29"
"LVA","","TOTAL","ALL","","1998","1210.11"
"LVA","","TOTAL","ALL","","1999","1151"
"LVA","","TOTAL","ALL","","2000","1134.72"
"LVA","","TOTAL","ALL","","2001","1169.09"
"LVA","","TOTAL","ALL","","2002","1149.81"
"LVA","","TOTAL","ALL","","2003","1137.45"
"LVA","","TOTAL","ALL","","2004","1117.99"
"LVA","","TOTAL","ALL","","2005","1138.61"
"LVA","","TOTAL","ALL","","2006","1143.03"
"LVA","","TOTAL","ALL","","2007","1122.81"
"LVA","","TOTAL","ALL","","2008","1033.65"
"LVA","","TOTAL","ALL","","2009","982.4"
"LVA","","TOTAL","ALL","","2010","973.58"
"LVA","","TOTAL","ALL","","2011","915.05"
"LVA","","TOTAL","ALL","","2012","910.85"
"LVA","","TOTAL","ALL","","2013","891.52"
"LVA","","TOTAL","ALL","","2014","865.92"
"LVA","","TOTAL","ALL","","2015","850.46"
"LVA","","TOTAL","ALL","","2016","843.69"
"LVA","","TOTAL","ALL","","2017","844.8"
"LVA","","TOTAL","ALL","","2018","841.18"
"LVA","","TOTAL","ALL","","2019","802.14"
"LVA","","TOTAL","ALL","","2020","825.79"
"LVA","","TOTAL","ALL","","2021","995.8"
"MDA","","TOTAL","ALL","","1981","1419.33"
"MDA","","TOTAL","ALL","","1982","1361.11"
"MDA","","TOTAL","ALL","","1985","1486.25"
"MDA","","TOTAL","ALL","","1986","1282.91"
"MDA","","TOTAL","ALL","","1987","1255.96"
"MDA","","TOTAL","ALL","","1988","1258.28"
"MDA","","TOTAL","ALL","","1989","1207.75"
"MDA","","TOTAL","ALL","","1990","1287.7"
"MDA","","TOTAL","ALL","","1991","1406.13"
"MDA","","TOTAL","ALL","","1992","1362.84"
"MDA","","TOTAL","ALL","","1993","1429.85"
"MDA","","TOTAL","ALL","","1994","1580.03"
"MDA","","TOTAL","ALL","","1995","1613.14"
"MDA","","TOTAL","ALL","","1996","1541.9"
"MDA","","TOTAL","ALL","","1997","1512.03"
"MDA","","TOTAL","ALL","","1998","1427.21"
"MDA","","TOTAL","ALL","","1999","1456.16"
"MDA","","TOTAL","ALL","","2000","1440.89"
"MDA","","TOTAL","ALL","","2001","1390.17"
"MDA","","TOTAL","ALL","","2002","1431.15"
"MDA","","TOTAL","ALL","","2003","1446.73"
"MDA","","TOTAL","ALL","","2004","1372.5"
"MDA","","TOTAL","ALL","","2005","1463.56"
"MDA","","TOTAL","ALL","","2006","1368.87"
"MDA","","TOTAL","ALL","","2007","1312.65"
"MDA","","TOTAL","ALL","","2008","1264.24"
"MDA","","TOTAL","ALL","","2009","1260.95"
"MDA","","TOTAL","ALL","","2010","1288.07"
"MDA","","TOTAL","ALL","","2011","1147.46"
"MDA","","TOTAL","ALL","","2012","1134.95"
"MDA","","TOTAL","ALL","","2013","1072.44"
"MDA","","TOTAL","ALL","","2014","1099.98"
"MDA","","TOTAL","ALL","","2015","1095.24"
"MDA","","TOTAL","ALL","","2016","1037.75"
"MDA","","TOTAL","ALL","","2017","969.98"
"MDA","","TOTAL","ALL","","2018","963.45"
"MKD","","TOTAL","ALL","","1991","1011.86"
"MKD","","TOTAL","ALL","","1992","1092.11"
"MKD","","TOTAL","ALL","","1993","1046.88"
"MKD","","TOTAL","ALL","","1994","1038.74"
"MKD","","TOTAL","ALL","","1995","1054.84"
"MKD","","TOTAL","ALL","","1996","1018.63"
"MKD","","TOTAL","ALL","","1997","1039.31"
"MKD","","TOTAL","ALL","","1998","1090.71"
"MKD","","TOTAL","ALL","","1999","1058.08"
"MKD","","TOTAL","ALL","","2000","1060"
"MKD","","TOTAL","ALL","","2001","1008.17"
"MKD","","TOTAL","ALL","","2002","1079.11"
"MKD","","TOTAL","ALL","","2003","1066.56"
"MKD","","TOTAL","ALL","","2004","1035.6"
"MKD","","TOTAL","ALL","","2005","1032.72"
"MKD","","TOTAL","ALL","","2006","1007.67"
"MKD","","TOTAL","ALL","","2007","1039.11"
"MKD","","TOTAL","ALL","","2008","981.7"
"MKD","","TOTAL","ALL","","2009","964.77"
"MKD","","TOTAL","ALL","","2010","939.42"
"MKD","","TOTAL","ALL","","2011","936.5"
"MKD","","TOTAL","ALL","","2012","956.8"
"MKD","","TOTAL","ALL","","2013","894.44"
"MKD","","TOTAL","ALL","","2015","912.07"
"MKD","","TOTAL","ALL","","2016","889.08"
"MKD","","TOTAL","ALL","","2017","863.87"
"MKD","","TOTAL","ALL","","2018","821.01"
"MKD","","TOTAL","ALL","","2019","830.51"
"MKD","","TOTAL","ALL","","2020","1021.52"
"MKD","","TOTAL","ALL","","2021","1115.8"
"MLT","","TOTAL","ALL","","1968","1233.91"
"MLT","","TOTAL","ALL","","1969","1239.42"
"MLT","","TOTAL","ALL","","1970","1228.71"
"MLT","","TOTAL","ALL","","1971","1242.22"
"MLT","","TOTAL","ALL","","1972","1148.9"
"MLT","","TOTAL","ALL","","1973","1558.77"
"MLT","","TOTAL","ALL","","1974","1432.58"
"MLT","","TOTAL","ALL","","1975","1536.01"
"MLT","","TOTAL","ALL","","1976","1620.96"
"MLT","","TOTAL","ALL","","1977","1500.83"
"MLT","","TOTAL","ALL","","1978","1773.47"
"MLT","","TOTAL","ALL","","1979","1615.79"
"MLT","","TOTAL","ALL","","1980","1692.53"
"MLT","","TOTAL","ALL","","1981","1925.82"
"MLT","","TOTAL","ALL","","1982","1110.37"
"MLT","","TOTAL","ALL","","1983","1148.41"
"MLT","","TOTAL","ALL","","1984","1032.97"
"MLT","","TOTAL","ALL","","1985","1029.23"
"MLT","","TOTAL","ALL","","1986","963.65"
"MLT","","TOTAL","ALL","","1987","980.57"
"MLT","","TOTAL","ALL","","1988","898.33"
"MLT","","TOTAL","ALL","","1989","843.51"
"MLT","","TOTAL","ALL","","1990","842.68"
"MLT","","TOTAL","ALL","","1991","865.22"
"MLT","","TOTAL","ALL","","1992","866.95"
"MLT","","TOTAL","ALL","","1993","783.55"
"MLT","","TOTAL","ALL","","1994","780.6"
"MLT","","TOTAL","ALL","","1995","748.6"
"MLT","","TOTAL","ALL","","1996","734.1"
"MLT","","TOTAL","ALL","","1997","740.04"
"MLT","","TOTAL","ALL","","1998","764.63"
"MLT","","TOTAL","ALL","","1999","767.65"
"MLT","","TOTAL","ALL","","2000","707.56"
"MLT","","TOTAL","ALL","","2001","669.19"
"MLT","","TOTAL","ALL","","2002","672.28"
"MLT","","TOTAL","ALL","","2003","683.01"
"MLT","","TOTAL","ALL","","2004","628.2"
"MLT","","TOTAL","ALL","","2005","627.88"
"MLT","","TOTAL","ALL","","2006","624.83"
"MLT","","TOTAL","ALL","","2007","588.05"
"MLT","","TOTAL","ALL","","2008","595.39"
"MLT","","TOTAL","ALL","","2009","567.86"
"MLT","","TOTAL","ALL","","2010","514.14"
"MLT","","TOTAL","ALL","","2011","536.9"
"MLT","","TOTAL","ALL","","2012","544.53"
"MLT","","TOTAL","ALL","","2013","496.35"
"MLT","","TOTAL","ALL","","2014","487.16"
"MLT","","TOTAL","ALL","","2015","494.4"
"MLT","","TOTAL","ALL","","2016","462.44"
"MLT","","TOTAL","ALL","","2017","471.6"
"MNE","","TOTAL","ALL","","1985","793.09"
"MNE","","TOTAL","ALL","","1986","763.79"
"MNE","","TOTAL","ALL","","1987","756.39"
"MNE","","TOTAL","ALL","","1988","679.5"
"MNE","","TOTAL","ALL","","1989","697.48"
"MNE","","TOTAL","ALL","","1990","686.21"
"MNE","","TOTAL","ALL","","1991","786.78"
"MNE","","TOTAL","ALL","","1992","817.01"
"MNE","","TOTAL","ALL","","1993","818.65"
"MNE","","TOTAL","ALL","","1994","831.09"
"MNE","","TOTAL","ALL","","1995","855.23"
"MNE","","TOTAL","ALL","","1996","806.97"
"MNE","","TOTAL","ALL","","1997","858.34"
"MNE","","TOTAL","ALL","","2000","950.65"
"MNE","","TOTAL","ALL","","2001","948.01"
"MNE","","TOTAL","ALL","","2002","955.07"
"MNE","","TOTAL","ALL","","2003","974.63"
"MNE","","TOTAL","ALL","","2004","959.12"
"MNE","","TOTAL","ALL","","2005","955.75"
"MNE","","TOTAL","ALL","","2006","950.07"
"MNE","","TOTAL","ALL","","2007","929.03"
"MNE","","TOTAL","ALL","","2008","859.72"
"MNE","","TOTAL","ALL","","2009","846.14"
"MNE","","TOTAL","ALL","","2017","674.29"
"MNE","","TOTAL","ALL","","2019","616.88"
"NLD","","TOTAL","ALL","","1969","963.78"
"NLD","","TOTAL","ALL","","1970","962.39"
"NLD","","TOTAL","ALL","","1971","949.98"
"NLD","","TOTAL","ALL","","1972","961.17"
"NLD","","TOTAL","ALL","","1973","920.73"
"NLD","","TOTAL","ALL","","1974","891.08"
"NLD","","TOTAL","ALL","","1975","907.81"
"NLD","","TOTAL","ALL","","1976","893.08"
"NLD","","TOTAL","ALL","","1977","840.02"
"NLD","","TOTAL","ALL","","1978","852.87"
"NLD","","TOTAL","ALL","","1979","819.39"
"NLD","","TOTAL","ALL","","1980","811.68"
"NLD","","TOTAL","ALL","","1981","801.78"
"NLD","","TOTAL","ALL","","1982","797.27"
"NLD","","TOTAL","ALL","","1983","788.16"
"NLD","","TOTAL","ALL","","1984","784.68"
"NLD","","TOTAL","ALL","","1985","786.64"
"NLD","","TOTAL","ALL","","1986","788.54"
"NLD","","TOTAL","ALL","","1987","754.48"
"NLD","","TOTAL","ALL","","1988","747.97"
"NLD","","TOTAL","ALL","","1989","762.53"
"NLD","","TOTAL","ALL","","1990","748.96"
"NLD","","TOTAL","ALL","","1991","741.71"
"NLD","","TOTAL","ALL","","1992","728.85"
"NLD","","TOTAL","ALL","","1993","758.88"
"NLD","","TOTAL","ALL","","1994","725.33"
"NLD","","TOTAL","ALL","","1995","724.45"
"NLD","","TOTAL","ALL","","1996","723.39"
"NLD","","TOTAL","ALL","","1997","702.41"
"NLD","","TOTAL","ALL","","1998","699.99"
"NLD","","TOTAL","ALL","","1999","703.78"
"NLD","","TOTAL","ALL","","2000","692.49"
"NLD","","TOTAL","ALL","","2001","680.36"
"NLD","","TOTAL","ALL","","2002","678.35"
"NLD","","TOTAL","ALL","","2003","666.17"
"NLD","","TOTAL","ALL","","2004","630.58"
"NLD","","TOTAL","ALL","","2005","615.81"
"NLD","","TOTAL","ALL","","2006","596.19"
"NLD","","TOTAL","ALL","","2007","572.13"
"NLD","","TOTAL","ALL","","2008","566.19"
"NLD","","TOTAL","ALL","","2009","549.18"
"NLD","","TOTAL","ALL","","2010","543.16"
"NLD","","TOTAL","ALL","","2011","528.18"
"NLD","","TOTAL","ALL","","2012","533.51"
"NLD","","TOTAL","ALL","","2013","522.53"
"NLD","","TOTAL","ALL","","2014","503.5"
"NLD","","TOTAL","ALL","","2015","517.08"
"NLD","","TOTAL","ALL","","2016","512.8"
"NLD","","TOTAL","ALL","","2017","502.85"
"NLD","","TOTAL","ALL","","2018","482.77"
"NLD","","TOTAL","ALL","","2019","457.61"
"NLD","","TOTAL","ALL","","2020","510.69"
"NLD","","TOTAL","ALL","","2021","526.76"
"NLD","","TOTAL","ALL","","2022","512.83"
"NOR","","TOTAL","ALL","","1969","945.42"
"NOR","","TOTAL","ALL","","1970","925.56"
"NOR","","TOTAL","ALL","","1971","919.09"
"NOR","","TOTAL","ALL","","1972","911.38"
"NOR","","TOTAL","ALL","","1973","901.76"
"NOR","","TOTAL","ALL","","1974","882.94"
"NOR","","TOTAL","ALL","","1975","878.19"
"NOR","","TOTAL","ALL","","1976","867.12"
"NOR","","TOTAL","ALL","","1977","841.58"
"NOR","","TOTAL","ALL","","1978","840.47"
"NOR","","TOTAL","ALL","","1979","842.69"
"NOR","","TOTAL","ALL","","1980","820.9"
"NOR","","TOTAL","ALL","","1981","816.68"
"NOR","","TOTAL","ALL","","1982","794.68"
"NOR","","TOTAL","ALL","","1983","794.58"
"NOR","","TOTAL","ALL","","1984","785.46"
"NOR","","TOTAL","ALL","","1985","805.3"
"NOR","","TOTAL","ALL","","1986","784.54"
"NOR","","TOTAL","ALL","","1987","792.67"
"NOR","","TOTAL","ALL","","1988","788.74"
"NOR","","TOTAL","ALL","","1989","774.25"
"NOR","","TOTAL","ALL","","1990","774.12"
"NOR","","TOTAL","ALL","","1991","744.69"
"NOR","","TOTAL","ALL","","1992","734.32"
"NOR","","TOTAL","ALL","","1993","751.24"
"NOR","","TOTAL","ALL","","1994","707.02"
"NOR","","TOTAL","ALL","","1995","712.76"
"NOR","","TOTAL","ALL","","1996","683.34"
"NOR","","TOTAL","ALL","","1997","684.47"
"NOR","","TOTAL","ALL","","1998","671.37"
"NOR","","TOTAL","ALL","","1999","674.79"
"NOR","","TOTAL","ALL","","2000","652.18"
"NOR","","TOTAL","ALL","","2001","642.19"
"NOR","","TOTAL","ALL","","2002","641.17"
"NOR","","TOTAL","ALL","","2003","608.21"
"NOR","","TOTAL","ALL","","2004","582.34"
"NOR","","TOTAL","ALL","","2005","570.35"
"NOR","","TOTAL","ALL","","2006","559.3"
"NOR","","TOTAL","ALL","","2007","559.04"
"NOR","","TOTAL","ALL","","2008","549.2"
"NOR","","TOTAL","ALL","","2009","536.95"
"NOR","","TOTAL","ALL","","2010","531.18"
"NOR","","TOTAL","ALL","","2011","521.19"
"NOR","","TOTAL","ALL","","2012","518.59"
"NOR","","TOTAL","ALL","","2013","505.91"
"NOR","","TOTAL","ALL","","2014","487.27"
"NOR","","TOTAL","ALL","","2015","480.93"
"NOR","","TOTAL","ALL","","2016","474.08"
"","NORDIC","TOTAL","ALL","","1969","1032.03"
"","NORDIC","TOTAL","ALL","","1970","985.69"
"","NORDIC","TOTAL","ALL","","1971","992.09"
"","NORDIC","TOTAL","ALL","","1972","973.18"
"","NORDIC","TOTAL","ALL","","1973","955.51"
"","NORDIC","TOTAL","ALL","","1974","948.39"
"","NORDIC","TOTAL","ALL","","1975","931.35"
"","NORDIC","TOTAL","ALL","","1976","937.84"
"","NORDIC","TOTAL","ALL","","1977","892.16"
"","NORDIC","TOTAL","ALL","","1978","887.29"
"","NORDIC","TOTAL","ALL","","1979","884.6"
"","NORDIC","TOTAL","ALL","","1980","879.02"
"","NORDIC","TOTAL","ALL","","1981","864.83"
"","NORDIC","TOTAL","ALL","","1982","834.08"
"","NORDIC","TOTAL","ALL","","1983","835.57"
"","NORDIC","TOTAL","ALL","","1984","817.73"
"","NORDIC","TOTAL","ALL","","1985","838.03"
"","NORDIC","TOTAL","ALL","","1986","814.92"
"","NORDIC","TOTAL","ALL","","1987","808.65"
"","NORDIC","TOTAL","ALL","","1988","812.74"
"","NORDIC","TOTAL","ALL","","1989","788.52"
"","NORDIC","TOTAL","ALL","","1990","792.91"
"","NORDIC","TOTAL","ALL","","1991","770.61"
"","NORDIC","TOTAL","ALL","","1992","761.17"
"","NORDIC","TOTAL","ALL","","1993","769.69"
"","NORDIC","TOTAL","ALL","","1994","727.48"
"","NORDIC","TOTAL","ALL","","1995","734.2"
"","NORDIC","TOTAL","ALL","","1996","714.06"
"","NORDIC","TOTAL","ALL","","1997","702.08"
"","NORDIC","TOTAL","ALL","","1998","688.48"
"","NORDIC","TOTAL","ALL","","1999","688.66"
"","NORDIC","TOTAL","ALL","","2000","667.15"
"","NORDIC","TOTAL","ALL","","2001","656.66"
"","NORDIC","TOTAL","ALL","","2002","656.6"
"","NORDIC","TOTAL","ALL","","2003","636.84"
"","NORDIC","TOTAL","ALL","","2004","615.76"
"","NORDIC","TOTAL","ALL","","2005","601.71"
"","NORDIC","TOTAL","ALL","","2006","591.23"
"","NORDIC","TOTAL","ALL","","2007","586.29"
"","NORDIC","TOTAL","ALL","","2008","573.35"
"","NORDIC","TOTAL","ALL","","2009","562.95"
"","NORDIC","TOTAL","ALL","","2010","554.58"
"","NORDIC","TOTAL","ALL","","2011","537.71"
"","NORDIC","TOTAL","ALL","","2012","534.54"
"","NORDIC","TOTAL","ALL","","2013","523.08"
"","NORDIC","TOTAL","ALL","","2014","507.67"
"","NORDIC","TOTAL","ALL","","2015","508.84"
"","NORDIC","TOTAL","ALL","","2016","500.04"
"","NORDIC","TOTAL","ALL","","2017","493.67"
"","NORDIC","TOTAL","ALL","","2018","492.71"
"","NORDIC","TOTAL","ALL","","2019","476.38"
"","NORDIC","TOTAL","ALL","","2020","488.76"
"","NORDIC","TOTAL","ALL","","2021","470.55"
"POL","","TOTAL","ALL","","1969","1122.15"
"POL","","TOTAL","ALL","","1970","1185.43"
"POL","","TOTAL","ALL","","1971","1182.41"
"POL","","TOTAL","ALL","","1972","1082.41"
"POL","","TOTAL","ALL","","1973","1100.72"
"POL","","TOTAL","ALL","","1974","1043.76"
"POL","","TOTAL","ALL","","1975","1078.64"
"POL","","TOTAL","ALL","","1976","1092.65"
"POL","","TOTAL","ALL","","1977","1092.52"
"POL","","TOTAL","ALL","","1978","1109.82"
"POL","","TOTAL","ALL","","1979","1083.48"
"POL","","TOTAL","ALL","","1980","1163.71"
"POL","","TOTAL","ALL","","1981","1078.43"
"POL","","TOTAL","ALL","","1982","1077.58"
"POL","","TOTAL","ALL","","1983","1103.81"
"POL","","TOTAL","ALL","","1984","1137.53"
"POL","","TOTAL","ALL","","1985","1180.24"
"POL","","TOTAL","ALL","","1986","1150.8"
"POL","","TOTAL","ALL","","1987","1145.29"
"POL","","TOTAL","ALL","","1988","1105.12"
"POL","","TOTAL","ALL","","1989","1118.2"
"POL","","TOTAL","ALL","","1990","1123.41"
"POL","","TOTAL","ALL","","1991","1157.28"
"POL","","TOTAL","ALL","","1992","1116.29"
"POL","","TOTAL","ALL","","1993","1100.57"
"POL","","TOTAL","ALL","","1994","1076.55"
"POL","","TOTAL","ALL","","1995","1061.86"
"POL","","TOTAL","ALL","","1996","1048.27"
"POL","","TOTAL","ALL","","1999","993.38"
"POL","","TOTAL","ALL","","2000","946.23"
"POL","","TOTAL","ALL","","2001","918"
"POL","","TOTAL","ALL","","2002","891.38"
"POL","","TOTAL","ALL","","2003","895.5"
"POL","","TOTAL","ALL","","2004","872.01"
"POL","","TOTAL","ALL","","2005","862.44"
"POL","","TOTAL","ALL","","2006","842.17"
"POL","","TOTAL","ALL","","2007","836.29"
"POL","","TOTAL","ALL","","2008","819.26"
"POL","","TOTAL","ALL","","2009","809.66"
"POL","","TOTAL","ALL","","2010","772.76"
"POL","","TOTAL","ALL","","2011","749.36"
"POL","","TOTAL","ALL","","2012","748.45"
"POL","","TOTAL","ALL","","2013","736.49"
"POL","","TOTAL","ALL","","2014","698.58"
"POL","","TOTAL","ALL","","2015","715.06"
"POL","","TOTAL","ALL","","2016","688.94"
"POL","","TOTAL","ALL","","2017","698.23"
"POL","","TOTAL","ALL","","2018","696.01"
"POL","","TOTAL","ALL","","2019","687.39"
"POL","","TOTAL","ALL","","2020","781.71"
"POL","","TOTAL","ALL","","2021","851.96"
"PRT","","TOTAL","ALL","","1971","1349.69"
"PRT","","TOTAL","ALL","","1972","1246.82"
"PRT","","TOTAL","ALL","","1973","1309.69"
"PRT","","TOTAL","ALL","","1974","1322.38"
"PRT","","TOTAL","ALL","","1975","1240.37"
"PRT","","TOTAL","ALL","","1976","1306.9"
"PRT","","TOTAL","ALL","","1977","1224.83"
"PRT","","TOTAL","ALL","","1978","1232.19"
"PRT","","TOTAL","ALL","","1979","1184.49"
"PRT","","TOTAL","ALL","","1980","1123.82"
"PRT","","TOTAL","ALL","","1981","1046.03"
"PRT","","TOTAL","ALL","","1982","991.26"
"PRT","","TOTAL","ALL","","1983","1020.72"
"PRT","","TOTAL","ALL","","1984","1015.82"
"PRT","","TOTAL","ALL","","1985","998.59"
"PRT","","TOTAL","ALL","","1986","958.95"
"PRT","","TOTAL","ALL","","1987","929.57"
"PRT","","TOTAL","ALL","","1988","933.93"
"PRT","","TOTAL","ALL","","1989","888.83"
"PRT","","TOTAL","ALL","","1990","924.61"
"PRT","","TOTAL","ALL","","1991","916.3"
"PRT","","TOTAL","ALL","","1992","872.16"
"PRT","","TOTAL","ALL","","1993","899.44"
"PRT","","TOTAL","ALL","","1994","824.91"
"PRT","","TOTAL","ALL","","1995","836.99"
"PRT","","TOTAL","ALL","","1996","841.17"
"PRT","","TOTAL","ALL","","1997","805.02"
"PRT","","TOTAL","ALL","","1998","794.6"
"PRT","","TOTAL","ALL","","1999","786.38"
"PRT","","TOTAL","ALL","","2000","746.02"
"PRT","","TOTAL","ALL","","2001","723.61"
"PRT","","TOTAL","ALL","","2002","716.19"
"PRT","","TOTAL","ALL","","2003","717.62"
"PRT","","TOTAL","ALL","","2004","663.71"
"PRT","","TOTAL","ALL","","2007","623.89"
"PRT","","TOTAL","ALL","","2008","613.06"
"PRT","","TOTAL","ALL","","2009","600.28"
"PRT","","TOTAL","ALL","","2010","590.52"
"PRT","","TOTAL","ALL","","2011","555.64"
"PRT","","TOTAL","ALL","","2012","562.31"
"PRT","","TOTAL","ALL","","2013","546.91"
"PRT","","TOTAL","ALL","","2014","527.55"
"PRT","","TOTAL","ALL","","2015","530.62"
"PRT","","TOTAL","ALL","","2016","530.39"
"PRT","","TOTAL","ALL","","2017","516.96"
"PRT","","TOTAL","ALL","","2018","520.61"
"ROU","","TOTAL","ALL","","1969","1303.55"
"ROU","","TOTAL","ALL","","1970","1236.28"
"ROU","","TOTAL","ALL","","1971","1228.4"
"ROU","","TOTAL","ALL","","1972","1186.72"
"ROU","","TOTAL","ALL","","1973","1271.67"
"ROU","","TOTAL","ALL","","1974","1146.42"
"ROU","","TOTAL","ALL","","1975","1157.61"
"ROU","","TOTAL","ALL","","1976","1189.8"
"ROU","","TOTAL","ALL","","1977","1261.14"
"ROU","","TOTAL","ALL","","1978","1167.21"
"ROU","","TOTAL","ALL","","1980","1284.1"
"ROU","","TOTAL","ALL","","1981","1219.44"
"ROU","","TOTAL","ALL","","1982","1209.37"
"ROU","","TOTAL","ALL","","1983","1262.37"
"ROU","","TOTAL","ALL","","1984","1245"
"ROU","","TOTAL","ALL","","1985","1275.54"
"ROU","","TOTAL","ALL","","1986","1220.9"
"ROU","","TOTAL","ALL","","1987","1262.19"
"ROU","","TOTAL","ALL","","1988","1241.09"
"ROU","","TOTAL","ALL","","1989","1192.47"
"ROU","","TOTAL","ALL","","1990","1168.59"
"ROU","","TOTAL","ALL","","1991","1187.91"
"ROU","","TOTAL","ALL","","1992","1223.71"
"ROU","","TOTAL","ALL","","1993","1220.41"
"ROU","","TOTAL","ALL","","1994","1218.64"
"ROU","","TOTAL","ALL","","1995","1224.43"
"ROU","","TOTAL","ALL","","1996","1285.88"
"ROU","","TOTAL","ALL","","1997","1242.44"
"ROU","","TOTAL","ALL","","1998","1190.28"
"ROU","","TOTAL","ALL","","1999","1160.87"
"ROU","","TOTAL","ALL","","2000","1098"
"ROU","","TOTAL","ALL","","2001","1097.14"
"ROU","","TOTAL","ALL","","2002","1145.82"
"ROU","","TOTAL","ALL","","2003","1126"
"ROU","","TOTAL","ALL","","2004","1076.36"
"ROU","","TOTAL","ALL","","2005","1063.55"
"ROU","","TOTAL","ALL","","2006","1026.03"
"ROU","","TOTAL","ALL","","2007","979.56"
"ROU","","TOTAL","ALL","","2008","964.34"
"ROU","","TOTAL","ALL","","2009","959.48"
"ROU","","TOTAL","ALL","","2010","948.01"
"ROU","","TOTAL","ALL","","2011","901.32"
"ROU","","TOTAL","ALL","","2012","899.44"
"ROU","","TOTAL","ALL","","2013","864.88"
"ROU","","TOTAL","ALL","","2014","864.48"
"ROU","","TOTAL","ALL","","2015","867.83"
"ROU","","TOTAL","ALL","","2016","850.68"
"ROU","","TOTAL","ALL","","2017","850.81"
"ROU","","TOTAL","ALL","","2018","851.35"
"ROU","","TOTAL","ALL","","2019","830.61"
"RUS","","TOTAL","ALL","","1980","1283.13"
"RUS","","TOTAL","ALL","","1981","1258.82"
"RUS","","TOTAL","ALL","","1982","1218.85"
"RUS","","TOTAL","ALL","","1983","1247.1"
"RUS","","TOTAL","ALL","","1984","1300.96"
"RUS","","TOTAL","ALL","","1985","1268.78"
"RUS","","TOTAL","ALL","","1986","1153.35"
"RUS","","TOTAL","ALL","","1987","1158.82"
"RUS","","TOTAL","ALL","","1988","1169.43"
"RUS","","TOTAL","ALL","","1989","1160.34"
"RUS","","TOTAL","ALL","","1990","1192.64"
"RUS","","TOTAL","ALL","","1991","1198.13"
"RUS","","TOTAL","ALL","","1992","1264.69"
"RUS","","TOTAL","ALL","","1993","1485.04"
"RUS","","TOTAL","ALL","","1994","1591.07"
"RUS","","TOTAL","ALL","","1995","1513.37"
"RUS","","TOTAL","ALL","","1996","1419.75"
"RUS","","TOTAL","ALL","","1997","1361.01"
"RUS","","TOTAL","ALL","","1998","1328.9"
"RUS","","TOTAL","ALL","","1999","1421.92"
"RUS","","TOTAL","ALL","","2000","1465.92"
"RUS","","TOTAL","ALL","","2001","1475.28"
"RUS","","TOTAL","ALL","","2002","1512.17"
"RUS","","TOTAL","ALL","","2003","1551.61"
"RUS","","TOTAL","ALL","","2004","1496.61"
"RUS","","TOTAL","ALL","","2005","1492.77"
"RUS","","TOTAL","ALL","","2006","1389"
"RUS","","TOTAL","ALL","","2007","1313.88"
"RUS","","TOTAL","ALL","","2008","1291.82"
"RUS","","TOTAL","ALL","","2009","1235.28"
"RUS","","TOTAL","ALL","","2010","1217.16"
"RUS","","TOTAL","ALL","","2011","1133.95"
"RUS","","TOTAL","ALL","","2012","1100.18"
"RUS","","TOTAL","ALL","","2013","1065.14"
"RUS","","TOTAL","ALL","","2014","1076.35"
"RUS","","TOTAL","ALL","","2015","1038.76"
"RUS","","TOTAL","ALL","","2019","925.68"
"","SEEHN","TOTAL","ALL","","1985","1192.44"
"","SEEHN","TOTAL","ALL","","1986","1146.64"
"","SEEHN","TOTAL","ALL","","1987","1158.12"
"","SEEHN","TOTAL","ALL","","1988","1144.25"
"","SEEHN","TOTAL","ALL","","1989","1118.31"
"","SEEHN","TOTAL","ALL","","1990","1104.26"
"","SEEHN","TOTAL","ALL","","1991","1120.27"
"","SEEHN","TOTAL","ALL","","1992","1130.5"
"","SEEHN","TOTAL","ALL","","1993","1127.76"
"","SEEHN","TOTAL","ALL","","1994","1131.75"
"","SEEHN","TOTAL","ALL","","1995","1141.68"
"","SEEHN","TOTAL","ALL","","1996","1157.54"
"","SEEHN","TOTAL","ALL","","1997","1140.76"
"","SEEHN","TOTAL","ALL","","1998","1114.37"
"","SEEHN","TOTAL","ALL","","1999","1078.76"
"","SEEHN","TOTAL","ALL","","2000","1062.52"
"","SEEHN","TOTAL","ALL","","2001","1025.07"
"","SEEHN","TOTAL","ALL","","2002","1052.62"
"","SEEHN","TOTAL","ALL","","2003","1044.02"
"","SEEHN","TOTAL","ALL","","2004","1003.91"
"","SEEHN","TOTAL","ALL","","2005","1001.1"
"","SEEHN","TOTAL","ALL","","2006","961.51"
"","SEEHN","TOTAL","ALL","","2007","929.15"
"","SEEHN","TOTAL","ALL","","2008","907.51"
"","SEEHN","TOTAL","ALL","","2009","891.02"
"","SEEHN","TOTAL","ALL","","2010","882.3"
"","SEEHN","TOTAL","ALL","","2011","849.1"
"","SEEHN","TOTAL","ALL","","2012","841.33"
"","SEEHN","TOTAL","ALL","","2013","807.18"
"","SEEHN","TOTAL","ALL","","2014","808.73"
"","SEEHN","TOTAL","ALL","","2015","814.41"
"","SEEHN","TOTAL","ALL","","2016","795.66"
"","SEEHN","TOTAL","ALL","","2017","791.83"
"","SEEHN","TOTAL","ALL","","2018","782.67"
"","SEEHN","TOTAL","ALL","","2019","773.29"
"","SEEHN","TOTAL","ALL","","2021","869.88"
"","SMALL","TOTAL","ALL","","1985","806.13"
"","SMALL","TOTAL","ALL","","1986","778.73"
"","SMALL","TOTAL","ALL","","1987","783.56"
"","SMALL","TOTAL","ALL","","1988","740.58"
"","SMALL","TOTAL","ALL","","1989","731.25"
"","SMALL","TOTAL","ALL","","1990","716.9"
"","SMALL","TOTAL","ALL","","1991","746.73"
"","SMALL","TOTAL","ALL","","1992","748.7"
"","SMALL","TOTAL","ALL","","1993","733.26"
"","SMALL","TOTAL","ALL","","1994","723.96"
"","SMALL","TOTAL","ALL","","1995","728.9"
"","SMALL","TOTAL","ALL","","1996","711.47"
"","SMALL","TOTAL","ALL","","1997","719.34"
"","SMALL","TOTAL","ALL","","1998","724.5"
"","SMALL","TOTAL","ALL","","1999","727.66"
"","SMALL","TOTAL","ALL","","2000","716.97"
"","SMALL","TOTAL","ALL","","2001","705.61"
"","SMALL","TOTAL","ALL","","2002","715.48"
"","SMALL","TOTAL","ALL","","2003","719.84"
"","SMALL","TOTAL","ALL","","2004","683.5"
"","SMALL","TOTAL","ALL","","2005","684.37"
"","SMALL","TOTAL","ALL","","2006","667.92"
"","SMALL","TOTAL","ALL","","2007","653.67"
"","SMALL","TOTAL","ALL","","2008","616.85"
"","SMALL","TOTAL","ALL","","2009","600.97"
"","SMALL","TOTAL","ALL","","2010","576.28"
"","SMALL","TOTAL","ALL","","2011","577.86"
"","SMALL","TOTAL","ALL","","2012","567.69"
"","SMALL","TOTAL","ALL","","2013","544.45"
"","SMALL","TOTAL","ALL","","2014","533.86"
"","SMALL","TOTAL","ALL","","2015","541.98"
"","SMALL","TOTAL","ALL","","2016","515.99"
"","SMALL","TOTAL","ALL","","2017","521"
"","SMALL","TOTAL","ALL","","2019","495.36"
"SMR","","TOTAL","ALL","","1995","563.18"
"SMR","","TOTAL","ALL","","1996","499.54"
"SMR","","TOTAL","ALL","","1997","489.45"
"SMR","","TOTAL","ALL","","1998","510.65"
"SMR","","TOTAL","ALL","","1999","509.38"
"SMR","","TOTAL","ALL","","2000","475"
"SMR","","TOTAL","ALL","","2005","467.82"
"SRB","","TOTAL","ALL","","1998","1161"
"SRB","","TOTAL","ALL","","1999","1162.27"
"SRB","","TOTAL","ALL","","2000","1174.13"
"SRB","","TOTAL","ALL","","2001","1098.93"
"SRB","","TOTAL","ALL","","2002","1122.28"
"SRB","","TOTAL","ALL","","2003","1115.08"
"SRB","","TOTAL","ALL","","2004","1085.59"
"SRB","","TOTAL","ALL","","2005","1080.91"
"SRB","","TOTAL","ALL","","2006","1016.53"
"SRB","","TOTAL","ALL","","2007","999.66"
"SRB","","TOTAL","ALL","","2008","976.84"
"SRB","","TOTAL","ALL","","2009","970.78"
"SRB","","TOTAL","ALL","","2010","947.5"
"SRB","","TOTAL","ALL","","2011","949.22"
"SRB","","TOTAL","ALL","","2012","928.54"
"SRB","","TOTAL","ALL","","2013","894.51"
"SRB","","TOTAL","ALL","","2014","887.13"
"SRB","","TOTAL","ALL","","2015","895.82"
"SRB","","TOTAL","ALL","","2016","860.94"
"SRB","","TOTAL","ALL","","2017","873.49"
"SRB","","TOTAL","ALL","","2018","847.16"
"SRB","","TOTAL","ALL","","2019","839.29"
"SRB","","TOTAL","ALL","","2020","964.71"
"SRB","","TOTAL","ALL","","2021","1132.97"
"SRB","","TOTAL","ALL","","2022","927.62"
"SVK","","TOTAL","ALL","","1992","1043.31"
"SVK","","TOTAL","ALL","","1993","1018.88"
"SVK","","TOTAL","ALL","","1994","1047.45"
"SVK","","TOTAL","ALL","","1995","1059.02"
"SVK","","TOTAL","ALL","","1996","1018.02"
"SVK","","TOTAL","ALL","","1997","1020.8"
"SVK","","TOTAL","ALL","","1998","1029.67"
"SVK","","TOTAL","ALL","","1999","999.89"
"SVK","","TOTAL","ALL","","2000","989.59"
"SVK","","TOTAL","ALL","","2001","987.43"
"SVK","","TOTAL","ALL","","2002","967.43"
"SVK","","TOTAL","ALL","","2003","970.88"
"SVK","","TOTAL","ALL","","2004","939.89"
"SVK","","TOTAL","ALL","","2005","950.1"
"SVK","","TOTAL","ALL","","2006","925.02"
"SVK","","TOTAL","ALL","","2007","911.98"
"SVK","","TOTAL","ALL","","2008","882.95"
"SVK","","TOTAL","ALL","","2009","860.31"
"SVK","","TOTAL","ALL","","2010","849.66"
"SVK","","TOTAL","ALL","","2012","802.91"
"SVK","","TOTAL","ALL","","2013","779.97"
"SVK","","TOTAL","ALL","","2014","753.16"
"SVK","","TOTAL","ALL","","2016","734.95"
"SVK","","TOTAL","ALL","","2017","739.8"
"SVK","","TOTAL","ALL","","2018","730.83"
"SVK","","TOTAL","ALL","","2019","702.17"
"SVK","","TOTAL","ALL","","2020","752.61"
"SVK","","TOTAL","ALL","","2021","942.42"
"SVN","","TOTAL","ALL","","1985","1058.13"
"SVN","","TOTAL","ALL","","1986","1026.24"
"SVN","","TOTAL","ALL","","1987","1035.04"
"SVN","","TOTAL","ALL","","1988","988.88"
"SVN","","TOTAL","ALL","","1989","962.44"
"SVN","","TOTAL","ALL","","1990","937.11"
"SVN","","TOTAL","ALL","","1991","964.73"
"SVN","","TOTAL","ALL","","1992","956.17"
"SVN","","TOTAL","ALL","","1993","975.44"
"SVN","","TOTAL","ALL","","1994","923.43"
"SVN","","TOTAL","ALL","","1995","883.61"
"SVN","","TOTAL","ALL","","1996","864.05"
"SVN","","TOTAL","ALL","","1997","865.27"
"SVN","","TOTAL","ALL","","1998","855.97"
"SVN","","TOTAL","ALL","","1999","832.67"
"SVN","","TOTAL","ALL","","2000","799.38"
"SVN","","TOTAL","ALL","","2001","785.47"
"SVN","","TOTAL","ALL","","2002","776.19"
"SVN","","TOTAL","ALL","","2003","795.49"
"SVN","","TOTAL","ALL","","2004","738.61"
"SVN","","TOTAL","ALL","","2005","729.44"
"SVN","","TOTAL","ALL","","2006","680.46"
"SVN","","TOTAL","ALL","","2007","668.71"
"SVN","","TOTAL","ALL","","2008","631.92"
"SVN","","TOTAL","ALL","","2009","625.13"
"SVN","","TOTAL","ALL","","2010","599.67"
"SVN","","TOTAL","ALL","","2011","585.29"
"SVN","","TOTAL","ALL","","2012","582.24"
"SVN","","TOTAL","ALL","","2013","569.3"
"SVN","","TOTAL","ALL","","2014","536.4"
"SVN","","TOTAL","ALL","","2015","552.3"
"SVN","","TOTAL","ALL","","2016","533.63"
"SVN","","TOTAL","ALL","","2017","539.03"
"SVN","","TOTAL","ALL","","2018","531.09"
"SVN","","TOTAL","ALL","","2019","512.7"
"SVN","","TOTAL","ALL","","2020","575.53"
"SWE","","TOTAL","ALL","","1969","940.54"
"SWE","","TOTAL","ALL","","1970","883.87"
"SWE","","TOTAL","ALL","","1971","890.79"
"SWE","","TOTAL","ALL","","1972","885.19"
"SWE","","TOTAL","ALL","","1973","884.21"
"SWE","","TOTAL","ALL","","1974","873.43"
"SWE","","TOTAL","ALL","","1975","875.35"
"SWE","","TOTAL","ALL","","1976","883.88"
"SWE","","TOTAL","ALL","","1977","845.65"
"SWE","","TOTAL","ALL","","1978","841.44"
"SWE","","TOTAL","ALL","","1979","839.53"
"SWE","","TOTAL","ALL","","1980","830.59"
"SWE","","TOTAL","ALL","","1981","815.48"
"SWE","","TOTAL","ALL","","1982","789.25"
"SWE","","TOTAL","ALL","","1983","775.77"
"SWE","","TOTAL","ALL","","1984","757.67"
"SWE","","TOTAL","ALL","","1985","772.1"
"SWE","","TOTAL","ALL","","1986","752.59"
"SWE","","TOTAL","ALL","","1987","740.85"
"SWE","","TOTAL","ALL","","1988","753.4"
"SWE","","TOTAL","ALL","","1989","706.83"
"SWE","","TOTAL","ALL","","1990","714.39"
"SWE","","TOTAL","ALL","","1991","703.3"
"SWE","","TOTAL","ALL","","1992","685.11"
"SWE","","TOTAL","ALL","","1993","688.95"
"SWE","","TOTAL","ALL","","1994","646.2"
"SWE","","TOTAL","ALL","","1995","647.71"
"SWE","","TOTAL","ALL","","1996","637.6"
"SWE","","TOTAL","ALL","","1997","626.41"
"SWE","","TOTAL","ALL","","1998","620.74"
"SWE","","TOTAL","ALL","","1999","620.88"
"SWE","","TOTAL","ALL","","2000","604.6"
"SWE","","TOTAL","ALL","","2001","599.5"
"SWE","","TOTAL","ALL","","2002","598.45"
"SWE","","TOTAL","ALL","","2003","582"
"SWE","","TOTAL","ALL","","2004","567.92"
"SWE","","TOTAL","ALL","","2005","559.94"
"SWE","","TOTAL","ALL","","2006","547.2"
"SWE","","TOTAL","ALL","","2007","541.23"
"SWE","","TOTAL","ALL","","2008","533.12"
"SWE","","TOTAL","ALL","","2009","520.27"
"SWE","","TOTAL","ALL","","2010","514.07"
"SWE","","TOTAL","ALL","","2011","503.71"
"SWE","","TOTAL","ALL","","2012","507.73"
"SWE","","TOTAL","ALL","","2013","496.56"
"SWE","","TOTAL","ALL","","2014","482.6"
"SWE","","TOTAL","ALL","","2015","491.85"
"SWE","","TOTAL","ALL","","2016","478.9"
"SWE","","TOTAL","ALL","","2017","475.51"
"SWE","","TOTAL","ALL","","2018","470.1"
"SWE","","TOTAL","ALL","","2019","448.44"
"SWE","","TOTAL","ALL","","2020","482.48"
"SWE","","TOTAL","ALL","","2021","447.8"
"SWE","","TOTAL","ALL","","2022","447.46"
"TJK","","TOTAL","ALL","","1981","1050.58"
"TJK","","TOTAL","ALL","","1982","1046.54"
"TJK","","TOTAL","ALL","","1985","1007.81"
"TJK","","TOTAL","ALL","","1986","971.02"
"TJK","","TOTAL","ALL","","1987","998.71"
"TJK","","TOTAL","ALL","","1988","1049.37"
"TJK","","TOTAL","ALL","","1989","1014.84"
"TJK","","TOTAL","ALL","","1990","1003.13"
"TJK","","TOTAL","ALL","","1991","992.33"
"TJK","","TOTAL","ALL","","1992","1071.35"
"TJK","","TOTAL","ALL","","1993","1447.73"
"TJK","","TOTAL","ALL","","1994","1260.35"
"TJK","","TOTAL","ALL","","1995","1155.8"
"TJK","","TOTAL","ALL","","1996","1135.55"
"TJK","","TOTAL","ALL","","1997","1048.61"
"TJK","","TOTAL","ALL","","1998","1045.22"
"TJK","","TOTAL","ALL","","1999","1019.14"
"TJK","","TOTAL","ALL","","2000","986.02"
"TJK","","TOTAL","ALL","","2001","1011.15"
"TJK","","TOTAL","ALL","","2002","1032.08"
"TJK","","TOTAL","ALL","","2003","1001.53"
"TJK","","TOTAL","ALL","","2004","951.45"
"TJK","","TOTAL","ALL","","2005","940.5"
"TJK","","TOTAL","ALL","","2017","920.77"
"TKM","","TOTAL","ALL","","1981","1333.08"
"TKM","","TOTAL","ALL","","1982","1274.74"
"TKM","","TOTAL","ALL","","1985","1312.14"
"TKM","","TOTAL","ALL","","1986","1317.67"
"TKM","","TOTAL","ALL","","1987","1277.28"
"TKM","","TOTAL","ALL","","1988","1298.36"
"TKM","","TOTAL","ALL","","1989","1311.36"
"TKM","","TOTAL","ALL","","1990","1243.12"
"TKM","","TOTAL","ALL","","1991","1397"
"TKM","","TOTAL","ALL","","1992","1380.77"
"TKM","","TOTAL","ALL","","1993","1508.8"
"TKM","","TOTAL","ALL","","1994","1613.13"
"TKM","","TOTAL","ALL","","1995","1402.36"
"TKM","","TOTAL","ALL","","1996","1463.16"
"TKM","","TOTAL","ALL","","1997","1359.01"
"TKM","","TOTAL","ALL","","1998","1327.98"
"TKM","","TOTAL","ALL","","1999","1270.85"
"TKM","","TOTAL","ALL","","2000","1283.12"
"TKM","","TOTAL","ALL","","2001","1166.37"
"TKM","","TOTAL","ALL","","2002","1220.51"
"TKM","","TOTAL","ALL","","2003","1218.92"
"TKM","","TOTAL","ALL","","2004","1168.67"
"TKM","","TOTAL","ALL","","2005","1237.44"
"TKM","","TOTAL","ALL","","2006","1168.06"
"TKM","","TOTAL","ALL","","2007","1153.49"
"TKM","","TOTAL","ALL","","2008","1122.44"
"TKM","","TOTAL","ALL","","2009","1028.27"
"TKM","","TOTAL","ALL","","2010","1031.78"
"TKM","","TOTAL","ALL","","2011","1068.33"
"TKM","","TOTAL","ALL","","2012","1049.42"
"TKM","","TOTAL","ALL","","2013","1072.85"
"TUR","","TOTAL","ALL","","2009","770.89"
"TUR","","TOTAL","ALL","","2010","730.78"
"TUR","","TOTAL","ALL","","2011","718.28"
"TUR","","TOTAL","ALL","","2012","593.93"
"TUR","","TOTAL","ALL","","2013","635.58"
"TUR","","TOTAL","ALL","","2014","653.23"
"TUR","","TOTAL","ALL","","2015","651.44"
"TUR","","TOTAL","ALL","","2016","665.25"
"TUR","","TOTAL","ALL","","2017","651.5"
"TUR","","TOTAL","ALL","","2018","632.32"
"TUR","","TOTAL","ALL","","2019","622.93"
"UKR","","TOTAL","ALL","","1981","1171.97"
"UKR","","TOTAL","ALL","","1982","1153.13"
"UKR","","TOTAL","ALL","","1985","1204.59"
"UKR","","TOTAL","ALL","","1986","1086.38"
"UKR","","TOTAL","ALL","","1987","1109.36"
"UKR","","TOTAL","ALL","","1988","1118"
"UKR","","TOTAL","ALL","","1989","1102.46"
"UKR","","TOTAL","ALL","","1990","1141.49"
"UKR","","TOTAL","ALL","","1991","1204.38"
"UKR","","TOTAL","ALL","","1992","1244.07"
"UKR","","TOTAL","ALL","","1993","1319.48"
"UKR","","TOTAL","ALL","","1994","1359.8"
"UKR","","TOTAL","ALL","","1995","1418.39"
"UKR","","TOTAL","ALL","","1996","1392.05"
"UKR","","TOTAL","ALL","","1997","1350.17"
"UKR","","TOTAL","ALL","","1998","1282.98"
"UKR","","TOTAL","ALL","","1999","1314.38"
"UKR","","TOTAL","ALL","","2000","1344.45"
"UKR","","TOTAL","ALL","","2001","1320.6"
"UKR","","TOTAL","ALL","","2002","1357.56"
"UKR","","TOTAL","ALL","","2003","1372.4"
"UKR","","TOTAL","ALL","","2004","1364.05"
"UKR","","TOTAL","ALL","","2005","1395.15"
"UKR","","TOTAL","ALL","","2006","1337.1"
"UKR","","TOTAL","ALL","","2007","1335.7"
"UKR","","TOTAL","ALL","","2008","1307.77"
"UKR","","TOTAL","ALL","","2009","1204.08"
"UKR","","TOTAL","ALL","","2010","1171"
"UKR","","TOTAL","ALL","","2011","1101.89"
"UKR","","TOTAL","ALL","","2012","1087.26"
"UKR","","TOTAL","ALL","","2014","1076.62"
"UKR","","TOTAL","ALL","","2015","1003.88"
"UKR","","TOTAL","ALL","","2017","948.22"
"UKR","","TOTAL","ALL","","2018","965.82"
"UKR","","TOTAL","ALL","","2019","948.37"
"UZB","","TOTAL","ALL","","1981","1063.12"
"UZB","","TOTAL","ALL","","1982","1099.63"
"UZB","","TOTAL","ALL","","1985","1107.63"
"UZB","","TOTAL","ALL","","1986","1071.79"
"UZB","","TOTAL","ALL","","1987","1074.33"
"UZB","","TOTAL","ALL","","1988","1092.93"
"UZB","","TOTAL","ALL","","1989","1065.16"
"UZB","","TOTAL","ALL","","1990","1057.64"
"UZB","","TOTAL","ALL","","1991","1107.24"
"UZB","","TOTAL","ALL","","1992","1130.02"
"UZB","","TOTAL","ALL","","1993","1224.92"
"UZB","","TOTAL","ALL","","1994","1293.82"
"UZB","","TOTAL","ALL","","1995","1271.52"
"UZB","","TOTAL","ALL","","1996","1277.88"
"UZB","","TOTAL","ALL","","1997","1200.42"
"UZB","","TOTAL","ALL","","1998","1235.98"
"UZB","","TOTAL","ALL","","1999","1137.21"
"UZB","","TOTAL","ALL","","2000","1189.51"
"UZB","","TOTAL","ALL","","2001","1144.53"
"UZB","","TOTAL","ALL","","2002","1177.01"
"UZB","","TOTAL","ALL","","2003","1155.45"
"UZB","","TOTAL","ALL","","2004","1087.34"
"UZB","","TOTAL","ALL","","2005","1149.11"
"UZB","","TOTAL","ALL","","2009","982.28"
"UZB","","TOTAL","ALL","","2010","991.66"
"UZB","","TOTAL","ALL","","2011","996.37"
"UZB","","TOTAL","ALL","","2012","984.61"
"UZB","","TOTAL","ALL","","2013","954.98"
"UZB","","TOTAL","ALL","","2014","955.43"
"UZB","","TOTAL","ALL","","2015","932.8"
"UZB","","TOTAL","ALL","","2016","919.91"
"","WESTERN_BALKANS","TOTAL","ALL","","1987","1069.63"
"","WESTERN_BALKANS","TOTAL","ALL","","1988","1062.37"
"","WESTERN_BALKANS","TOTAL","ALL","","1989","1071.51"
"","WESTERN_BALKANS","TOTAL","ALL","","1991","1049.33"
"","WESTERN_BALKANS","TOTAL","ALL","","1992","1049.85"
"","WESTERN_BALKANS","TOTAL","ALL","","1993","1037.19"
"","WESTERN_BALKANS","TOTAL","ALL","","1994","1016.7"
"","WESTERN_BALKANS","TOTAL","ALL","","1995","1030.68"
"","WESTERN_BALKANS","TOTAL","ALL","","1996","1032.46"
"","WESTERN_BALKANS","TOTAL","ALL","","1997","1019.74"
"","WESTERN_BALKANS","TOTAL","ALL","","1998","1033.84"
"","WESTERN_BALKANS","TOTAL","ALL","","1999","1015.14"
"","WESTERN_BALKANS","TOTAL","ALL","","2000","1049.96"
"","WESTERN_BALKANS","TOTAL","ALL","","2001","969.48"
"","WESTERN_BALKANS","TOTAL","ALL","","2002","996.89"
"","WESTERN_BALKANS","TOTAL","ALL","","2003","1004.98"
"","WESTERN_BALKANS","TOTAL","ALL","","2004","978.29"
"","WESTERN_BALKANS","TOTAL","ALL","","2005","964.89"
"","WESTERN_BALKANS","TOTAL","ALL","","2006","921.93"
"","WESTERN_BALKANS","TOTAL","ALL","","2007","895.20723"
"","WESTERN_BALKANS","TOTAL","ALL","","2008","881.8"
"","WESTERN_BALKANS","TOTAL","ALL","","2009","867.47"
"","WESTERN_BALKANS","TOTAL","ALL","","2011","847.85"
"","WESTERN_BALKANS","TOTAL","ALL","","2016","810.68"
"","WESTERN_BALKANS","TOTAL","ALL","","2017","816.84"
"","WESTERN_BALKANS","TOTAL","ALL","","2019","804.54"
"","WESTERN_BALKANS","TOTAL","ALL","","2021","975.74"
"","WHO_EURO","TOTAL","ALL","","1981","1015.78"
"","WHO_EURO","TOTAL","ALL","","1982","1000.91"
"","WHO_EURO","TOTAL","ALL","","1985","1016.05"
"","WHO_EURO","TOTAL","ALL","","1986","972.52"
"","WHO_EURO","TOTAL","ALL","","1987","962.53"
"","WHO_EURO","TOTAL","ALL","","1988","962.68"
"","WHO_EURO","TOTAL","ALL","","1989","951.42"
"","WHO_EURO","TOTAL","ALL","","1990","955.21"
"","WHO_EURO","TOTAL","ALL","","1991","960.5"
"","WHO_EURO","TOTAL","ALL","","1992","966.22"
"","WHO_EURO","TOTAL","ALL","","1993","1018.21"
"","WHO_EURO","TOTAL","ALL","","1994","1028.44"
"","WHO_EURO","TOTAL","ALL","","1995","1014.8"
"","WHO_EURO","TOTAL","ALL","","1996","989.53"
"","WHO_EURO","TOTAL","ALL","","1997","960.05"
"","WHO_EURO","TOTAL","ALL","","1998","945.83"
"","WHO_EURO","TOTAL","ALL","","1999","951.18"
"","WHO_EURO","TOTAL","ALL","","2000","946.05"
"","WHO_EURO","TOTAL","ALL","","2001","930.32"
"","WHO_EURO","TOTAL","ALL","","2002","939.65"
"","WHO_EURO","TOTAL","ALL","","2003","947.93"
"","WHO_EURO","TOTAL","ALL","","2004","910.46"
"","WHO_EURO","TOTAL","ALL","","2005","908.71"
"","WHO_EURO","TOTAL","ALL","","2006","867.18"
"","WHO_EURO","TOTAL","ALL","","2007","844.11"
"","WHO_EURO","TOTAL","ALL","","2008","828.04"
"","WHO_EURO","TOTAL","ALL","","2009","801.37"
"","WHO_EURO","TOTAL","ALL","","2010","785.91"
"","WHO_EURO","TOTAL","ALL","","2011","757.77"
"","WHO_EURO","TOTAL","ALL","","2012","738.04"
"","WHO_EURO","TOTAL","ALL","","2013","725.03"
"","WHO_EURO","TOTAL","ALL","","2014","716.17"
"","WHO_EURO","TOTAL","ALL","","2015","713.36"
"","WHO_EURO","TOTAL","ALL","","2016","697.42"
"","WHO_EURO","TOTAL","ALL","","2017","690"
"","WHO_EURO","TOTAL","ALL","","2018","682.43"
"","WHO_EURO","TOTAL","ALL","","2019","667.59"
"","WHO_EURO","TOTAL","ALL","","2020","695.29"

"Last update","2024.10.08 09:53:48 GMT"

"Copyright"
"© WHO Regional Office for Europe 2026. All rights reserved.","https://www.who.int/about/policies/publishing/copyright"
